id,name_zh,name_en,index_year,cluster,dynasty_zh,bureau_type,bureau_zh,is_high_official,has_civil_exam,has_yin_privilege,has_recommendation,has_technical_exam,has_geo,x_coord,y_coord,addr_name_chn,bureau_astronomical,bureau_medical,bureau_hydraulic,bureau_military_industrial,bureau_construction,degree,clustering,eigenvector,betweenness,degree_z,clustering_z,eigenvector_z,betweenness_z,x_coord_z,y_coord_z
3,安燾,An Tao,1065,cluster1_song_and_before,宋,military_industrial,军器/制造,1,1,0,0,0,1,114.34333,34.785477,開封,0,0,0,1,0,59,0.5511396843950906,0.025126089359008414,3.8747981484044205e-05,0.8613688115337816,0.41493430919520324,1.1032565325959733,-0.12326210817951957,-0.3918899761925293,0.8423193593235898
4,查道,Zha Dao,955,cluster1_song_and_before,宋,works_general,工部,0,1,0,0,0,1,120.558662,32.384022,如皋,0,0,0,0,0,26,0.5476923076923077,0.005816924742344872,0.0001568463650450978,0.11859004991197668,0.4064672027361118,-0.043279126394719106,-0.03423845519960238,0.9963451959203228,0.1667979309351339
10,晁謙之,Chao Qianzhi,1091,cluster1_song_and_before,宋,works_general,工部,0,0,0,0,0,1,117.776588,28.208446,鉛山,0,0,0,0,0,2,1.0,0.0011038773547544691,0.0,-0.42161268581297245,1.5173807213961439,-0.3231294979494795,-0.15247069472655322,0.37495071880780795,-1.0077779257286632
13,晁補之,Chao Buzhi,1049,cluster1_song_and_before,宋,works_general,工部,0,1,0,0,0,1,116.08870697,35.396209717,鉅野,0,0,0,0,0,229,0.30184631885390334,0.0856081595940747,0.006096837263072519,4.687804856252171,-0.1973554541713793,4.694548627865565,4.4433815804419945,-0.0020485810185032144,1.0141164728865761
15,陳安期,Chen Anqi,1020,cluster1_song_and_before,宋,works_general,工部,0,0,0,0,0,1,112.785721,34.840869,河陽,0,0,0,0,0,11,0.8727272727272727,0.004294731087741535,5.0187238350453345e-08,-0.21903665991611654,1.2047860083532775,-0.1336636323813718,-0.15243286312246,-0.7397921635896829,0.8579009475529307
16,陳安民,Chen Anmin,1027,cluster1_song_and_before,宋,hydraulic,水利/河道,0,1,1,0,0,1,112.785721,34.840869,河陽,0,0,1,0,0,22,1.0,0.012931068501610401,0.0,0.028556260624485158,1.5173807213961439,0.3791430583612685,-0.15247069472655322,-0.7397921635896829,0.8579009475529307
18,陳安道,Chen Andao,1020,cluster1_song_and_before,宋,works_general,工部,0,0,0,0,0,1,112.785721,34.840869,河陽,0,0,0,0,0,15,0.6571428571428571,0.005734936626087043,1.9585577272726894e-06,-0.129002870628625,0.6752888413623003,-0.048147400127387656,-0.15099431581097117,-0.7397921635896829,0.8579009475529307
22,陳求道,Chen Qiudao,1067,cluster1_song_and_before,宋,hydraulic,水利/河道,0,1,0,0,0,1,114.271622,29.892479,咸寧,0,0,1,0,0,4,1.0,0.0016531840488206672,0.0,-0.3765957911692267,1.5173807213961439,-0.29051287651751556,-0.15247069472655322,-0.4079064283662619,-0.5340649568771547
25,陳洎,Chen Ji,986,cluster1_song_and_before,宋,works_general,工部,0,0,0,0,0,1,117.187683,34.269634,彭城,0,0,0,0,0,20,0.8052631578947368,0.0084348129537594,3.473944233932052e-06,-0.016460634019260605,1.0390873070786755,0.11216530868186961,-0.1498520034572246,0.24341492409352491,0.6972144124542192
28,陳絳,Chen Jiang,970,cluster1_song_and_before,宋,works_general,工部,0,1,0,0,0,1,119.011101,25.433954,莆田,0,0,0,0,0,0,0.0,7.067932822769843e-42,0.0,-0.4666295804567182,-0.9387205953692331,-0.3886753035554917,-0.15247069472655322,0.6506872952337401,-1.788233440777808
33,陳知儉,Chen Zhijian,1035,cluster1_song_and_before,宋,hydraulic,水利/河道,0,0,1,0,0,1,113.641312,34.758076,管城,0,0,1,0,0,76,0.45649122807017545,0.03039020168624957,0.00038136672245985914,1.2440124160056207,0.1824681109857688,1.4158279263322886,0.13500706521080733,-0.5486903014295904,0.8346115477429978
34,陳執中,Chen Zhizhong,990,cluster1_song_and_before,宋,works_general,工部,1,0,1,0,0,1,114.34333,34.785477,開封,0,0,0,0,0,54,0.47379454926624737,0.022278374646083825,0.00043997204903353776,0.7488265749244173,0.2249668209598553,0.9341655061419948,0.17918430200569288,-0.3918899761925293,0.8423193593235898
36,陳之淵,Chen Zhiyuan,1102,cluster1_song_and_before,宋,works_general,工部,0,1,0,0,0,1,120.297668,31.574614,無錫,0,0,0,0,0,8,0.7142857142857143,0.0033998693772488426,1.0913198763017669e-06,-0.2865620018817352,0.8156374880346076,-0.18679854946938818,-0.15164804771794493,0.938050474011595,-0.06088588921100437
37,陳靖,Chen Jing (5),940,cluster1_song_and_before,宋,works_general,工部,0,0,0,1,0,1,119.011101,25.433954,莆田,0,0,0,0,0,5,0.6,0.0015361793304938542,3.998902537289031e-06,-0.3540873438473538,0.534940194689993,-0.29746035894335204,-0.14945628503655023,0.6506872952337401,-1.788233440777808
53,陳紘,Chen Hong,1019,cluster1_song_and_before,宋,works_general,工部,0,1,0,0,0,1,112.38263,34.665276,洛陽,0,0,0,0,0,9,1.0,0.004256731021180351,0.0,-0.2640535545598623,1.5173807213961439,-0.13591999262384538,-0.15247069472655322,-0.8298251825437993,0.808507211599097
56,陳若拙,Chen Ruozhuo,955,cluster1_song_and_before,宋,works_general,工部,0,1,0,0,0,1,118.86195374,39.877319336,盧龍,0,0,0,0,0,1,0.0,0.0001795039641858856,0.0,-0.44412113313484536,-0.9387205953692331,-0.3780167535894462,-0.15247069472655322,0.6173742763706691,2.2746379361628533
62,陳康伯,Chen Kangbo,1097,cluster1_song_and_before,宋,works_general,工部,1,1,0,0,0,1,117.421311,28.401876,弋陽,0,0,0,0,0,75,0.5066666666666667,0.029736381661093436,0.00018014342143112623,1.2215039686837479,0.3057040717918913,1.3770055335314741,-0.016676918787114883,0.2955972703930268,-0.9533667000787214
63,陳膏,Chen Gao,1085,cluster1_song_and_before,宋,works_general,工部,0,1,0,0,0,1,121.542656,29.866316,鄞縣,0,0,0,0,0,2,0.0,0.0003324076023946903,6.722402022797706e-08,-0.42161268581297245,-0.9387205953692331,-0.36893767238235364,-0.15242002063882873,1.2161267103990354,-0.541424523111345
67,陳貫,Chen Guan,975,cluster1_song_and_before,宋,works_general,工部,0,1,0,0,0,1,112.785721,34.840869,河陽,0,0,0,0,0,72,0.5007824726134585,0.029445703685204744,9.241078086623951e-05,1.1539786267181291,0.2912518950297037,1.359745715654526,-0.08281059405983851,-0.7397921635896829,0.8579009475529307
78,陳世卿,Chen Shiqing,953,cluster1_song_and_before,宋,works_general,工部,0,1,0,0,0,1,117.781792,26.39761,沙縣,0,0,0,0,0,40,0.6884615384615385,0.017125083197606236,0.00040778753643908754,0.433708312418197,0.7522106957884687,0.6281744120605627,0.15492331896645517,0.37611306634381475,-1.5171601632876586
79,陳師錫,Chen Shixi,1046,cluster1_song_and_before,宋,works_general,工部,0,1,0,0,0,1,118.10537,27.33988,建陽,0,0,0,0,0,139,0.3856740694401001,0.05174586692831392,0.000913764203370755,2.662044597283612,0.008533994424858093,2.6838802842455167,0.5363332066773523,0.4483863351767474,-1.2521026975730851
93,陳從易,Chen Congyi,968,cluster1_song_and_before,宋,works_general,工部,0,1,0,0,0,1,118.589905,24.909641,晉江,0,0,0,0,0,34,0.9233511586452763,0.01447621536283723,2.1714397145385943e-06,0.29865762848695976,1.3291234012162665,0.4708904751938572,-0.15083384340153944,0.5566104057685858,-1.9357209709137615
94,陳敦夫,Chen Dunfu,1034,cluster1_song_and_before,宋,military_industrial,军器/制造,0,1,0,0,0,1,119.321577,26.073954,侯官,0,0,0,1,0,10,1.0,0.006747752158923473,0.0,-0.24154510723798941,1.5173807213961439,0.011991355092219389,-0.15247069472655322,0.7200341464231732,-1.6082035363371199
98,陳堯佐,Chen Yaozuo,963,cluster1_song_and_before,宋,military_industrial,军器/制造,1,1,0,0,0,1,113.641312,34.758076,管城,0,0,0,1,0,171,0.4018575851393189,0.07042289177447174,0.0008432600873367252,3.3823149115835442,0.04828234864360261,3.792880876197341,0.4831865524200186,-0.5486903014295904,0.8346115477429978
99,陳堯咨,Chen Yaozi,970,cluster1_song_and_before,宋,construction,将作/营缮,1,1,0,0,0,1,113.641312,34.758076,管城,0,0,0,0,1,76,0.4670175438596491,0.028143611851992597,0.00017202520811571557,1.2440124160056207,0.20832180905698322,1.282430370962196,-0.02279650301185949,-0.5486903014295904,0.8346115477429978
105,陳祐甫,Chen Youfu,998,cluster1_song_and_before,宋,hydraulic,水利/河道,0,0,0,0,0,1,114.34333,34.785477,開封,0,0,1,0,0,0,0.0,7.067932822769843e-42,0.0,-0.4666295804567182,-0.9387205953692331,-0.3886753035554917,-0.15247069472655322,-0.3918899761925293,0.8423193593235898
116,程戡,Cheng Kan,997,cluster1_song_and_before,宋,military_industrial,军器/制造,1,1,0,0,0,1,113.467056,34.162491,陽翟,0,0,0,1,0,130,0.5707811568276685,0.06207502206474021,0.00014690204992275698,2.4594685713867563,0.46317575550006856,3.2972027622640367,-0.041734571843032545,-0.5876115220742312,0.6670754373737681
117,程克俊,Cheng Kejun,1089,cluster1_song_and_before,宋,works_general,工部,1,1,0,0,0,1,117.236359,29.382742,浮梁,0,0,0,0,0,30,0.48735632183908045,0.01084563226704771,0.00044907464345767895,0.2086238391994682,0.2582759084336632,0.25531444873752634,0.18604592180773485,0.2542870279872101,-0.6774523059394721
118,程琳,Cheng Lin,988,cluster1_song_and_before,宋,works_general,工部,1,1,0,0,0,1,112.38263,34.665276,洛陽,0,0,0,0,0,171,0.5059511523907809,0.08206092001475823,0.003841892539069836,3.3823149115835442,0.30394669623672377,4.483921355820886,2.7435834075505667,-0.8298251825437993,0.808507211599097
122,程師孟,Cheng Shimeng,1009,cluster1_song_and_before,宋,construction,将作/营缮,0,1,0,0,0,1,120.618622,31.31271,吳縣,0,0,0,0,1,129,0.5181686046511628,0.057527455415227455,0.0036971872235250724,2.4369601240648833,0.33395399682096577,3.0271782724006258,2.6345032033431424,1.0097376552322135,-0.1345586268557452
123,程嗣恭,Cheng Sigong,1018,cluster1_song_and_before,宋,construction,将作/营缮,0,0,0,0,0,1,112.38263,34.665276,洛陽,0,0,0,0,1,15,0.6476190476190476,0.008372827708043271,2.3419632008002015e-06,-0.129002870628625,0.6518974002502491,0.10848476133786332,-0.1507053012216371,-0.8298251825437993,0.808507211599097
128,程瑀,Cheng Yu,1087,cluster1_song_and_before,宋,works_general,工部,0,1,0,0,0,1,117.236359,29.382742,浮梁,0,0,0,0,0,108,0.33714087919695396,0.031897938805180756,0.0031789724273795926,1.9642827303055528,-0.11066843803815764,1.5053540350768728,2.243868100727499,0.2542870279872101,-0.6774523059394721
145,錢勰,Qian Xie,1034,cluster1_song_and_before,宋,works_general,工部,0,0,1,0,0,1,114.34333,34.785477,開封,0,0,0,0,0,174,0.4859477775563085,0.08317078051479367,0.00026053983308519865,3.449840253549163,0.2548163809660247,4.549822427413477,0.04392663933205826,-0.3918899761925293,0.8423193593235898
149,錢時敏,Qian Shimin,1086,cluster1_song_and_before,宋,works_general,工部,0,1,0,0,0,1,119.486,31.430706,溧陽,0,0,0,0,0,0,0.0,7.067932822769843e-42,0.0,-0.4666295804567182,-0.9387205953692331,-0.3886753035554917,-0.15247069472655322,0.7567591020175503,-0.10136673841139571
150,錢端禮,Qian Duanli,1109,cluster1_song_and_before,宋,construction,将作/营缮,1,1,1,0,0,1,120.168625,30.294125,錢塘,0,0,0,0,1,68,0.6839332748024582,0.027233275151772214,8.488368278816363e-05,1.0639448374306375,0.7410888214527409,1.2283765830738342,-0.08848459015566154,0.9092278734948482,-0.4210832521912416
152,錢遹,Qian Yu,1050,cluster1_song_and_before,宋,works_general,工部,0,1,0,0,0,1,119.883675,29.458708,浦江,0,0,0,0,0,25,0.66,0.007268865764340826,5.600491961048519e-06,0.0960816025901038,0.6823062736959157,0.042933933026460376,-0.14824899212721618,0.8455824218450297,-0.6560833188758135
168,詹大方,Zhan Dafang,1085,cluster1_song_and_before,宋,works_general,工部,1,1,0,0,0,1,118.738399,29.480773,遂安,0,0,0,0,0,1,0.0,3.6810161753055e-05,0.0,-0.44412113313484536,-0.9387205953692331,-0.38648959723929655,-0.15247069472655322,0.589777514725553,-0.6498765066234957
171,詹棫,Zhan Yu,1094,cluster1_song_and_before,宋,military_industrial,军器/制造,0,1,0,0,0,1,118.738399,29.480773,遂安,0,0,0,1,0,1,0.0,0.0005229059026107844,0.0,-0.44412113313484536,-0.9387205953692331,-0.35762630296213654,-0.15247069472655322,0.589777514725553,-0.6498765066234957
172,湛俞,Zhan Yu,1008,cluster1_song_and_before,宋,works_general,工部,0,1,0,0,0,1,119.321577,26.073954,閩縣,0,0,0,0,0,28,1.0,0.01050982280781566,0.0,0.16360694455572244,1.5173807213961439,0.23537482279929903,-0.15247069472655322,0.7200341464231732,-1.6082035363371199
174,張闡,Zhang Chan,1094,cluster1_song_and_before,宋,works_general,工部,0,1,0,0,0,1,120.653221,28.018291,永嘉,0,0,0,0,0,171,0.38321293429652564,0.055844981637263175,0.0003561687575632361,3.3823149115835442,0.0024891971579873817,2.9272766857681245,0.11601260639505713,1.0174655688368177,-1.0612679046019733
185,張去華,Zhang Quhua,938,cluster1_song_and_before,宋,works_general,工部,0,1,0,0,0,1,112.38263,34.665276,洛陽,0,0,0,0,0,37,0.3633633633633634,0.00902959914131083,0.0001182665943184135,0.36618297045257836,-0.04626336014818018,0.14748240225070963,-0.06332024292315376,-0.8298251825437993,0.808507211599097
197,張頡,Zhang Jie,1019,cluster1_song_and_before,宋,works_general,工部,0,1,0,0,0,1,111.477768,28.901598,桃源,0,0,0,0,0,30,0.7149425287356321,0.013722621866170816,4.156344659504402e-05,0.2086238391994682,0.8172506908699213,0.4261437534446476,-0.12113978455864514,-1.0319320457505259,-0.8127965377241758
198,張鑑,Zhang Jian,947,cluster1_song_and_before,宋,works_general,工部,0,1,0,0,0,1,114.34333,34.785477,開封,0,0,0,0,0,1,0.0,0.00019921902998700847,0.0,-0.44412113313484536,-0.9387205953692331,-0.3768461164122776,-0.15247069472655322,-0.3918899761925293,0.8423193593235898
200,張知白,Zhang Zhibo,965,cluster1_song_and_before,宋,works_general,工部,1,1,0,0,0,1,117.024101,38.209126,清池,0,0,0,0,0,26,0.4523076923076923,0.009567563591603422,1.6904654807057642e-05,0.11859004991197668,0.17219292329079888,0.1794255462331011,-0.13972780970212959,0.20687781136574598,1.8053806129305523
205,張景憲,Zhang Jingxian,1004,cluster1_song_and_before,宋,construction,将作/营缮,0,0,1,0,0,1,112.38263,34.665276,洛陽,0,0,0,0,1,82,0.4676302318578741,0.032473571398029866,0.00023050024637805318,1.379063099936858,0.20982663285619,1.5395338303855324,0.02128252124982772,-0.8298251825437993,0.808507211599097
211,張浚,Zhang Jun,1097,cluster1_song_and_before,宋,works_general,工部,1,1,0,0,0,1,112.597038,26.901617,衡陽,0,0,0,0,0,249,0.222664852960228,0.06489814974486842,0.013741086362227905,5.137973802689629,-0.3918331568162481,3.464833864873071,10.205687198650937,-0.781935749319257,-1.3753846444635367
213,張中庸,Zhang Zhongyong,996,cluster1_song_and_before,宋,works_general,工部,0,0,0,0,0,1,103.810936,30.423536,新津,0,0,0,0,0,46,0.9342995169082126,0.022319583504199186,1.4049862731825006e-05,0.5687589963494343,1.3560136783622831,0.9366123973583437,-0.14187977835209795,-2.744369264080989,-0.3846803616231581
217,張方平,Zhang Fangping,1007,cluster1_song_and_before,宋,works_general,工部,1,1,0,0,0,1,115.646072,34.447662,宋城,0,0,0,0,0,392,0.19279450910799104,0.125643642104925,0.007088833912165892,8.356681769717452,-0.4651977476839619,7.071767385634879,5.1911578224468204,-0.10091400506360927,0.7472931059351041
218,張傅,Zhang Fu,968,cluster1_song_and_before,宋,works_general,工部,0,1,0,0,0,1,115.770905,33.879292,譙縣,0,0,0,0,0,0,0.0,7.067932822769843e-42,0.0,-0.4666295804567182,-0.9387205953692331,-0.3886753035554917,-0.15247069472655322,-0.0730317356626574,0.5874124859554885
223,張錫,Zhang Xi,982,cluster1_song_and_before,宋,works_general,工部,0,1,0,0,0,1,114.26899,30.552242,漢陽,0,0,0,0,0,109,0.7171253822629969,0.05782383119324224,2.4319452694921468e-05,1.9867911776274256,0.8226120002927879,3.044776413216195,-0.13413846652755373,-0.40849430283105137,-0.3484757852466841
237,張徽,Zhang Hui,1061,cluster1_song_and_before,宋,works_general,工部,0,0,0,0,0,1,113.164116,30.65625,景陵,0,0,0,0,0,71,0.7038229376257545,0.032867208944755644,1.5647526763339407e-05,1.1314701793962563,0.7899398485030583,1.5629071607702782,-0.14067544443971627,-0.655275158230732,-0.31921867540126675
245,張若谷,Zhang Ruogu,962,cluster1_song_and_before,宋,works_general,工部,0,1,0,0,0,1,117.781792,26.39761,沙縣,0,0,0,0,0,99,0.8000412286126571,0.055659360827129474,2.4242046011068012e-05,1.761706704408697,1.026261719692904,2.916254930964431,-0.1341968164012261,0.37611306634381475,-1.5171601632876586
249,張可久,Zhang Kejiu,969,cluster1_song_and_before,宋,works_general,工部,0,0,1,0,0,1,118.478098,36.69748,益都,0,0,0,0,0,1,0.0,3.822260027766392e-05,0.0,-0.44412113313484536,-0.9387205953692331,-0.3864057297511506,-0.15247069472655322,0.5316375789126077,1.3801595427303213
252,張綱,Zhang Gang,1083,cluster1_song_and_before,宋,works_general,工部,1,1,0,0,0,1,119.57061768,31.74697876,金壇,0,0,0,0,0,93,0.6002805049088359,0.03640749000477171,9.659145983387178e-05,1.6266560204774596,0.535629143165944,1.7731212512677448,-0.07965915961668606,0.7756590159012465,-0.012400246598907158
257,張鞏,Zhang Gong,994,cluster1_song_and_before,宋,hydraulic,水利/河道,0,0,0,0,0,1,114.374245,36.359043,釜陽,0,0,1,0,0,1,0.0,0.0005674195825019751,0.0,-0.44412113313484536,-0.9387205953692331,-0.3549831787088945,-0.15247069472655322,-0.3849849081533837,1.2849583227784576
262,張沔,Zhang Mian,983,cluster1_song_and_before,宋,works_general,工部,0,1,0,0,0,1,120.618622,31.31271,吳縣,0,0,0,0,0,52,0.3838612368024133,0.01877324716400066,0.000488497255230828,0.7038096802806716,0.004081493796360343,0.7260387576627529,0.21576305090155076,1.0097376552322135,-0.1345586268557452
267,張保雍,Zhang Baoyong,975,cluster1_song_and_before,宋,works_general,工部,0,1,0,0,0,1,114.346001,33.007538,汝陽,0,0,0,0,0,108,0.7163378331602631,0.05674329824980972,7.000736507435521e-05,1.9642827303055528,0.820677699904546,2.980616747329333,-0.09969849593353722,-0.39129339082191317,0.34219094014956986
268,張佖,Zhang Bi,955,cluster1_song_and_before,宋,works_general,工部,0,0,0,0,0,1,119.952301,31.782784,武進,0,0,0,0,0,17,0.41911764705882354,0.00511242121914224,1.351001161577755e-05,-0.08398597598487925,0.09067480945154988,-0.08511099365941309,-0.1422867231126161,0.8609104891021656,-0.002328349824414023
269,張秉,Zhang Bing,950,cluster1_song_and_before,宋,works_general,工部,0,1,0,0,0,1,118.433945,29.86577,歙縣,0,0,0,0,0,10,0.5777777777777777,0.001884877309970657,1.2309346292203223e-05,-0.24154510723798941,0.4803601654285401,-0.276755441064971,-0.14319179572993637,0.521775716737858,-0.541578111123571
271,張掞,Zhang Shan,995,cluster1_song_and_before,宋,works_general,工部,0,1,0,0,0,1,117.00148773,36.650131226,歷城,0,0,0,0,0,67,0.5902306648575305,0.030733831423159216,0.00010901567668793938,1.0414363901087647,0.5109457177826514,1.4362319031318078,-0.07029367012891542,0.20182698917788935,1.3668404876387532
279,張士遜,Zhang Shixun,964,cluster1_song_and_before,宋,works_general,工部,1,1,0,0,0,1,113.464426,31.640304,光化,0,0,0,0,0,65,0.47115384615384615,0.024725225149914338,0.0013599319514728352,0.996419495465019,0.21848098656830023,1.0794540989193333,0.8726585786273995,-0.5881989498259026,-0.04240750730052189
280,張師德,Zhang Shide,981,cluster1_song_and_before,宋,construction,将作/营缮,0,1,0,0,0,1,112.38263,34.665276,洛陽,0,0,0,0,1,21,0.4714285714285714,0.006122507662987322,2.9511255107323076e-05,0.006047813302612277,0.2191557396773017,-0.02513428573223211,-0.1302248378870483,-0.8298251825437993,0.808507211599097
282,張師顏,Zhang Shiyan,968,cluster1_song_and_before,宋,construction,将作/营缮,0,0,0,0,0,1,112.38263,34.665276,洛陽,0,0,0,0,1,10,0.7555555555555555,0.002607166946601992,1.9172239210010625e-06,-0.24154510723798941,0.9170003995201628,-0.23386747356571477,-0.151025473616141,-0.8298251825437993,0.808507211599097
283,張綬,Zhang Shou,1033,cluster1_song_and_before,宋,construction,将作/营缮,0,1,0,0,0,1,117.580116,28.953411,德興,0,0,0,0,1,19,1.0,0.006178961199108876,0.0,-0.038969081341133485,1.5173807213961439,-0.021782199118209302,-0.15247069472655322,0.3310674088357331,-0.7982217104760739
295,張唐民,Zhang Tangmin,1004,cluster1_song_and_before,宋,hydraulic,水利/河道,0,1,0,0,0,1,118.478098,36.69748,益都,0,0,1,0,0,79,0.9782538136968517,0.04728473797260572,1.3063990440382954e-06,1.3115377579712393,1.463969884582356,2.418988274227573,-0.15148591905356837,0.5316375789126077,1.3801595427303213
299,張存,Zhang Cun,986,cluster1_song_and_before,宋,works_general,工部,0,1,0,0,0,1,115.563812,37.565983,信都,0,0,0,0,0,68,0.6185250219490781,0.02964683261081217,8.246428741818439e-05,1.0639448374306375,0.5804395254922312,1.3716883081923925,-0.09030835274532395,-0.1192873156539382,1.6244665928810267
301,張璪,Zhang Zao,1030,cluster1_song_and_before,宋,construction,将作/营缮,1,1,0,0,0,1,118.264374,32.098347,全椒,0,0,0,0,1,24,0.5398550724637681,0.01154114052173117,5.262030257029794e-05,0.07357315526823092,0.3872181589714956,0.2966121967731302,-0.11280502433831528,0.48390092157481046,0.08643848882404895
310,張洞,Zhang Dong,1019,cluster1_song_and_before,宋,works_general,工部,0,1,0,0,0,1,114.34333,34.785477,開封,0,0,0,0,0,76,0.659298245614035,0.0350583174668306,0.00010532584270057737,1.2440124160056207,0.6805826938245012,1.6930103580421765,-0.07307510108960764,-0.3918899761925293,0.8423193593235898
315,張琬,Zhang Wan,1022,cluster1_song_and_before,宋,astronomical,天文/历算,0,0,0,0,0,1,110.437637,35.465939,韓城,1,0,0,0,0,58,0.7707199032062916,0.030435121169207487,4.096844059399884e-05,0.8388603642119088,0.9542455737530234,1.4184951462776938,-0.12158830558120962,-1.2642521274138891,1.0337310918790883
318,張昷之,Zhang Wenzhi,985,cluster1_song_and_before,宋,works_general,工部,0,1,0,0,0,1,119.437187,32.39127,廣陵,0,0,0,0,0,109,0.6252123683316344,0.054163117373519976,0.0002588782265403356,1.9867911776274256,0.596864325748094,2.827411290747379,0.04267410496216506,0.7458563982751986,0.16883676960292385
325,張宇,Zhang Yu,1081,cluster1_song_and_before,宋,construction,将作/营缮,0,1,0,0,0,1,119.952301,31.782784,武進,0,0,0,0,1,12,0.8636363636363636,0.005025531178908582,2.399292768630331e-06,-0.19652821259424366,1.1824578145645015,-0.09027033283937179,-0.15066208566357356,0.8609104891021656,-0.002328349824414023
326,張友直,Zhang Youzhi,1002,cluster1_song_and_before,宋,works_general,工部,0,1,1,0,0,1,113.464426,31.640304,光化,0,0,0,0,0,23,0.5375494071146245,0.00854244036045561,1.544295547106608e-05,0.05106470794635804,0.3815552112714438,0.11855598700025774,-0.14082965217045615,-0.5881989498259026,-0.04240750730052189
330,張雍,Zhang Yong,939,cluster1_song_and_before,宋,construction,将作/营缮,0,1,0,0,0,1,116.578407,37.332096,安德,0,0,0,0,1,2,1.0,8.214785971249928e-33,0.0,-0.42161268581297245,1.5173807213961439,-0.3886753035554917,-0.15247069472655322,0.10732913290421416,1.5586749455999023
332,張詠,Zhang Yong,946,cluster1_song_and_before,宋,works_general,工部,0,1,0,0,0,1,115.5583,35.61019,鄄城,0,0,0,0,0,186,0.33699505957570475,0.07130177302350453,0.001794176696462128,3.7199416214116376,-0.11102658580191804,3.845066908687052,1.1999962806400124,-0.1205184570102938,1.074308425856392
334,章傑,Zhang Jie,1094,cluster1_song_and_before,宋,works_general,工部,0,1,0,0,0,1,118.536255,27.924686,浦城,0,0,0,0,0,53,0.6240928882438317,0.016039786247544506,3.1983085905446685e-05,0.7263181276025444,0.5941147692303491,0.5637318699546358,-0.12836154898704852,0.5446273263475893,-1.0875986846100525
345,章楶,Zhang Jie,1035,cluster1_song_and_before,宋,works_general,工部,0,1,1,0,0,1,118.536255,27.924686,浦城,0,0,0,0,0,77,0.6377306903622693,0.03706368239350818,3.297885904293052e-05,1.2665208633274936,0.6276105929712292,1.8120845097919056,-0.1276109259931931,0.5446273263475893,-1.0875986846100525
348,趙昌言,Zhao Changyan,945,cluster1_song_and_before,宋,works_general,工部,1,1,0,0,0,1,111.782768,37.143234,孝義,0,0,0,0,0,21,0.4380952380952381,0.006219477484978975,0.00025554624569666673,0.006047813302612277,0.13728569578512248,-0.019376431316124276,0.040162427008426094,-0.9638082950813052,1.5055486833929066
371,趙令鑠,Zhao Lingshuo,1061,cluster1_song_and_before,宋,construction,将作/营缮,0,1,0,0,0,1,114.34333,34.785477,開封,0,0,0,0,1,0,0.0,7.067932822769843e-42,0.0,-0.4666295804567182,-0.9387205953692331,-0.3886753035554917,-0.15247069472655322,-0.3918899761925293,0.8423193593235898
373,趙霈,Zhao Pei,1082,cluster1_song_and_before,宋,works_general,工部,0,1,0,0,0,1,118.867645,28.956821,西安,0,0,0,0,0,64,0.8333333333333334,0.0322921782583647,2.823861007459751e-05,0.9739110481431461,1.1080305019352477,1.5287631053411714,-0.13118416947435496,0.6186454566238925,-0.7972624886414752
375,趙抃,Zhao Bian,1008,cluster1_song_and_before,宋,hydraulic,水利/河道,1,1,0,0,0,1,118.867645,28.956821,西安,0,0,1,0,0,315,0.23712465878070974,0.10610544666155097,0.002650052230017305,6.62353132593324,-0.3563184087003912,5.911632380683612,1.8451631677365476,0.6186454566238925,-0.7972624886414752
380,趙不棄,Zhao Buqi,1086,cluster1_song_and_before,宋,works_general,工部,0,0,0,0,0,1,114.34333,34.785477,開封,0,0,0,0,0,37,0.9474474474474475,0.008677170780019824,1.658982514464954e-06,0.36618297045257836,1.388306327872438,0.1265559825178184,-0.1512201383750251,-0.3918899761925293,0.8423193593235898
383,趙不溢,Zhao Buyi,1090,cluster1_song_and_before,宋,military_industrial,军器/制造,0,0,0,0,0,1,120.932022,30.517859,海鹽,0,0,0,1,0,0,0.0,7.067932822769843e-42,0.0,-0.4666295804567182,-0.9387205953692331,-0.3886753035554917,-0.15247069472655322,1.0797376010018311,-0.3581476105660339
391,李秬,Li Ju (2),1043,cluster1_song_and_before,宋,construction,将作/营缮,0,0,0,0,0,1,103.696481,30.328339,依政,0,0,0,0,1,2,1.0,0.0011702527685994361,0.0,-0.42161268581297245,1.5173807213961439,-0.31918827209303596,-0.15247069472655322,-2.7699335391067104,-0.41145896601853305
402,趙揚,Zhao Yang,1027,cluster1_song_and_before,宋,works_general,工部,0,1,0,0,0,1,118.867645,28.956821,西安,0,0,0,0,0,12,0.9090909090909091,0.0071185803090391105,1.3880627337105953e-06,-0.19652821259424366,1.2940987835083821,0.03401031375282439,-0.151424360209567,0.6186454566238925,-0.7972624886414752
405,折彥質,She Yanzhi,1097,cluster1_song_and_before,宋,works_general,工部,0,1,0,0,0,1,113.025139,25.802719,郴縣,0,0,0,0,0,109,0.47876316683656134,0.03955680972271958,0.001990402959660711,1.9867911776274256,0.237170249116807,1.9601209185176507,1.3479134513395226,-0.6863165828102626,-1.6845010537292606
416,鄭驤,Zheng Xiang (2),997,cluster1_song_and_before,宋,works_general,工部,0,1,0,0,0,1,112.38263,34.665276,洛陽,0,0,0,0,0,2,1.0,0.0004155570478156672,0.0,-0.42161268581297245,1.5173807213961439,-0.3640004414822567,-0.15247069472655322,-0.8298251825437993,0.808507211599097
419,鄭鬲,Zheng Ge,1088,cluster1_song_and_before,宋,works_general,工部,0,1,0,0,0,1,119.517273,26.661217,寧德,0,0,0,0,0,0,0.0,7.067932822769843e-42,0.0,-0.4666295804567182,-0.9387205953692331,-0.3886753035554917,-0.15247069472655322,0.7637441317050204,-1.4430083773190705
420,李誡,Li Jie,1047,cluster1_song_and_before,宋,construction,将作/营缮,0,0,0,1,0,1,113.641312,34.758076,管城,0,0,0,0,1,14,0.5274725274725275,0.004094807739548858,1.5597498172786748e-05,-0.15151131795049788,0.35680537391360306,-0.14553464038810368,-0.14071315645363333,-0.5486903014295904,0.8346115477429978
423,鄭天益,Zheng Tianyi,962,cluster1_song_and_before,宋,works_general,工部,0,1,0,0,0,1,115.745026,29.330564,德安,0,0,0,0,0,0,0.0,7.067932822769843e-42,0.0,-0.4666295804567182,-0.9387205953692331,-0.3886753035554917,-0.15247069472655322,-0.07881198006780149,-0.6921298064924509
427,鄭望之,Zheng Wangzhi,1078,cluster1_song_and_before,宋,works_general,工部,0,1,0,0,0,1,117.96489,28.450691,上饒,0,0,0,0,0,14,0.7362637362637363,0.006792093214129752,2.9756653274889225e-06,-0.15151131795049788,0.8696177367547259,0.014624229271944405,-0.15022761070193744,0.4170092056881845,-0.9396352004142342
434,賈安宅,Jia Anzhai,1079,cluster1_song_and_before,宋,works_general,工部,0,1,0,0,0,1,120.099312,30.864964,烏程,0,0,0,0,0,10,0.7111111111111111,0.004743639601298855,0.00017167593220265346,-0.24154510723798941,0.8078403409972572,-0.10700843374197522,-0.02305979042309328,0.8937463602812871,-0.2605081105959014
453,江嗣宗,Jiang Sizong,955,cluster1_song_and_before,宋,works_general,工部,0,1,0,0,0,1,118.169182,26.642174,劍浦,0,0,0,0,0,1,0.0,0.0009989091535353761,0.0,-0.44412113313484536,-0.9387205953692331,-0.32936227850457095,-0.15247069472655322,0.4626391639561084,-1.448365110866358
456,姜詵,Jiang Shen,1111,cluster1_song_and_before,宋,works_general,工部,0,0,0,0,0,1,121.120598,28.843132,臨海,0,0,0,0,0,43,0.7452934662236987,0.00990461499606831,4.543901058967099e-06,0.5012336543838156,0.8917956683994254,0.19943891614338688,-0.14904546011409603,1.1218572875795312,-0.8292428320882839
460,蔣及祖,Jiang Jizu,1091,cluster1_song_and_before,宋,construction,将作/营缮,0,1,0,0,0,1,119.814385,31.363638,宜興,0,0,0,0,1,1,0.0,3.8221054716529666e-05,0.0,-0.44412113313484536,-0.9387205953692331,-0.38640582152316605,-0.15247069472655322,0.8301060458323416,-0.12023274720987676
487,周沆,Zhou Hang,999,cluster1_song_and_before,宋,works_general,工部,0,1,0,0,0,1,118.478098,36.69748,益都,0,0,0,0,0,54,0.7610062893081762,0.023826202260401448,3.5926365831435e-05,0.7488265749244173,0.9303879538673117,1.026072100187713,-0.12538906813550174,0.5316375789126077,1.3801595427303213
512,朱昂,Zhu Ang,925,cluster1_song_and_before,宋,works_general,工部,0,0,0,0,0,1,112.190773,30.350445,江陵,0,0,0,0,0,16,0.5166666666666667,0.006587090214962451,1.774481597938451e-05,-0.10649442330675213,0.3302650849595451,0.0024516027802467324,-0.13909448844575723,-0.872677701993456,-0.4052406206004612
513,朱昌符,Zhu Changfu,985,cluster1_song_and_before,宋,works_general,工部,0,1,0,0,0,1,103.831459,30.050497,眉山,0,0,0,0,0,3,0.3333333333333333,0.00012361737898105817,5.31723020799303e-08,-0.3991042384910996,-0.12002015644744085,-0.38133517590696375,-0.1524306129538331,-2.7397853174089097,-0.489615010877298
521,朱巽,Zhu Xun,970,cluster1_song_and_before,宋,works_general,工部,0,1,0,0,0,1,118.998154,32.690521,天長,0,0,0,0,0,15,0.8571428571428571,0.00920530650405532,1.1671702376727353e-06,-0.129002870628625,1.1665091047153755,0.15791551838665668,-0.15159087101454324,0.6477954978569724,0.253015096061955
530,朱壽隆,Zhu Shoulong,992,cluster1_song_and_before,宋,construction,将作/营缮,0,0,1,0,0,1,103.831459,30.050497,眉山,0,0,0,0,1,2,1.0,9.97991399783036e-05,0.0,-0.42161268581297245,1.5173807213961439,-0.3827494504700101,-0.15247069472655322,-2.7397853174089097,-0.489615010877298
531,朱台符,Zhu Taifu,962,cluster1_song_and_before,宋,works_general,工部,0,1,0,0,0,1,103.831459,30.050497,眉山,0,0,0,0,0,10,0.6222222222222222,0.0029799195534290276,2.0242891032080446e-05,-0.24154510723798941,0.5895202239514459,-0.21173424490495146,-0.1372114163841145,-2.7397853174089097,-0.489615010877298
549,鍾浚,Zhong Jun,1031,cluster1_song_and_before,宋,construction,将作/营缮,0,0,0,0,0,0,,,,0,0,0,0,1,0,0.0,7.067932822769843e-42,0.0,-0.4666295804567182,-0.9387205953692331,-0.3886753035554917,-0.15247069472655322,-3.174087617753835e-15,-1.9987334503111837e-15
557,樊賓,Fan Bin,1086,cluster1_song_and_before,宋,works_general,工部,0,0,0,0,0,0,,,,0,0,0,0,0,0,0.0,7.067932822769843e-42,0.0,-0.4666295804567182,-0.9387205953692331,-0.3886753035554917,-0.15247069472655322,-3.174087617753835e-15,-1.9987334503111837e-15
559,范純仁,Fan Chunren,1027,cluster1_song_and_before,宋,hydraulic,水利/河道,0,1,1,0,0,1,112.38263,34.665276,洛陽,0,0,1,0,0,405,0.1800757853563134,0.12382031906213435,0.006043534578137468,8.6492915849018,-0.4964362218380324,6.963502479932288,4.403201523920707,-0.8298251825437993,0.808507211599097
561,范純粹,Fan Chuncui,1046,cluster1_song_and_before,宋,construction,将作/营缮,0,0,1,0,0,1,112.38263,34.665276,洛陽,0,0,0,0,1,143,0.43199054466660103,0.05961149925912888,0.00037312903828134135,2.7520783865711036,0.12229195021659804,3.150924204934184,0.12879742274531666,-0.8298251825437993,0.808507211599097
562,范沖,Fan Chong,1067,cluster1_song_and_before,宋,works_general,工部,0,1,0,0,0,1,114.34333,34.785477,開封,0,0,0,0,0,126,0.4280634920634921,0.05078555161922295,0.0036336528386292067,2.3694347820992645,0.11264671114709528,2.6268588766597483,2.5866103968312055,-0.3918899761925293,0.8423193593235898
569,范諷,Fan Feng,966,cluster1_song_and_before,宋,construction,将作/营缮,0,1,1,0,0,1,117.00148773,36.650131226,歷城,0,0,0,0,1,27,0.5897435897435898,0.013366813053030484,6.493183051400818e-05,0.14109849723384957,0.509749411953938,0.40501660992770366,-0.10352448079262988,0.20182698917788935,1.3668404876387532
571,范祥,Fan Xiang,997,cluster1_song_and_before,宋,works_general,工部,0,1,0,0,0,1,108.32904,35.190163,三水,0,0,0,0,0,2,1.0,0.002011260132534521,0.0,-0.42161268581297245,1.5173807213961439,-0.26925110746846137,-0.15247069472655322,-1.7352210988560626,0.9561562060555958
586,范子奇,Fan Ziqi,1039,cluster1_song_and_before,宋,construction,将作/营缮,0,0,1,0,0,1,112.38263,34.665276,洛陽,0,0,0,0,1,66,0.7118881118881119,0.03380525397605205,0.00026520537535999555,1.0189279427868918,0.8097487336287764,1.6186062083195558,0.047443568217201984,-0.8298251825437993,0.808507211599097
589,范子淵,Fan Ziyuan,1040,cluster1_song_and_before,宋,hydraulic,水利/河道,0,1,0,0,0,1,119.952301,31.782784,武進,0,0,1,0,0,4,0.5,0.0009581549291332919,2.2489422766834563e-06,-0.3765957911692267,0.2893300630134553,-0.3317821745725331,-0.15077542125392493,0.8609104891021656,-0.002328349824414023
593,范雍,Fan Yong,979,cluster1_song_and_before,宋,works_general,工部,0,1,0,0,0,1,112.38263,34.665276,洛陽,0,0,0,0,0,78,0.5467865467865468,0.03495362373651395,0.00025927194294455484,1.2890293106493664,0.40424256218279786,1.686793874964643,0.04297089202634699,-0.8298251825437993,0.808507211599097
596,方仲荀,Fang Zhongxun,970,cluster1_song_and_before,宋,works_general,工部,0,1,0,0,0,1,118.433945,29.86577,歙縣,0,0,0,0,0,11,1.0,0.0023028525323702752,0.0,-0.21903665991611654,1.5173807213961439,-0.25193699311191126,-0.15247069472655322,0.521775716737858,-0.541578111123571
597,方偕,Fang Xie,992,cluster1_song_and_before,宋,works_general,工部,0,1,0,0,0,1,119.011101,25.433954,莆田,0,0,0,0,0,32,0.6915322580645161,0.013717073783975353,9.344181871007864e-05,0.25364073384321395,0.7597526942487594,0.42581432054569035,-0.08203338820442013,0.6506872952337401,-1.788233440777808
598,方略,Fang Lue,1076,cluster1_song_and_before,宋,hydraulic,水利/河道,0,1,0,0,0,1,119.011101,25.433954,莆田,0,0,1,0,0,0,0.0,7.067932822769843e-42,0.0,-0.4666295804567182,-0.9387205953692331,-0.3886753035554917,-0.15247069472655322,0.6506872952337401,-1.788233440777808
602,方澤,Fang Ze,1022,cluster1_song_and_before,宋,hydraulic,水利/河道,0,0,0,0,0,1,119.011101,25.433954,莆田,0,0,1,0,0,37,0.6891891891891891,0.019124597257718933,0.00012451312972782815,0.36618297045257836,0.7539978796987968,0.7469011522424791,-0.05861154680177958,0.6506872952337401,-1.788233440777808
606,馮拯,Feng Zheng,958,cluster1_song_and_before,宋,works_general,工部,1,1,0,0,0,1,112.785721,34.840869,河陽,0,0,0,0,0,38,0.49644381223328593,0.016938140311489762,0.000579960103809338,0.38869141777445126,0.280595705556964,0.6170741552973983,0.2847085914490945,-0.7397921635896829,0.8579009475529307
621,傅求,Fu Qiu,1003,cluster1_song_and_before,宋,works_general,工部,0,1,0,0,0,1,115.193667,34.681436,考城,0,0,0,0,0,38,0.7183499288762447,0.019102639723899983,3.824423599367498e-06,0.38869141777445126,0.8256196108420264,0.74559736225432,-0.1495878088724696,-0.20196162939642254,0.8130529666862242
628,富弼,Fu Bi,1004,cluster1_song_and_before,宋,construction,将作/营缮,1,1,0,0,0,1,112.38263,34.665276,洛陽,0,0,0,0,1,432,0.18106041075878662,0.13523822783561432,0.006440989008940153,9.257019662592366,-0.4940178820904973,7.641472750515618,4.702806347087629,-0.8298251825437993,0.808507211599097
629,富元衡,Fu Yuanheng,1094,cluster1_song_and_before,宋,works_general,工部,0,1,0,0,0,1,120.733788,31.646582,常熟,0,0,0,0,0,49,1.0,0.028577298542388455,0.0,0.6362843383150529,1.5173807213961439,1.308181731274252,-0.15247069472655322,1.0354607367717918,-0.040641526456649514
630,韓琦,Han Qi,1008,cluster1_song_and_before,宋,works_general,工部,1,1,0,0,0,1,114.345497,36.098343,安陽,0,0,0,0,0,438,0.15414354826912427,0.12397533248583896,0.010781522315802535,9.392070346523605,-0.5601284234945496,6.972706835554497,7.974740468507044,-0.39140596252793847,1.211624266391446
631,韓跂,Han Qi (2),1052,cluster1_song_and_before,宋,works_general,工部,0,0,1,0,0,1,114.345497,36.098343,安陽,0,0,0,0,0,20,0.5736842105263158,0.008535458067129931,7.634926469112862e-06,-0.016460634019260605,0.4703059495119568,0.11814139380379626,-0.14671541659302897,-0.39140596252793847,1.211624266391446
634,韓縝,Han Zhen,1019,cluster1_song_and_before,宋,works_general,工部,1,1,1,0,0,1,114.76066,34.49547,雍邱,0,0,0,0,0,123,0.39917366386778624,0.04923690434894864,0.00045521256829876816,2.301909440133646,0.04169036607449663,2.534903613248933,0.19067274627893904,-0.29867658318667445,0.7607413397968225
636,韓絳,Han Jiang,1012,cluster1_song_and_before,宋,military_industrial,军器/制造,1,1,1,0,0,1,114.76066,34.49547,雍邱,0,0,0,1,0,223,0.32695026865430454,0.08666439088657196,0.0009655171328888344,4.552754172320935,-0.135697610010602,4.757265315253732,0.5753450432426666,-0.29867658318667445,0.7607413397968225
642,韓琚,Han Ju (2),989,cluster1_song_and_before,宋,construction,将作/营缮,0,1,1,0,0,1,114.345497,36.098343,安陽,0,0,0,0,1,56,0.5980519480519481,0.02362244906942819,4.76461591516773e-05,0.793843469568163,0.5301555817352553,1.0139736845533889,-0.1165545796177294,-0.39140596252793847,1.211624266391446
646,韓肖胄,Han Xiaozhou,1089,cluster1_song_and_before,宋,works_general,工部,0,0,1,0,0,1,120.578262,30.004515,會稽,0,0,0,0,0,11,0.8545454545454545,0.0037750149901694396,9.122142476238187e-07,-0.21903665991611654,1.1601296207757252,-0.1645232293783161,-0.15178305919611587,1.0007229844879177,-0.5025495969179097
655,韓鐸,Han Duo,1010,cluster1_song_and_before,宋,works_general,工部,0,0,0,0,0,0,,,,0,0,0,0,0,1,0.0,0.0011603962349258064,0.0,-0.44412113313484536,-0.9387205953692331,-0.31977353134972625,-0.15247069472655322,-3.174087617753835e-15,-1.9987334503111837e-15
656,韓粹彥,Han Cuiyan,1065,cluster1_song_and_before,宋,works_general,工部,0,0,1,0,0,1,114.345497,36.098343,安陽,0,0,0,0,0,42,0.6724738675958188,0.016607785429979764,3.00085789667134e-05,0.47872520706194277,0.7129433563231633,0.597458410168477,-0.1298499505656303,-0.39140596252793847,1.211624266391446
663,韓宗道,Han Zongdao,1027,cluster1_song_and_before,宋,construction,将作/营缮,0,1,1,0,0,1,114.76066,34.49547,雍邱,0,0,0,0,1,68,0.5535557506584723,0.03060891019732527,6.974937651783679e-05,1.0639448374306375,0.4208684127260873,1.4288143559293853,-0.09989297009174118,-0.29867658318667445,0.7607413397968225
664,韓宗彥,Han Zongyan,1012,cluster1_song_and_before,宋,construction,将作/营缮,0,1,1,0,0,1,114.76066,34.49547,雍邱,0,0,0,0,1,155,0.5928780896522832,0.08043545777598053,0.0001400176439290276,3.0221797544335782,0.5174480613070808,4.387404988795191,-0.046924100705989305,-0.29867658318667445,0.7607413397968225
667,韓彥直,Han Yanzhi,1131,cluster1_song_and_before,宋,works_general,工部,0,1,0,0,0,1,120.618622,31.31271,吳縣,0,0,0,0,0,50,0.926530612244898,0.02117380847932473,5.969548752871724e-06,0.6587927856369258,1.3369324613888918,0.8685788003965244,-0.14797079370675972,1.0097376552322135,-0.1345586268557452
673,何昌言,He Changyan,1064,cluster1_song_and_before,宋,works_general,工部,0,1,0,0,0,1,115.393806,27.759735,新淦,0,0,0,0,0,1,0.0,0.00040805703055487826,0.0,-0.44412113313484536,-0.9387205953692331,-0.36444577598549666,-0.15247069472655322,-0.1572592709204016,-1.1339988608091092
680,何俌,He Fu,1112,cluster1_song_and_before,宋,works_general,工部,0,1,0,0,0,1,120.618622,31.31271,吳縣,0,0,0,0,0,3,0.3333333333333333,0.0014790631363160898,1.37376497708389e-05,-0.3991042384910996,-0.12002015644744085,-0.30085179273299045,-0.14211512736752532,1.0097376552322135,-0.1345586268557452
685,何郯,He Tan,1004,cluster1_song_and_before,宋,works_general,工部,0,1,0,0,0,1,104.077995,30.650385,成都,0,0,0,0,0,91,0.7965811965811965,0.04986881491180131,5.275231606244525e-05,1.581639125833714,1.0177635304643833,2.5724250704422817,-0.11270551134788123,-2.6847198846384606,-0.32086848069743024
686,何琬,He Wan,1023,cluster1_song_and_before,宋,works_general,工部,0,1,0,0,0,1,119.12091,28.082565,龍泉,0,0,0,0,0,1,0.0,0.0009000619102422917,0.0,-0.44412113313484536,-0.9387205953692331,-0.335231610061807,-0.15247069472655322,0.6752138556836949,-1.0431878388550666
690,侯陟,Hou Zhi,920,cluster1_song_and_before,宋,works_general,工部,0,0,0,0,0,1,117.864911,36.882379,長山,0,0,0,0,0,3,1.0,1.7164187351871637e-05,0.0,-0.3991042384910996,1.5173807213961439,-0.38765613192133747,-0.15247069472655322,0.3946782402188166,1.4321710260134135
694,侯叔獻,Hou Shuxian,1016,cluster1_song_and_before,宋,hydraulic,水利/河道,0,1,0,0,0,1,116.210182,27.546391,宜黃,0,0,1,0,0,2,1.0,0.0015836278852797785,0.0,-0.42161268581297245,1.5173807213961439,-0.2946429682840644,-0.15247069472655322,0.025083663756106184,-1.1940118294544122
698,夏安期,Xia Anqi,1015,cluster1_song_and_before,宋,construction,将作/营缮,0,1,1,0,0,1,114.34333,34.785477,開封,0,0,0,0,1,19,0.6198830409356725,0.010063485884631488,2.604072960840781e-05,-0.038969081341133485,0.583774957713398,0.2088723195313318,-0.1328409520823257,-0.3918899761925293,0.8423193593235898
704,向傳式,Xiang Zhuanshi,978,cluster1_song_and_before,宋,works_general,工部,0,0,0,0,0,1,114.34333,34.785477,開封,0,0,0,0,0,6,0.6666666666666666,0.0006128843886250215,1.398755430906611e-07,-0.33157889652548095,0.6986802824743514,-0.35228357867523036,-0.15236525524945788,-0.3918899761925293,0.8423193593235898
709,向宗儒,Xiang Zongru,1025,cluster1_song_and_before,宋,construction,将作/营缮,0,0,0,0,0,1,114.34333,34.785477,開封,0,0,0,0,1,1,0.0,2.486908911687752e-05,0.0,-0.44412113313484536,-0.9387205953692331,-0.38719863182757497,-0.15247069472655322,-0.3918899761925293,0.8423193593235898
716,蕭振,Xiao Zhen,1086,cluster1_song_and_before,宋,works_general,工部,0,1,0,0,0,1,120.556442,27.675718,平陽,0,0,0,0,0,16,0.8,0.009295109352409068,0.00020154331813911923,-0.10649442330675213,1.0261604580430685,0.16324781369619332,-0.0005454788732606914,0.9958493443580759,-1.157632567811286
718,蕭固,Xiao Gu,1002,cluster1_song_and_before,宋,works_general,工部,0,1,0,0,0,1,114.931137,27.804075,新喻,0,0,0,0,0,86,0.9559507523939809,0.05064429861838833,0.00017596468448465783,1.4690968892243494,1.409191306348476,2.618471584634874,-0.01982688931676607,-0.260599426980652,-1.1215261639920773
721,蕭倫,Xiao Lun,1094,cluster1_song_and_before,宋,hydraulic,水利/河道,0,1,0,0,0,1,119.011101,25.433954,莆田,0,0,1,0,0,0,0.0,7.067932822769843e-42,0.0,-0.4666295804567182,-0.9387205953692331,-0.3886753035554917,-0.15247069472655322,0.6506872952337401,-1.788233440777808
726,謝伋,Xie Ji,1101,cluster1_song_and_before,宋,works_general,工部,0,0,0,0,0,1,114.226669,33.264837,上蔡,0,0,0,0,0,29,0.6773399014778325,0.009332258344608794,4.013162623411237e-06,0.18611539187759532,0.724894828548202,0.1654536390179059,-0.14944553565184124,-0.41794697578866485,0.4145683063725154
728,謝景溫,Xie Jingwen,1019,cluster1_song_and_before,宋,construction,将作/营缮,0,1,0,0,0,1,120.637787,31.167065,吳江,0,0,0,0,1,147,0.5351784549436213,0.07174103390352493,0.0011736351870593165,2.8421121758585954,0.375731912522255,3.871149252099692,0.7322263558793499,1.0140182836963958,-0.17552808846865717
741,熊彥詩,Xiong Yanshi,1094,cluster1_song_and_before,宋,hydraulic,水利/河道,0,1,0,0,0,1,116.903259,28.40443,安仁,0,0,1,0,0,3,1.0,0.0013567167942098053,0.0,-0.3991042384910996,1.5173807213961439,-0.30811644901184754,-0.15247069472655322,0.1798869579940426,-0.9526482682413128
743,徐琛,Xu Chen,1102,cluster1_song_and_before,宋,military_industrial,军器/制造,0,1,0,0,0,1,114.559631,29.038708,分寧,0,0,0,1,0,8,1.0,0.0016068295951507702,0.0,-0.2865620018817352,1.5173807213961439,-0.2932653018627169,-0.15247069472655322,-0.3435777290007166,-0.7742279436650154
754,徐休復,Xu Xiufu,947,cluster1_song_and_before,宋,works_general,工部,0,1,0,0,0,1,115.5583,35.61019,鄄城,0,0,0,0,0,0,0.0,7.067932822769843e-42,0.0,-0.4666295804567182,-0.9387205953692331,-0.3886753035554917,-0.15247069472655322,-0.1205184570102938,1.074308425856392
770,徐的,Xu Di,989,cluster1_song_and_before,宋,works_general,工部,0,1,0,0,0,1,118.323784,27.038864,建安,0,0,0,0,0,136,0.7101307189542484,0.07602114543383963,1.960236983497725e-05,2.5945192553179934,0.8054323985298402,4.125292846159069,-0.13769424718211365,0.497170534778936,-1.3367775127529573
780,許幾,Xu Ji,1054,cluster1_song_and_before,宋,works_general,工部,0,1,0,0,0,1,117.202271,28.287901,貴溪,0,0,0,0,0,44,0.671247357293869,0.01902888785947227,5.069282054504792e-05,0.5237421017056886,0.709930922755518,0.741218139011775,-0.11425797810251459,0.2466732495845473,-0.9854274943890766
784,許驤,Xu Xiang,943,cluster1_song_and_before,宋,works_general,工部,0,1,0,0,0,1,115.646072,34.447662,宋城,0,0,0,0,0,46,0.957487922705314,0.023815187848310656,1.5500044429720886e-05,0.5687589963494343,1.412966752374234,1.0254180886612894,-0.1407866179858126,-0.10091400506360927,0.7472931059351041
793,許暘,Xu Yang,1087,cluster1_song_and_before,宋,works_general,工部,0,1,0,0,0,1,119.44429016,32.206489563,丹徒,0,0,0,0,0,42,0.727061556329849,0.00820766359764983,2.0639137030265105e-05,0.47872520706194277,0.8470162505019934,0.09867768030090664,-0.13691272248862324,0.7474429356548823,0.11685863770351972
796,許尹,Xu Yin,1082,cluster1_song_and_before,宋,works_general,工部,0,1,0,0,0,1,117.124092,28.964994,樂平,0,0,0,0,0,0,0.0,7.067932822769843e-42,0.0,-0.4666295804567182,-0.9387205953692331,-0.3886753035554917,-0.15247069472655322,0.2292114571138315,-0.7949634505024227
797,許元,Xu Yuan,989,cluster1_song_and_before,宋,works_general,工部,0,1,1,0,0,1,118.7425,30.946941,宣城,0,0,0,0,0,98,0.7572059751735746,0.053067959997280215,3.073538145389684e-05,1.739198257086824,0.9210539973171947,2.7623832582564254,-0.12930208013376696,0.5906934999763558,-0.23744824891412958
805,薛良朋,Xue Liangpeng,1116,cluster1_song_and_before,宋,works_general,工部,0,1,0,0,0,1,120.630691,27.790512,瑞安,0,0,0,0,0,55,0.8323232323232324,0.022855925433949528,7.422803867059335e-06,0.7713350222462901,1.1055495915142726,0.968459199645169,-0.1468753165708695,1.0124333455496777,-1.1253413914825916
810,薛映,Xue Ying,950,cluster1_song_and_before,宋,works_general,工部,0,1,0,0,0,1,104.077995,30.650385,成都,0,0,0,0,0,21,0.5,0.007921558814958431,2.7891198110501753e-05,0.006047813302612277,0.2893300630134553,0.08168940856177678,-0.13144605182363153,-2.6847198846384606,-0.32086848069743024
818,胡奕脩,Hu Yixiu,1058,cluster1_song_and_before,宋,construction,将作/营缮,0,0,1,0,0,1,119.952301,31.782784,武進,0,0,0,0,1,19,0.5789473684210527,0.006636915276815002,1.2288669923171902e-05,-0.038969081341133485,0.4832327985475641,0.005410105193969341,-0.1432073817680008,0.8609104891021656,-0.002328349824414023
826,胡松年,Hu Songnian,1087,cluster1_song_and_before,宋,works_general,工部,1,1,0,0,0,1,119.952301,31.782784,武進,0,0,0,0,0,46,0.7130434782608696,0.01222843621198004,1.5588187693576007e-05,0.5687589963494343,0.812586430498253,0.3374223008239761,-0.14072017477890875,0.8609104891021656,-0.002328349824414023
828,胡旦,Hu Dan,948,cluster1_song_and_before,宋,works_general,工部,0,1,0,0,0,1,118.02375,37.36813,渤海,0,0,0,0,0,20,0.4105263157894737,0.0058019214725014675,8.375029490432819e-05,-0.016460634019260605,0.06957362940813214,-0.044169987507482036,-0.08933894841713637,0.4301559727845482,1.5688111918133645
830,胡宗回,Hu Zonghui,1045,cluster1_song_and_before,宋,construction,将作/营缮,0,1,0,0,0,1,119.952301,31.782784,武進,0,0,0,0,1,28,0.5608465608465608,0.012786671976948579,2.2066522353934428e-05,0.16360694455572244,0.43877538122933796,0.37056911081636873,-0.1358367462399113,0.8609104891021656,-0.002328349824414023
832,胡宗炎,Hu Zongyan,1035,cluster1_song_and_before,宋,construction,将作/营缮,0,1,0,0,0,1,119.952301,31.782784,武進,0,0,0,0,1,105,0.6536630036630037,0.05271517347302914,0.00011213988100890471,1.8967573883399342,0.6667419686482816,2.7414355715959586,-0.06793861603823695,0.8609104891021656,-0.002328349824414023
840,黃震,Huang Zhen,959,cluster1_song_and_before,宋,works_general,工部,0,1,0,0,0,1,118.536255,27.924686,浦城,0,0,0,0,0,8,0.75,0.00302763400423835,1.0604012562960638e-06,-0.2865620018817352,0.9033553922047995,-0.20890106592553384,-0.15167135445945154,0.5446273263475893,-1.0875986846100525
843,黃中,Huang Zhong,1096,cluster1_song_and_before,宋,works_general,工部,0,1,0,0,0,1,117.483398,27.337692,邵武,0,0,0,0,0,100,0.6018181818181818,0.04007750174924557,0.00016281011786056982,1.7842151517305698,0.5394058334477483,1.9910384640260141,-0.029742923210986157,0.30946480910712254,-1.2527181748088918
846,黃然,Huang Ran,1105,cluster1_song_and_before,宋,military_industrial,军器/制造,0,0,0,0,0,1,114.559631,29.038708,分寧,0,0,0,1,0,26,1.0,0.016753140790823743,0.0,0.11859004991197668,1.5173807213961439,0.6060892912936635,-0.15247069472655322,-0.3435777290007166,-0.7742279436650154
853,黃裳,Huang Shang,1044,cluster1_song_and_before,宋,works_general,工部,0,1,0,0,0,1,118.169182,26.642174,劍浦,0,0,0,0,0,85,0.4481792717086835,0.030133155831578766,0.00022675782243697905,1.4465884419024766,0.16205310402141204,1.4005651097254281,0.01846144749599703,0.4626391639561084,-1.448365110866358
859,黃祖舜,Huang Zushun,1094,cluster1_song_and_before,宋,works_general,工部,0,1,0,0,0,1,119.381439,25.727917,福清,0,0,0,0,0,81,0.6095679012345679,0.02684376900142739,5.970553144092907e-05,1.356554652614985,0.5584399295108964,1.205248565905182,-0.1074641133347682,0.733404716792224,-1.705542611404217
861,黃宗旦,Huang Zongdan,968,cluster1_song_and_before,宋,works_general,工部,0,1,0,0,0,1,118.802818,25.022078,惠安,0,0,0,0,0,14,0.6043956043956044,0.006060762617992508,3.478903364287368e-06,-0.15151131795049788,0.5457362444340166,-0.028800570486542318,-0.14984826521893108,0.604165920936571,-1.9040928109675153
874,任顓,Ren Zhuan,990,cluster1_song_and_before,宋,works_general,工部,0,1,0,0,0,1,118.73851,36.879799,壽光,0,0,0,0,0,34,0.4117647058823529,0.014409101739398904,0.00012278881278148288,0.29865762848695976,0.07261524094592203,0.4669054160779538,-0.059911352851872324,0.5898023073036662,1.4314452804611366
875,任中正,Ren Zhongzheng,960,cluster1_song_and_before,宋,works_general,工部,1,1,0,0,0,1,115.282862,34.990951,濟陰,0,0,0,0,0,17,0.38235294117647056,0.005134195052315828,0.0001350194708597948,-0.08398597598487925,0.00037696692341093394,-0.08381811141090352,-0.05069176975811414,-0.18203934106547076,0.9001185227377246
882,任布,Ren Bu,975,cluster1_song_and_before,宋,works_general,工部,0,1,0,0,0,1,112.38263,34.665276,洛陽,0,0,0,0,0,2,0.0,0.00014347931842998934,0.00017164019111401502,-0.42161268581297245,-0.9387205953692331,-0.3801558176961346,-0.023086732386023937,-0.8298251825437993,0.808507211599097
890,康戩,Kang Jian,943,cluster1_song_and_before,宋,works_general,工部,0,1,0,0,0,1,117.706978,29.854147,祁門,0,0,0,0,0,2,1.0,0.00012552903742475487,0.0,-0.42161268581297245,1.5173807213961439,-0.3812216658397484,-0.15247069472655322,0.3594028686960566,-0.5448476229662493
899,寇平,Kou Ping,1004,cluster1_song_and_before,宋,construction,将作/营缮,0,1,1,0,0,1,119.94828,36.788235,膠水,0,0,0,0,1,17,0.8529411764705882,0.005984300677438737,4.195585400791988e-06,-0.08398597598487925,1.1561893512835884,-0.03334071207945567,-0.14930802367632143,0.8600123723761278,1.4056886270701883
911,高若訥,Gao Ruona,997,cluster1_song_and_before,宋,military_industrial,军器/制造,1,1,0,0,0,1,112.744682,37.678467,榆次,0,0,0,1,0,210,0.40856687172476647,0.09155800727548696,0.000799658326183935,4.2601443571365865,0.06476103626067664,5.047837476333676,0.45031914190061423,-0.7489584934379253,1.656107973773379
913,高良夫,Gao Liangfu,980,cluster1_song_and_before,宋,works_general,工部,0,0,0,0,0,1,109.759888,34.519627,鄭縣,0,0,0,0,0,6,1.0,0.0017004817258561486,0.0,-0.33157889652548095,1.5173807213961439,-0.28770444464668227,-0.15247069472655322,-1.4156318123067158,0.7675366247992821
924,高旦,Gao Dan,1030,cluster1_song_and_before,宋,construction,将作/营缮,0,1,0,0,0,1,114.34333,34.785477,祥符,0,0,0,0,1,18,0.8562091503267973,0.007213367164719194,1.1843905293422856e-05,-0.06147752866300637,1.1642158261749784,0.0396385484381838,-0.14354264945636888,-0.3918899761925293,0.8423193593235898
933,耿琬,Geng Wan,1015,cluster1_song_and_before,宋,hydraulic,水利/河道,0,1,0,0,0,1,112.804997,34.720623,偃師,0,0,1,0,0,1,0.0,3.7056323637843556e-36,0.0,-0.44412113313484536,-0.9387205953692331,-0.3886753035554917,-0.15247069472655322,-0.7354867425473871,0.8240761414757838
941,龔原,Gong Yuan,1033,cluster1_song_and_before,宋,works_general,工部,0,1,0,0,0,1,118.361122,31.714224,歷陽,0,0,0,0,0,131,0.6306517909571344,0.06751219196321348,0.00010796636904646526,2.481977018708629,0.6102240988210279,3.620049933353491,-0.0710846479266384,0.5055102220002039,-0.021614053337622133
942,郭勸,Guo Quan,992,cluster1_song_and_before,宋,works_general,工部,0,1,0,0,0,1,116.282559,35.956072,須城,0,0,0,0,0,58,0.7150635208711433,0.026717450457136593,0.00019112210929040317,0.8388603642119088,0.8175478598132686,1.1977480490109291,-0.008401082415029135,0.04124954146819237,1.1716038999310066
944,郭知章,Guo Zhizhang,1048,cluster1_song_and_before,宋,works_general,工部,0,1,0,0,0,1,114.505661,26.327883,泉江,0,0,0,0,0,81,0.6947530864197531,0.04124452448307835,4.21143916675976e-05,1.356554652614985,0.7676633750131321,2.060333703139434,-0.12072447707118365,-0.3556322825207731,-1.536774140079746
948,郭孝友,Guo Xiaoyou,1077,cluster1_song_and_before,宋,works_general,工部,0,1,0,0,0,1,114.505661,26.327883,龍泉,0,0,0,0,0,35,1.0,0.007394554708381724,0.0,0.3211660758088326,1.5173807213961439,0.05039706564481369,-0.15247069472655322,-0.3556322825207731,-1.536774140079746
953,郭茂恂,Guo Maoxun,1052,cluster1_song_and_before,宋,works_general,工部,0,0,0,0,0,1,116.282559,35.956072,須城,0,0,0,0,0,38,0.7994310099573257,0.015827409093917826,8.189333561531834e-06,0.38869141777445126,1.0247629608500297,0.5511213824155841,-0.14629749940299738,0.04124954146819237,1.1716038999310066
960,郭大亨,Guo Daheng,1038,cluster1_song_and_before,宋,construction,将作/营缮,0,0,0,1,0,1,104.077995,30.650385,華陽,0,0,0,0,1,0,0.0,7.067932822769843e-42,0.0,-0.4666295804567182,-0.9387205953692331,-0.3886753035554917,-0.15247069472655322,-2.6847198846384606,-0.32086848069743024
962,來之邵,Lai Zhishao,1052,cluster1_song_and_before,宋,construction,将作/营缮,0,1,0,0,0,1,114.459076,34.475006,咸平,0,0,0,0,1,110,0.5012510425354462,0.04754589015742722,0.00014139521671659906,2.0092996249492985,0.29240275023209417,2.434494915672992,-0.04588567360734964,-0.36603734784839964,0.7549848836023324
964,郎簡,Lang Jian,975,cluster1_song_and_before,宋,works_general,工部,0,1,0,0,0,1,119.71658,30.318827,臨安,0,0,0,0,0,84,0.9899598393574297,0.04988903898664224,1.9182076893902685e-07,1.4240799945806037,1.4927210696213908,2.5736259314549437,-0.15232609845814163,0.8082606575234775,-0.414134660473283
968,雷有終,Lei Youzhong,947,cluster1_song_and_before,宋,works_general,工部,0,0,1,0,0,1,110.151016,35.242584,郃陽,0,0,0,0,0,3,0.0,0.0003796424493530787,9.133089851246625e-09,-0.3991042384910996,-0.9387205953692331,-0.36613297122309046,-0.15246381011901639,-1.3282708078747485,0.9709020617129173
971,李常,Li Chang,1027,cluster1_song_and_before,宋,construction,将作/营缮,0,1,0,0,0,1,115.761818,29.087832,建昌,0,0,0,0,1,182,0.4121182684718596,0.07816070646805634,0.0006481743414301855,3.6299078321241462,0.0734836264875684,4.25233526715534,0.33612911419577995,-0.07506137671947961,-0.7604095233122902
985,李章,Li Zhang,1013,cluster1_song_and_before,宋,works_general,工部,0,1,0,0,0,1,112.58267212,35.092437744,濟源,0,0,0,0,0,3,1.0,0.001156873219759074,0.0,-0.3991042384910996,1.5173807213961439,-0.3199827202295154,-0.15247069472655322,-0.7851444628512698,0.9286664115257189
986,李昭遘,Li Zhaogou,996,cluster1_song_and_before,宋,works_general,工部,0,0,1,1,0,1,114.34333,34.785477,開封,0,0,0,0,0,32,0.4939516129032258,0.009168955524542936,5.696111722272905e-05,0.25364073384321395,0.2744746115007615,0.1557570773003851,-0.109532878136006,-0.3918899761925293,0.8423193593235898
987,李昭述,Li Zhaoshu,991,cluster1_song_and_before,宋,works_general,工部,0,1,1,0,0,1,114.34333,34.785477,開封,0,0,0,0,0,24,0.42391304347826086,0.006714762721574414,7.209426099999155e-05,0.07357315526823092,0.10245278891174187,0.010032514974501666,-0.09812537449794187,-0.3918899761925293,0.8423193593235898
1004,李梲,Li Jue,1088,cluster1_song_and_before,宋,works_general,工部,0,0,0,0,0,1,119.141106,33.502789,山陽,0,0,0,0,0,37,1.0,0.014981137498738676,0.0,0.36618297045257836,1.5173807213961439,0.500871639336254,-0.15247069472655322,0.6797247647607948,0.4815034248435631
1005,李擢,Li Zhuo,1128,cluster1_song_and_before,宋,works_general,工部,0,1,0,0,0,1,121.120598,28.843132,臨海,0,0,0,0,0,30,0.5908045977011495,0.012734724762834231,0.00017672534643107745,0.2086238391994682,0.5123553549955988,0.3674845996762065,-0.019253495311605272,1.1218572875795312,-0.8292428320882839
1006,李周,Li Zhou,964,cluster1_song_and_before,宋,works_general,工部,0,1,0,0,0,1,109.9481,34.7968,馮翊,0,0,0,0,0,49,0.8545918367346939,0.023181100639364204,3.813552969214071e-05,0.6362843383150529,1.1602435401317905,0.9877673870178016,-0.12372378000046504,-1.3735934275167005,0.8455044821485608
1007,李周士,Li Zhoushi,959,cluster1_song_and_before,宋,works_general,工部,0,1,0,0,0,1,112.38263,34.665276,洛陽,0,0,0,0,0,1,0.0,0.00018854049281388533,0.0,-0.44412113313484536,-0.9387205953692331,-0.3774801844259853,-0.15247069472655322,-0.8298251825437993,0.808507211599097
1024,李復圭,Li Fugui,1012,cluster1_song_and_before,宋,works_general,工部,0,1,0,0,0,1,116.584183,34.703617,豐縣,0,0,0,0,0,88,0.9461859979101358,0.05238672175521761,4.0103290684390514e-06,1.5141137838680951,1.3852080800028135,2.7219328321349936,-0.14944767161176667,0.10861924039229687,0.8192924093587234
1025,李含章,Li Hanzhang,950,cluster1_song_and_before,宋,works_general,工部,0,1,0,0,0,1,118.7425,30.946941,宣城,0,0,0,0,0,2,0.0,0.0003107891809249378,2.552270499836655e-07,-0.42161268581297245,-0.9387205953692331,-0.3702213266262442,-0.15227830221749666,0.5906934999763558,-0.23744824891412958
1031,李欣,Li Xin,953,cluster1_song_and_before,宋,works_general,工部,0,1,0,0,0,1,119.011101,25.433954,莆田,0,0,0,0,0,2,1.0,0.0009560016243257109,0.0,-0.42161268581297245,1.5173807213961439,-0.33191003306851574,-0.15247069472655322,0.6506872952337401,-1.788233440777808
1036,李徽之,Li Huizhi,1027,cluster1_song_and_before,宋,works_general,工部,0,1,0,0,0,1,114.34333,34.785477,開封,0,0,0,0,0,59,0.5505552308591467,0.02423604220335315,0.00010464371759826512,0.8613688115337816,0.41349883209598315,1.0504074931682734,-0.07358929329585188,-0.3918899761925293,0.8423193593235898
1040,李誼,Li Yi,1094,cluster1_song_and_before,宋,works_general,工部,0,1,0,0,0,1,115.89772,28.674896,南昌,0,0,0,0,0,0,0.0,7.067932822769843e-42,0.0,-0.4666295804567182,-0.9387205953692331,-0.3886753035554917,-0.15247069472655322,-0.044706773560632615,-0.876567068031227
1048,李寬,Li Kuan,1006,cluster1_song_and_before,宋,construction,将作/营缮,0,0,1,0,0,1,115.89772,28.674896,南昌,0,0,0,0,1,139,0.6823063288499636,0.07624577457234406,3.683888567603295e-05,2.662044597283612,0.7370928773565126,4.138630829570399,-0.12470120224324101,-0.044706773560632615,-0.876567068031227
1056,李立之,Li Lizhi,1001,cluster1_song_and_before,宋,hydraulic,水利/河道,0,0,0,0,0,1,114.34333,34.785477,開封,0,0,1,0,0,3,1.0,0.0009289606760095298,0.0,-0.3991042384910996,1.5173807213961439,-0.33351566501132235,-0.15247069472655322,-0.3918899761925293,0.8423193593235898
1058,李良臣,Li Liangchen,1085,cluster1_song_and_before,宋,works_general,工部,0,1,0,0,0,1,104.197617,31.342484,綿竹,0,0,0,0,0,6,1.0,0.003958024449141195,0.0,-0.33157889652548095,1.5173807213961439,-0.15365653085410164,-0.15247069472655322,-2.6580015262694348,-0.12618329814509366
1063,李彌大,Li Mida,1080,cluster1_song_and_before,宋,works_general,工部,0,1,0,0,0,1,120.618622,31.31271,吳縣,0,0,0,0,0,36,0.5603174603174603,0.015470803191792814,2.6811754709564925e-05,0.3436745231307055,0.437475856723113,0.5299469095106283,-0.1322597462353487,1.0097376552322135,-0.1345586268557452
1079,李士衡,Li Shiheng,959,cluster1_song_and_before,宋,works_general,工部,0,1,0,0,0,1,108.906976,34.246423,長安,0,0,0,0,0,60,0.6740112994350282,0.027034713643593448,0.0009710529171188914,0.8838772588556546,0.7167194446878825,1.216586438127146,0.5795179685563606,-1.6061353022437168,0.6906852341542608
1081,李士觀,Li Shiguan,1061,cluster1_song_and_before,宋,works_general,工部,0,1,0,0,0,1,106.259559,30.003943,石照,0,0,0,0,0,3,0.3333333333333333,0.0016026163203286229,1.2433431578102678e-07,-0.3991042384910996,-0.12002015644744085,-0.2935154768402791,-0.15237697037023412,-2.1974532551140533,-0.502710498645004
1086,李肅之,Li Suzhi,1006,cluster1_song_and_before,宋,construction,将作/营缮,0,0,1,0,0,1,115.5583,35.61019,鄄城,0,0,0,0,1,68,0.5008779631255488,0.024790875644688907,8.416341676446428e-05,1.0639448374306375,0.2914864294021871,1.083352280678293,-0.08902753334094136,-0.1205184570102938,1.074308425856392
1089,李鞉,Li Tao,1073,cluster1_song_and_before,宋,construction,将作/营缮,0,1,0,0,0,1,119.947754,30.053434,富陽,0,0,0,0,1,35,1.0,0.007394554708381724,0.0,0.3211660758088326,1.5173807213961439,0.05039706564481369,-0.15247069472655322,0.8598948868257947,-0.4887888423939508
1092,李大臨,Li Dalin,1008,cluster1_song_and_before,宋,works_general,工部,0,1,0,0,0,1,104.077995,30.650385,華陽,0,0,0,0,0,134,0.5842217484008528,0.06773515245803045,7.547712904483284e-05,2.5495023606742477,0.49618721016107226,3.633288836378496,-0.09557533730166551,-2.6847198846384606,-0.32086848069743024
1096,李迪,Li Di,971,cluster1_song_and_before,宋,construction,将作/营缮,1,1,0,0,0,1,114.34333,34.785477,開封,0,0,0,0,1,101,0.4542574257425743,0.041556139106695714,0.000315683625325658,1.8067235990524426,0.17698166614755398,2.078836693037399,0.08549453955546338,-0.3918899761925293,0.8423193593235898
1107,李維,Li Wei (3),1077,cluster1_song_and_before,宋,works_general,工部,0,0,0,0,0,1,117.483398,27.337692,邵武,0,0,0,0,0,17,1.0,0.0091742666330816,0.0,-0.08398597598487925,1.5173807213961439,0.15607243922562825,-0.15247069472655322,0.30946480910712254,-1.2527181748088918
1108,李偉,Li Wei,1053,cluster1_song_and_before,宋,hydraulic,水利/河道,0,0,0,0,0,1,112.38263,34.665276,洛陽,0,0,1,0,0,0,0.0,7.067932822769843e-42,0.0,-0.4666295804567182,-0.9387205953692331,-0.3886753035554917,-0.15247069472655322,-0.8298251825437993,0.808507211599097
1115,李嚴老,Li Yanlao,1097,cluster1_song_and_before,宋,construction,将作/营缮,0,0,0,0,0,1,120.753204,30.767469,嘉興,0,0,0,0,1,0,0.0,7.067932822769843e-42,0.0,-0.4666295804567182,-0.9387205953692331,-0.3886753035554917,-0.15247069472655322,1.039797427732425,-0.2879331348669096
1123,李虞卿,Li Yuqing,967,cluster1_song_and_before,宋,construction,将作/营缮,0,0,1,0,0,1,115.701694,34.704596,楚丘,0,0,0,0,1,5,0.6,0.0030012554726737087,1.915371818480802e-06,-0.3540873438473538,0.534940194689993,-0.2104673650208646,-0.15102686974813767,-0.08849046650713949,0.8195677988531728
1130,李永德,Li Yongde,974,cluster1_song_and_before,宋,works_general,工部,0,0,0,0,0,1,116.121414,34.237991,下邑,0,0,0,0,0,1,0.0,1.1087449095045932e-06,0.0,-0.44412113313484536,-0.9387205953692331,-0.3886094687252073,-0.15247069472655322,0.0052567486760885795,0.688313340163255
1136,梁弁,Liang Bian,1085,cluster1_song_and_before,宋,works_general,工部,0,1,0,0,0,1,118.867645,28.956821,西安,0,0,0,0,0,35,1.0,0.007394554708381724,0.0,0.3211660758088326,1.5173807213961439,0.05039706564481369,-0.15247069472655322,0.6186454566238925,-0.7972624886414752
1144,廖剛,Liao Gang,1071,cluster1_song_and_before,宋,works_general,工部,0,1,0,0,0,1,117.806282,26.797091,順昌,0,0,0,0,0,78,0.44555444555444557,0.022863351385188642,0.000243139538387213,1.2890293106493664,0.15560626504770808,0.9689001362712011,0.030810136377206573,0.38158306848771373,-1.4047874660128608
1162,林乂,Lin Yi,1051,cluster1_song_and_before,宋,works_general,工部,0,0,1,0,0,1,118.18219,26.171848,尤溪,0,0,0,0,0,2,1.0,0.0013767461896145188,0.0,-0.42161268581297245,1.5173807213961439,-0.3069271476352509,-0.15247069472655322,0.4655445860830105,-1.5806662746725626
1163,林一飛,Lin Yifei,1113,cluster1_song_and_before,宋,works_general,工部,0,0,1,0,0,1,118.68367004,25.364557266,仙遊,0,0,0,0,0,37,0.9144144144144144,0.007798563954656665,1.939621090804128e-06,0.36618297045257836,1.3071738519432512,0.07438624470108564,-0.15100859042255138,0.5775534425110413,-1.8077545148254894
1169,林特,Lin Te,965,cluster1_song_and_before,宋,works_general,工部,0,0,0,0,0,1,117.806282,26.797091,順昌,0,0,0,0,0,38,0.31721194879089615,0.010301978732100748,0.00012859898297459308,0.38869141777445126,-0.15961591025020178,0.22303349944078057,-0.055531592863385264,0.38158306848771373,-1.4047874660128608
1171,林旦,Lin Dan,1027,cluster1_song_and_before,宋,works_general,工部,0,1,0,0,0,1,119.381439,25.727917,福清,0,0,0,0,0,22,0.6926406926406926,0.009222968201568229,3.926490976491181e-06,0.028556260624485158,0.7624751218708548,0.1589642310782136,-0.1495108695402989,0.733404716792224,-1.705542611404217
1175,林英,Lin Ying,1016,cluster1_song_and_before,宋,works_general,工部,0,1,0,0,0,1,119.011101,25.433954,莆田,0,0,0,0,0,0,0.0,7.067932822769843e-42,0.0,-0.4666295804567182,-0.9387205953692331,-0.3886753035554917,-0.15247069472655322,0.6506872952337401,-1.788233440777808
1176,凌策,Ling Ce,957,cluster1_song_and_before,宋,works_general,工部,0,1,0,0,0,1,118.406586,30.68671,涇縣,0,0,0,0,0,2,1.0,8.214785971249928e-33,0.0,-0.42161268581297245,1.5173807213961439,-0.3886753035554917,-0.15247069472655322,0.5156649046245516,-0.31065037713679233
1178,劉拯,Liu Zheng,1040,cluster1_song_and_before,宋,works_general,工部,0,1,0,0,0,1,118.332405,30.924437,南陵,0,0,0,0,0,73,0.4855403348554033,0.030075515810408307,6.169900532532539e-05,1.176487074040002,0.253815660411825,1.3971425722428963,-0.1059614142972553,0.4990960916789974,-0.24377855042902466
1183,劉章,Liu Zhang,1100,cluster1_song_and_before,宋,works_general,工部,0,1,0,0,0,1,119.172379,29.034788,龍遊,0,0,0,0,0,81,0.6058641975308642,0.02666760210715793,5.225330322195519e-05,1.356554652614985,0.5493432579673209,1.194788163799579,-0.11308167183886156,0.6867097944482681,-0.7753306268297149
1195,劉奉世,Liu Fengshi,1041,cluster1_song_and_before,宋,military_industrial,军器/制造,0,1,0,0,0,1,114.34333,34.785477,開封,0,0,0,1,0,131,0.4717557251908397,0.0572490522687391,0.00032874746719439743,2.481977018708629,0.21995926246359354,3.0106473068533828,0.09534218429063401,-0.3918899761925293,0.8423193593235898
1201,劉彝,Liu Yi,1022,cluster1_song_and_before,宋,hydraulic,水利/河道,0,1,0,0,0,1,119.321577,26.073954,閩縣,0,0,1,0,0,100,0.7820202020202021,0.055809453675620235,0.00023469837653931813,1.7842151517305698,0.9820002525497112,2.9251671136699238,0.024447110564022396,0.7200341464231732,-1.6082035363371199
1204,劉璯,Liu Kuai,1015,cluster1_song_and_before,宋,hydraulic,水利/河道,0,0,0,0,0,1,114.23687,26.945564,永新,0,0,1,0,0,2,1.0,0.0009312229649940239,0.0,-0.42161268581297245,1.5173807213961439,-0.33338133527499464,-0.15247069472655322,-0.41566851552448003,-1.3630224972597011
1206,劉觀,Liu Guan (2),1076,cluster1_song_and_before,宋,works_general,工部,0,1,0,0,0,1,103.831459,30.050497,眉山,0,0,0,0,0,0,0.0,7.067932822769843e-42,0.0,-0.4666295804567182,-0.9387205953692331,-0.3886753035554917,-0.15247069472655322,-2.7397853174089097,-0.489615010877298
1207,劉立之,Liu Lizhi,978,cluster1_song_and_before,宋,works_general,工部,0,1,0,0,0,1,114.34333,34.785477,開封,0,0,0,0,0,100,0.6987878787878787,0.05250883152079978,0.0001620422149193182,1.7842151517305698,0.7775732338613605,2.7291834410210005,-0.030321775544971754,-0.3918899761925293,0.8423193593235898
1209,劉立德,Liu Lide,989,cluster1_song_and_before,宋,works_general,工部,0,1,0,0,0,1,114.34333,34.785477,開封,0,0,0,0,0,4,1.0,0.0010325104740304023,0.0,-0.3765957911692267,1.5173807213961439,-0.3273671061135564,-0.15247069472655322,-0.3918899761925293,0.8423193593235898
1221,劉保勳,Liu Baoxun,925,cluster1_song_and_before,宋,works_general,工部,0,0,0,0,0,1,112.38263,34.665276,洛陽,0,0,0,0,0,2,1.0,8.414304537608159e-05,0.0,-0.42161268581297245,1.5173807213961439,-0.38367907487885106,-0.15247069472655322,-0.8298251825437993,0.808507211599097
1225,劉忱,Liu Chen,998,cluster1_song_and_before,宋,works_general,工部,0,0,0,0,0,1,112.38263,34.665276,洛陽,0,0,0,0,0,48,0.8466312056737588,0.02183962900092047,0.0003155026133986289,0.6137758909931801,1.1406914237007446,0.9081137562401607,0.08535809109197755,-0.8298251825437993,0.808507211599097
1229,劉師道,Liu Shidao,961,cluster1_song_and_before,宋,works_general,工部,0,1,1,0,0,1,114.859356,34.92438,東明,0,0,0,0,0,21,0.8238095238095238,0.0066306523788857335,1.1903091172631442e-05,0.006047813302612277,1.0846390608231964,0.0050382281113984986,-0.1434980345936324,-0.27663218418323343,0.8813923184119096
1230,劉述,Liu Shu,1004,cluster1_song_and_before,宋,works_general,工部,1,1,0,0,0,1,119.901375,31.013893,長興,0,0,0,0,0,91,0.4937728937728938,0.035020344410180926,0.0002260485320719763,1.581639125833714,0.2740356592094219,1.6907556015887484,0.01792677786367849,0.8495358329494412,-0.21861487053582795
1232,劉隨,Liu Sui,971,cluster1_song_and_before,宋,works_general,工部,0,1,0,0,0,1,115.193667,34.681436,考城,0,0,0,0,0,34,0.44385026737967914,0.014853864096543387,8.265462391448846e-05,0.29865762848695976,0.15142063078866144,0.4933144250830785,-0.09016487533534207,-0.20196162939642254,0.8130529666862242
1236,劉定,Liu Ding,1023,cluster1_song_and_before,宋,hydraulic,水利/河道,0,1,0,0,0,1,116.663833,28.994167,鄱陽,0,0,1,0,0,93,0.8868630201028518,0.05488760776909352,4.982206286236457e-06,1.6266560204774596,1.2395048360959002,2.8704299344645965,-0.14871506158301417,0.126409590362144,-0.7867571811239099
1237,劉才邵,Liu Caishao,1086,cluster1_song_and_before,宋,works_general,工部,0,1,0,0,0,1,114.971275,27.103239,廬陵,0,0,0,0,0,46,0.6396135265700483,0.018285248288402348,1.8997460273332944e-05,0.5687589963494343,0.632235029460409,0.6970624594370917,-0.1381502336001853,-0.251634341392583,-1.318669036036756
1241,劉宗傑,Liu Zongjie,922,cluster1_song_and_before,宋,works_general,工部,0,0,0,0,0,1,113.051003,34.785107,鞏縣,0,0,0,0,0,1,0.0,0.000574500978139301,0.0,-0.44412113313484536,-0.9387205953692331,-0.3545627010354788,-0.15247069472655322,-0.6805396887535132,0.8422152795350859
1243,劉度,Liu Du,1133,cluster1_song_and_before,宋,military_industrial,军器/制造,0,1,0,0,0,1,119.901375,31.013893,長興,0,0,0,1,0,67,0.8005427408412483,0.03161886044857448,8.290589279534104e-05,1.0414363901087647,1.0274934845379207,1.4887829770402405,-0.08997546653075747,0.8495358329494412,-0.21861487053582795
1249,劉無極,Liu Wuji,1085,cluster1_song_and_before,宋,works_general,工部,0,1,0,0,0,1,119.44429016,32.206489563,丹徒,0,0,0,0,0,0,0.0,7.067932822769843e-42,0.0,-0.4666295804567182,-0.9387205953692331,-0.3886753035554917,-0.15247069472655322,0.7474429356548823,0.11685863770351972
1258,柳庭俊,Liu Tingjun,1063,cluster1_song_and_before,宋,works_general,工部,0,1,0,0,0,1,121.227638,31.009476,華亭,0,0,0,0,0,0,0.0,7.067932822769843e-42,0.0,-0.4666295804567182,-0.9387205953692331,-0.3886753035554917,-0.15247069472655322,1.1457653737160332,-0.2198573581731944
1274,盧士倫,Lu Shilun,985,cluster1_song_and_before,宋,works_general,工部,0,0,0,0,0,1,117.960956,36.635994,淄川,0,0,0,0,0,5,1.0,0.0011616410212199795,0.0,-0.3540873438473538,1.5173807213961439,-0.3196996186817043,-0.15247069472655322,0.41613052098283115,1.362863732254633
1302,呂和卿,Lv Heqing,1034,cluster1_song_and_before,宋,military_industrial,军器/制造,0,0,0,1,0,1,118.589905,24.909641,晉江,0,0,0,1,0,42,0.6585365853658537,0.01902512292418899,3.00623719430459e-05,0.47872520706194277,0.6787119790860152,0.7409945854483886,-0.12980940092292242,0.5566104057685858,-1.9357209709137615
1306,呂希道,Lv Xidao,1025,cluster1_song_and_before,宋,works_general,工部,0,1,0,0,0,1,114.34333,34.785477,開封,0,0,0,0,0,75,0.6036036036036037,0.033889967420198494,0.0001386312087558496,1.2215039686837479,0.5437910102459044,1.6236363060186554,-0.04796920835280431,-0.3918899761925293,0.8423193593235898
1309,呂惠卿,Lv Huiqing,1032,cluster1_song_and_before,宋,military_industrial,军器/制造,1,1,0,0,0,1,118.589905,24.909641,晉江,0,0,0,1,0,261,0.3202770409666961,0.10493302451159493,0.0011264814191406175,5.408075170552103,-0.1520877333212122,5.842016536135107,0.696681409832568,0.5566104057685858,-1.9357209709137615
1314,呂公著,Lv Gongzhu,1018,cluster1_song_and_before,宋,works_general,工部,0,1,0,0,0,1,114.34333,34.785477,開封,0,0,0,0,0,356,0.22701376800126602,0.12298277692066399,0.002398813249947716,7.546377666130028,-0.3811517808574539,6.913771072584168,1.6557769026385099,-0.3918899761925293,0.8423193593235898
1315,呂公孺,Lv Gongru,1009,cluster1_song_and_before,宋,hydraulic,水利/河道,0,1,1,0,0,1,114.34333,34.785477,開封,0,0,1,0,0,36,0.638095238095238,0.020339091328910566,8.582738206412465e-06,0.3436745231307055,0.6285059591381977,0.8190151347941795,-0.14600094734588617,-0.3918899761925293,0.8423193593235898
1316,呂公弼,Lv Gongbi,1007,cluster1_song_and_before,宋,works_general,工部,0,1,1,0,0,1,114.34333,34.785477,開封,0,0,0,0,0,178,0.4870818256839967,0.08422726657666865,0.0003844460972107175,3.5398740428366544,0.257601718065715,4.612554242446064,0.13732832635722947,-0.3918899761925293,0.8423193593235898
1320,呂弸中,Lv Bengzhong,1090,cluster1_song_and_before,宋,construction,将作/营缮,0,0,1,0,0,1,119.649918,29.104712,金華,0,0,0,0,1,28,0.5264550264550265,0.008764553530907208,0.00036602375633801044,0.16360694455572244,0.35430628832470884,0.13174457777100848,0.12344139555024031,0.7933712625493429,-0.7556612345826669
1326,呂大忠,Lv Dazhong,1023,cluster1_song_and_before,宋,works_general,工部,0,1,0,0,0,1,109.321556,34.153698,藍田,0,0,0,0,0,125,0.6070967741935483,0.06292866937291854,7.012920904855176e-05,2.346926334777392,0.5523705911315536,3.3478904589333807,-0.09960664881971994,-1.5135361397766842,0.6646019952647872
1340,馬騏,Ma Qi,1105,cluster1_song_and_before,宋,military_industrial,军器/制造,0,1,0,0,0,1,103.923309,30.579893,雙流,0,0,0,1,0,0,0.0,7.067932822769843e-42,0.0,-0.4666295804567182,-0.9387205953692331,-0.3886753035554917,-0.15247069472655322,-2.7192700174122924,-0.3406976494846697
1346,馬仲甫,Ma Zhongfu,997,cluster1_song_and_before,宋,hydraulic,水利/河道,0,1,0,0,0,1,117.276459,31.864456,合肥,0,0,1,0,0,6,0.4,0.0016458124114909214,1.9288559162310816e-06,-0.33157889652548095,0.043719931336917706,-0.29095058810325697,-0.15101670531063505,0.26324362602601775,0.020645716356023556
1349,馬亮,Ma Liang,959,cluster1_song_and_before,宋,works_general,工部,0,1,0,0,0,1,117.276459,31.864456,合肥,0,0,0,0,0,38,0.47652916073968704,0.017873842183052477,0.00017933076763431967,0.38869141777445126,0.23168330380061217,0.6726340711834101,-0.01728950472960002,0.26324362602601775,0.020645716356023556
1361,梅詢,Mei Xun,964,cluster1_song_and_before,宋,works_general,工部,0,1,0,0,0,1,118.7425,30.946941,宣城,0,0,0,0,0,141,0.664741641337386,0.07636865250888283,4.0136088818645076e-05,2.707061491927358,0.6939522252282986,4.145927050755613,-0.1222157400419701,0.5906934999763558,-0.23744824891412958
1364,孟嵩,Meng Song,1134,cluster1_song_and_before,宋,military_industrial,军器/制造,0,0,1,0,0,1,120.618622,31.31271,長洲,0,0,0,1,0,51,0.9207843137254902,0.02166902629331702,1.276294662825403e-06,0.6813012329587987,1.322818970028847,0.8979837432814998,-0.15150861201434784,1.0097376552322135,-0.1345586268557452
1366,米友仁,Mi Youren,1072,cluster1_song_and_before,宋,construction,将作/营缮,0,0,0,0,0,1,120.618622,31.31271,吳縣,0,0,0,0,1,131,0.3928361714621257,0.04381153557170853,0.001444388843432928,2.481977018708629,0.026124842631963154,2.212757166741744,0.9363229643277399,1.0097376552322135,-0.1345586268557452
1369,莫將,Mo Jiang,1083,cluster1_song_and_before,宋,works_general,工部,0,1,0,0,0,1,107.9395,35.5011,定安,0,0,0,0,0,57,0.7838345864661654,0.022756231484541988,7.97192579553586e-05,0.816351916890036,0.9864565645765605,0.9625395925440562,-0.09237758132364668,-1.8222274130714344,1.043621766051025
1371,莫濛,Mo Meng,1196,cluster1_song_and_before,宋,works_general,工部,0,0,1,0,0,1,120.099312,30.864964,歸安,0,0,0,0,0,1,0.0,0.001133953489308911,0.0,-0.44412113313484536,-0.9387205953692331,-0.32134364333402343,-0.15247069472655322,0.8937463602812871,-0.2605081105959014
1385,歐陽載,Ouyang Zai,959,cluster1_song_and_before,宋,works_general,工部,0,1,0,0,0,1,115.432716,27.322115,永豐,0,0,0,0,0,78,1.0,0.047176652195951005,0.0,1.2890293106493664,1.5173807213961439,2.4125703789107873,-0.15247069472655322,-0.14856846718748548,-1.257099933904943
1386,潘景珪,Pan Jinggui,1131,cluster1_song_and_before,宋,works_general,工部,0,0,0,0,0,1,119.649918,29.104712,金華,0,0,0,0,0,16,0.9416666666666667,0.004980561552612814,1.0406926410047685e-06,-0.10649442330675213,1.3741081445848302,-0.09294053018571836,-0.15168621099580284,0.7933712625493429,-0.7556612345826669
1387,潘汝士,Pan Rushi,967,cluster1_song_and_before,宋,works_general,工部,0,0,1,0,0,1,115.89772,28.674896,新建,0,0,0,0,0,11,0.6545454545454545,0.0033871842747912485,6.407499122039658e-06,-0.21903665991611654,0.6689093574226499,-0.18755176290944717,-0.1476406626709943,-0.044706773560632615,-0.876567068031227
1388,潘良貴,Pan Lianggui,1094,cluster1_song_and_before,宋,works_general,工部,0,1,0,0,0,1,119.649918,29.104712,金華,0,0,0,0,0,125,0.3514838709677419,0.03477865130975,0.003447034380429197,2.346926334777392,-0.07544059706357036,1.676404397708238,2.4459356783338424,0.7933712625493429,-0.7556612345826669
1391,龐籍,Pang Ji,988,cluster1_song_and_before,宋,works_general,工部,1,1,0,0,0,1,115.875175,34.962231,成武,0,0,0,0,0,139,0.38181628610155355,0.05356097862692495,0.0011120816399534641,2.662044597283612,-0.0009411123127415662,2.791657618419402,0.6858267232001989,-0.04974234719616735,0.8920396807759489
1392,龐寅孫,Pang Yinsun,1048,cluster1_song_and_before,宋,construction,将作/营缮,0,0,0,0,0,1,115.875175,34.962231,成武,0,0,0,0,1,6,1.0,0.0017004817258561486,0.0,-0.33157889652548095,1.5173807213961439,-0.28770444464668227,-0.15247069472655322,-0.04974234719616735,0.8920396807759489
1393,龐元英,Pang Yuanying,1018,cluster1_song_and_before,宋,works_general,工部,0,1,0,0,0,1,115.875175,34.962231,成武,0,0,0,0,0,19,0.5555555555555556,0.007358873120212583,2.3447799899635584e-05,-0.038969081341133485,0.42578013616708743,0.04827837154190902,-0.13479552646035453,-0.04974234719616735,0.8920396807759489
1405,皮公弼,Pi Gongbi,1016,cluster1_song_and_before,宋,works_general,工部,0,0,0,0,0,1,112.38263,34.665276,洛陽,0,0,0,0,0,46,0.9198067632850242,0.021850659982026274,0.00010839883155520252,0.5687589963494343,1.3204180071048144,0.908768751598196,-0.07075865369078381,-0.8298251825437993,0.808507211599097
1406,皮彥仲,Pi Yanzhong,1046,cluster1_song_and_before,宋,construction,将作/营缮,0,0,0,0,0,1,112.38263,34.665276,洛陽,0,0,0,0,1,1,0.0,0.0011603962349258064,0.0,-0.44412113313484536,-0.9387205953692331,-0.31977353134972625,-0.15247069472655322,-0.8298251825437993,0.808507211599097
1408,蒲宗孟,Pu Zongmeng,1023,cluster1_song_and_before,宋,hydraulic,水利/河道,0,1,0,0,0,1,106.058586,31.359615,南部,0,0,1,0,0,134,0.3953540567837504,0.053638499661706696,0.0011604599603734608,2.5495023606742477,0.03230902408586985,2.7962606466945057,0.7222947482396315,-2.242341892960756,-0.12136440393732192
1414,鮑由,Bao You,1061,cluster1_song_and_before,宋,works_general,工部,0,1,0,0,0,1,119.12091,28.082565,劍川,0,0,0,0,0,121,0.7012396694214876,0.06615297324628688,3.736773269658548e-05,2.2568925454899005,0.7835950800650002,3.539342520150382,-0.12430255247160553,0.6752138556836949,-1.0431878388550666
1443,沈起,Shen Qi,1017,cluster1_song_and_before,宋,works_general,工部,0,1,0,0,0,1,121.542656,29.866316,鄞縣,0,0,0,0,0,92,0.8545150501672241,0.051282754623774116,0.00023102176973859205,1.6041475731555868,1.160054944542318,2.6563816957869553,0.02167565037886047,1.2161267103990354,-0.541424523111345
1446,沈繼宗,Shen Jizong,958,cluster1_song_and_before,宋,works_general,工部,0,0,1,0,0,1,114.856377,34.063873,太康,0,0,0,0,0,5,0.2,0.0015929930101840838,0.00017398317603352603,-0.3540873438473538,-0.4475003320161577,-0.2940868877975776,-0.021320568700101038,-0.27729756337419836,0.6393345168798117
1448,沈該,Shen Gai,1103,cluster1_song_and_before,宋,military_industrial,军器/制造,1,1,0,0,0,1,120.099312,30.864964,歸安,0,0,0,1,0,56,1.0,0.029923612878416644,0.0,0.793843469568163,1.5173807213961439,1.3881229107665327,-0.15247069472655322,0.8937463602812871,-0.2605081105959014
1450,沈括,Shen Kuo,1029,cluster1_song_and_before,宋,military_industrial,军器/制造,0,1,1,0,0,1,120.618622,31.31271,吳縣,0,0,0,1,0,144,0.4787296037296037,0.06498787124434972,0.0005464801026220595,2.7745868338929767,0.23708781472561366,3.4701613298657645,0.25947105713582713,1.0097376552322135,-0.1345586268557452
1452,沈立,Shen Li,1000,cluster1_song_and_before,宋,hydraulic,水利/河道,0,1,0,0,0,1,118.361122,31.714224,歷陽,0,0,1,0,0,7,1.0,0.0035177631063861054,0.0,-0.30907044920360804,1.5173807213961439,-0.1797982795400194,-0.15247069472655322,0.5055102220002039,-0.021614053337622133
1453,沈遼,Shen Liao,1032,cluster1_song_and_before,宋,construction,将作/营缮,0,0,1,0,0,1,120.168625,30.294125,錢塘,0,0,0,0,1,170,0.44364775495997216,0.07601408207832329,0.0006205038524660442,3.3598064642616716,0.1509232397679578,4.124873439668297,0.3152708438871531,0.9092278734948482,-0.4210832521912416
1455,沈邈,Shen Miao,1001,cluster1_song_and_before,宋,works_general,工部,0,1,0,0,0,1,117.421311,28.401876,弋陽,0,0,0,0,0,90,0.8064918851435705,0.049743264026982634,2.9738391427627597e-05,1.559130678511841,1.0421051856924815,2.5649701354764147,-0.13005362042963517,0.2955972703930268,-0.9533667000787214
1462,師頏,Shi Hang,936,cluster1_song_and_before,宋,works_general,工部,0,1,0,0,0,1,114.745884,35.921836,內黃,0,0,0,0,0,0,0.0,7.067932822769843e-42,0.0,-0.4666295804567182,-0.9387205953692331,-0.3886753035554917,-0.15247069472655322,-0.30197689971089814,1.1619734252303326
1464,施昌言,Shi Changyan,1001,cluster1_song_and_before,宋,construction,将作/营缮,0,1,0,0,0,1,120.618622,31.31271,吳縣,0,0,0,0,1,149,0.48403772900417197,0.06619426857198901,0.000446358430106768,2.887129070502341,0.2501251082020363,3.5417945456215545,0.1839984150808887,1.0097376552322135,-0.1345586268557452
1473,時彥,Shi Yan,1044,cluster1_song_and_before,宋,works_general,工部,0,1,0,0,0,1,114.34333,34.785477,開封,0,0,0,0,0,0,0.0,7.067932822769843e-42,0.0,-0.4666295804567182,-0.9387205953692331,-0.3886753035554917,-0.15247069472655322,-0.3918899761925293,0.8423193593235898
1477,孫全照,Sun Quanzhao,952,cluster1_song_and_before,宋,works_general,工部,0,0,1,0,0,1,115.34796,38.83195,寶塞,0,0,0,0,0,0,0.0,7.067932822769843e-42,0.0,-0.4666295804567182,-0.9387205953692331,-0.3886753035554917,-0.15247069472655322,-0.16749927575050272,1.9805789648108136
1486,司馬池,Sima Chi,980,cluster1_song_and_before,宋,works_general,工部,0,1,0,0,0,1,111.220055,35.137451,夏縣,0,0,0,0,0,64,0.6403769841269841,0.028806449012757276,3.554916999556741e-05,0.9739110481431461,0.6341101585712934,1.3217881814116967,-0.125673401842579,-1.0894939347873003,0.9413284930510998
1488,司馬光,Sima Guang,1019,cluster1_song_and_before,宋,construction,将作/营缮,1,1,1,0,0,1,111.220055,35.137451,夏縣,0,0,0,0,1,579,0.11342787648433345,0.14401760481512,0.02074981415740953,12.56576141890768,-0.6601302385781612,8.162772815565484,15.488930984510107,-1.0894939347873003,0.9413284930510998
1489,蘇安世,Su Anshi,996,cluster1_song_and_before,宋,works_general,工部,0,1,0,0,0,1,114.34333,34.785477,開封,0,0,0,0,0,137,0.700407900386432,0.07607804368539033,4.999757888777017e-05,2.6170277026398665,0.7815521710427554,4.128671338995615,-0.11478205768911351,-0.3918899761925293,0.8423193593235898
1490,蘇耆,Su Qi,987,cluster1_song_and_before,宋,works_general,工部,0,1,1,0,0,1,114.34333,34.785477,開封,0,0,0,0,0,32,0.5483870967741935,0.015453972843272264,0.0007281940286389868,0.25364073384321395,0.40817367511500574,0.5289475604908682,0.396448693946464,-0.3918899761925293,0.8423193593235898
1491,蘇遲,Su Chi,1092,cluster1_song_and_before,宋,works_general,工部,0,0,0,1,0,1,119.649918,29.104712,金華,0,0,0,0,0,68,0.7019315188762072,0.034083570969531116,0.0013748831882936974,1.0639448374306375,0.7852943324217404,1.6351320582908926,0.883928959120566,0.7933712625493429,-0.7556612345826669
1496,蘇籀,Su Zhou,1091,cluster1_song_and_before,宋,construction,将作/营缮,0,0,1,0,0,1,119.649918,29.104712,金華,0,0,0,0,1,67,0.5097241067390321,0.020794515257238116,0.0002173838679440365,1.0414363901087647,0.3132134543795592,0.8460572044098967,0.011395273966214231,0.7933712625493429,-0.7556612345826669
1497,蘇涓,Su Juan,1036,cluster1_song_and_before,宋,works_general,工部,0,0,0,0,0,1,114.34333,34.785477,開封,0,0,0,0,0,3,1.0,0.0007495943445763589,0.0,-0.3991042384910996,1.5173807213961439,-0.34416604264770134,-0.15247069472655322,-0.3918899761925293,0.8423193593235898
1501,蘇澥,Su Xie,1036,cluster1_song_and_before,宋,works_general,工部,0,0,1,0,0,1,114.34333,34.785477,開封,0,0,0,0,0,3,1.0,0.0007495943445763589,0.0,-0.3991042384910996,1.5173807213961439,-0.34416604264770134,-0.15247069472655322,-0.3918899761925293,0.8423193593235898
1502,蘇液,Su Ye,1038,cluster1_song_and_before,宋,hydraulic,水利/河道,0,0,0,0,0,1,114.34333,34.785477,開封,0,0,1,0,0,29,0.5443349753694581,0.013520987640484428,0.00011542118245060662,0.18611539187759532,0.39822125439714184,0.41417115730121234,-0.06546514068607381,-0.3918899761925293,0.8423193593235898
1510,孫昌齡,Sun Changling,1016,cluster1_song_and_before,宋,works_general,工部,0,1,0,0,0,1,119.952301,31.782784,武進,0,0,0,0,0,1,0.0,0.001133953489308911,0.0,-0.44412113313484536,-0.9387205953692331,-0.32134364333402343,-0.15247069472655322,0.8609104891021656,-0.002328349824414023
1531,孫抗,Sun Kang,998,cluster1_song_and_before,宋,works_general,工部,0,1,0,0,0,1,117.930214,29.933117,黟縣,0,0,0,0,0,109,0.6963982330954808,0.05571550723051086,0.00013839653830133864,1.9867911776274256,0.771704021929659,2.9195887807129215,-0.04814610511021187,0.40926409362849536,-0.5226336205386231
1532,孫固,Sun Gu,1016,cluster1_song_and_before,宋,works_general,工部,1,1,0,0,0,1,113.641312,34.758076,管城,0,0,0,0,0,4,1.0,0.0033521671970910072,0.0,-0.3765957911692267,1.5173807213961439,-0.1896309998445514,-0.15247069472655322,-0.5486903014295904,0.8346115477429978
1537,孫冕,Sun Mian,955,cluster1_song_and_before,宋,works_general,工部,0,1,0,0,0,1,115.393806,27.759735,新淦,0,0,0,0,0,12,0.7575757575757576,0.0032325804126731757,2.6375685453948e-06,-0.19652821259424366,0.9219622203621131,-0.19673179966686746,-0.15048247118093133,-0.1572592709204016,-1.1339988608091092
1538,孫樸,Sun Piao,1046,cluster1_song_and_before,宋,works_general,工部,0,0,0,0,0,1,113.641312,34.758076,管城,0,0,0,0,0,32,0.8004032258064516,0.017831192243308702,6.156348687357431e-06,0.25364073384321395,1.027150821477248,0.6701016117145089,-0.14782998218976098,-0.5486903014295904,0.8346115477429978
1552,孫瑜,Sun Yu,992,cluster1_song_and_before,宋,works_general,工部,0,0,1,0,0,1,116.282559,35.956072,須城,0,0,0,0,0,4,0.8333333333333334,0.0026087683501709678,0.0,-0.3765957911692267,1.1080305019352477,-0.2337723857495033,-0.15247069472655322,0.04124954146819237,1.1716038999310066
1555,孫永,Sun Yong,1020,cluster1_song_and_before,宋,works_general,工部,0,1,0,0,0,1,113.819748,34.031391,長社,0,0,0,0,0,128,0.4333169291338583,0.05205686839438037,0.00023460683065410385,2.4144516767430106,0.1255496848531657,2.7023468661988264,0.024378102429691392,-0.5088354503659407,0.6301974366359949
1558,宋祁,Song Qi,998,cluster1_song_and_before,宋,works_general,工部,0,1,0,0,0,1,114.76066,34.49547,雍邱,0,0,0,0,0,260,0.247015147015147,0.09011443389930537,0.0028121659217398036,5.385566723230231,-0.3320263675243374,4.962121269287958,1.9673659667929466,-0.29867658318667445,0.7607413397968225
1571,宋敏求,Song Minqiu,1019,cluster1_song_and_before,宋,works_general,工部,0,1,1,0,0,1,114.772179,37.752926,平棘,0,0,0,0,0,282,0.2795234850205699,0.10387824009682939,0.005294042874631589,5.880752564311435,-0.25218259574336427,5.779385761159339,3.8382277511023797,-0.29610373897697534,1.6770530466714257
1579,宋璫,Song Dang,933,cluster1_song_and_before,宋,works_general,工部,0,1,0,0,0,1,109.501236,34.502998,渭南,0,0,0,0,0,1,0.0,1.2835257286493161e-05,0.0,-0.44412113313484536,-0.9387205953692331,-0.38791317425246713,-0.15247069472655322,-1.473403433152928,0.7628589415478062
1591,湯東野,Tang Dongye,1072,cluster1_song_and_before,宋,works_general,工部,0,1,0,0,0,1,119.569855,31.995802,丹陽,0,0,0,0,0,57,0.7963659147869674,0.023103585328588153,2.1950376030519105e-05,0.816351916890036,1.0172347765661014,0.9831646986215471,-0.13592429841191264,0.775488666320394,0.05759291608831527
1595,唐詢,Tang Xun,1005,cluster1_song_and_before,宋,construction,将作/营缮,0,1,1,0,0,1,120.168625,30.294125,錢塘,0,0,0,0,1,89,0.35444330949948927,0.028763271513573822,0.0010844077009220575,1.5366222311899682,-0.0681719161888595,1.3192243966254222,0.6649658521989823,0.9092278734948482,-0.4210832521912416
1600,唐肅,Tang Su,967,cluster1_song_and_before,宋,works_general,工部,0,1,0,0,0,1,120.168625,30.294125,錢塘,0,0,0,0,0,5,0.5,0.002023391499066135,7.991286854922528e-07,-0.3540873438473538,0.2893300630134553,-0.2685307736478683,-0.1518683041379743,0.9092278734948482,-0.4210832521912416
1602,唐堯封,Tang Yaofeng,1102,cluster1_song_and_before,宋,military_industrial,军器/制造,0,1,0,0,0,1,119.649918,29.104712,金華,0,0,0,1,0,11,1.0,0.004568237082079611,0.0,-0.21903665991611654,1.5173807213961439,-0.11742344894092967,-0.15247069472655322,0.7933712625493429,-0.7556612345826669
1608,滕茂實,Teng Maoshi,1065,cluster1_song_and_before,宋,works_general,工部,0,1,0,0,0,1,120.227981,29.260567,東陽,0,0,0,0,0,6,0.7333333333333333,0.0030945292285797813,4.891626262917771e-07,-0.33157889652548095,0.8624203702587098,-0.20492897486689507,-0.1521019594180701,0.9224854254447556,-0.7118197334004733
1615,田錫,Tian Xi,940,cluster1_song_and_before,宋,works_general,工部,0,1,0,0,0,1,108.94420624,34.266605377,京兆府,0,0,0,0,0,151,0.3957615894039735,0.06042450425146914,0.003728500859729289,2.932145965146087,0.033309965491024614,3.1991986504195746,2.658107711710883,-1.5978196839253065,0.6963624707209725
1617,田況,Tian Kuang,1005,cluster1_song_and_before,宋,military_industrial,军器/制造,0,1,0,0,0,1,114.34333,34.785477,開封,0,0,0,1,0,237,0.34724308088393047,0.09602998762474978,0.0010117961639051329,4.867872434827155,-0.08585640717254521,5.313373818196476,0.6102306045282018,-0.3918899761925293,0.8423193593235898
1634,刁湛,Diao Zhan,971,cluster1_song_and_before,宋,works_general,工部,0,1,0,0,0,1,119.569855,31.995802,丹陽,0,0,0,0,0,62,0.5156002115282919,0.024153805296218873,8.617201664936619e-05,0.9288941534994003,0.3276457630899116,1.0455244467814202,-0.08751343218445459,0.775488666320394,0.05759291608831527
1635,刁約,Diao Yue,1004,cluster1_song_and_before,宋,works_general,工部,0,1,0,0,0,1,119.569855,31.995802,丹陽,0,0,0,0,0,210,0.415311004784689,0.09348672859604716,0.0004991488368619584,4.2601443571365865,0.08132531034959334,5.162360699589514,0.22379231157578172,0.775488666320394,0.05759291608831527
1637,丁婁明,Ding Louming,1108,cluster1_song_and_before,宋,works_general,工部,0,1,0,0,0,1,119.952301,31.782784,武進,0,0,0,0,0,0,0.0,7.067932822769843e-42,0.0,-0.4666295804567182,-0.9387205953692331,-0.3886753035554917,-0.15247069472655322,0.8609104891021656,-0.002328349824414023
1653,蔡抗,Cai Kang,1008,cluster1_song_and_before,宋,works_general,工部,0,1,0,0,0,1,115.646072,34.447662,宋城,0,0,0,0,0,37,0.6606606606606606,0.01743352993761882,2.125531343067657e-05,0.36618297045257836,0.6839289232144994,0.6464893000085719,-0.13644824302336206,-0.10091400506360927,0.7472931059351041
1658,蔡碩,Cai Shuo,1035,cluster1_song_and_before,宋,military_industrial,军器/制造,0,1,0,0,0,1,118.589905,24.909641,晉江,0,0,0,1,0,5,0.8,0.001869358149805722,2.8358561109296163e-07,-0.3540873438473538,1.0261604580430685,-0.2776769346085773,-0.15225692527204593,0.5566104057685858,-1.9357209709137615
1661,蔡挺,Cai Ting,1014,cluster1_song_and_before,宋,works_general,工部,0,1,0,0,0,1,115.646072,34.447662,宋城,0,0,0,0,0,158,0.39595259211481093,0.06464318894710865,0.0005476643034672059,3.089705096399197,0.033779087500618206,3.4496948543524386,0.2603637186771457,-0.10091400506360927,0.7472931059351041
1662,蔡延慶,Cai Yanqing,1029,cluster1_song_and_before,宋,works_general,工部,0,1,0,0,0,1,119.94828,36.788235,膠水,0,0,0,0,0,65,0.5668269230769231,0.02681702214240296,7.544251018008953e-05,0.996419495465019,0.4534637567780646,1.2036603963366734,-0.09560143332185256,0.8600123723761278,1.4056886270701883
1668,曹耜,Cao Si,1137,cluster1_song_and_before,宋,military_industrial,军器/制造,0,0,1,0,0,1,121.026558,29.138258,天台,0,0,0,1,0,99,0.6116264687693259,0.04012016640910822,0.0002200988979496408,1.761706704408697,0.563495979943666,1.9935717975431473,0.013441888676431903,1.100852836717453,-0.7462248546227176
1679,崔嶧,Cui Yi,990,cluster1_song_and_before,宋,works_general,工部,0,1,0,0,0,1,108.906976,34.246423,長安,0,0,0,0,0,0,0.0,7.067932822769843e-42,0.0,-0.4666295804567182,-0.9387205953692331,-0.3886753035554917,-0.15247069472655322,-1.6061353022437168,0.6906852341542608
1681,崔曥,Cui Lu,955,cluster1_song_and_before,宋,works_general,工部,0,1,0,0,0,1,112.804997,34.720623,偃師,0,0,0,0,0,1,0.0,1.4667627011165497e-09,0.0,-0.44412113313484536,-0.9387205953692331,-0.38867521646235365,-0.15247069472655322,-0.7354867425473871,0.8240761414757838
1695,曾孝寬,Zeng Xiaokuan,1029,cluster1_song_and_before,宋,hydraulic,水利/河道,0,0,1,0,0,1,118.589905,24.909641,晉江,0,0,1,0,0,20,0.5684210526315789,0.0064736793234610925,4.4042987485378435e-06,-0.016460634019260605,0.4573791004763495,-0.004282486125495886,-0.14915069362588598,0.5566104057685858,-1.9357209709137615
1696,曾孝廣,Zeng Xiaoguang,1038,cluster1_song_and_before,宋,hydraulic,水利/河道,0,0,0,0,0,1,118.589905,24.909641,晉江,0,0,1,0,0,13,0.717948717948718,0.0046769959521004885,1.9295031397835674e-05,-0.17401976527237079,0.8246341961546272,-0.11096558682281092,-0.13792592173641724,0.5566104057685858,-1.9357209709137615
1698,曾孝宗,Zeng Xiaozong,1029,cluster1_song_and_before,宋,construction,将作/营缮,0,0,0,0,0,1,118.589905,24.909641,晉江,0,0,0,0,1,11,1.0,0.004587304546501013,0.0,-0.21903665991611654,1.5173807213961439,-0.11629126490709486,-0.15247069472655322,0.5566104057685858,-1.9357209709137615
1719,都潔,Du Jie,1094,cluster1_song_and_before,宋,construction,将作/营缮,0,1,0,0,0,1,119.569855,31.995802,丹陽,0,0,0,0,1,8,0.7857142857142857,0.0035153520537942197,1.9225863903598248e-07,-0.2865620018817352,0.9910732963749915,-0.17994144253164426,-0.1523257683876158,0.775488666320394,0.05759291608831527
1722,杜杞,Du Qi,1005,cluster1_song_and_before,宋,construction,将作/营缮,0,0,1,0,0,1,114.34333,34.785477,開封,0,0,0,0,1,182,0.5005767712950033,0.08700127009446845,0.00043708037750310105,3.6299078321241462,0.2907466717505855,4.777268460511116,0.17700453328155602,-0.3918899761925293,0.8423193593235898
1730,杜衍,Du Yan,978,cluster1_song_and_before,宋,works_general,工部,1,1,0,0,0,1,115.646072,34.447662,宋城,0,0,0,0,0,372,0.18849085586760572,0.11410919563446471,0.004589947574477842,7.906512823279994,-0.47576795607457384,6.38687736332447,3.307474206679196,-0.10091400506360927,0.7472931059351041
1732,段少連,Duan Shaolian,994,cluster1_song_and_before,宋,works_general,工部,0,1,0,0,0,1,114.34333,34.785477,開封,0,0,0,0,0,59,0.7264757451782583,0.028071668636579748,7.184630742552201e-05,0.8613688115337816,0.8455774389611955,1.2781585413139005,-0.09831228419393526,-0.3918899761925293,0.8423193593235898
1746,董必,Dong Bi,1046,cluster1_song_and_before,宋,works_general,工部,0,1,0,0,0,1,118.332405,30.924437,南陵,0,0,0,0,0,20,0.8631578947368421,0.00901382138725454,5.802717695304206e-07,-0.016460634019260605,1.1812826464703554,0.1465455539714883,-0.15203328050387666,0.4990960916789974,-0.24377855042902466
1749,董堯問,Dong Yaowen,1042,cluster1_song_and_before,宋,construction,将作/营缮,0,0,1,0,0,1,115.30854797,37.84853363,束鹿,0,0,0,0,1,0,0.0,7.067932822769843e-42,0.0,-0.4666295804567182,-0.9387205953692331,-0.3886753035554917,-0.15247069472655322,-0.17630221117701875,1.7039471599412694
1750,董儼,Dong Yan,948,cluster1_song_and_before,宋,works_general,工部,0,1,0,0,0,1,112.38263,34.665276,洛陽,0,0,0,0,0,8,0.5714285714285714,0.0008342681241905846,7.289065919130766e-06,-0.2865620018817352,0.46476587135383934,-0.33913830014114826,-0.1469761294720087,-0.8298251825437993,0.808507211599097
1762,王安石,Wang Anshi,1021,cluster1_song_and_before,宋,works_general,工部,1,1,0,0,0,1,116.351341,27.984781,臨川,0,0,0,0,0,599,0.10241148848973484,0.14073577183975283,0.03237216915022376,13.015930365345138,-0.687187603637693,7.96790480300202,24.249969590553427,0.0566124523486191,-1.0706941578797973
1763,王昂,Wang Ang,1089,cluster1_song_and_before,宋,works_general,工部,0,1,0,0,0,1,104.077995,30.650385,成都,0,0,0,0,0,1,0.0,0.0005229059026107844,0.0,-0.44412113313484536,-0.9387205953692331,-0.35762630296213654,-0.15247069472655322,-2.6847198846384606,-0.32086848069743024
1765,王琪,Wang Qi (2),1012,cluster1_song_and_before,宋,works_general,工部,0,1,0,0,0,1,114.859356,34.92438,東明,0,0,0,0,0,16,0.8833333333333333,0.004354046427733379,6.259862175787636e-06,-0.10649442330675213,1.2308355677735165,-0.13014161815776745,-0.14775195276552264,-0.27663218418323343,0.8813923184119096
1767,王欽臣,Wang Qinchen,1027,cluster1_song_and_before,宋,works_general,工部,0,1,0,0,0,1,115.646072,34.447662,宋城,0,0,0,0,0,73,0.4204718417047184,0.028334905695230176,0.00012568035913850415,1.176487074040002,0.09400084870448888,1.293788977974536,-0.057731678484612865,-0.10091400506360927,0.7472931059351041
1773,王詔,Wang Zhao,1079,cluster1_song_and_before,宋,works_general,工部,0,0,0,0,0,1,114.563645,38.14011,真定,0,0,0,0,0,7,0.7619047619047619,0.002736689767080198,7.051481750680496e-08,-0.30907044920360804,0.9325946935948635,-0.2261766938101184,-0.1524175400054268,-0.3426811757705982,1.7859666381104302
1776,王軫,Wang Zhen,971,cluster1_song_and_before,宋,works_general,工部,0,1,0,0,0,1,114.8824,33.73398,宛邱,0,0,0,0,0,11,0.7636363636363637,0.004303332582253017,2.4859981812556363e-06,-0.21903665991611654,0.9368476828879638,-0.13315289458541785,-0.15059672632221519,-0.2714851556244747,0.5465366961522311
1777,王濟,Wang Ji,952,cluster1_song_and_before,宋,works_general,工部,0,1,0,0,0,1,115.736023,38.245987,饒陽,0,0,0,0,0,10,0.8222222222222222,0.004547419698828227,9.487982424842055e-06,-0.24154510723798941,1.0807404873045212,-0.11865953930001179,-0.14531856588787162,-0.08082285917361949,1.8157494915361594
1789,王兢,Wang Jing (2),1032,cluster1_song_and_before,宋,construction,将作/营缮,0,1,0,0,0,1,112.535469,33.001678,南陽,0,0,0,0,1,76,0.6371929824561403,0.03568797506286491,0.00019360149045108993,1.2440124160056207,0.6262899278749509,1.730398039028887,-0.006532101981949676,-0.795687589335495,0.34054254133703526
1790,王覺,Wang Jue,1037,cluster1_song_and_before,宋,works_general,工部,0,1,0,0,0,1,103.888771,30.807074,郫縣,0,0,0,0,0,0,0.0,7.067932822769843e-42,0.0,-0.4666295804567182,-0.9387205953692331,-0.3886753035554917,-0.15247069472655322,-2.7269843062667625,-0.27679237804601314
1804,王扶,Wang Fu,958,cluster1_song_and_before,宋,works_general,工部,0,1,0,0,0,1,114.967086,36.320159,洹水,0,0,0,0,0,58,0.7471264367816092,0.02401678873464504,5.3135587302141644e-05,0.8388603642119088,0.8962976298003013,1.0373887051874455,-0.11241659794524964,-0.25256998202062925,1.274020380896782
1807,凌景夏,Ling Jingxia,1112,cluster1_song_and_before,宋,works_general,工部,0,1,0,0,0,1,119.9406,30.27177,餘杭,0,0,0,0,0,53,0.7031930333817126,0.017307301847451172,2.3315239499596953e-05,0.7263181276025444,0.7883927398598308,0.6389941540808913,-0.13489545171501152,0.8582969939986224,-0.42737164049400994
1813,王晞亮,Wang Xiliang,1129,cluster1_song_and_before,宋,works_general,工部,0,1,0,0,0,1,119.011101,25.433954,莆田,0,0,0,0,0,35,1.0,0.007394554708381724,0.0,0.3211660758088326,1.5173807213961439,0.05039706564481369,-0.15247069472655322,0.6506872952337401,-1.788233440777808
1814,王夏,Wang Xia,1032,cluster1_song_and_before,宋,construction,将作/营缮,0,0,0,0,0,1,115.745026,29.330564,德安,0,0,0,0,1,2,1.0,0.0013068158283000583,0.0,-0.42161268581297245,1.5173807213961439,-0.31107945844127827,-0.15247069472655322,-0.07881198006780149,-0.6921298064924509
1820,王㬇,Wang Huan,1084,cluster1_song_and_before,宋,works_general,工部,0,0,0,0,0,1,117.96489,28.450691,上饒,0,0,0,0,0,17,0.7867647058823529,0.004505580682749342,0.00017475046007189003,-0.08398597598487925,0.9936532347329383,-0.12114384790806669,-0.02074218290083196,0.4170092056881845,-0.9396352004142342
1821,王誨,Wang Hui,1004,cluster1_song_and_before,宋,works_general,工部,0,0,0,0,0,1,114.563645,38.14011,真定,0,0,0,0,0,58,0.8287961282516636,0.03234293062052332,3.085475644043077e-05,0.8388603642119088,1.096886666559724,1.5317766688043286,-0.12921209416566787,-0.3426811757705982,1.7859666381104302
1822,王會,Wang Hui (2),1079,cluster1_song_and_before,宋,military_industrial,军器/制造,0,0,0,0,0,1,117.96489,28.450691,上饒,0,0,0,1,0,1,0.0,3.630292891667976e-05,0.0,-0.44412113313484536,-0.9387205953692331,-0.3865197156077429,-0.15247069472655322,0.4170092056881845,-0.9396352004142342
1824,王繹,Wang Yi (2),1001,cluster1_song_and_before,宋,works_general,工部,0,0,0,0,0,1,114.34333,34.785477,開封,0,0,0,0,0,9,0.9166666666666666,0.004627016676323844,1.8879586049042798e-06,-0.2640535545598623,1.3127056116656954,-0.11393324611963009,-0.1510475340818814,-0.3918899761925293,0.8423193593235898
1828,王益柔,Wang Yirou,1015,cluster1_song_and_before,宋,construction,将作/营缮,0,0,1,0,0,1,112.38263,34.665276,洛陽,0,0,0,0,1,150,0.5105145413870246,0.07073265338685672,0.0001488610386111233,2.9096375178242138,0.31515484195931043,3.8112738383703055,-0.040257868064995234,-0.8298251825437993,0.808507211599097
1829,王貽永,Wang Yiyong,982,cluster1_song_and_before,宋,military_industrial,军器/制造,1,0,1,0,0,1,112.3153,37.353817,祁縣,0,0,0,1,0,50,0.5183673469387755,0.016939835941523842,0.0007686348659615849,0.6587927856369258,0.3344421280152684,0.6171748380735371,0.4269333708697773,-0.8448637796997317,1.5647849917785837
1834,王克臣,Wang Kechen,1014,cluster1_song_and_before,宋,works_general,工部,0,1,0,0,0,1,112.38263,34.665276,洛陽,0,0,0,0,0,2,1.0,0.0011223390534790918,0.0,-0.42161268581297245,1.5173807213961439,-0.32203328294828487,-0.15247069472655322,-0.8298251825437993,0.808507211599097
1835,王逵,Wang Kui,991,cluster1_song_and_before,宋,works_general,工部,0,1,0,0,0,1,115.5583,35.61019,鄄城,0,0,0,0,0,74,0.5857089966679008,0.03141065940035246,0.00015872215293159027,1.1989955213618748,0.4998400425881257,1.4764204574406208,-0.032824468954949775,-0.1205184570102938,1.074308425856392
1840,王古,Wang Gu,1066,cluster1_song_and_before,宋,works_general,工部,0,1,0,0,0,1,115.665085,36.236708,莘縣,0,0,0,0,0,65,0.708173076923077,0.031731392240805734,2.4112982746331472e-05,0.996419495465019,0.8006242313593247,1.4954648669678825,-0.13429410548297224,-0.09666732679648161,1.2505458878413458
1844,王廣淵,Wang Guangyuan,1009,cluster1_song_and_before,宋,works_general,工部,0,1,0,0,0,1,114.967086,36.320159,洹水,0,0,0,0,0,166,0.4792990142387733,0.07777090124760307,0.00027025385965212333,3.26977267497418,0.23848634462696514,4.229189491862466,0.05124916233411555,-0.25256998202062925,1.274020380896782
1846,王珪,Wang Gui,1093,cluster1_song_and_before,宋,works_general,工部,0,1,0,0,0,1,116.351341,27.984781,臨川,0,0,0,0,0,24,0.9202898550724637,0.012320681061653977,5.717572753820405e-07,0.07357315526823092,1.321604529480063,0.34289959679244764,-0.15203969880825566,0.0566124523486191,-1.0706941578797973
1847,王拱辰,Wang Gongchen,1012,cluster1_song_and_before,宋,construction,将作/营缮,0,1,0,0,0,1,114.459076,34.475006,咸平,0,0,0,0,1,264,0.2936110150939048,0.10023897317168891,0.0012957762616930691,5.4756005125177225,-0.21758219458027456,5.56329410804566,0.8242974267519507,-0.36603734784839964,0.7549848836023324
1851,王令圖,Wang Lingtu,978,cluster1_song_and_before,宋,hydraulic,水利/河道,0,0,0,0,0,1,114.34333,34.785477,開封,0,0,1,0,0,0,0.0,7.067932822769843e-42,0.0,-0.4666295804567182,-0.9387205953692331,-0.3886753035554917,-0.15247069472655322,-0.3918899761925293,0.8423193593235898
1852,王綸,Wang Lun,1098,cluster1_song_and_before,宋,works_general,工部,0,1,0,0,0,1,118.76899,32.052563,上元,0,0,0,0,0,47,0.7742830712303422,0.014340318756420445,1.2769554056092822e-05,0.5912674436713072,0.9629970754287506,0.4628212340699711,-0.1428448868643295,0.5966102152393962,0.07355959953512392
1867,王森,Wang Sen,1035,cluster1_song_and_before,宋,hydraulic,水利/河道,0,1,0,0,0,1,112.78279877,34.903179169,孟州,0,0,1,0,0,27,1.0,0.012039096898726617,0.0,0.14109849723384957,1.5173807213961439,0.3261797494964827,-0.15247069472655322,-0.7404448628287577,0.8754285940697324
1872,王師心,Wang Shixin,1097,cluster1_song_and_before,宋,construction,将作/营缮,0,1,0,0,0,1,119.649918,29.104712,金華,0,0,0,0,1,69,0.5285592497868713,0.022122956159819962,8.585453997565425e-05,1.0864532847525106,0.3594744740208212,0.924937098797324,-0.08775274903518133,0.7933712625493429,-0.7556612345826669
1873,王世修,Wang Shixiu,1100,cluster1_song_and_before,宋,works_general,工部,0,0,0,0,0,0,,,,0,0,0,0,0,0,0.0,7.067932822769843e-42,0.0,-0.4666295804567182,-0.9387205953692331,-0.3886753035554917,-0.15247069472655322,-3.174087617753835e-15,-1.9987334503111837e-15
1875,王時雍,Wang Shiyong,1070,cluster1_song_and_before,宋,works_general,工部,0,1,0,0,0,1,104.143768,30.004446,仁壽,0,0,0,0,0,22,0.5714285714285714,0.007893835089121136,1.8673479260881858e-05,0.028556260624485158,0.46476587135383934,0.08004323479384953,-0.13839445348156595,-2.6700290536457847,-0.5025690063919821
1877,王曙,Wang Shu (2),963,cluster1_song_and_before,宋,works_general,工部,1,1,0,0,0,1,112.38263,34.665276,洛陽,0,0,0,0,0,123,0.5480474476875916,0.05641635697127464,0.00014205970662525182,2.301909440133646,0.40733946254616465,2.9612036944252735,-0.04538477497306835,-0.8298251825437993,0.808507211599097
1881,王素,Wang Su,1007,cluster1_song_and_before,宋,works_general,工部,0,1,0,0,0,1,114.34333,34.785477,開封,0,0,0,0,0,174,0.4141917480566075,0.07480471909411321,0.0019757516435888523,3.449840253549163,0.07857630242595387,4.053064129758346,1.3368691538787876,-0.3918899761925293,0.8423193593235898
1882,王隨,Wang Sui,972,cluster1_song_and_before,宋,works_general,工部,1,1,0,0,0,1,112.785721,34.840869,河陽,0,0,0,0,0,17,0.4411764705882353,0.004745673164493483,1.8469153513265636e-05,-0.08398597598487925,0.14485351496843313,-0.10688768523919227,-0.13854847611847398,-0.7397921635896829,0.8579009475529307
1883,王綯,Wang Tao,1074,cluster1_song_and_before,宋,works_general,工部,1,1,0,0,0,1,114.34333,34.785477,開封,0,0,0,0,0,3,1.0,0.0012555716905104481,0.0,-0.3991042384910996,1.5173807213961439,-0.31412222245807664,-0.15247069472655322,-0.3918899761925293,0.8423193593235898
1884,王鈇,Wang Fu,1086,cluster1_song_and_before,宋,works_general,工部,0,0,1,0,0,1,114.559631,29.038708,分寧,0,0,0,0,0,39,0.8340080971659919,0.007807692776310555,9.494187838840884e-06,0.4111998650963241,1.109687790273146,0.07492829402111258,-0.14531388818944957,-0.3435777290007166,-0.7742279436650154
1885,王田,Wang Tian,991,cluster1_song_and_before,宋,construction,将作/营缮,0,1,1,0,0,1,114.34333,34.785477,開封,0,0,0,0,1,48,0.5540780141843972,0.016910190862977337,0.0005938851026822175,0.6137758909931801,0.42215114485981,0.6154145786142639,0.29520538429269927,-0.3918899761925293,0.8423193593235898
1888,王同老,Wang Tonglao,1033,cluster1_song_and_before,宋,construction,将作/营缮,0,0,0,0,0,1,115.887953,34.510823,虞城,0,0,0,0,1,5,1.0,0.002490237036336208,0.0,-0.3540873438473538,1.5173807213961439,-0.24081051405368112,-0.15247069472655322,-0.04688829707796703,0.7650600884263205
1891,王得君,Wang Dejun,1039,cluster1_song_and_before,宋,construction,将作/营缮,0,1,0,0,0,1,114.967086,36.320159,洹水,0,0,0,0,1,10,0.7333333333333333,0.005699028709224041,1.2325167252223903e-06,-0.24154510723798941,0.8624203702587098,-0.05027953312955681,-0.15154161222830362,-0.25256998202062925,1.274020380896782
1895,王鼎,Wang Ding,992,cluster1_song_and_before,宋,works_general,工部,0,1,0,0,0,1,115.318095,36.525088,館陶,0,0,0,0,0,92,0.7814142379359771,0.050228190175596,6.299048761424165e-05,1.6041475731555868,0.9805119433645337,2.5937639819425864,-0.10498788301214033,-0.17416981940209714,1.331666237595416
1903,王鬷,Wang Zong,978,cluster1_song_and_before,宋,works_general,工部,1,1,0,0,0,1,114.500061,37.439831,臨城,0,0,0,0,0,16,0.55,0.00811562015186106,0.0003605028788886615,-0.10649442330675213,0.4121351288517243,0.09321234325146596,0.11927970710561055,-0.3568830792543722,1.5889804483419603
1904,王宗望,Wang Zongwang,1022,cluster1_song_and_before,宋,hydraulic,水利/河道,0,0,1,0,0,1,116.282559,35.956072,須城,0,0,1,0,0,0,0.0,7.067932822769843e-42,0.0,-0.4666295804567182,-0.9387205953692331,-0.3886753035554917,-0.15247069472655322,0.04124954146819237,1.1716038999310066
1908,王次翁,Wang Ciweng,1079,cluster1_song_and_before,宋,works_general,工部,0,1,0,0,0,1,121.542656,29.866316,鄞縣,0,0,0,0,0,44,0.6733615221987315,0.010090030242238235,2.484538370290379e-05,0.5237421017056886,0.7151235259622098,0.2104484650117464,-0.13374201487314316,1.2161267103990354,-0.541424523111345
1914,王綰,Wang Wan,1079,cluster1_song_and_before,宋,works_general,工部,0,1,0,0,0,1,114.18077087,34.413452148,尉氏,0,0,0,0,0,0,0.0,7.067932822769843e-42,0.0,-0.4666295804567182,-0.9387205953692331,-0.3886753035554917,-0.15247069472655322,-0.42819862419621646,0.7376699865812124
1924,王曮,Wang Yan,1112,cluster1_song_and_before,宋,military_industrial,军器/制造,0,0,0,0,0,1,119.437187,32.39127,江都,0,0,0,1,0,49,0.9617346938775511,0.021110664522819376,4.531977406689334e-05,0.6362843383150529,1.4233972526423668,0.864829451358365,-0.11830823019482131,0.7458563982751986,0.16883676960292385
1932,王俁,Wang Yu (4),1094,cluster1_song_and_before,宋,works_general,工部,0,1,0,0,0,1,121.152763,30.049067,餘姚,0,0,0,0,0,84,0.5917957544463569,0.027720227634727455,5.687408882303647e-05,1.4240799945806037,0.5147897363826237,1.2572907488094367,-0.10959848094800068,1.1290415513181373,-0.4900172651950324
1936,王瀹,Wang Yue (4),1115,cluster1_song_and_before,宋,works_general,工部,0,1,0,0,0,1,121.406906,29.651657,奉化,0,0,0,0,0,12,0.8333333333333334,0.0029222126730220578,1.5312577430684124e-05,-0.19652821259424366,1.1080305019352477,-0.2151607523416639,-0.1409279323422348,1.1858060574372464,-0.6018073969509291
1942,魏兼,Wei Jian,1018,cluster1_song_and_before,宋,works_general,工部,0,0,0,0,0,1,115.89772,28.674896,新建,0,0,0,0,0,1,0.0,0.0005236280584338264,0.0,-0.44412113313484536,-0.9387205953692331,-0.35758342294019346,-0.15247069472655322,-0.044706773560632615,-0.876567068031227
1945,魏瓘,Wei Guan,1008,cluster1_song_and_before,宋,works_general,工部,0,0,1,0,0,1,116.720093,32.705585,下蔡,0,0,0,0,0,37,0.5840840840840841,0.017312379830993898,0.00021532296247862598,0.36618297045257836,0.4958490926513849,0.6392956735574242,0.009841744379737956,0.13897563040362226,0.2572525499377284
1948,魏廷式,Wei Tingshi,951,cluster1_song_and_before,宋,works_general,工部,0,1,0,0,0,1,115.433306,36.966199,宗城,0,0,0,0,0,3,0.3333333333333333,0.00013760724249057657,0.00017164019111401502,-0.3991042384910996,-0.12002015644744085,-0.3805044886298853,-0.023086732386023937,-0.1484366868173379,1.4557493175606306
1949,魏羽,Wei Yu,962,cluster1_song_and_before,宋,works_general,工部,0,0,0,1,0,1,117.844589,29.244728,婺源,0,0,0,0,0,18,0.3333333333333333,0.0031546005792192694,0.0003280334827004917,-0.06147752866300637,-0.12002015644744085,-0.20136207039644125,0.09480397618056581,0.3901391882152088,-0.7162751922386555
1952,文保雍,Wen Baoyong,1036,cluster1_song_and_before,宋,construction,将作/营缮,0,0,0,0,0,1,110.855438,34.911781,解縣,0,0,0,0,1,22,1.0,0.012931068501610401,0.0,0.028556260624485158,1.5173807213961439,0.3791430583612685,-0.15247069472655322,-1.1709335334684754,0.8778482609649588
1954,文永世,Wen Yongshi,1063,cluster1_song_and_before,宋,construction,将作/营缮,0,0,0,0,0,1,110.855438,34.911781,解縣,0,0,0,0,1,24,0.9565217391304348,0.01441691485844815,3.0678550511743303e-07,0.07357315526823092,1.4105937076237363,0.4673693418756638,-0.15223943697751954,-1.1709335334684754,0.8778482609649588
1955,翁挺,Weng Ting,1091,cluster1_song_and_before,宋,construction,将作/营缮,0,0,1,0,0,1,118.026779,27.756025,崇安,0,0,0,0,1,29,0.6600985221674877,0.0120595627278982,1.6202627716592462e-05,0.18611539187759532,0.6825482541212127,0.32739496534874085,-0.14025700421097537,0.4308325198034889,-1.1350424716614131
1957,吳安持,Wu Anchi,1051,cluster1_song_and_before,宋,construction,将作/营缮,0,0,1,0,0,1,113.719086,34.397324,新鄭,0,0,0,0,1,90,0.9043695380774033,0.05233961772879004,2.7176818743338174e-05,1.559130678511841,1.2825026179451728,2.7191358988106678,-0.13198455759281086,-0.5313189683654979,0.7331331913573916
1967,吳中復,Wu Zhongfu,1011,cluster1_song_and_before,宋,hydraulic,水利/河道,0,1,0,0,0,1,115.209625,29.83013,永興,0,0,1,0,0,116,0.5451274362818591,0.053638453539291274,0.0010693035327803983,2.144350308880536,0.40016761868757517,2.7962579080470804,0.6535801906628255,-0.19839730541878567,-0.551603526427112
1981,吳栻,Wu Shi,1043,cluster1_song_and_before,宋,works_general,工部,0,1,0,0,0,1,118.32378387,27.038864136,甌寧,0,0,0,0,0,0,0.0,7.067932822769843e-42,0.0,-0.4666295804567182,-0.9387205953692331,-0.3886753035554917,-0.15247069472655322,0.4971705057425824,-1.3367774744966026
1988,吳黯,Wu An,1037,cluster1_song_and_before,宋,hydraulic,水利/河道,0,1,0,0,0,1,117.483398,27.337692,邵武,0,0,1,0,0,0,0.0,7.067932822769843e-42,0.0,-0.4666295804567182,-0.9387205953692331,-0.3886753035554917,-0.15247069472655322,0.30946480910712254,-1.2527181748088918
1995,楊晨,Yang Chen,1091,cluster1_song_and_before,宋,works_general,工部,0,1,0,0,0,1,107.208092,31.269159,永睦,0,0,0,0,0,0,0.0,7.067932822769843e-42,0.0,-0.4666295804567182,-0.9387205953692331,-0.3886753035554917,-0.15247069472655322,-1.9855921875942948,-0.14680938055620854
1996,楊椿,Yang Chun,1095,cluster1_song_and_before,宋,works_general,工部,1,1,0,0,0,1,103.869247,30.200752,彭山,0,0,0,0,0,94,0.4381148478609014,0.029099435014125184,0.0003954354971068266,1.6491644677993325,0.13733385935638953,1.3391850447572766,0.14561223756167868,-2.7313451197358316,-0.4473487713589608
1998,楊汲,Yang Ji,1027,cluster1_song_and_before,宋,hydraulic,水利/河道,0,1,0,0,0,1,118.589905,24.909641,晉江,0,0,1,0,0,0,0.0,7.067932822769843e-42,0.0,-0.4666295804567182,-0.9387205953692331,-0.3886753035554917,-0.15247069472655322,0.5566104057685858,-1.9357209709137615
2001,楊迥,Yang Jiong,1085,cluster1_song_and_before,宋,works_general,工部,0,0,0,0,0,1,117.455017,26.720821,將樂,0,0,0,0,0,11,1.0,0.0047295624478872755,0.0,-0.21903665991611654,1.5173807213961439,-0.10784430410114809,-0.15247069472655322,0.3031257265899329,-1.4262419672811286
2007,楊繪,Yang Hui,1023,cluster1_song_and_before,宋,hydraulic,水利/河道,0,1,0,0,0,1,104.197617,31.342484,綿竹,0,0,1,0,0,148,0.5318073175216033,0.0711364268103726,0.00018506738376239778,2.864620623180468,0.36745205746103954,3.835249014790636,-0.012965190475112305,-2.6580015262694348,-0.12618329814509366
2008,楊紘,Yang Hong,1014,cluster1_song_and_before,宋,works_general,工部,0,1,1,0,0,1,118.536255,27.924686,浦城,0,0,0,0,0,20,0.8947368421052632,0.005266203726950937,2.1270927054785995e-06,-0.016460634019260605,1.2588437406839987,-0.07597972711153114,-0.1508672725868188,0.5446273263475893,-1.0875986846100525
2014,楊康國,Yang Kangguo,1042,cluster1_song_and_before,宋,works_general,工部,0,1,0,0,0,1,115.146522,36.275528,元城,0,0,0,0,0,30,0.735632183908046,0.014734899514105204,0.00017698691659825253,0.2086238391994682,0.8680665801823085,0.486250570243672,-0.019056321302187484,-0.21249177439740735,1.2614658267325767
2015,楊可,Yang Ke,968,cluster1_song_and_before,宋,works_general,工部,0,1,0,0,0,1,104.197617,31.342484,綿竹,0,0,0,0,0,18,1.0,0.004159350440286306,0.0,-0.06147752866300637,1.5173807213961439,-0.141702236998721,-0.15247069472655322,-2.6580015262694348,-0.12618329814509366
2022,楊時,Yang Shi,1053,cluster1_song_and_before,宋,works_general,工部,0,1,0,0,0,1,117.455017,26.720821,將樂,0,0,0,0,0,192,0.2682155322862129,0.05878769653976203,0.001168980099142329,3.8549923053428747,-0.2799560733441391,3.102008614204148,0.7287173075857408,0.3031257265899329,-1.4262419672811286
2025,楊倓,Yang Tan (3),1118,cluster1_song_and_before,宋,construction,将作/营缮,0,1,0,0,0,1,119.964065,30.550453,武康,0,0,0,0,1,1,0.0,0.00016994515875203817,0.0,-0.44412113313484536,-0.9387205953692331,-0.37858433439912054,-0.15247069472655322,0.8635380556689611,-0.34897902508894063
2026,楊畋,Yang Tian,1007,cluster1_song_and_before,宋,works_general,工部,0,1,0,0,0,1,110.5254,38.8771,新秦,0,0,0,0,0,102,0.7645117452921762,0.05557593695020204,0.00013197335105622754,1.8292320463743155,0.9389977089254774,2.9113014049260224,-0.05298796301792987,-1.244649685676239,1.9932795119756526
2027,楊挺,Yang Ting,1072,cluster1_song_and_before,宋,works_general,工部,0,0,0,0,0,1,115.146522,36.275528,元城,0,0,0,0,0,1,0.0,0.00011872385138229562,0.0,-0.44412113313484536,-0.9387205953692331,-0.38162574279588,-0.15247069472655322,-0.21249177439740735,1.2614658267325767
2032,楊畏,Yang Wei,1044,cluster1_song_and_before,宋,works_general,工部,0,1,0,0,0,1,112.38263,34.665276,洛陽,0,0,0,0,0,180,0.39273743016759777,0.07436968386241082,0.0005657670094885031,3.5848909374804,0.025882324008454024,4.027232696034194,0.27400970577911377,-0.8298251825437993,0.808507211599097
2034,楊矞,Yang Yu (2),1096,cluster1_song_and_before,宋,works_general,工部,0,0,0,0,0,1,117.455017,26.720821,將樂,0,0,0,0,0,13,0.8589743589743589,0.005214181550273223,2.8174516420709477e-06,-0.17401976527237079,1.1710074587753854,-0.0790686893635718,-0.15034687364019808,0.3031257265899329,-1.4262419672811286
2035,楊淵,Yang Yuan,1083,cluster1_song_and_before,宋,works_general,工部,0,0,0,0,0,1,114.34333,34.785477,開封,0,0,0,0,0,0,0.0,7.067932822769843e-42,0.0,-0.4666295804567182,-0.9387205953692331,-0.3886753035554917,-0.15247069472655322,-0.3918899761925293,0.8423193593235898
2036,楊愿,Yang Yuan,1121,cluster1_song_and_before,宋,works_general,工部,0,1,0,0,0,1,114.931137,27.804075,新喻,0,0,0,0,0,121,0.6673553719008265,0.0644224462427121,5.67298480636558e-05,2.2568925454899005,0.7003718123068347,3.436587638837052,-0.10970721096547821,-0.260599426980652,-1.1215261639920773
2058,葉顒,Ye Yong,1102,cluster1_song_and_before,宋,construction,将作/营缮,1,1,0,0,0,1,118.68367004,25.364557266,仙遊,0,0,0,0,1,88,0.5381400208986415,0.03074174367269236,0.0005645634163509268,1.5141137838680951,0.38300581856406785,1.4367017150792782,0.2731024261485403,0.5775534425110413,-1.8077545148254894
2064,嚴抑,Yan Yi,1098,cluster1_song_and_before,宋,works_general,工部,0,1,0,0,0,1,119.901375,31.013893,長興,0,0,0,0,0,0,0.0,7.067932822769843e-42,0.0,-0.4666295804567182,-0.9387205953692331,-0.3886753035554917,-0.15247069472655322,0.8495358329494412,-0.21861487053582795
2074,晏敦復,Yan Dunfu,1075,cluster1_song_and_before,宋,works_general,工部,0,1,0,0,0,1,116.351341,27.984781,臨川,0,0,0,0,0,69,0.49104859335038364,0.023284309146489955,0.00024396138135361585,1.0864532847525106,0.2673445013544303,0.9938956808140413,0.03142964920065863,0.0566124523486191,-1.0706941578797973
2081,游師雄,You Shixiong,1038,cluster1_song_and_before,宋,works_general,工部,0,1,0,0,0,1,108.105102,34.332054,武功,0,0,0,0,0,45,0.5959595959595959,0.01860221116871819,2.7878331115466236e-05,0.5462505490275614,0.5250165530060924,0.7158830170361965,-0.13145575108340457,-1.7852391200933213,0.7147729540716989
2082,俞充,Yu Chong,1029,cluster1_song_and_before,宋,military_industrial,军器/制造,0,1,0,0,0,1,121.542656,29.866316,鄞縣,0,0,0,1,0,62,0.6515071390798519,0.026856496134525117,9.526077593518865e-05,0.9288941534994003,0.6614469468068347,1.2060042750320632,-0.08066224143754001,1.2161267103990354,-0.541424523111345
2085,俞希孟,Yu Ximeng,1008,cluster1_song_and_before,宋,works_general,工部,0,1,0,0,0,1,118.433945,29.86577,歙縣,0,0,0,0,0,3,1.0,0.002376839163353204,0.0,-0.3991042384910996,1.5173807213961439,-0.24754382994848223,-0.15247069472655322,0.521775716737858,-0.541578111123571
2086,俞希旦,Yu Xidan,1031,cluster1_song_and_before,宋,works_general,工部,0,1,0,0,0,1,119.44429016,32.206489563,丹徒,0,0,0,0,0,1,0.0,0.00022714030950625173,0.0,-0.44412113313484536,-0.9387205953692331,-0.3751882123419051,-0.15247069472655322,0.7474429356548823,0.11685863770351972
2104,袁正功,Yuan Zhenggong,1079,cluster1_song_and_before,宋,works_general,工部,0,1,0,0,0,1,120.297668,31.574614,無錫,0,0,0,0,0,0,0.0,7.067932822769843e-42,0.0,-0.4666295804567182,-0.9387205953692331,-0.3886753035554917,-0.15247069472655322,0.938050474011595,-0.06088588921100437
2112,元絳,Yuan Jiang,1008,cluster1_song_and_before,宋,works_general,工部,1,1,0,0,0,1,120.618622,31.31271,吳縣,0,0,0,0,0,169,0.42427444350521276,0.07206048943380387,0.0014147787068976342,3.3372980169397986,0.10334042399381746,3.8901178177625746,0.91400256975398,1.0097376552322135,-0.1345586268557452
2123,石揚休,Shi Yangxiu,995,cluster1_song_and_before,宋,works_general,工部,0,1,0,0,0,1,103.831459,30.050497,眉山,0,0,0,0,0,115,0.6715484363081617,0.05970864687373079,4.294426023604005e-05,2.121841861558663,0.7106704033189728,3.1566926162838316,-0.12009891447474247,-2.7397853174089097,-0.489615010877298
2126,竇卞,Dou Bian,1027,cluster1_song_and_before,宋,construction,将作/营缮,0,1,0,0,0,1,115.35057,35.26215,宛句,0,0,0,0,1,1,0.0,0.0009000619102422917,0.0,-0.44412113313484536,-0.9387205953692331,-0.335231610061807,-0.15247069472655322,-0.16691631513002092,0.9764059134477392
2136,李度,Li Du,945,cluster1_song_and_before,宋,works_general,工部,0,1,0,0,0,1,112.38263,34.665276,洛陽,0,0,0,0,0,0,0.0,7.067932822769843e-42,0.0,-0.4666295804567182,-0.9387205953692331,-0.3886753035554917,-0.15247069472655322,-0.8298251825437993,0.808507211599097
3012,晁迥,Chao Jiong,951,cluster1_song_and_before,宋,works_general,工部,0,1,0,0,0,1,103.94506836,30.99187851,彭州,0,0,0,0,0,36,0.46984126984126984,0.014342208319053397,5.4287266868465013e-05,0.3436745231307055,0.2152571661586265,0.46293343213661897,-0.11154845124446579,-2.714409921624223,-0.22480747449053184
3013,晁仲參,Chao Zhongcan,1013,cluster1_song_and_before,宋,works_general,工部,0,0,1,0,0,1,116.08870697,35.396209717,鉅野,0,0,0,0,0,89,0.9067926455566905,0.05139494141164609,0.000347641803101897,1.5366222311899682,1.288454015415714,2.66304310011575,0.10958490931697326,-0.0020485810185032144,1.0141164728865761
3033,錢象祖,Qian Xiangzu,1169,cluster1_song_and_before,宋,works_general,工部,1,0,1,0,0,1,121.120598,28.843132,臨海,0,0,0,0,0,19,0.5380116959064327,0.00646918270264153,7.813905805549854e-06,-0.038969081341133485,0.3826906393817298,-0.004549485564204836,-0.14658050031511646,1.1218572875795312,-0.8292428320882839
3047,陳安定,Chen Anding,1018,cluster1_song_and_before,宋,works_general,工部,0,0,1,0,0,1,112.785721,34.840869,河陽,0,0,0,0,0,23,0.5810276679841897,0.010788106380910479,5.7465478777714385e-06,0.05106470794635804,0.48834222504385144,0.25189868834184076,-0.1481388938273586,-0.7397921635896829,0.8579009475529307
3080,陳師古,Chen Shigu,975,cluster1_song_and_before,宋,works_general,工部,0,1,0,0,0,1,113.641312,34.758076,管城,0,0,0,0,0,9,0.6666666666666666,0.004502772361491559,1.4366141813449042e-06,-0.2640535545598623,0.6986802824743514,-0.12131059983793374,-0.15138776167963341,-0.5486903014295904,0.8346115477429978
3088,陳宗召,Chen Zongzhao,1145,cluster1_song_and_before,宋,works_general,工部,0,1,0,0,0,1,119.964065,30.550453,武康,0,0,0,0,0,38,0.9914651493598862,0.016026072806348827,2.152173779482865e-07,0.38869141777445126,1.4964182635005643,0.5629175960256254,-0.15230846187804167,0.8635380556689611,-0.34897902508894063
3090,陳宗元,Chen Zongyuan,969,cluster1_song_and_before,宋,construction,将作/营缮,0,0,0,0,0,1,114.34333,34.785477,開封,0,0,0,0,1,2,1.0,0.0011766993495727453,0.0,-0.42161268581297245,1.5173807213961439,-0.3188054883159433,-0.15247069472655322,-0.3918899761925293,0.8423193593235898
3107,程嗣弼,Cheng Sibi,1027,cluster1_song_and_before,宋,construction,将作/营缮,0,0,1,0,0,1,112.38263,34.665276,洛陽,0,0,0,0,1,50,0.4473469387755102,0.01631842102659491,0.0015019119755692917,0.6587927856369258,0.1600088100082579,0.5802765893331524,0.9796844329542618,-0.8298251825437993,0.808507211599097
3114,程瑜,Cheng Yu,1015,cluster1_song_and_before,宋,construction,将作/营缮,0,0,0,0,0,1,114.34333,34.785477,開封,0,0,0,0,1,17,0.5882352941176471,0.004003792829490419,0.00019708740391228673,-0.08398597598487925,0.5060448850809887,-0.1509389052516274,-0.0039043881984906935,-0.3918899761925293,0.8423193593235898
3130,張九齡,Zhang Jiuling,678,cluster1_song_and_before,唐,works_general,工部,1,1,0,0,0,1,113.603417,24.810209,曲江,0,0,0,0,0,50,0.2816326530612245,0.0008161853185703683,0.0018354494750221243,0.6587927856369258,-0.2470022653414331,-0.3402120173044627,1.2311080825567813,-0.5571543982545427,-1.9636908669424278
3180,張蘊,Zhang Yun,956,cluster1_song_and_before,宋,astronomical,天文/历算,0,0,0,0,0,1,117.00148773,36.650131226,歷城,1,0,0,0,0,19,0.9532163742690059,0.009970072402649672,1.3305859314788082e-07,-0.038969081341133485,1.4024753966351906,0.2033256327507857,-0.15237039392932622,0.20182698917788935,1.3668404876387532
3184,章訪,Zhang Fang,1000,cluster1_song_and_before,宋,astronomical,天文/历算,0,0,0,0,0,1,120.618622,31.31271,吳縣,1,0,0,0,0,1,0.0,0.0002875494151383536,0.0,-0.44412113313484536,-0.9387205953692331,-0.3716012527240266,-0.15247069472655322,1.0097376552322135,-0.1345586268557452
3194,趙積,Zhao Ji (2),963,cluster1_song_and_before,宋,works_general,工部,0,0,0,0,0,1,114.34333,34.785477,開封,0,0,0,0,0,4,1.0,0.0022601700011984855,0.0,-0.3765957911692267,1.5173807213961439,-0.2544713877880127,-0.15247069472655322,-0.3918899761925293,0.8423193593235898
3273,范琪,Fan Qi,997,cluster1_song_and_before,宋,works_general,工部,0,1,0,0,0,1,120.618622,31.31271,吳縣,0,0,0,0,0,46,0.9565217391304348,0.023795340893023216,0.0001713367656093867,0.5687589963494343,1.4105937076237363,1.0242396201769612,-0.023315457335636176,1.0097376552322135,-0.1345586268557452
3299,方慎從,Fang Shencong,975,cluster1_song_and_before,宋,works_general,工部,0,1,0,0,0,1,119.011101,25.433954,莆田,0,0,0,0,0,0,0.0,7.067932822769843e-42,0.0,-0.4666295804567182,-0.9387205953692331,-0.3886753035554917,-0.15247069472655322,0.6506872952337401,-1.788233440777808
3303,方鼎,Fang Ding,962,cluster1_song_and_before,宋,works_general,工部,0,0,0,0,0,1,119.011101,25.433954,莆田,0,0,0,0,0,3,1.0,0.0002769933238476082,0.0,-0.3991042384910996,1.5173807213961439,-0.37222805017097343,-0.15247069472655322,0.6506872952337401,-1.788233440777808
3307,傅立,Fu Li,994,cluster1_song_and_before,宋,works_general,工部,0,1,0,0,0,1,116.282559,35.956072,須城,0,0,0,0,0,84,0.985083189902467,0.04979688811885379,2.5637404230669666e-07,1.4240799945806037,1.480743524473654,2.568154215923801,-0.1522774376040832,0.04124954146819237,1.1716038999310066
3313,富言,Fu Yan,969,cluster1_song_and_before,宋,works_general,工部,0,1,0,0,0,1,112.38263,34.665276,洛陽,0,0,0,0,0,16,0.95,0.011526719465473139,6.796911917457153e-08,-0.10649442330675213,1.394575655557875,0.29575590622051484,-0.15241945897635667,-0.8298251825437993,0.808507211599097
3321,韓直彥,Han Zhiyan,1030,cluster1_song_and_before,宋,construction,将作/营缮,0,1,1,0,0,1,114.345497,36.098343,安陽,0,0,0,0,1,31,0.9870967741935484,0.01300223275155227,1.8987651605317836e-07,0.2311322865213411,1.485689091502397,0.38336863475587163,-0.15232756405393555,-0.39140596252793847,1.211624266391446
3325,韓公彥,Han Gongyan,1008,cluster1_song_and_before,宋,construction,将作/营缮,0,0,1,0,0,1,114.345497,36.098343,安陽,0,0,0,0,1,36,0.807936507936508,0.015091987294028627,0.00017459045500415354,0.3436745231307055,1.0456533256364444,0.5074536559907741,-0.020862796199640044,-0.39140596252793847,1.211624266391446
3331,韓彥古,Han Yangu,1129,cluster1_song_and_before,宋,construction,将作/营缮,0,0,0,0,0,1,120.618622,31.31271,吳縣,0,0,0,0,1,26,0.6923076923076923,0.007011496733137381,9.057140321353222e-06,0.11859004991197668,0.7616572393144894,0.02765192690901368,-0.14564333864727436,1.0097376552322135,-0.1345586268557452
3343,侯正臣,Hou Zhengchen,1024,cluster1_song_and_before,宋,works_general,工部,0,1,0,0,0,1,120.653221,28.018291,永嘉,0,0,0,0,0,1,0.0,3.7056323637843556e-36,0.0,-0.44412113313484536,-0.9387205953692331,-0.3886753035554917,-0.15247069472655322,1.0174655688368177,-1.0612679046019733
3351,向經,Xiang Jing,1023,cluster1_song_and_before,宋,works_general,工部,0,0,1,0,0,1,114.34333,34.785477,開封,0,0,0,0,0,15,0.6952380952380952,0.006573419652941656,5.0734204799933366e-05,-0.129002870628625,0.768854605810505,0.001639874922182957,-0.11422678226871344,-0.3918899761925293,0.8423193593235898
3356,向紘,Xiang Hong,1046,cluster1_song_and_before,宋,construction,将作/营缮,0,0,0,0,0,1,114.34333,34.785477,開封,0,0,0,0,1,22,0.5194805194805194,0.006549711856021661,2.655563560228431e-05,0.028556260624485158,0.3371761925608327,0.0002321581667192731,-0.13245281118543997,-0.3918899761925293,0.8423193593235898
3364,蕭服,Xiao Fu,1059,cluster1_song_and_before,宋,construction,将作/营缮,0,1,0,0,0,1,115.132248,27.214367,吉水,0,0,0,0,1,80,0.6430379746835443,0.034415107591401754,5.818174146233486e-05,1.3340462052931121,0.6406458209811611,1.6548179725591858,-0.10861276030332316,-0.21567996592872687,-1.2874090935044358
3374,胥元衡,Xu Yuanheng,1028,cluster1_song_and_before,宋,construction,将作/营缮,0,1,1,0,0,1,112.978134,28.198198,長沙,0,0,0,0,1,39,0.6653171390013495,0.015272395347264708,2.601654370669585e-05,0.4111998650963241,0.6953657057985546,0.5181658887730124,-0.13285918363855947,-0.6968154578929071,-1.0106606545735188
3381,徐師閔,Xu Shimin,997,cluster1_song_and_before,宋,works_general,工部,0,0,0,0,0,1,120.618622,31.31271,長洲,0,0,0,0,0,39,0.8974358974358975,0.01572358810408547,6.3939771427184555e-06,0.4111998650963241,1.2654728940355922,0.5449567207454576,-0.14765085566397518,1.0097376552322135,-0.1345586268557452
3388,薛季卿,Xue Jiqing,997,cluster1_song_and_before,宋,construction,将作/营缮,0,0,1,0,0,1,104.077995,30.650385,成都,0,0,0,0,1,15,1.0,0.004290730062277365,0.0,-0.129002870628625,1.5173807213961439,-0.13390120445961912,-0.15247069472655322,-2.6847198846384606,-0.32086848069743024
3395,胡交脩,Hu Jiaoxiu,1078,cluster1_song_and_before,宋,hydraulic,水利/河道,0,1,0,0,0,1,119.952301,31.782784,武進,0,0,1,0,0,16,0.675,0.006786759648146411,7.714743138325407e-06,-0.10649442330675213,0.7191477934473964,0.014307533873107599,-0.14665525005012017,0.8609104891021656,-0.002328349824414023
3450,高遵甫,Gao Zunfu,988,cluster1_song_and_before,宋,military_industrial,军器/制造,1,0,0,0,0,1,116.555748,33.268639,蒙城,0,0,0,1,0,2,1.0,0.002294349724234717,0.0,-0.42161268581297245,1.5173807213961439,-0.25244187112825794,-0.15247069472655322,0.1022680966208891,0.41563779652358346
3451,高子溶,Gao Zirong,1141,cluster1_song_and_before,宋,military_industrial,军器/制造,0,0,1,0,0,1,116.555748,33.268639,蒙城,0,0,0,1,0,20,1.0,0.00640593988583827,0.0,-0.016460634019260605,1.5173807213961439,-0.008304704709075473,-0.15247069472655322,0.1022680966208891,0.41563779652358346
3461,葛宮,Ge Gong,992,cluster1_song_and_before,宋,works_general,工部,0,1,0,0,0,1,120.26609,31.90877,江陰,0,0,0,0,0,26,0.8953846153846153,0.011690268636275184,5.2866110350657745e-06,0.11859004991197668,1.260434737488381,0.3054670957020671,-0.1484855984700732,0.9309973205734562,0.03311109945818705
3468,雷孝先,Lei Xiaoxian,978,cluster1_song_and_before,宋,construction,将作/营缮,0,1,0,0,0,1,110.151016,35.242584,郃陽,0,0,0,0,1,5,0.6,0.002957915632515506,6.219363790959803e-05,-0.3540873438473538,0.534940194689993,-0.21304078925660053,-0.10558855568389347,-1.3282708078747485,0.9709020617129173
3484,李之儀,Li Zhiyi,1052,cluster1_song_and_before,宋,hydraulic,水利/河道,1,1,0,0,0,1,118.483437,31.555685,當塗,0,0,1,0,0,246,0.3204247552679608,0.0973787800592173,0.003933840487966543,5.070448460724011,-0.15172493203137088,5.3934621417151085,2.8128946212012083,0.5328300795841566,-0.0662105549315634
3501,李孝稱,Li Xiaocheng,1018,cluster1_song_and_before,宋,works_general,工部,0,0,0,0,0,1,114.34333,34.785477,開封,0,0,0,0,0,28,0.6534391534391535,0.01045831600382487,6.456370651871371e-06,0.16360694455572244,0.666192169818725,0.23231646224209906,-0.14760382286014212,-0.3918899761925293,0.8423193593235898
3502,李孝先,Li Xiaoxian,980,cluster1_song_and_before,宋,works_general,工部,0,0,1,0,0,1,118.7425,30.946941,宣城,0,0,0,0,0,67,0.8154681139755766,0.033722502501398896,0.00021659874870591476,1.0414363901087647,1.0641517131463591,1.6136926080469667,0.010803443828536919,0.5906934999763558,-0.23744824891412958
3504,李虛己,Li Xuji,947,cluster1_song_and_before,宋,works_general,工部,0,1,0,0,0,1,115.89772,28.674896,南昌,0,0,0,0,0,23,0.6640316205533597,0.01351939891212163,0.00017154538847408626,0.05106470794635804,0.6922083422457208,0.4140768221108217,-0.02315819549215727,-0.044706773560632615,-0.876567068031227
3505,李虛舟,Li Xuzhou,971,cluster1_song_and_before,宋,works_general,工部,0,0,1,0,0,1,115.89772,28.674896,南昌,0,0,0,0,0,102,0.7633469229275869,0.056036337427442046,9.222805377069144e-05,1.8292320463743155,0.9361367871820117,2.938638971053376,-0.08294833543320532,-0.044706773560632615,-0.876567068031227
3518,李茂先,Li Maoxian,1012,cluster1_song_and_before,宋,works_general,工部,0,0,0,0,0,1,114.34333,34.785477,開封,0,0,0,0,0,2,1.0,0.0013946189646262487,0.0,-0.42161268581297245,1.5173807213961439,-0.3058659016267943,-0.15247069472655322,-0.3918899761925293,0.8423193593235898
3522,李孟傳,Li Mengchuan,1136,cluster1_song_and_before,宋,construction,将作/营缮,0,0,1,0,0,1,120.973587,29.952654,上虞,0,0,0,0,1,38,0.566145092460882,0.015354038537978277,7.395187093348124e-05,0.38869141777445126,0.4517891117041951,0.5230136815866955,-0.0967250909622613,1.0890214164004066,-0.5171379264088455
3525,李韶,Li Shao,1181,cluster1_song_and_before,宋,works_general,工部,0,1,0,0,0,1,119.534469,26.198015,連江,0,0,0,0,0,53,0.6052249637155298,0.01657184882825371,0.0003030365318632632,0.7263181276025444,0.5477732349517571,0.5953245739223293,0.07596104362053586,0.7675849711034066,-1.5733055832514693
3528,李淑,Li Shu,1002,cluster1_song_and_before,宋,hydraulic,水利/河道,0,1,0,0,0,1,116.584183,34.703617,豐縣,0,0,1,0,0,97,0.7313144329896907,0.05163693359719518,0.0002452898106933218,1.7166898097649512,0.8574617464662712,2.677412063011725,0.032431031514119225,0.10861924039229687,0.8192924093587234
3533,李大性,Li Daxing,1137,cluster1_song_and_before,宋,works_general,工部,0,0,1,0,0,1,115.89772,28.674896,新建,0,0,0,0,0,39,0.5775978407557355,0.012123591474906008,0.0003674091572926944,0.4111998650963241,0.47991822187176736,0.33119685129784054,0.12448572359359639,-0.044706773560632615,-0.876567068031227
3590,劉震,Liu Zhen,1020,cluster1_song_and_before,宋,construction,将作/营缮,0,0,0,0,0,1,114.859356,34.92438,東明,0,0,0,0,1,28,1.0,0.01050982280781566,0.0,0.16360694455572244,1.5173807213961439,0.23537482279929903,-0.15247069472655322,-0.27663218418323343,0.8813923184119096
3591,劉震孫,Liu Zhensun,1205,cluster1_song_and_before,宋,hydraulic,水利/河道,0,0,0,0,0,1,116.29917145,35.91034317,東平府,0,0,1,0,0,136,0.370479302832244,0.04858077780585116,0.0022750220951766194,2.5945192553179934,-0.02878589184863978,2.495944264493765,1.5624619861085296,0.04496004114624038,1.1587405297824367
3596,劉克遜,Liu Kexun,1189,cluster1_song_and_before,宋,works_general,工部,0,0,1,0,0,1,119.011101,25.433954,莆田,0,0,0,0,0,65,0.5283653846153846,0.0198040812442771,0.00040760519072235014,0.996419495465019,0.3589983215178579,0.7872474145364873,0.1547858650799605,0.6506872952337401,-1.788233440777808
3599,劉詵,Liu Shen,1046,cluster1_song_and_before,宋,military_industrial,军器/制造,0,1,0,0,0,1,119.381439,25.727917,福清,0,0,0,1,0,2,1.0,0.0004777964833425198,0.0,-0.42161268581297245,1.5173807213961439,-0.36030480090724154,-0.15247069472655322,0.733404716792224,-1.705542611404217
3604,柳灝,Liu Hao,972,cluster1_song_and_before,宋,works_general,工部,0,1,0,0,0,1,117.276459,31.864456,合肥,0,0,0,0,0,1,0.0,3.11424527896842e-05,0.0,-0.44412113313484536,-0.9387205953692331,-0.38682613331220767,-0.15247069472655322,0.26324362602601775,0.020645716356023556
3608,羅弘信,Luo Hongxin,836,cluster1_song_and_before,唐,works_general,工部,1,0,0,0,0,1,115.146522,36.275528,元城,0,0,0,0,0,0,0.0,7.067932822769843e-42,0.0,-0.4666295804567182,-0.9387205953692331,-0.3886753035554917,-0.15247069472655322,-0.21249177439740735,1.2614658267325767
3615,樓璩,Lou Qu,1119,cluster1_song_and_before,宋,works_general,工部,0,0,0,0,0,1,121.542656,29.866316,鄞縣,0,0,0,0,0,49,0.9591836734693877,0.021093290549958742,6.18509662248775e-05,0.6362843383150529,1.4171316880587814,0.8637978231228347,-0.10584686476676784,1.2161267103990354,-0.541424523111345
3634,陸軫,Lu Zhen,982,cluster1_song_and_before,宋,works_general,工部,0,1,0,0,0,1,120.578262,30.004515,山陰,0,0,0,0,0,23,0.841897233201581,0.012473396471343259,0.00012298030061682702,0.05106470794635804,1.1290643076782978,0.35196750140469746,-0.059767007551881496,1.0007229844879177,-0.5025495969179097
3638,陸詵,Lu Shen,1012,cluster1_song_and_before,宋,works_general,工部,0,1,0,0,0,1,114.34333,34.785477,開封,0,0,0,0,0,18,0.6797385620915033,0.009014265696048272,2.8863593551650143e-05,-0.06147752866300637,0.7307861820399121,0.14657193604889718,-0.1307130511533277,-0.3918899761925293,0.8423193593235898
3675,梅正臣,Mei Zhengchen,1004,cluster1_song_and_before,宋,construction,将作/营缮,0,1,0,0,0,1,118.7425,30.946941,宣城,0,0,0,0,1,10,0.6666666666666666,0.004849744716038551,2.078348232470669e-05,-0.24154510723798941,0.6986802824743514,-0.10070814576652469,-0.13680391367165065,0.5906934999763558,-0.23744824891412958
3700,龐元魯,Pang Yuanlu,1016,cluster1_song_and_before,宋,construction,将作/营缮,0,1,1,0,0,1,115.875175,34.962231,成武,0,0,0,0,1,52,0.8001508295625943,0.02433623213090823,2.594141446736969e-05,0.7038096802806716,1.0265309107303635,1.0563565503592025,-0.13291581675349928,-0.04974234719616735,0.8920396807759489
3709,畢從古,Bi Conggu,1010,cluster1_song_and_before,宋,construction,将作/营缮,0,0,1,0,0,1,113.641312,34.758076,管城,0,0,0,0,1,65,0.5668269230769231,0.02697812556664636,0.0013169507184815688,0.996419495465019,0.4534637567780646,1.2132263627752815,0.8402589279710012,-0.5486903014295904,0.8346115477429978
3713,上官合,Shangguan He,1052,cluster1_song_and_before,宋,hydraulic,水利/河道,0,1,0,0,0,1,117.483398,27.337692,邵武,0,0,1,0,0,0,0.0,7.067932822769843e-42,0.0,-0.4666295804567182,-0.9387205953692331,-0.3886753035554917,-0.15247069472655322,0.30946480910712254,-1.2527181748088918
3716,上官凝,Shangguan Ning,1007,cluster1_song_and_before,宋,works_general,工部,0,1,0,0,0,1,117.483398,27.337692,邵武,0,0,0,0,0,3,0.0,0.000300698351848818,3.282145475293249e-08,-0.3991042384910996,-0.9387205953692331,-0.3708204978278076,-0.15244595361062838,0.30946480910712254,-1.2527181748088918
3718,邵雍,Shao Yong,1011,cluster1_song_and_before,宋,construction,将作/营缮,0,0,0,0,0,1,112.38263,34.665276,河南,0,0,0,0,1,238,0.2706449668474985,0.07858530347018547,0.001108311364573477,4.890380882149027,-0.27398913591917023,4.277546901801692,0.6829846547743157,-0.8298251825437993,0.808507211599097
3725,史彌堅,Shi Mijian,1169,cluster1_song_and_before,宋,military_industrial,军器/制造,0,0,0,0,0,1,121.542656,29.866316,鄞縣,0,0,0,1,0,24,0.7282608695652174,0.009022402880321845,3.3721223649837755e-06,0.07357315526823092,0.8499618853185957,0.14705510412574807,-0.14992875772306374,1.2161267103990354,-0.541424523111345
3735,沈立基,Shen Liji,1065,cluster1_song_and_before,宋,construction,将作/营缮,0,0,1,0,0,1,114.856377,34.063873,太康,0,0,0,0,1,2,0.0,0.0011732314922122996,1.692924652166199e-06,-0.42161268581297245,-0.9387205953692331,-0.31901140204670164,-0.1511945524779366,-0.27729756337419836,0.6393345168798117
3736,沈同,Shen Tong,970,cluster1_song_and_before,宋,works_general,工部,0,1,0,0,0,1,120.168625,30.294125,錢塘,0,0,0,0,0,4,0.8333333333333334,0.0022196352031567607,2.812741232688455e-07,-0.3765957911692267,1.1080305019352477,-0.25687825480206866,-0.15225866769293026,0.9092278734948482,-0.4210832521912416
3739,盛京,Sheng Jing,968,cluster1_song_and_before,宋,works_general,工部,0,1,0,0,0,1,114.34333,34.785477,開封,0,0,0,0,0,87,0.937984496124031,0.05072663142476155,1.2118688235662528e-05,1.4916053365462223,1.3650643606665078,2.62336032530728,-0.14333551553499643,-0.3918899761925293,0.8423193593235898
3759,蘇峴,Su Xian,1118,cluster1_song_and_before,宋,construction,将作/营缮,0,0,0,1,0,1,119.814385,31.363638,宜興,0,0,0,0,1,9,0.9444444444444444,0.00467933506142946,2.3877005111074763e-08,-0.2640535545598623,1.3809306482425119,-0.11082669566365486,-0.15245269601943198,0.8301060458323416,-0.12023274720987676
3802,宋松年,Song Songnian,1058,cluster1_song_and_before,宋,construction,将作/营缮,0,0,0,0,0,1,114.76066,34.49547,雍邱,0,0,0,0,1,17,1.0,0.008260109141534732,0.0,-0.08398597598487925,1.5173807213961439,0.10179178116507917,-0.15247069472655322,-0.29867658318667445,0.7607413397968225
3810,宋延年,Song Yannian,1058,cluster1_song_and_before,宋,construction,将作/营缮,0,0,0,0,0,1,114.76066,34.49547,雍邱,0,0,0,0,1,17,1.0,0.008260109141534732,0.0,-0.08398597598487925,1.5173807213961439,0.10179178116507917,-0.15247069472655322,-0.29867658318667445,0.7607413397968225
3829,唐拱,Tang Gong,977,cluster1_song_and_before,宋,astronomical,天文/历算,0,0,1,0,0,1,112.190773,30.350445,江陵,1,0,0,0,0,81,0.9478395061728395,0.0480991955594303,4.454354655888125e-06,1.356554652614985,1.3892692638241229,2.4673489715735384,-0.14911296102031443,-0.872677701993456,-0.4052406206004612
3830,唐淑問,Tang Shuwen,1040,cluster1_song_and_before,宋,works_general,工部,0,1,0,0,0,1,112.190773,30.350445,江陵,0,0,0,0,0,21,0.5904761904761905,0.009873829926389884,1.1551971611997477e-05,0.006047813302612277,0.5115487535779418,0.19761096652197402,-0.14376271176344463,-0.872677701993456,-0.4052406206004612
3838,田京,Tian Jing,992,cluster1_song_and_before,宋,works_general,工部,0,1,0,0,0,1,115.1844,33.896342,鹿邑,0,0,0,0,0,24,0.6557971014492754,0.0098126644193372,5.404791454172931e-05,0.07357315526823092,0.6719835290312496,0.1939790934540098,-0.11172887724042567,-0.2040314746339708,0.592208595128478
3842,刁衎,Diao Kan,945,cluster1_song_and_before,南唐,works_general,工部,0,0,0,0,0,1,118.76899,32.052563,江寧,0,0,0,0,0,7,0.6190476190476191,0.004246384833393218,6.536186560980038e-06,-0.30907044920360804,0.5817230769140955,-0.13653432646314181,-0.1475436568902066,0.5966102152393962,0.07355959953512392
3856,蔡拯,Cai Zheng,998,cluster1_song_and_before,宋,works_general,工部,0,1,0,0,0,1,115.646072,34.447662,宋城,0,0,0,0,0,5,0.9,0.002120565803566785,0.0,-0.3540873438473538,1.271770589719606,-0.2627607775108285,-0.15247069472655322,-0.10091400506360927,0.7472931059351041
3857,蔡蕃,Cai Fan,1064,cluster1_song_and_before,宋,construction,将作/营缮,0,0,1,0,0,1,115.646072,34.447662,宋城,0,0,0,0,1,14,0.7142857142857143,0.006598827392027784,2.8358846739939254e-06,-0.15151131795049788,0.8156374880346076,0.0031485304986876967,-0.1503329786503786,-0.10091400506360927,0.7472931059351041
3869,曹玘,Cao Qi,961,cluster1_song_and_before,宋,works_general,工部,0,0,0,0,0,1,114.365883,38.30547,靈壽,0,0,0,0,0,10,0.37777777777777777,0.004626129244826416,8.353529196316392e-05,-0.24154510723798941,-0.010860097924535196,-0.11398593984703424,-0.0895010196212183,-0.38685261570451934,1.832481864670293
3874,曹修古,Cao Xiugu,970,cluster1_song_and_before,宋,works_general,工部,0,1,0,0,0,1,118.323784,27.038864,建安,0,0,0,0,0,28,0.8121693121693122,0.012624668428940477,8.906001254201931e-06,0.16360694455572244,1.056049521686245,0.3609496970114853,-0.14575726867290276,0.497170534778936,-1.3367775127529573
3908,曾公望,Zeng Gongwang,1010,cluster1_song_and_before,宋,works_general,工部,0,0,1,0,0,1,118.589905,24.909641,晉江,0,0,0,0,0,41,0.41097560975609754,0.008483610306304864,0.004101248602329029,0.4562167597400699,0.07067714091117173,0.11506278798086701,2.939088404974071,0.5566104057685858,-1.9357209709137615
3915,杜甫,Du Fu,712,cluster1_song_and_before,唐,works_general,工部,0,0,0,0,0,1,108.906976,34.246423,長安,0,0,0,0,0,85,0.20448179271708683,0.014771347477320972,0.013090122271682618,1.4465884419024766,-0.4364925950222513,0.4884147700086063,9.714984451063101,-1.6061353022437168,0.6906852341542608
3927,杜佑,Du You,735,cluster1_song_and_before,唐,works_general,工部,1,0,1,0,0,1,108.906976,34.246423,長安,0,0,0,0,0,19,0.7426900584795322,0.0002258781607053057,7.17479486245184e-06,-0.038969081341133485,0.8854014352109006,-0.37526315595733156,-0.14706226805061315,-1.6061353022437168,0.6906852341542608
3933,汪逵,Wang Kui,1142,cluster1_song_and_before,宋,works_general,工部,0,1,0,0,0,1,118.240181,28.679602,玉山,0,0,0,0,0,97,0.6185567010309279,0.039834446476018255,0.00017582060480552712,1.7166898097649512,0.5805173325268763,1.9766063773255698,-0.019935497910462525,0.47849725632910484,-0.8752432856401369
3941,王洙,Wang Zhu,997,cluster1_song_and_before,宋,works_general,工部,0,1,0,0,0,1,115.646072,34.447662,宋城,0,0,0,0,0,188,0.46006371600864715,0.08624030037295828,0.0003979345259783959,3.7649585160553833,0.19124250331557757,4.732083754779689,0.14749602862080327,-0.10091400506360927,0.7472931059351041
3944,王仲端,Wang Zhongduan,1049,cluster1_song_and_before,宋,military_industrial,军器/制造,0,0,0,0,0,1,114.859356,34.92438,東明,0,0,0,1,0,15,1.0,0.004290730062277365,0.0,-0.129002870628625,1.5173807213961439,-0.13390120445961912,-0.15247069472655322,-0.27663218418323343,0.8813923184119096
3957,王渙,Wang Huan (2),983,cluster1_song_and_before,宋,works_general,工部,0,0,0,0,0,1,115.887953,34.510823,虞城,0,0,0,0,0,40,0.6846153846153846,0.019973759461050972,1.8867064240938623e-05,0.433708312418197,0.7427641522624481,0.7973225332662386,-0.13824852733450918,-0.04688829707796703,0.7650600884263205
3977,王慎言,Wang Shenyan,1011,cluster1_song_and_before,宋,construction,将作/营缮,0,0,1,0,0,1,112.38263,34.665276,洛陽,0,0,0,0,1,90,0.552059925093633,0.038953774070812235,6.046801967930934e-05,1.559130678511841,0.41719451358663423,1.924313989928011,-0.10688934265384908,-0.8298251825437993,0.808507211599097
3997,王禹偁,Wang Yucheng,954,cluster1_song_and_before,宋,works_general,工部,0,1,0,0,0,1,116.08870697,35.396209717,鉅野,0,0,0,0,0,162,0.27957978682616363,0.05260469269407129,0.0022827458885630527,3.1797388856866884,-0.25204431280450923,2.7348754663183366,1.5682842529456276,-0.0020485810185032144,1.0141164728865761
4001,魏了翁,Wei Liaoweng,1178,cluster1_song_and_before,宋,works_general,工部,1,1,0,0,0,1,103.502586,30.214197,蒲江,0,0,0,0,0,459,0.1530857855029445,0.13073261089555002,0.011768361432311874,9.864747740282935,-0.562726396017389,7.373939141988703,8.718628914784706,-2.813241259224773,-0.44356673688207865
4007,吳植,Wu Zhi,976,cluster1_song_and_before,宋,works_general,工部,0,0,0,0,0,1,118.536255,27.924686,浦城,0,0,0,0,0,3,0.6666666666666666,0.00014843328237875212,0.0,-0.3991042384910996,0.6986802824743514,-0.3798616622298899,-0.15247069472655322,0.5446273263475893,-1.0875986846100525
4042,楊沆,Yang Hang,1026,cluster1_song_and_before,宋,works_general,工部,0,0,0,0,0,1,120.618622,31.31271,吳縣,0,0,0,0,0,11,0.7272727272727273,0.0029738081019328247,2.6388850528562637e-05,-0.21903665991611654,0.8475349077328592,-0.21209712943194656,-0.13257853531541972,1.0097376552322135,-0.1345586268557452
4043,楊偰,Yang Xie,1115,cluster1_song_and_before,宋,works_general,工部,0,1,0,0,0,1,119.964065,30.550453,武康,0,0,0,0,0,49,0.9591836734693877,0.021091991998041133,0.0012506125449199613,0.6362843383150529,1.4171316880587814,0.8637207179705328,0.7902525996505378,0.8635380556689611,-0.34897902508894063
4053,楊坦,Yang Tan,942,cluster1_song_and_before,宋,works_general,工部,0,1,0,0,0,1,114.563645,38.14011,真定,0,0,0,0,0,2,1.0,0.0005686921940724623,0.0,-0.42161268581297245,1.5173807213961439,-0.354907613837261,-0.15247069472655322,-0.3426811757705982,1.7859666381104302
4056,姚憲,Yao Xian,1116,cluster1_song_and_before,宋,works_general,工部,1,1,1,0,0,1,120.815277,29.58749,嵊縣,0,0,0,0,0,12,1.0,0.006739994993207144,0.0,-0.19652821259424366,1.5173807213961439,0.011530751680158968,-0.15247069472655322,1.0536618394546882,-0.6198573639481882
4067,葉昭映,Ye Zhaoying,992,cluster1_song_and_before,宋,works_general,工部,0,0,0,0,0,1,118.169182,26.642174,劍浦,0,0,0,0,0,10,1.0,0.0026196983223355993,0.0,-0.24154510723798941,1.5173807213961439,-0.2331233880798832,-0.15247069472655322,0.4626391639561084,-1.448365110866358
4112,閻充國,Yan Chongguo,1019,cluster1_song_and_before,宋,works_general,工部,0,1,0,0,0,1,113.819748,34.031391,長社,0,0,0,0,0,38,0.9260312944523471,0.019725664153123143,1.7579756727347162e-06,0.38869141777445126,1.335706086301123,0.7825911804079148,-0.15114551641743804,-0.5088354503659407,0.6301974366359949
4118,晏防,Yan Fang,1063,cluster1_song_and_before,宋,construction,将作/营缮,0,0,1,0,0,1,116.351341,27.984781,臨川,0,0,0,0,1,1,0.0,3.7056323637843556e-36,0.0,-0.44412113313484536,-0.9387205953692331,-0.3886753035554917,-0.15247069472655322,0.0566124523486191,-1.0706941578797973
4124,尹仲宣,Yin Zhongxuan,967,cluster1_song_and_before,宋,works_general,工部,0,1,0,0,0,1,112.38263,34.665276,洛陽,0,0,0,0,0,109,0.6250424736663269,0.05324219551951411,0.0030212484082595735,1.9867911776274256,0.5964470472369209,2.7727289797451546,2.1249742774476954,-0.8298251825437993,0.808507211599097
4153,趙宗道,Zhao Zongdao,999,cluster1_song_and_before,宋,construction,将作/营缮,0,0,1,0,0,1,114.40882874,35.039676666,封丘,0,0,0,0,1,53,0.5870827285921626,0.02191375688350754,3.144497813043201e-05,0.7263181276025444,0.5032140673761878,0.912515306612682,-0.12876717960098438,-0.37726040296987795,0.9138248930405185
4165,謝微,Xie Wei,985,cluster1_song_and_before,宋,works_general,工部,0,1,0,0,0,1,118.589905,24.909641,晉江,0,0,0,0,0,27,0.8404558404558404,0.011771562011193708,2.936450851447061e-06,0.14109849723384957,1.125524101057508,0.3102941172244458,-0.15025717093639343,0.5566104057685858,-1.9357209709137615
4175,韓瀆,Han Du (2),980,cluster1_song_and_before,宋,works_general,工部,0,0,0,0,0,0,,,,0,0,0,0,0,47,0.9204440333024977,0.02313790984412143,5.457970666011035e-06,0.5912674436713072,1.321983206833866,0.9852028127408146,-0.14835642599658078,-3.174087617753835e-15,-1.9987334503111837e-15
4205,魏紹,Wei Shao,1038,cluster1_song_and_before,宋,construction,将作/营缮,0,0,1,0,0,1,116.720093,32.705585,下蔡,0,0,0,0,1,10,0.28888888888888886,0.0017143085040330227,0.00018327451016711106,-0.24154510723798941,-0.22918021497034652,-0.28688344101739743,-0.014316675160769732,0.13897563040362226,0.2572525499377284
4207,吳待問,Wu Daiwen,970,cluster1_song_and_before,宋,works_general,工部,0,1,0,0,0,1,113.719086,34.397324,新鄭,0,0,0,0,0,29,0.603448275862069,0.010826393287629691,2.546101076363035e-05,0.18611539187759532,0.5434095095753908,0.254172080521021,-0.13327794950521343,-0.5313189683654979,0.7331331913573916
7011,張諷,Zhang Feng,1015,cluster1_song_and_before,宋,works_general,工部,0,0,1,0,0,1,120.618622,31.31271,吳縣,0,0,0,0,0,17,0.41911764705882354,0.005491503560859498,0.00019853239288042588,-0.08398597598487925,0.09067480945154988,-0.06260191928457191,-0.002815142159886569,1.0097376552322135,-0.1345586268557452
7024,范杲,Fan Gao,1039,cluster1_song_and_before,宋,works_general,工部,0,0,1,0,0,1,114.34333,34.785477,開封,0,0,0,0,0,7,0.5238095238095238,0.0015054878740655524,0.00017414060785466695,-0.30907044920360804,0.34780866579358344,-0.29928275001619215,-0.02120189513835834,-0.3918899761925293,0.8423193593235898
7034,謝綸,Xie Lun,994,cluster1_song_and_before,宋,construction,将作/营缮,0,0,0,0,0,1,120.637787,31.167065,吳江,0,0,0,0,1,7,0.5714285714285714,0.0027929717293977358,1.4197998463350795e-05,-0.30907044920360804,0.46476587135383934,-0.22283479487062002,-0.14176811226862052,1.0140182836963958,-0.17552808846865717
7042,李維,Li Wei,955,cluster1_song_and_before,宋,works_general,工部,0,1,0,0,0,1,114.34333,34.785477,開封,0,0,0,0,0,43,0.46622369878183834,0.01415077355281177,8.950037770346707e-05,0.5012336543838156,0.20637204511606447,0.4515664574267365,-0.08500448286154563,-0.3918899761925293,0.8423193593235898
7046,劉光世,Liu Guangshi,1089,cluster1_song_and_before,宋,military_industrial,军器/制造,0,0,0,0,0,1,120.168625,30.294125,錢塘,0,0,0,1,0,16,0.44166666666666665,0.0033945520629433735,8.052652999699049e-06,-0.10649442330675213,0.14605748620214165,-0.18711427987939364,-0.14640053047369286,0.9092278734948482,-0.4210832521912416
7053,呂誨,Lv Hui,1014,cluster1_song_and_before,宋,works_general,工部,0,1,0,0,0,1,112.38263,34.665276,洛陽,0,0,0,0,0,172,0.4726642186862505,0.08011551129166614,0.00027766435061171463,3.4048233589054173,0.22219061453394487,4.3684072713632,0.05683525890635541,-0.8298251825437993,0.808507211599097
7059,梅堯臣,Mei Yaochen,1002,cluster1_song_and_before,宋,works_general,工部,0,1,1,0,0,1,118.7425,30.946941,宣城,0,0,0,0,0,199,0.34201309578194,0.07933321390890617,0.003218635118687523,4.012551436595985,-0.0987017804682073,4.321956176089231,2.2737662039934206,0.5906934999763558,-0.23744824891412958
7063,司馬宏,Sima Hong,1036,cluster1_song_and_before,宋,construction,将作/营缮,0,0,0,0,0,1,111.220055,35.137451,夏縣,0,0,0,0,1,39,0.9311740890688259,0.020926095741840955,1.494740085268108e-06,0.4111998650963241,1.3483373109305106,0.8538701637284081,-0.1513439458360632,-1.0894939347873003,0.9413284930510998
7068,蔡交,Cai Jiao,1002,cluster1_song_and_before,宋,works_general,工部,0,0,1,0,0,1,119.94828,36.788235,膠水,0,0,0,0,0,112,0.6801801801801802,0.05758356238341974,0.00042397124976842066,2.054316519593044,0.7318708408090189,3.030509780574459,0.16712275164211235,0.8600123723761278,1.4056886270701883
7069,蔡天球,Cai Tianqiu,1025,cluster1_song_and_before,宋,works_general,工部,0,1,0,0,0,1,115.646072,34.447662,宋城,0,0,0,0,0,14,0.7582417582417582,0.006942760911034036,1.7946717572945719e-06,-0.15151131795049788,0.9235979854748438,0.023570545209905043,-0.15111785456975585,-0.10091400506360927,0.7472931059351041
7070,崔保孫,Cui Baosun,1044,cluster1_song_and_before,宋,construction,将作/营缮,0,0,1,0,0,1,114.195343,34.107433,鄢陵,0,0,0,0,1,46,0.7758454106280194,0.02300647213651746,5.098491717185893e-06,0.5687589963494343,0.9668343392806198,0.9773983312059742,-0.14862740455046802,-0.42494384337379415,0.6515878022508058
7097,楊億,Yang Yi,974,cluster1_song_and_before,宋,works_general,工部,0,1,0,0,0,1,118.536255,27.924686,浦城,0,0,0,0,0,213,0.2068385153689432,0.0624651760568752,0.007671176867263715,4.327669699102206,-0.43070424541377605,3.3203692468510657,5.630133323945763,0.5446273263475893,-1.0875986846100525
7099,楊忱,Yang Chen,1024,cluster1_song_and_before,宋,construction,将作/营缮,0,0,1,0,0,1,112.38263,34.665276,洛陽,0,0,0,0,1,89,0.9021961184882533,0.05108701325728912,2.660924383404863e-05,1.5366222311899682,1.2771644792303778,2.644759004641584,-0.13241240080489497,-0.8298251825437993,0.808507211599097
7108,薛仲孺,Xue Zhongru,1007,cluster1_song_and_before,宋,works_general,工部,0,0,0,0,0,1,111.216148,35.616409,正平,0,0,0,0,0,81,0.9342592592592592,0.04744359140135897,3.078916647321542e-05,1.356554652614985,1.355914801497679,2.4284206408904665,-0.12926153648912966,-1.0903665888655445,1.0760578101934477
7109,薛儀,Xue Yi,998,cluster1_song_and_before,宋,construction,将作/营缮,0,0,1,0,0,1,110.801264,35.36078,萬泉,0,0,0,0,1,51,0.792156862745098,0.023399898920724718,0.0006592081111886499,0.6813012329587987,1.006896918303732,1.0007591469766566,0.3444464718125337,-1.1830336517266868,1.0041502095024033
7120,晁仲約,Chao Zhongyue,1012,cluster1_song_and_before,宋,works_general,工部,0,1,0,0,0,1,116.08870697,35.396209717,鉅野,0,0,0,0,0,8,0.6785714285714286,0.0029114726577832697,9.62358887112433e-07,-0.2865620018817352,0.7279195838644156,-0.21579847078748143,-0.15174525970343838,-0.0020485810185032144,1.0141164728865761
7121,晁宗恪,Chao Zongke,1007,cluster1_song_and_before,宋,construction,将作/营缮,0,0,1,0,0,1,114.34333,34.785477,開封,0,0,0,0,1,29,0.9384236453201971,0.010624458911312367,9.381538959880273e-07,0.18611539187759532,1.366142955585468,0.2421816620943194,-0.15176350564944768,-0.3918899761925293,0.8423193593235898
7126,陳希亮,Chen Xiliang,1000,cluster1_song_and_before,宋,works_general,工部,0,1,0,0,0,1,112.38263,34.665276,洛陽,0,0,0,0,0,57,0.8634085213032582,0.0322566235871318,1.397860803789906e-05,0.816351916890036,1.1818982107101463,1.5266519472863567,-0.14193349079890696,-0.8298251825437993,0.808507211599097
7144,錢俁,Qian Yu (2),1121,cluster1_song_and_before,宋,construction,将作/营缮,0,1,0,0,0,1,120.733788,31.646582,常熟,0,0,0,0,1,3,1.0,0.0008181176100741059,0.0,-0.3991042384910996,1.5173807213961439,-0.3400972820915945,-0.15247069472655322,1.0354607367717918,-0.040641526456649514
7161,張保孫,Zhang Baosun,1015,cluster1_song_and_before,宋,construction,将作/营缮,0,0,1,0,0,1,115.563812,37.565983,信都,0,0,0,0,1,29,0.8472906403940886,0.012209063740464514,2.7531513460296352e-06,0.18611539187759532,1.1423110621856674,0.336272006140789,-0.1503953437976099,-0.1192873156539382,1.6244665928810267
7179,趙善堅,Zhao Shanjian,1136,cluster1_song_and_before,宋,works_general,工部,0,1,0,0,0,1,113.838638,27.631424,萍鄉,0,0,0,0,0,83,0.6902732882750514,0.03214876940445905,2.2588713036792948e-05,1.401571547258731,0.7566605368910873,1.520247803510044,-0.13544311407714668,-0.5046162449556408,-1.170092324978936
7186,鄭民彝,Zheng Minyi,1021,cluster1_song_and_before,宋,construction,将作/营缮,0,1,1,0,0,1,120.618622,31.31271,吳縣,0,0,0,0,1,18,0.7908496732026143,0.0055924130444782,3.784403980625403e-06,-0.06147752866300637,1.003686328347176,-0.05661013643968723,-0.1496179760309341,1.0097376552322135,-0.1345586268557452
7214,范仲溫,Fan Zhongwen,985,cluster1_song_and_before,宋,construction,将作/营缮,0,0,1,0,0,1,120.618622,31.31271,吳縣,0,0,0,0,1,45,1.0,0.02379380843786903,0.0,0.5462505490275614,1.5173807213961439,1.0241486263657342,-0.15247069472655322,1.0097376552322135,-0.1345586268557452
7239,謝景初,Xie Jingchu,1020,cluster1_song_and_before,宋,works_general,工部,0,1,0,0,0,1,112.080963,32.684826,穰縣,0,0,0,0,0,183,0.4860385516123221,0.08840798859307432,0.00040581675244388875,3.652416279446019,0.2550393312445279,4.860796306113593,0.1534377237771167,-0.8972044857999697,0.25141311120915977
7240,謝景平,Xie Jingping,1032,cluster1_song_and_before,宋,construction,将作/营缮,0,1,1,0,0,1,112.080963,32.684826,穰縣,0,0,0,0,1,125,0.6317419354838709,0.06459099371780193,6.0894332274545535e-05,2.346926334777392,0.6129016042286101,3.4465956166165035,-0.10656798427962837,-0.8972044857999697,0.25141311120915977
7272,李處厚,Li Chuhou,1012,cluster1_song_and_before,宋,works_general,工部,0,1,0,0,0,1,119.534469,26.198015,連江,0,0,0,0,0,5,1.0,0.003583967895915843,0.0,-0.3540873438473538,1.5173807213961439,-0.17586718497954776,-0.15247069472655322,0.7675849711034066,-1.5733055832514693
7279,李兌,Li Dui,997,cluster1_song_and_before,宋,works_general,工部,0,1,0,0,0,1,113.9697,33.8078,臨穎,0,0,0,0,0,41,0.4951219512195122,0.012616203648825769,0.0002528395293839393,0.4562167597400699,0.27734908098045347,0.36044707701524514,0.03812207923673319,-0.4753426875451188,0.5673020204425611
7288,林高,Lin Gao,985,cluster1_song_and_before,宋,works_general,工部,0,1,0,0,0,1,120.618622,31.31271,吳縣,0,0,0,0,0,42,0.6387921022067363,0.01657765804870695,2.9598586942888237e-05,0.47872520706194277,0.6302175280000551,0.5956695126357748,-0.13015900634228855,1.0097376552322135,-0.1345586268557452
7308,歐陽發,Ouyang Fa,1040,cluster1_song_and_before,宋,construction,将作/营缮,0,1,1,0,0,1,113.719086,34.397324,新鄭,0,0,0,0,1,120,0.6490196078431373,0.06297637165249331,0.00024476213077414676,2.2343840981680274,0.6553373180608449,3.3507229152117026,0.03203326151428832,-0.5313189683654979,0.7331331913573916
7317,邊肅,Bian Su,940,cluster1_song_and_before,宋,works_general,工部,0,1,0,0,0,1,115.701694,34.704596,楚丘,0,0,0,0,0,16,0.5,0.0048283730917586505,5.718713136580094e-05,-0.10649442330675213,0.2893300630134553,-0.10197714573694863,-0.10936250658616185,-0.08849046650713949,0.8195677988531728
7323,沈周,Shen Zhou,978,cluster1_song_and_before,宋,works_general,工部,1,1,0,0,0,1,120.168625,30.294125,錢塘,0,0,0,0,0,112,0.6568532818532818,0.0553435734119953,0.00033367747752325835,2.054316519593044,0.6745776151122717,2.897504169898394,0.09905847163911435,0.9092278734948482,-0.4210832521912416
7328,沈惟溫,Shen Weiwen,988,cluster1_song_and_before,宋,construction,将作/营缮,0,0,1,0,0,1,114.856377,34.063873,太康,0,0,0,0,1,10,0.6444444444444445,0.003623227809146826,0.00034328038222803005,-0.24154510723798941,0.6441002532128988,-0.17353601781712388,0.10629722995450533,-0.27729756337419836,0.6393345168798117
7336,石元之,Shi Yuanzhi,1004,cluster1_song_and_before,宋,works_general,工部,0,1,0,0,0,1,120.902107,29.494654,新昌,0,0,0,0,0,7,1.0,0.0008872819152668767,0.0,-0.30907044920360804,1.5173807213961439,-0.33599045801053656,-0.15247069472655322,1.0730558895222577,-0.6459718267742123
7358,崔公孺,Cui Gongru,1014,cluster1_song_and_before,宋,construction,将作/营缮,0,0,1,0,0,1,114.195343,34.107433,鄢陵,0,0,0,0,1,33,0.9412878787878788,0.014579341463285947,5.342378376244476e-07,0.27614918116508685,1.3731778031769644,0.4770138758631473,-0.15206798130718763,-0.42494384337379415,0.6515878022508058
7365,曾槃,Zeng Pan,1144,cluster1_song_and_before,宋,works_general,工部,0,0,0,0,0,1,120.578262,30.004515,山陰,0,0,0,0,0,12,0.8333333333333334,0.004568531303394244,0.00017164019111401502,-0.19652821259424366,1.1080305019352477,-0.11740597872740362,-0.023086732386023937,1.0007229844879177,-0.5025495969179097
7390,魏琰,Wei Yan,1000,cluster1_song_and_before,宋,works_general,工部,0,0,1,0,0,1,117.844589,29.244728,婺源,0,0,0,0,0,12,0.6515151515151515,0.003348176370355681,3.2983926117199455e-05,-0.19652821259424366,0.6614666261597245,-0.18986796634474665,-0.12760710638577985,0.3901391882152088,-0.7162751922386555
7391,文及甫,Wen Jifu,1036,cluster1_song_and_before,宋,works_general,工部,0,0,0,0,0,1,110.855438,34.911781,解縣,0,0,0,0,0,54,0.5897973445143256,0.024800545696708063,3.365230138418415e-05,0.7488265749244173,0.5098814391171247,1.083926467065139,-0.1271032789324799,-1.1709335334684754,0.8778482609649588
7397,吳材,Wu Cai,1058,cluster1_song_and_before,宋,works_general,工部,0,1,0,0,0,1,119.12091,28.082565,龍泉,0,0,0,0,0,47,0.7280296022201665,0.02322335837072783,1.0698414581179079e-05,0.5912674436713072,0.8493938692878915,0.9902765580170813,-0.14440613094175084,0.6752138556836949,-1.0431878388550666
7411,孫寔,Sun Shi,1028,cluster1_song_and_before,宋,construction,将作/营缮,0,0,0,0,0,1,113.467056,34.162491,陽翟,0,0,0,0,1,8,0.7142857142857143,0.0053078635530697275,6.427528332889288e-06,-0.2865620018817352,0.8156374880346076,-0.07350605840857102,-0.14762556446674818,-0.5876115220742312,0.6670754373737681
8001,晁宗愨,Chao Zongque,985,cluster1_song_and_before,宋,works_general,工部,1,1,1,0,0,1,114.34333,34.785477,開封,0,0,0,0,0,30,0.5517241379310345,0.013056006170427159,3.8324948453668754e-05,0.2086238391994682,0.4163697862944231,0.3865615819117883,-0.12358099438743891,-0.3918899761925293,0.8423193593235898
8006,錢惟演,Qian Weiyan,977,cluster1_song_and_before,宋,works_general,工部,1,0,1,0,0,1,114.34333,34.785477,開封,0,0,0,0,0,102,0.6554067171423025,0.051159565490536685,0.0007131223501012752,1.8292320463743155,0.6710247056208489,2.6490669964273064,0.3850875233740279,-0.3918899761925293,0.8423193593235898
8012,張洎,Zhang Ji,933,cluster1_song_and_before,宋,works_general,工部,1,1,0,0,0,1,118.264374,32.098347,全椒,0,0,0,0,0,22,0.46320346320346323,0.0066874986951684845,2.9824578038722147e-05,0.028556260624485158,0.19895404053507573,0.008413637146142083,-0.1299886521656654,0.48390092157481046,0.08643848882404895
8013,張宏,Zhang Hong,939,cluster1_song_and_before,宋,works_general,工部,0,1,0,0,0,1,118.478098,36.69748,益都,0,0,0,0,0,7,0.7142857142857143,0.0021377883064429715,8.556263358521018e-06,-0.30907044920360804,0.8156374880346076,-0.26173814322930306,-0.1460209043309042,0.5316375789126077,1.3801595427303213
8016,張昪,Zhang Bian,992,cluster1_song_and_before,宋,works_general,工部,1,1,0,0,0,1,110.437637,35.465939,韓城,0,0,0,0,0,152,0.5117636807249912,0.0715119218458318,0.0006336358913189022,2.9546544124679595,0.3182228547321138,3.857545082822311,0.3251698961392209,-1.2642521274138891,1.0337310918790883
8033,周起,Zhou Qi,970,cluster1_song_and_before,宋,construction,将作/营缮,0,1,0,0,0,1,117.684446,37.041858,鄒平,0,0,0,0,1,87,0.9497460572039561,0.05154249621585304,5.43562655986915e-06,1.4916053365462223,1.3939519463221284,2.6718045793426994,-0.14837326919029217,0.35437019869579534,1.477031946529501
8048,韓崇訓,Han Chongxun,941,cluster1_song_and_before,宋,military_industrial,军器/制造,0,0,1,0,0,1,114.191864,36.697582,武安,0,0,0,1,0,1,0.0,0.0004238528695739845,0.0,-0.44412113313484536,-0.9387205953692331,-0.36350785386102247,-0.15247069472655322,-0.4257209008445421,1.380188234996341
8049,韓億,Han Yi,972,cluster1_song_and_before,宋,works_general,工部,1,1,0,0,0,1,114.76066,34.49547,雍邱,0,0,0,0,0,90,0.5393258426966292,0.04078103791561098,0.00025468724883618497,1.559130678511841,0.3859183170435544,2.0328128917726938,0.03951490723624536,-0.29867658318667445,0.7607413397968225
8057,席益,Xi Yi,1091,cluster1_song_and_before,宋,works_general,工部,1,1,0,0,0,1,112.38263,34.665276,洛陽,0,0,0,0,0,11,0.8181818181818182,0.006956162996410402,1.1370537205973566e-06,-0.21903665991611654,1.0708168456206208,0.024366331516246925,-0.15161357312344803,-0.8298251825437993,0.808507211599097
8070,管師仁,Guan Shiren,1043,cluster1_song_and_before,宋,works_general,工部,0,1,0,0,0,1,119.12091,28.082565,龍泉,0,0,0,0,0,0,0.0,7.067932822769843e-42,0.0,-0.4666295804567182,-0.9387205953692331,-0.3886753035554917,-0.15247069472655322,0.6752138556836949,-1.0431878388550666
8071,郭三益,Guo Sanyi,1058,cluster1_song_and_before,宋,works_general,工部,0,1,0,0,0,1,119.952301,31.782784,武進,0,0,0,0,0,9,1.0,0.0022144276214818735,0.0,-0.2640535545598623,1.5173807213961439,-0.25718746953019894,-0.15247069472655322,0.8609104891021656,-0.002328349824414023
8072,郭逵,Guo Kui,1022,cluster1_song_and_before,宋,military_industrial,军器/制造,0,0,0,0,0,1,112.38263,34.665276,洛陽,0,0,0,1,0,91,0.5540903540903541,0.03944338122050227,0.0001385495196597116,1.581639125833714,0.4221814529190796,1.9533857839263893,-0.048030786348434315,-0.8298251825437993,0.808507211599097
8074,李至,Li Zhi,947,cluster1_song_and_before,宋,works_general,工部,1,1,0,0,0,1,113.641312,34.758076,管城,0,0,0,0,0,22,0.39826839826839827,0.004743834362092599,0.0012744407336544167,0.028556260624485158,0.039466942043817434,-0.10699686927507915,0.8082145085359332,-0.5486903014295904,0.8346115477429978
8075,李昉,Li Fang,925,cluster1_song_and_before,宋,works_general,工部,1,1,0,0,0,1,114.34333,34.785477,開封,0,0,0,0,0,33,0.25,0.0073383758871383015,0.00045437841615849223,0.27614918116508685,-0.3246952661778889,0.04706129099508793,0.19004395468646149,-0.3918899761925293,0.8423193593235898
8087,劉昌言,Liu Changyan,953,cluster1_song_and_before,宋,works_general,工部,0,1,0,0,0,1,118.537849,24.953764,南安,0,0,0,0,0,14,0.43956043956043955,0.0018966582530784842,0.0014273131207841391,-0.15151131795049788,0.14088437903313034,-0.2760559146153385,0.9234511267832302,0.5449833567035451,-1.9233093154862047
8090,劉沆,Liu Hang (2),995,cluster1_song_and_before,宋,works_general,工部,1,1,0,0,0,1,114.23687,26.945564,永新,0,0,0,0,0,70,0.7287784679089027,0.03336966092959981,0.0001272133402473034,1.1089617320743834,0.8512331592920767,1.5927416527843625,-0.05657610315716596,-0.41566851552448003,-1.3630224972597011
8093,劉大中,Liu Dazhong,1115,cluster1_song_and_before,宋,works_general,工部,0,1,0,0,0,1,119.177627,32.267544,揚子,0,0,0,0,0,48,1.0,0.021090633636560815,0.0,0.6137758909931801,1.5173807213961439,0.8636400614581512,-0.15247069472655322,0.6878819696728966,0.13403305092037987
8104,孟忠厚,Meng Zhonghou,1094,cluster1_song_and_before,宋,construction,将作/营缮,0,0,1,0,0,1,120.618622,31.31271,長洲,0,0,0,0,1,49,0.6683673469387755,0.01388793574299833,2.3780975959627573e-05,0.6362843383150529,0.702857325530075,0.4359597272825406,-0.13454437526715798,1.0097376552322135,-0.1345586268557452
8109,盛度,Sheng Du,968,cluster1_song_and_before,宋,works_general,工部,1,1,0,0,0,1,114.34333,34.785477,開封,0,0,0,0,0,121,0.6771349862258953,0.06407869032971358,0.00015286496056514642,2.2568925454899005,0.7243915359280937,3.416176169979328,-0.03723967469226923,-0.3918899761925293,0.8423193593235898
8116,蘇頌,Su Song,1020,cluster1_song_and_before,宋,works_general,工部,1,1,0,0,0,1,118.58990479,24.909641266,泉州,0,0,0,0,0,370,0.17944774042335018,0.11170734017140636,0.00741665548198096,7.8614959286362485,-0.49797876382487116,6.2442604769491,5.438272751462432,0.5566103588637091,-1.9357208960888321
8150,王化基,Wang Huaji,944,cluster1_song_and_before,宋,works_general,工部,1,1,0,0,0,1,114.563645,38.14011,真定,0,0,0,0,0,8,0.6071428571428571,0.00271336488359803,4.5786338405955275e-05,-0.2865620018817352,0.5524837755240313,-0.22756167400915972,-0.11795652968410279,-0.3426811757705982,1.7859666381104302
8153,王旦,Wang Dan,957,cluster1_song_and_before,宋,works_general,工部,1,1,0,0,0,1,114.34333,34.785477,開封,0,0,0,0,0,202,0.3272252598394168,0.07682914099850277,0.0030755540595914267,4.080076778561604,-0.13502220379874888,4.173269842864205,2.165910379308192,-0.3918899761925293,0.8423193593235898
8160,溫益,Wen Yi,1037,cluster1_song_and_before,宋,works_general,工部,0,1,0,0,0,1,118.589905,24.909641,晉江,0,0,0,0,0,19,1.0,0.006178961199108877,0.0,-0.038969081341133485,1.5173807213961439,-0.02178219911820925,-0.15247069472655322,0.5566104057685858,-1.9357209709137615
8165,吳育,Wu Yu,1004,cluster1_song_and_before,宋,construction,将作/营缮,1,1,0,0,0,1,113.719086,34.397324,新鄭,0,0,0,0,1,163,0.43527986063773383,0.06971789181598058,0.00027527389904478906,3.2022473330085615,0.1303708435045547,3.751019531698806,0.05503331442293014,-0.5313189683654979,0.7331331913573916
8166,楊礪,Yang Li,931,cluster1_song_and_before,宋,works_general,工部,0,1,0,0,0,1,108.603897,34.11182,鄠縣,0,0,0,0,0,0,0.0,7.067932822769843e-42,0.0,-0.4666295804567182,-0.9387205953692331,-0.3886753035554917,-0.15247069472655322,-1.673829984961999,0.652821850986402
8177,陳彭年,Chen Pengnian,961,cluster1_song_and_before,宋,works_general,工部,1,1,0,0,0,1,116.627449,27.559717,南城,0,0,0,0,0,26,0.38153846153846155,0.006427099886676247,3.483699794110864e-05,0.11859004991197668,-0.0016234775879815917,-0.007048270472450015,-0.12621024371904174,0.11828298529870547,-1.1902632692878865
10061,蔡杭,Cai Hang,1193,cluster1_song_and_before,宋,works_general,工部,1,1,0,0,0,1,118.10537,27.33988,建陽,0,0,0,0,0,76,0.5385964912280702,0.02519121904345584,0.0005671428644313275,1.2440124160056207,0.38412695594124185,1.1071237897849946,0.275046837950507,0.4483863351767474,-1.2521026975730851
10138,俞仲溫,Yu Zhongwen,1275,cluster1_song_and_before,元,medical,医学/医官,0,0,0,0,0,1,120.618622,31.31271,吳縣,0,1,0,0,0,0,0.0,7.067932822769843e-42,0.0,-0.4666295804567182,-0.9387205953692331,-0.3886753035554917,-0.15247069472655322,1.0097376552322135,-0.1345586268557452
10164,洪芹,Hong Qin,1205,cluster1_song_and_before,宋,construction,将作/营缮,0,1,0,0,0,1,116.663833,28.994167,鄱陽,0,0,0,0,1,5,0.8,0.0026551952581994774,2.2194985101606245e-06,-0.3540873438473538,1.0261604580430685,-0.2310156582240965,-0.15079761623724575,0.126409590362144,-0.7867571811239099
10178,周濤,Zhou Tao,1023,cluster1_song_and_before,宋,works_general,工部,0,1,0,0,0,1,119.91124,32.495872,海陵,0,0,0,0,0,85,0.9773109243697479,0.05049188030966495,1.455135085933761e-06,1.4465884419024766,1.4616540528644921,2.6094213212234987,-0.15137380045058627,0.8517392454096123,0.1982609697034001
10226,趙崇絢,Zhao Chongxuan,1196,cluster1_song_and_before,宋,construction,将作/营缮,0,0,0,0,0,1,121.542656,29.866316,鄞縣,0,0,0,0,1,49,1.0,0.028577298542388448,0.0,0.6362843383150529,1.5173807213961439,1.3081817312742516,-0.15247069472655322,1.2161267103990354,-0.541424523111345
10231,袁灼,Yuan Zhuo,1061,cluster1_song_and_before,宋,military_industrial,军器/制造,0,1,0,0,0,1,121.542656,29.866316,鄞縣,0,0,0,1,0,27,0.698005698005698,0.009355074916708605,6.254986652840909e-06,0.14109849723384957,0.7756521186122978,0.1668084368068164,-0.1477556279797789,1.2161267103990354,-0.541424523111345
10242,王埜,Wang Ye,1197,cluster1_song_and_before,宋,military_industrial,军器/制造,0,1,1,0,0,1,119.649918,29.104712,金華,0,0,0,1,0,60,0.5915254237288136,0.020162014671666395,0.0004601872519960563,0.8838772588556546,0.5141257767513034,0.8085007129672453,0.19442270882540594,0.7933712625493429,-0.7556612345826669
10304,趙師淵,Zhao Shiyuan,1142,cluster1_song_and_before,宋,construction,将作/营缮,0,1,0,0,0,1,121.258354,28.642613,黃巖,0,0,0,0,1,83,0.5315897737290626,0.028940596907806985,6.34897831614924e-05,1.401571547258731,0.36691774786572623,1.329753587906823,-0.10461150941419105,1.152625993799822,-0.8856481702266311
10334,袁韶,Yuan Shao,1157,cluster1_song_and_before,宋,military_industrial,军器/制造,0,1,0,0,0,1,121.542656,29.866316,鄞縣,0,0,0,1,0,9,1.0,0.003550743798387384,0.0,-0.2640535545598623,1.5173807213961439,-0.17783995870178787,-0.15247069472655322,1.2161267103990354,-0.541424523111345
10377,史岩之,Shi Yanzhi,1193,cluster1_song_and_before,宋,construction,将作/营缮,0,1,0,0,0,1,121.542656,29.866316,鄞縣,0,0,0,0,1,3,0.6666666666666666,0.0011240373495829904,1.6470058935098904e-05,-0.3991042384910996,0.6986802824743514,-0.3219324418667932,-0.1400554120868968,1.2161267103990354,-0.541424523111345
10438,趙希悅,Zhao Xiyue,1181,cluster1_song_and_before,宋,works_general,工部,0,1,0,0,0,1,121.258354,28.642613,黃巖,0,0,0,0,0,12,0.9242424242424242,0.004799557282082848,0.0,-0.19652821259424366,1.331312439823009,-0.10368816503746696,-0.15247069472655322,1.152625993799822,-0.8856481702266311
10473,陳宗憲,Chen Zongxian,969,cluster1_song_and_before,宋,works_general,工部,0,0,0,0,0,1,114.34333,34.785477,開封,0,0,0,0,0,3,1.0,1.9428185807437722e-30,0.0,-0.3991042384910996,1.5173807213961439,-0.3886753035554917,-0.15247069472655322,-0.3918899761925293,0.8423193593235898
10474,陳宗纘,Chen Zongzuan,969,cluster1_song_and_before,宋,works_general,工部,0,0,0,0,0,1,114.34333,34.785477,開封,0,0,0,0,0,3,1.0,1.9428185807437722e-30,0.0,-0.3991042384910996,1.5173807213961439,-0.3886753035554917,-0.15247069472655322,-0.3918899761925293,0.8423193593235898
10565,胡銓,Hu Quan,1102,cluster1_song_and_before,宋,works_general,工部,0,1,0,0,0,1,114.971275,27.103239,廬陵,0,0,0,0,0,279,0.25855444676516853,0.09472028403034742,0.0019193653252897807,5.813227222345816,-0.3036846782137591,5.235606503892537,1.2943646260291184,-0.251634341392583,-1.318669036036756
10566,楊萬里,Yang Wanli,1127,cluster1_song_and_before,宋,construction,将作/营缮,0,1,0,0,0,1,115.132248,27.214367,吉水,0,0,0,0,1,355,0.21572372085621072,0.11842298355869112,0.011955755903478216,7.523869218808155,-0.40888128051676736,6.643020587468965,8.859888599027913,-0.21567996592872687,-1.2874090935044358
10681,杜訢,Du Xin,1008,cluster1_song_and_before,宋,works_general,工部,0,0,0,0,0,1,115.646072,34.447662,宋城,0,0,0,0,0,91,0.7914529914529914,0.04955121033079042,2.181085240881525e-05,1.581639125833714,1.0051681390963556,2.5535664100695006,-0.1360294726074142,-0.10091400506360927,0.7472931059351041
10730,何鳳,He Feng,1250,cluster1_song_and_before,元,medical,医学/医官,0,0,0,1,0,1,119.47885132,29.204452515,蘭溪州,0,1,0,0,0,2,1.0,3.711159191797523e-05,0.0,-0.42161268581297245,1.5173807213961439,-0.38647169898012085,-0.15247069472655322,0.7551623974472746,-0.7276045542946745
10759,岳珂,Yue Ke,1183,cluster1_song_and_before,宋,works_general,工部,0,0,0,0,0,1,117.481834,30.654661,貴池,0,0,0,0,0,60,0.5067796610169492,0.01724432796839351,0.0004879064032339759,0.8838772588556546,0.30598159736440705,0.6352549038669144,0.21531766120573792,0.3091154794479559,-0.31966565589838564
10831,李心傳,Li Xinchuan,1167,cluster1_song_and_before,宋,works_general,工部,0,1,0,1,0,1,104.077438,29.65851,井研,0,0,0,0,0,102,0.46476412347117063,0.03375417869064376,0.00019963712076177548,1.8292320463743155,0.20278718027361528,1.6155734703851972,-0.0019823880731579934,-2.6848442942421418,-0.5998796704897854
10890,陳守,Chen Shou,1148,cluster1_song_and_before,宋,construction,将作/营缮,0,0,1,0,0,1,119.011101,25.433954,莆田,0,0,0,0,1,70,0.6140786749482402,0.024674898643044826,0.000408859767182187,1.1089617320743834,0.5695188467686775,1.0764658218051313,0.155731576410036,0.6506872952337401,-1.788233440777808
10892,陳宓,Chen Mi,1171,cluster1_song_and_before,宋,military_industrial,军器/制造,0,0,1,0,0,1,119.011101,25.433954,莆田,0,0,0,1,0,135,0.37722498618021005,0.04060826144664298,0.0009882504760453726,2.572010807996121,-0.012217810095218095,2.0225538056527608,0.5924816474129918,0.6506872952337401,-1.788233440777808
10895,陳增,Chen Zeng,1200,cluster1_song_and_before,宋,construction,将作/营缮,0,0,1,0,0,1,119.011101,25.433954,莆田,0,0,0,0,1,66,0.6713286713286714,0.02472703709892407,1.8444622376920256e-05,1.0189279427868918,0.7101306382634676,1.0795616884600088,-0.13856696791576503,0.6506872952337401,-1.788233440777808
10902,鄭逢辰,Zheng Fengchen,1185,cluster1_song_and_before,宋,construction,将作/营缮,0,0,1,0,0,1,119.321577,26.073954,閩縣,0,0,0,0,1,47,0.7335800185013877,0.015884517404074157,0.00024572153772428195,0.5912674436713072,0.8630262540247946,0.5545123480693974,0.03275647134002824,0.7200341464231732,-1.6082035363371199
10935,留元英,Liu Yuanying,1187,cluster1_song_and_before,宋,works_general,工部,0,1,0,0,0,1,118.28717,25.32579,永春,0,0,0,0,0,0,0.0,7.067932822769843e-42,0.0,-0.4666295804567182,-0.9387205953692331,-0.3886753035554917,-0.15247069472655322,0.48899255770679567,-1.8186596198151865
11062,楊汝明,Yang Ruming,1163,cluster1_song_and_before,宋,works_general,工部,0,1,0,0,0,1,103.845108,29.837276,青神,0,0,0,0,0,41,0.8902439024390244,0.01625468140478007,3.751217865824603e-05,0.4562167597400699,1.2478086256536023,0.5764918710011004,-0.12419366777075296,-2.736736723727322,-0.5495933800253417
11135,余象,Yu Xiang,1016,cluster1_song_and_before,宋,works_general,工部,0,1,0,0,0,1,118.68367004,25.364557266,仙遊,0,0,0,0,0,165,0.473540280857354,0.07559616403654432,0.0003278086463825998,3.247264227652307,0.22434231198596044,4.100058386974529,0.09463449248622766,0.5775534425110413,-1.8077545148254894
11146,葉棠,Ye Tang,1170,cluster1_song_and_before,宋,construction,将作/营缮,0,0,1,0,0,1,118.68367004,25.364557266,仙遊,0,0,0,0,1,3,0.6666666666666666,0.001986480173508972,1.610809636228316e-07,-0.3991042384910996,0.6986802824743514,-0.2707224868478987,-0.1523492704074827,0.5775534425110413,-1.8077545148254894
11236,方龜年,Fang Guinian,1004,cluster1_song_and_before,宋,works_general,工部,0,1,0,0,0,1,120.618622,31.31271,長洲,0,0,0,0,0,2,1.0,0.001187947106332531,0.0,-0.42161268581297245,1.5173807213961439,-0.31813762129710715,-0.15247069472655322,1.0097376552322135,-0.1345586268557452
11247,方惟深,Fang Weishen,1040,cluster1_song_and_before,宋,works_general,工部,0,1,0,0,0,1,120.618622,31.31271,長洲,0,0,0,0,0,91,0.8471306471306471,0.049833751205840555,0.00010066137119813831,1.581639125833714,1.141918102520655,2.5703430648237853,-0.07659122281665208,1.0097376552322135,-0.1345586268557452
11284,方旬,Fang Xun,1067,cluster1_song_and_before,宋,hydraulic,水利/河道,0,1,0,0,0,1,119.011101,25.433954,莆田,0,0,1,0,0,0,0.0,7.067932822769843e-42,0.0,-0.4666295804567182,-0.9387205953692331,-0.3886753035554917,-0.15247069472655322,0.6506872952337401,-1.788233440777808
11337,薛利和,Xue Lihe,1008,cluster1_song_and_before,宋,works_general,工部,0,1,0,0,0,1,119.011101,25.433954,莆田,0,0,0,0,0,83,1.0,0.049168761689557326,0.0,1.401571547258731,1.5173807213961439,2.530857452244993,-0.15247069472655322,0.6506872952337401,-1.788233440777808
11372,豐稷,Feng Ji,1033,cluster1_song_and_before,宋,works_general,工部,0,1,0,0,0,1,121.542656,29.866316,鄞縣,0,0,0,0,0,99,0.46485260770975056,0.03751512592849067,0.00019789055417696237,1.761706704408697,0.20300450652850444,1.838890232419158,-0.003298966106356392,1.2161267103990354,-0.541424523111345
11384,郭琪,Guo Qi,1012,cluster1_song_and_before,宋,works_general,工部,0,1,0,0,0,1,118.68367004,25.364557266,仙遊,0,0,0,0,0,24,1.0,0.011144988161719901,0.0,0.07357315526823092,1.5173807213961439,0.2730895423153466,-0.15247069472655322,0.5775534425110413,-1.8077545148254894
11404,黃艾,Huang Ai,1142,cluster1_song_and_before,宋,works_general,工部,0,1,0,0,0,1,119.011101,25.433954,莆田,0,0,0,0,0,48,1.0,0.02157714250987527,0.0,0.6137758909931801,1.5173807213961439,0.8925278866305066,-0.15247069472655322,0.6506872952337401,-1.788233440777808
11428,方會,Fang Hui (2),1046,cluster1_song_and_before,宋,works_general,工部,0,1,0,0,0,1,119.011101,25.433954,莆田,0,0,0,0,0,0,0.0,7.067932822769843e-42,0.0,-0.4666295804567182,-0.9387205953692331,-0.3886753035554917,-0.15247069472655322,0.6506872952337401,-1.788233440777808
11450,林栗,Lin Li,1112,cluster1_song_and_before,宋,works_general,工部,0,1,0,0,0,1,119.381439,25.727917,福清,0,0,0,0,0,92,0.5100334448160535,0.03097765814292251,0.00014976071233541364,1.6041475731555868,0.3139732200378571,1.4507097966281475,-0.03957968569694473,0.733404716792224,-1.705542611404217
11516,石中孚,Shi Zhongfu (2),958,cluster1_song_and_before,宋,works_general,工部,0,0,0,0,0,1,112.38263,34.665276,洛陽,0,0,0,0,0,2,1.0,0.0009501742281983239,0.0,-0.42161268581297245,1.5173807213961439,-0.332256051013453,-0.15247069472655322,-0.8298251825437993,0.808507211599097
11538,潘衢,Pan Qu,978,cluster1_song_and_before,宋,works_general,工部,0,1,0,0,0,1,114.865494,30.446987,黃岡,0,0,0,0,0,1,0.0,9.818705068535077e-05,0.0,-0.44412113313484536,-0.9387205953692331,-0.3828451727809718,-0.15247069472655322,-0.2752612216205869,-0.378083672109035
11547,劉若虛,Liu Ruoxu,970,cluster1_song_and_before,宋,works_general,工部,0,1,0,0,0,1,119.321577,26.073954,閩縣,0,0,0,0,0,32,0.657258064516129,0.01218607045495052,0.0001993816199735358,0.25364073384321395,0.6755718023434943,0.33490671549862433,-0.002174986928641786,0.7200341464231732,-1.6082035363371199
11557,劉異,Liu Yi,1000,cluster1_song_and_before,宋,works_general,工部,0,1,0,0,0,1,119.321577,26.073954,閩縣,0,0,0,0,0,0,0.0,7.067932822769843e-42,0.0,-0.4666295804567182,-0.9387205953692331,-0.3886753035554917,-0.15247069472655322,0.7200341464231732,-1.6082035363371199
11578,陳仁玉,Chen Renyu,1229,cluster1_song_and_before,宋,construction,将作/营缮,0,1,0,0,0,1,120.73346,28.852207,仙居,0,0,0,0,1,44,0.781183932346723,0.017512343041528353,2.3354494268995558e-05,0.5237421017056886,0.9799462895035084,0.6511690485021986,-0.13486586110705082,1.0353874758202501,-0.8266900643026602
11602,蘇幹,Su Gan,640,cluster1_song_and_before,唐,works_general,工部,0,0,0,0,0,1,107.86849213,34.361824036,扶風,0,0,0,0,0,0,0.0,7.067932822769843e-42,0.0,-0.4666295804567182,-0.9387205953692331,-0.3886753035554917,-0.15247069472655322,-1.8380874866171115,0.7231471677221305
11605,蘇頲,Su Ting,670,cluster1_song_and_before,唐,works_general,工部,1,1,0,0,0,1,107.86849213,34.361824036,扶風,0,0,0,0,0,23,0.549407114624506,0.0010262914643018033,0.0008924470113085252,0.05106470794635804,0.4106789423002824,-0.3277363772114523,0.5202641102898211,-1.8380874866171115,0.7231471677221305
11612,蘇仲昌,Su Zhongchang,976,cluster1_song_and_before,宋,works_general,工部,0,1,0,0,0,1,118.144119,24.736046,同安,0,0,0,0,0,35,0.8857142857142857,0.014636008660570986,9.925768640377081e-06,0.3211660758088326,1.2366834280515293,0.480378649206386,-0.14498855859263177,0.45704117850357445,-1.9845526760096692
11650,陳賡,Chen Geng,974,cluster1_song_and_before,宋,construction,将作/营缮,0,0,1,0,0,1,112.785721,34.840869,河陽,0,0,0,0,1,29,0.7561576354679803,0.013846736165148999,3.6252025308639813e-06,0.18611539187759532,0.9184791687858672,0.4335133871079452,-0.14973798355508564,-0.7397921635896829,0.8579009475529307
11701,張亢,Zhang Kang,994,cluster1_song_and_before,宋,construction,将作/营缮,0,1,0,0,0,1,115.646072,34.447662,宋城,0,0,0,0,1,40,0.7423076923076923,0.016935704032198587,1.1898038174616089e-05,0.433708312418197,0.8844623051527583,0.6169294943999413,-0.14350184359023557,-0.10091400506360927,0.7472931059351041
11704,張倜,Zhang Ti,1012,cluster1_song_and_before,宋,works_general,工部,0,1,0,0,0,1,119.57061768,31.74697876,金壇,0,0,0,0,0,0,0.0,7.067932822769843e-42,0.0,-0.4666295804567182,-0.9387205953692331,-0.3886753035554917,-0.15247069472655322,0.7756590159012465,-0.012400246598907158
11745,賈耽,Jia Dan,730,cluster1_song_and_before,唐,works_general,工部,1,1,0,0,0,1,116.696785,38.037567,南皮,0,0,0,0,0,12,0.5909090909090909,2.2591568541885924e-05,0.00034601546637131925,-0.19652821259424366,0.512612000901217,-0.3873338659821929,0.10835896165904789,0.13376963571313646,1.7571216279681476
11751,賈湜,Jia Shi,944,cluster1_song_and_before,宋,military_industrial,军器/制造,0,0,0,0,0,1,114.34333,34.785477,開封,0,0,0,1,0,1,0.0,0.00012160097729049349,0.0,-0.44412113313484536,-0.9387205953692331,-0.3814549053974403,-0.15247069472655322,-0.3918899761925293,0.8423193593235898
11753,賈圭,Jia Gui,1028,cluster1_song_and_before,宋,construction,将作/营缮,0,0,1,0,0,1,114.34333,34.785477,開封,0,0,0,0,1,13,0.6025641025641025,0.005395988018591544,3.553688518586689e-06,-0.17401976527237079,0.5412378903740067,-0.06827342177430336,-0.1497918914784645,-0.3918899761925293,0.8423193593235898
11759,賈守正,Jia Shouzheng,971,cluster1_song_and_before,宋,works_general,工部,0,1,0,0,0,1,116.696785,38.037567,南皮,0,0,0,0,0,2,0.0,1.8203987648431256e-07,0.00017164019111401502,-0.42161268581297245,-0.9387205953692331,-0.3886644944286397,-0.023086732386023937,0.13376963571313646,1.7571216279681476
11783,裴奐,Pei Huan,970,cluster1_song_and_before,宋,works_general,工部,0,1,0,0,0,1,105.967034,31.58316,閬中,0,0,0,0,0,1,0.0,3.7056323637843556e-36,0.0,-0.44412113313484536,-0.9387205953692331,-0.3886753035554917,-0.15247069472655322,-2.2627906327026213,-0.05848192739327008
11785,裴令孫,Pei Lingsun,1000,cluster1_song_and_before,宋,construction,将作/营缮,0,0,0,0,0,1,105.967034,31.58316,閬中,0,0,0,0,1,1,0.0,3.7056323637843556e-36,0.0,-0.44412113313484536,-0.9387205953692331,-0.3886753035554917,-0.15247069472655322,-2.2627906327026213,-0.05848192739327008
11800,劉宰,Liu Zai,1166,cluster1_song_and_before,宋,construction,将作/营缮,0,1,0,0,0,1,119.57061768,31.74697876,金壇,0,0,0,0,1,151,0.2980132450331126,0.04635151334292698,0.004935539426043711,2.932145965146087,-0.20676987182988232,2.363575451507543,3.56798453830945,0.7756590159012465,-0.012400246598907158
11861,劉滋,Liu Zi (2),975,cluster1_song_and_before,宋,works_general,工部,0,1,0,0,0,1,118.026779,27.756025,崇安,0,0,0,0,0,0,0.0,7.067932822769843e-42,0.0,-0.4666295804567182,-0.9387205953692331,-0.3886753035554917,-0.15247069472655322,0.4308325198034889,-1.1350424716614131
11879,詹庠,Zhan Xiang,978,cluster1_song_and_before,宋,works_general,工部,0,1,0,0,0,1,118.026779,27.756025,崇安,0,0,0,0,0,0,0.0,7.067932822769843e-42,0.0,-0.4666295804567182,-0.9387205953692331,-0.3886753035554917,-0.15247069472655322,0.4308325198034889,-1.1350424716614131
11910,朱浚,Zhu Jun (2),1215,cluster1_song_and_before,宋,works_general,工部,0,0,0,0,0,1,118.026779,27.756025,崇安,0,0,0,0,0,1,0.0,0.00018945897760059917,0.0,-0.44412113313484536,-0.9387205953692331,-0.37742564682267027,-0.15247069472655322,0.4308325198034889,-1.1350424716614131
11986,許章,Xu Zhang,1012,cluster1_song_and_before,宋,works_general,工部,0,1,0,0,0,1,118.68367004,25.364557266,仙遊,0,0,0,0,0,0,0.0,7.067932822769843e-42,0.0,-0.4666295804567182,-0.9387205953692331,-0.3886753035554917,-0.15247069472655322,0.5775534425110413,-1.8077545148254894
12013,蔡準,Cai Zhun,1004,cluster1_song_and_before,宋,works_general,工部,0,1,0,0,0,1,118.68367004,25.364557266,仙遊,0,0,0,0,0,20,0.9315789473684211,0.006251007967296421,1.9626226032014558e-07,-0.016460634019260605,1.3493316839332496,-0.01750422073426771,-0.15232275042089077,0.5775534425110413,-1.8077545148254894
12019,蔡勻,Cai Yun,1038,cluster1_song_and_before,宋,construction,将作/营缮,0,0,1,0,0,1,118.68367004,25.364557266,仙遊,0,0,0,0,1,24,1.0,0.011144988161719901,0.0,0.07357315526823092,1.5173807213961439,0.2730895423153466,-0.15247069472655322,0.5775534425110413,-1.8077545148254894
12025,商瑤,Shang Yao,1006,cluster1_song_and_before,宋,works_general,工部,0,1,0,0,0,1,117.960956,36.635994,淄川,0,0,0,0,0,14,1.0,0.007937493187662624,0.0,-0.15151131795049788,1.5173807213961439,0.082635556511297,-0.15247069472655322,0.41613052098283115,1.362863732254633
12030,蔡傳,Cai Zhuan,1072,cluster1_song_and_before,宋,construction,将作/营缮,0,0,1,0,0,1,118.68367004,25.364557266,仙遊,0,0,0,0,1,24,1.0,0.011144988161719901,0.0,0.07357315526823092,1.5173807213961439,0.2730895423153466,-0.15247069472655322,0.5775534425110413,-1.8077545148254894
12053,王遂,Wang Sui,1172,cluster1_song_and_before,宋,works_general,工部,0,1,0,0,0,1,119.57061768,31.74697876,金壇,0,0,0,0,0,64,0.5347222222222222,0.021454049780658794,0.00048684750869761886,0.9739110481431461,0.3746113587344753,0.8852189115292542,0.2145194567180512,0.7756590159012465,-0.012400246598907158
12072,衛湜,Wei Shi,1164,cluster1_song_and_before,宋,construction,将作/营缮,0,0,0,0,0,1,120.94823456,31.386108398,崑山,0,0,0,0,1,60,0.6,0.020397421560467855,4.7195643832985716e-05,0.8838772588556546,0.534940194689993,0.8224786554490245,-0.11689418222856957,1.0833587826252729,-0.11391189782755783
12104,蔡黃裳,Cai Huangshang,978,cluster1_song_and_before,宋,works_general,工部,0,1,0,0,0,1,118.589905,24.909641,晉江,0,0,0,0,0,5,0.7,0.0020430496261449626,1.0258189476680769e-08,-0.3540873438473538,0.7805503263665307,-0.26736351736659986,-0.1524629620085207,0.5566104057685858,-1.9357209709137615
12110,蔡潛,Cai Qian,1038,cluster1_song_and_before,宋,construction,将作/营缮,0,0,0,0,0,1,115.646072,34.447662,宋城,0,0,0,0,1,6,0.8666666666666667,0.003124825144243995,4.415650520722789e-07,-0.33157889652548095,1.189900545827427,-0.20313007013329415,-0.15213783890940802,-0.10091400506360927,0.7472931059351041
12134,周必正,Zhou Bizheng,1125,cluster1_song_and_before,宋,military_industrial,军器/制造,0,0,1,0,0,1,114.971275,27.103239,廬陵,0,0,0,1,0,81,0.6518518518518519,0.03577944359308093,0.00027315384411943824,1.356554652614985,0.6622935963000497,1.735829238858093,0.053435197426898395,-0.251634341392583,-1.318669036036756
12147,歐陽珣,Ouyang Xun (2),1076,cluster1_song_and_before,宋,construction,将作/营缮,0,1,0,0,0,1,114.971275,27.103239,廬陵,0,0,0,0,1,4,1.0,0.002479585967340412,0.0,-0.3765957911692267,1.5173807213961439,-0.24144295106752853,-0.15247069472655322,-0.251634341392583,-1.318669036036756
12262,蕭華,Xiao Hua,701,cluster1_song_and_before,唐,works_general,工部,1,0,0,0,0,1,108.906976,34.246423,長安,0,0,0,0,0,7,0.42857142857142855,0.0008558703603991202,2.605156243058538e-05,-0.30907044920360804,0.11389425467307121,-0.33785560694241445,-0.13283278620085257,-1.6061353022437168,0.6906852341542608
12294,蕭映,Xiao Ying (2),997,cluster1_song_and_before,宋,works_general,工部,0,1,0,0,0,1,114.931137,27.804075,新喻,0,0,0,0,0,0,0.0,7.067932822769843e-42,0.0,-0.4666295804567182,-0.9387205953692331,-0.3886753035554917,-0.15247069472655322,-0.260599426980652,-1.1215261639920773
12319,余靖,Yu Jing,1000,cluster1_song_and_before,宋,works_general,工部,0,1,0,0,0,1,113.603417,24.810209,曲江,0,0,0,0,0,317,0.24807331390009185,0.11299927652502258,0.003725053361308303,6.6685482205769855,-0.32942740244486685,6.320972811634419,2.655508955539762,-0.5571543982545427,-1.9636908669424278
12323,林從周,Lin Congzhou,975,cluster1_song_and_before,宋,works_general,工部,0,1,0,0,0,1,116.636658,23.667706,海陽,0,0,0,0,0,13,0.8846153846153846,0.006288542935816792,1.2222522800409683e-06,-0.17401976527237079,1.2339844156155235,-0.015275476988898222,-0.1515493496619442,0.1203398758557964,-2.285073219931802
12324,林冀,Lin Ji (3),986,cluster1_song_and_before,宋,works_general,工部,0,1,0,0,0,1,116.636658,23.667706,海陽,0,0,0,0,0,26,0.8584615384615385,0.011211784298030705,5.482271902268836e-05,0.11859004991197668,1.169747919638583,0.27705574974500663,-0.11114482246202538,0.1203398758557964,-2.285073219931802
12351,晏昭素,Yan Zhaosu,1033,cluster1_song_and_before,宋,works_general,工部,0,0,0,0,0,1,116.351341,27.984781,臨川,0,0,0,0,0,1,0.0,3.7056323637843556e-36,0.0,-0.44412113313484536,-0.9387205953692331,-0.3886753035554917,-0.15247069472655322,0.0566124523486191,-1.0706941578797973
12428,張士程,Zhang Shicheng,977,cluster1_song_and_before,宋,works_general,工部,0,0,1,0,0,1,114.34333,34.785477,開封,0,0,0,0,0,0,0.0,7.067932822769843e-42,0.0,-0.4666295804567182,-0.9387205953692331,-0.3886753035554917,-0.15247069472655322,-0.3918899761925293,0.8423193593235898
12477,林夢英,Lin Mengying,1145,cluster1_song_and_before,宋,works_general,工部,0,1,0,0,0,1,116.351341,27.984781,臨川,0,0,0,0,0,8,1.0,0.002151808684421532,0.0,-0.2865620018817352,1.5173807213961439,-0.2609056440702729,-0.15247069472655322,0.0566124523486191,-1.0706941578797973
12604,黃棨,Huang Qi,1172,cluster1_song_and_before,宋,works_general,工部,0,1,0,0,0,1,117.483398,27.337692,邵武,0,0,0,0,0,2,1.0,0.0005776812451993434,0.0,-0.42161268581297245,1.5173807213961439,-0.3543738637832289,-0.15247069472655322,0.30946480910712254,-1.2527181748088918
12681,曾天麟,Zeng Tianlin,1187,cluster1_song_and_before,宋,construction,将作/营缮,0,1,0,0,0,1,118.589905,24.909641,晉江,0,0,0,0,1,29,0.5197044334975369,0.007526333045412084,0.00030100322374898455,0.18611539187759532,0.33772614807287155,0.058221773004624285,0.07442831717239433,0.5566104057685858,-1.9357209709137615
12890,陳韡,Chen Xue,1180,cluster1_song_and_before,宋,works_general,工部,1,1,0,0,0,1,119.321577,26.073954,侯官,0,0,0,0,0,77,0.47881066302118935,0.024316534327773538,0.00011390895075300021,1.2665208633274936,0.23728690455841323,1.0551869382011387,-0.06660507491559989,0.7200341464231732,-1.6082035363371199
12941,楊徽之,Yang Huizhi,920,cluster1_song_and_before,宋,works_general,工部,0,1,0,0,0,1,118.536255,27.924686,浦城,0,0,0,0,0,85,0.3509803921568627,0.026772833488534566,0.00043047428181985367,1.4465884419024766,-0.07667719203393422,1.2010365714126687,0.17202479730275227,0.5446273263475893,-1.0875986846100525
12944,楊備,Yang Bei,976,cluster1_song_and_before,宋,works_general,工部,0,0,1,0,0,1,120.618622,31.31271,吳縣,0,0,0,0,0,23,0.7272727272727273,0.006440428671451869,1.2923044572708425e-05,0.05106470794635804,0.8475349077328592,-0.006256836594307258,-0.14272918429436307,1.0097376552322135,-0.1345586268557452
12951,黃瑊,Huang Zhen,989,cluster1_song_and_before,宋,works_general,工部,0,0,1,1,0,1,118.536255,27.924686,浦城,0,0,0,0,0,34,0.7130124777183601,0.016937912681818008,2.2926991611975614e-05,0.29865762848695976,0.812510290024975,0.6170606391489324,-0.13518811656084254,0.5446273263475893,-1.0875986846100525
12957,張岐,Zhang Qi (4),959,cluster1_song_and_before,宋,construction,将作/营缮,0,1,0,0,0,1,118.026779,27.756025,崇安,0,0,0,0,1,2,0.0,0.00015127187661141092,0.00017164019111401502,-0.42161268581297245,-0.9387205953692331,-0.3796931127574627,-0.023086732386023937,0.4308325198034889,-1.1350424716614131
12958,張倣,Zhang Fang (2),962,cluster1_song_and_before,宋,works_general,工部,0,1,0,0,0,1,118.026779,27.756025,崇安,0,0,0,0,0,0,0.0,7.067932822769843e-42,0.0,-0.4666295804567182,-0.9387205953692331,-0.3886753035554917,-0.15247069472655322,0.4308325198034889,-1.1350424716614131
12978,朱在,Zhu Zai,1155,cluster1_song_and_before,宋,works_general,工部,0,0,1,0,0,1,118.026779,27.756025,崇安,0,0,0,0,0,61,0.7180327868852459,0.023513855981388793,0.00019945627079059707,0.9063857061775275,0.8248406779803324,1.0075256662041314,-0.0021187144528267902,0.4308325198034889,-1.1350424716614131
13048,胡順之,Hu Shunzhi,995,cluster1_song_and_before,宋,works_general,工部,0,1,0,0,0,1,115.377151,28.70723,奉新,0,0,0,0,0,3,1.0,0.0012340622201576382,0.0,-0.3991042384910996,1.5173807213961439,-0.31539940742465034,-0.15247069472655322,-0.16097927442006013,-0.867471619702813
13097,呂蒙巽,Lv Mengsun,960,cluster1_song_and_before,宋,works_general,工部,0,0,0,0,0,1,114.34333,34.785477,開封,0,0,0,0,0,0,0.0,7.067932822769843e-42,0.0,-0.4666295804567182,-0.9387205953692331,-0.3886753035554917,-0.15247069472655322,-0.3918899761925293,0.8423193593235898
13105,錢燮,Qian Xie (2),1045,cluster1_song_and_before,宋,construction,将作/营缮,0,0,1,0,0,1,114.34333,34.785477,開封,0,0,0,0,1,13,0.7051282051282052,0.008108523935567585,2.8694500869352038e-06,-0.17401976527237079,0.7931457177345584,0.09279098556013633,-0.1503076767318958,-0.3918899761925293,0.8423193593235898
13243,劉立言,Liu Liyan,981,cluster1_song_and_before,宋,works_general,工部,0,1,0,0,0,1,114.931137,27.804075,新喻,0,0,0,0,0,20,0.4473684210526316,0.008059229960347797,2.9338553347158444e-05,-0.016460634019260605,0.16006157265738288,0.0898640179007423,-0.1303550220699501,-0.260599426980652,-1.1215261639920773
13258,曾宏迪,Zeng Hongdi,1193,cluster1_song_and_before,宋,construction,将作/营缮,0,1,0,0,0,1,115.393806,27.759735,新淦,0,0,0,0,1,38,0.9758179231863442,0.01592768293315,8.225101069672724e-07,0.38869141777445126,1.4579870906920025,0.5570754220970507,-0.15185067900637805,-0.1572592709204016,-1.1339988608091092
13279,謝諤,Xie E,1121,cluster1_song_and_before,宋,works_general,工部,0,1,0,0,0,1,114.931137,27.804075,新喻,0,0,0,0,0,105,0.5926739926739927,0.04363700231188301,0.00015298518830126609,1.8967573883399342,0.5169467784499536,2.2023937662507063,-0.037149045913651396,-0.260599426980652,-1.1215261639920773
13312,查陶,Zha Tao,937,cluster1_song_and_before,南唐,works_general,工部,0,1,0,0,0,1,119.91124,32.495872,海陵,0,0,0,0,0,22,0.7489177489177489,0.004777931382463837,5.4438131254625607e-05,0.028556260624485158,0.9006972738966118,-0.10497226331738695,-0.11143472827590674,0.8517392454096123,0.1982609697034001
13313,查文徽,Zha Wenhui,895,cluster1_song_and_before,南唐,works_general,工部,0,0,0,0,0,1,118.17577362,29.781190872,休寧,0,0,0,0,0,5,0.9,0.0007032647748045949,0.0,-0.3540873438473538,1.271770589719606,-0.34691699044184793,-0.15247069472655322,0.46411144552130795,-0.5653699428915662
13314,查拱之,Zha Gongzhi,962,cluster1_song_and_before,宋,works_general,工部,0,1,0,0,0,1,120.558662,32.384022,如皋,0,0,0,0,0,5,0.9,0.0007032647748045949,0.0,-0.3540873438473538,1.271770589719606,-0.34691699044184793,-0.15247069472655322,0.9963451959203228,0.1667979309351339
13360,石牧之,Shi Muzhi,1015,cluster1_song_and_before,宋,works_general,工部,0,1,0,0,0,1,120.902107,29.494654,新昌,0,0,0,0,0,40,0.7756410256410257,0.01748024380089916,0.0012599233268560692,0.433708312418197,0.9663323490449375,0.6492630663047019,0.7972711531231452,1.0730558895222577,-0.6459718267742123
13363,石麟之,Shi Linzhi,1019,cluster1_song_and_before,宋,works_general,工部,0,1,0,0,0,1,120.902107,29.494654,新昌,0,0,0,0,0,1,0.0,0.00014084388615808165,0.0,-0.44412113313484536,-0.9387205953692331,-0.38031230385887566,-0.15247069472655322,1.0730558895222577,-0.6459718267742123
13376,鄭建中,Zheng Jianzhong,971,cluster1_song_and_before,宋,works_general,工部,0,0,0,0,0,1,113.688919,31.263714,安陸,0,0,0,0,0,14,0.9340659340659341,0.004747566216948657,2.3622889413465617e-07,-0.15151131795049788,1.3554399752357895,-0.1067752799545885,-0.1522926232029544,-0.5380569656980839,-0.14834104122758232
13378,鄭獬,Zheng Xie,1022,cluster1_song_and_before,宋,construction,将作/营缮,0,1,0,0,0,1,113.688919,31.263714,安陸,0,0,0,0,1,131,0.5260129183793306,0.06193638494411367,0.001672505228130127,2.481977018708629,0.35322042609783955,3.2889707954434244,1.1082792033377191,-0.5380569656980839,-0.14834104122758232
13406,傅瑩,Fu Ying,989,cluster1_song_and_before,宋,works_general,工部,0,1,0,0,0,1,120.578262,30.004515,山陰,0,0,0,0,0,5,0.3,0.0009493421045464953,0.00017200749578817422,-0.3540873438473538,-0.20189020033962007,-0.3323054606828225,-0.02280985472805544,1.0007229844879177,-0.5025495969179097
13477,王佐,Wang Zuo,1129,cluster1_song_and_before,宋,works_general,工部,0,1,0,0,0,1,120.578262,30.004515,山陰,0,0,0,0,0,156,0.4098428453267163,0.05163123211247722,0.0020027763158584236,3.0446882017554513,0.06789495670458343,2.677073521408911,1.3572406015944842,1.0007229844879177,-0.5025495969179097
13485,史綸,Shi Lun,997,cluster1_song_and_before,宋,works_general,工部,0,1,0,0,0,1,120.815277,29.58749,剡縣,0,0,0,0,0,0,0.0,7.067932822769843e-42,0.0,-0.4666295804567182,-0.9387205953692331,-0.3886753035554917,-0.15247069472655322,1.0536618394546882,-0.6198573639481882
13513,高元常,Gao Yuanchang,1042,cluster1_song_and_before,宋,construction,将作/营缮,0,0,1,0,0,1,117.012772,33.442562,蘄縣,0,0,0,0,1,16,1.0,0.006524209550389283,0.0,-0.10649442330675213,1.5173807213961439,-0.0012821125629821834,-0.15247069472655322,0.20434740490236294,0.464561766945518
13518,晁仲熙,Chao Zhongxi,1019,cluster1_song_and_before,宋,construction,将作/营缮,0,0,1,0,0,1,114.34333,34.785477,開封,0,0,0,0,1,18,0.8954248366013072,0.007628933471013014,1.3859191439543872e-06,-0.06147752866300637,1.2605335248716598,0.06431396025945613,-0.15142597606733604,-0.3918899761925293,0.8423193593235898
13554,李定,Li Ding,1006,cluster1_song_and_before,宋,works_general,工部,0,1,0,0,0,1,116.304527,35.068165,金鄉,0,0,0,0,0,1,0.0,0.0006897721631652245,0.0,-0.44412113313484536,-0.9387205953692331,-0.34771815199826767,-0.15247069472655322,0.04615623836884979,0.9218385681150416
13573,張方回,Zhang Fanghui,963,cluster1_song_and_before,宋,works_general,工部,0,0,0,0,0,1,118.264374,32.098347,全椒,0,0,0,0,0,4,0.6666666666666666,0.001718433590962667,0.0,-0.3765957911692267,0.6986802824743514,-0.28663850244262384,-0.15247069472655322,0.48390092157481046,0.08643848882404895
13583,高文虎,Gao Wenhu,1130,cluster1_song_and_before,宋,construction,将作/营缮,0,1,0,0,0,1,121.542656,29.866316,鄞縣,0,0,0,0,1,21,0.5238095238095238,0.007575107027342263,3.270735455426322e-05,0.006047813302612277,0.34780866579358344,0.06111786460796888,-0.1278155885859636,1.2161267103990354,-0.541424523111345
13606,張子憲,Zhang Zixian,999,cluster1_song_and_before,宋,construction,将作/营缮,0,0,1,0,0,1,112.38263,34.665276,洛陽,0,0,0,0,1,0,0.0,7.067932822769843e-42,0.0,-0.4666295804567182,-0.9387205953692331,-0.3886753035554917,-0.15247069472655322,-0.8298251825437993,0.808507211599097
13612,張恕,Zhang Shu (4),1037,cluster1_song_and_before,宋,construction,将作/营缮,0,0,0,0,0,1,115.646072,34.447662,宋城,0,0,0,0,1,84,0.6061388410786002,0.040475178251080816,7.920563708621676e-05,1.4240799945806037,0.5500178103465563,2.01465161866779,-0.09276475348163044,-0.10091400506360927,0.7472931059351041
13674,張師錫,Zhang Shixi,968,cluster1_song_and_before,宋,works_general,工部,0,0,0,0,0,1,112.38263,34.665276,洛陽,0,0,0,0,0,13,0.5641025641025641,0.004394247384482988,2.0443283834238984e-05,-0.17401976527237079,0.4467724551138,-0.12775457390422204,-0.13706035843784029,-0.8298251825437993,0.808507211599097
13675,張師皋,Zhang Shigao,968,cluster1_song_and_before,宋,works_general,工部,0,0,0,0,0,1,112.38263,34.665276,洛陽,0,0,0,0,0,7,1.0,0.0009312190168803625,0.0,-0.30907044920360804,1.5173807213961439,-0.33338156970528665,-0.15247069472655322,-0.8298251825437993,0.808507211599097
13712,張哿,Zhang Ke (3),1056,cluster1_song_and_before,宋,works_general,工部,0,1,0,0,0,1,117.781792,26.39761,沙縣,0,0,0,0,0,19,0.7251461988304093,0.008195257233609116,3.765936146306793e-06,-0.038969081341133485,0.842311938425543,0.09794101773401222,-0.14963189725512105,0.37611306634381475,-1.5171601632876586
13809,吳泳,Wu Yong,1178,cluster1_song_and_before,宋,military_industrial,军器/制造,0,1,0,0,0,1,120.099312,30.864964,烏程,0,0,0,1,0,56,0.6006493506493507,0.0191138023637791,8.77900068281552e-05,0.793843469568163,0.5365350656749056,0.7462601752202852,-0.08629377623440543,0.8937463602812871,-0.2605081105959014
13810,度正,Du Zheng,1160,cluster1_song_and_before,宋,military_industrial,军器/制造,0,1,0,0,0,1,106.259559,30.003943,石照,0,0,0,1,0,122,0.4231133992683918,0.046731726649456205,0.0001824656589186446,2.279400992811773,0.10048878171493868,2.386151680081529,-0.0149263947071734,-2.1974532551140533,-0.502710498645004
13845,高定子,Gao Dingzi,1172,cluster1_song_and_before,宋,military_industrial,军器/制造,1,1,0,0,0,1,103.502586,30.214197,蒲江,0,0,0,1,0,55,0.6168350168350168,0.017433226878027105,0.0003099463160887675,0.7713350222462901,0.5762887017062452,0.6464713049976226,0.08116970282914723,-2.813241259224773,-0.44356673688207865
13855,魏克愚,Wei Keyu,1219,cluster1_song_and_before,宋,military_industrial,军器/制造,0,0,0,0,0,1,103.502586,30.214197,蒲江,0,0,0,1,0,39,0.9554655870445344,0.016081875284510657,1.0247477360132748e-06,0.4111998650963241,1.4079996910948516,0.5662310242522083,-0.1516982304125464,-2.813241259224773,-0.44356673688207865
13919,張嶠,Zhang Jiao (2),955,cluster1_song_and_before,宋,works_general,工部,0,0,0,0,0,1,118.026779,27.756025,崇安,0,0,0,0,0,1,0.0,1.2188458951276695e-06,0.0,-0.44412113313484536,-0.9387205953692331,-0.3886029311712213,-0.15247069472655322,0.4308325198034889,-1.1350424716614131
13940,朱晞顏,Zhu Xiyan,1135,cluster1_song_and_before,宋,works_general,工部,0,1,0,0,0,1,118.17577362,29.781190872,休寧,0,0,0,0,0,64,0.8139880952380952,0.030702083810468815,4.947071081819378e-05,0.9739110481431461,1.0605166371763937,1.4343467998267194,-0.11517921570921393,0.46411144552130795,-0.5653699428915662
13963,張堯封,Zhang Yaofeng,994,cluster1_song_and_before,宋,works_general,工部,1,1,0,0,0,1,113.051003,34.785107,鞏縣,0,0,0,0,0,8,0.5714285714285714,0.0037165728900714866,4.3046749482101514e-07,-0.2865620018817352,0.46476587135383934,-0.16799339254067172,-0.15214620435062637,-0.6805396887535132,0.8422152795350859
13972,張唐卿,Zhang Tangqing,1010,cluster1_song_and_before,宋,construction,将作/营缮,0,1,0,0,0,1,118.478098,36.69748,益都,0,0,0,0,1,33,0.884469696969697,0.013522692288561698,1.2453393672070665e-06,0.27614918116508685,1.2336265919971137,0.4142723755488901,-0.15153194640227022,0.5316375789126077,1.3801595427303213
13990,張攀,Zhang Pan,1154,cluster1_song_and_before,宋,military_industrial,军器/制造,0,1,0,0,0,1,120.733788,31.646582,常熟,0,0,0,1,0,0,0.0,7.067932822769843e-42,0.0,-0.4666295804567182,-0.9387205953692331,-0.3886753035554917,-0.15247069472655322,1.0354607367717918,-0.040641526456649514
14043,章岷,Zhang Min,1002,cluster1_song_and_before,宋,works_general,工部,0,1,0,0,0,1,119.44429016,32.206489563,丹徒,0,0,0,0,0,131,0.5765120375807399,0.06350590409098235,0.00025716319913603706,2.481977018708629,0.47725137926391253,3.382165384907985,0.04138130145472003,0.7474429356548823,0.11685863770351972
14045,章峴,Zhang Xian,1000,cluster1_song_and_before,宋,works_general,工部,0,1,0,0,0,1,118.536255,27.924686,浦城,0,0,0,0,0,1,0.0,3.7056323637843556e-36,0.0,-0.44412113313484536,-0.9387205953692331,-0.3886753035554917,-0.15247069472655322,0.5446273263475893,-1.0875986846100525
14074,章友直,Zhang Youzhi,1006,cluster1_song_and_before,宋,construction,将作/营缮,0,0,0,0,0,1,118.536255,27.924686,浦城,0,0,0,0,1,128,0.6568651574803149,0.06750767676898933,8.219824389722689e-05,2.4144516767430106,0.674606782855465,3.6197818310669327,-0.09050889881016513,0.5446273263475893,-1.0875986846100525
14103,章穎,Zhang Ying,1145,cluster1_song_and_before,宋,military_industrial,军器/制造,0,1,0,0,0,1,114.931137,27.804075,新喻,0,0,0,1,0,97,0.4733676975945017,0.031676576237846116,0.0003213150153011859,1.7166898097649512,0.22391843000681724,1.4922100134657117,0.08973953336367083,-0.260599426980652,-1.1215261639920773
14207,陳知章,Chen Zhizhang (2),1007,cluster1_song_and_before,宋,construction,将作/营缮,0,0,1,0,0,1,113.641312,34.758076,管城,0,0,0,0,1,1,0.0,0.00021737136526491708,0.0,-0.44412113313484536,-0.9387205953692331,-0.3757682707310555,-0.15247069472655322,-0.5486903014295904,0.8346115477429978
14209,陳知雄,Chen Zhixiong,1024,cluster1_song_and_before,宋,construction,将作/营缮,0,0,1,0,0,1,113.641312,34.758076,管城,0,0,0,0,1,30,0.8758620689655172,0.013245767761894974,1.1942545101066424e-06,0.2086238391994682,1.2124853855218212,0.3978292071894203,-0.15157045463967284,-0.5486903014295904,0.8346115477429978
14215,阮逸,Ruan Yi,997,cluster1_song_and_before,宋,works_general,工部,0,1,0,0,0,1,118.10537,27.33988,建陽,0,0,0,0,0,5,0.3,0.002068373322727772,1.6608680068496766e-07,-0.3540873438473538,-0.20189020033962007,-0.26585985204880586,-0.1523454969612419,0.4483863351767474,-1.2521026975730851
14223,陳知言,Chen Zhiyan,1021,cluster1_song_and_before,宋,construction,将作/营缮,0,0,1,0,0,1,113.641312,34.758076,管城,0,0,0,0,1,4,1.0,0.0019908582005232767,0.0,-0.3765957911692267,1.5173807213961439,-0.270462529248097,-0.15247069472655322,-0.5486903014295904,0.8346115477429978
14224,陳知愚,Chen Zhiyu,1023,cluster1_song_and_before,宋,construction,将作/营缮,0,0,0,0,0,1,113.641312,34.758076,管城,0,0,0,0,1,6,1.0,0.0018215667075644239,0.0,-0.33157889652548095,1.5173807213961439,-0.280514685169622,-0.15247069472655322,-0.5486903014295904,0.8346115477429978
14301,陳粹父,Chen Cuifu (zi),1042,cluster1_song_and_before,宋,construction,将作/营缮,0,0,1,0,0,1,117.187683,34.269634,彭城,0,0,0,0,1,4,0.8333333333333334,0.001919754691296934,9.62502312044159e-07,-0.3765957911692267,1.1080305019352477,-0.2746844989928172,-0.15174515158839932,0.24341492409352491,0.6972144124542192
14310,种放,Chong Fang,952,cluster1_song_and_before,宋,works_general,工部,0,0,0,0,0,1,112.38263,34.665276,洛陽,0,0,0,0,0,17,0.39705882352941174,0.006516334229969261,1.4797839388210142e-05,-0.08398597598487925,0.036496103934666485,-0.00174973174106619,-0.14131594663580113,-0.8298251825437993,0.808507211599097
14386,陳漢卿,Chen Hanqing,1009,cluster1_song_and_before,宋,construction,将作/营缮,0,0,1,0,0,1,108.906976,34.246423,長安,0,0,0,0,1,78,1.0,0.047176652195951005,0.0,1.2890293106493664,1.5173807213961439,2.4125703789107873,-0.15247069472655322,-1.6061353022437168,0.6906852341542608
14440,傅凝,Fu Ning,912,cluster1_song_and_before,宋,works_general,工部,0,0,0,0,0,1,114.745884,35.921836,內黃,0,0,0,0,0,0,0.0,7.067932822769843e-42,0.0,-0.4666295804567182,-0.9387205953692331,-0.3886753035554917,-0.15247069472655322,-0.30197689971089814,1.1619734252303326
14445,李縝,Li Zhen,1109,cluster1_song_and_before,宋,medical,医学/医官,0,0,1,0,0,1,116.08870697,35.396209717,鉅野,0,1,0,0,0,76,0.6607017543859649,0.025669227182174906,3.9086718411498454e-05,1.2440124160056207,0.6840298535673299,1.1355068600632507,-0.12300676515303709,-0.0020485810185032144,1.0141164728865761
14650,趙子皓,Zhao Zihao,1073,cluster1_song_and_before,宋,astronomical,天文/历算,0,0,0,0,0,1,114.34333,34.785477,開封,1,0,0,0,0,25,1.0,0.009809530742654199,0.0,0.0960816025901038,1.5173807213961439,0.19379302263571513,-0.15247069472655322,-0.3918899761925293,0.8423193593235898
14696,錢昱,Qian Yu,958,cluster1_song_and_before,宋,works_general,工部,0,0,0,0,0,1,120.168625,30.294125,錢塘,0,0,0,0,0,0,0.0,7.067932822769843e-42,0.0,-0.4666295804567182,-0.9387205953692331,-0.3886753035554917,-0.15247069472655322,0.9092278734948482,-0.4210832521912416
14704,慎知禮,Shen Zhili,922,cluster1_song_and_before,吳越,works_general,工部,0,0,0,0,0,1,114.34333,34.785477,開封,0,0,0,0,0,1,0.0,0.00041220877512529604,0.0,-0.44412113313484536,-0.9387205953692331,-0.36419925453873775,-0.15247069472655322,-0.3918899761925293,0.8423193593235898
14821,趙時侃,Zhao Shikan,1166,cluster1_song_and_before,宋,works_general,工部,0,1,0,0,0,1,119.57061768,31.74697876,金壇,0,0,0,0,0,14,0.8021978021978022,0.004708279233118675,1.933543923732984e-06,-0.15151131795049788,1.0315584829150803,-0.10910805450954741,-0.1510131714472541,0.7756590159012465,-0.012400246598907158
14834,彭欽,Peng Qin,1164,cluster1_song_and_before,宋,military_industrial,军器/制造,0,0,1,0,0,1,115.398987,28.015566,清江,0,0,0,1,0,39,0.9635627530364372,0.016338903477881646,1.235923239717772e-06,0.4111998650963241,1.4278871511496323,0.5814927921699916,-0.1515390443661944,-0.1561020605852615,-1.062034438179475
14852,尤著,You Zhu,1105,cluster1_song_and_before,宋,works_general,工部,0,1,0,0,0,1,120.297668,31.574614,無錫,0,0,0,0,0,0,0.0,7.067932822769843e-42,0.0,-0.4666295804567182,-0.9387205953692331,-0.3886753035554917,-0.15247069472655322,0.938050474011595,-0.06088588921100437
14858,尤焴,You Yu,1182,cluster1_song_and_before,宋,works_general,工部,0,1,0,0,0,1,120.297668,31.574614,無錫,0,0,0,0,0,40,0.9012820512820513,0.01669848886220667,3.2752240327057164e-06,0.433708312418197,1.2749194375616129,0.6028441801645155,-0.15000180058145812,0.938050474011595,-0.06088588921100437
14866,尤帶,You Dai,1201,cluster1_song_and_before,宋,construction,将作/营缮,0,0,0,0,0,1,120.297668,31.574614,無錫,0,0,0,0,1,0,0.0,7.067932822769843e-42,0.0,-0.4666295804567182,-0.9387205953692331,-0.3886753035554917,-0.15247069472655322,0.938050474011595,-0.06088588921100437
14903,趙彥逾,Zhao Yanyu,1130,cluster1_song_and_before,宋,works_general,工部,0,1,0,0,0,1,121.542656,29.866316,鄞縣,0,0,0,0,0,56,0.8363636363636363,0.02299836877450546,2.9983235808576375e-06,0.793843469568163,1.115473233198173,0.9769171714205089,-0.15021053070114315,1.2161267103990354,-0.541424523111345
14913,趙像之,Zhao Xiangzhi,1128,cluster1_song_and_before,宋,construction,将作/营缮,0,1,0,0,0,1,115.372276,28.425598,高安,0,0,0,0,1,59,0.8217416715371128,0.02461107462469318,1.3054916783698786e-05,0.8613688115337816,1.0795602061340512,1.07267609219264,-0.14262977780297081,-0.16206813764796943,-0.9466937791519372
14973,劉爚,Liu Yue,1144,cluster1_song_and_before,宋,works_general,工部,0,1,0,0,0,1,118.10537,27.33988,建陽,0,0,0,0,0,122,0.38978458203495464,0.04346161662734135,0.0007541796857484851,2.279400992811773,0.018629829821661056,2.191979750657822,0.4160369224320399,0.4483863351767474,-1.2521026975730851
14994,陳圭,Chen Gui (3),1185,cluster1_song_and_before,宋,construction,将作/营缮,0,0,1,0,0,1,119.011101,25.433954,莆田,0,0,0,0,1,23,0.6403162055335968,0.003816611054787468,6.550546396999103e-05,0.05106470794635804,0.6339608801880438,-0.16205334669281174,-0.103092070592056,0.6506872952337401,-1.788233440777808
15026,陳大猷,Chen Dayou,1199,cluster1_song_and_before,宋,construction,将作/营缮,0,1,0,0,0,1,120.227981,29.260567,東陽,0,0,0,0,1,0,0.0,7.067932822769843e-42,0.0,-0.4666295804567182,-0.9387205953692331,-0.3886753035554917,-0.15247069472655322,0.9224854254447556,-0.7118197334004733
15061,陳習,Chen Xi (5),1003,cluster1_song_and_before,宋,works_general,工部,0,1,0,0,0,1,103.831459,30.050497,眉山,0,0,0,0,0,10,1.0,0.004409610416895437,0.0,-0.24154510723798941,1.5173807213961439,-0.12684235088262633,-0.15247069472655322,-2.7397853174089097,-0.489615010877298
15155,李修,Li Xiu,1040,cluster1_song_and_before,宋,construction,将作/营缮,0,0,1,0,0,1,116.282559,35.956072,須城,0,0,0,0,1,32,0.8991935483870968,0.01657603449427718,2.4693514310352257e-06,0.25364073384321395,1.269789862851247,0.5955731095502453,-0.15060927479637867,0.04124954146819237,1.1716038999310066
15159,李栖筠,Li Xiyun,719,cluster1_song_and_before,唐,works_general,工部,0,1,0,0,0,1,114.772179,37.752926,平棘,0,0,0,0,0,8,0.39285714285714285,0.00012941197310848015,3.5901504655917e-06,-0.2865620018817352,0.026176350502879222,-0.3809911056725252,-0.14976440612583503,-0.29610373897697534,1.6770530466714257
15167,孫夷甫,Sun Yifu,994,cluster1_song_and_before,宋,works_general,工部,0,1,0,0,0,1,119.952301,31.782784,武進,0,0,0,0,0,0,0.0,7.067932822769843e-42,0.0,-0.4666295804567182,-0.9387205953692331,-0.3886753035554917,-0.15247069472655322,0.8609104891021656,-0.002328349824414023
15192,應孟明,Ying Mengming,1132,cluster1_song_and_before,宋,works_general,工部,0,1,0,0,0,1,120.025253,28.897268,永康,0,0,0,0,0,30,0.5057471264367817,0.00839997627458014,3.535536400302589e-05,0.2086238391994682,0.3034455878224519,0.11009678341354336,-0.12581949459088937,0.8772047968360047,-0.8140145525464072
15218,趙范,Zhao Fan,1184,cluster1_song_and_before,宋,works_general,工部,0,0,0,0,0,1,112.852417,27.245646,衡山,0,0,0,0,0,24,0.5108695652173914,0.006981480839388342,7.319404507829386e-05,0.07357315526823092,0.3160268164565574,0.02586964925987858,-0.09729634709564042,-0.7248951744925197,-1.2786104132216223
15223,陳永昇,Chen Yongsheng,999,cluster1_song_and_before,宋,astronomical,天文/历算,0,0,1,0,0,1,114.34333,34.785477,開封,1,0,0,0,0,3,1.0,1.9428185807437722e-30,0.0,-0.3991042384910996,1.5173807213961439,-0.3886753035554917,-0.15247069472655322,-0.3918899761925293,0.8423193593235898
15224,陳永弼,Chen Yongbi,999,cluster1_song_and_before,宋,astronomical,天文/历算,0,0,1,0,0,1,114.34333,34.785477,開封,1,0,0,0,0,3,1.0,1.9428185807437722e-30,0.0,-0.3991042384910996,1.5173807213961439,-0.3886753035554917,-0.15247069472655322,-0.3918899761925293,0.8423193593235898
15267,曹組,Cao Zu,1091,cluster1_song_and_before,宋,military_industrial,军器/制造,0,1,0,0,0,1,113.467056,34.162491,陽翟,0,0,0,1,0,1,0.0,0.00032326142611254925,0.0,-0.44412113313484536,-0.9387205953692331,-0.3694807521819759,-0.15247069472655322,-0.5876115220742312,0.6670754373737681
15288,鄭向,Zheng Xiang (5),973,cluster1_song_and_before,宋,works_general,工部,0,1,0,0,0,1,119.44429016,32.206489563,丹徒,0,0,0,0,0,0,0.0,7.067932822769843e-42,0.0,-0.4666295804567182,-0.9387205953692331,-0.3886753035554917,-0.15247069472655322,0.7474429356548823,0.11685863770351972
15289,鄭惇忠,Zheng Dunzhong,1027,cluster1_song_and_before,宋,construction,将作/营缮,0,0,1,0,0,1,119.44429016,32.206489563,丹徒,0,0,0,0,1,10,0.8,0.0028894551083549365,2.9786030285731885e-05,-0.24154510723798941,1.0261604580430685,-0.2171058243703179,-0.13001770981812333,0.7474429356548823,0.11685863770351972
15316,鄭絳,Zheng Jiang (3),1061,cluster1_song_and_before,宋,astronomical,天文/历算,0,0,0,0,0,1,120.618622,31.31271,吳縣,1,0,0,0,0,10,0.8,0.002244916945211776,1.3673429137850278e-05,-0.24154510723798941,1.0261604580430685,-0.25537708065171394,-0.14216353747419183,1.0097376552322135,-0.1345586268557452
15353,賀知章,He Zhizhang,659,cluster1_song_and_before,唐,works_general,工部,0,1,0,0,0,1,120.57826233,30.004514694,山陰,0,0,0,0,0,38,0.3911806543385491,0.0015694442120171104,0.0008925717725603856,0.38869141777445126,0.022058724844819067,-0.2954851635573435,0.5203581564745025,1.0007230581955837,-0.5025496829947078
15387,江鎬,Jiang Hao,977,cluster1_song_and_before,宋,works_general,工部,0,1,0,0,0,1,118.404884,29.14485,開化,0,0,0,0,0,5,1.0,0.0026914905240827346,0.0,-0.3540873438473538,1.5173807213961439,-0.2288605252903915,-0.15247069472655322,0.5152847517601594,-0.7443705466069781
15431,江公亮,Jiang Gongliang,1145,cluster1_song_and_before,宋,works_general,工部,0,0,0,0,0,1,118.404884,29.14485,開化,0,0,0,0,0,12,0.9393939393939394,0.0032834451329578763,9.055198641774261e-07,-0.19652821259424366,1.3685260961376364,-0.19371156462569594,-0.15178810548422647,0.5152847517601594,-0.7443705466069781
15460,曾統,Zeng Tong,1077,cluster1_song_and_before,宋,works_general,工部,0,1,1,0,0,1,119.44429016,32.206489563,丹徒,0,0,0,0,0,6,1.0,0.004468188009741843,0.0,-0.33157889652548095,1.5173807213961439,-0.12336414245934302,-0.15247069472655322,0.7474429356548823,0.11685863770351972
15501,馬廷鸞,Ma Tingluan,1222,cluster1_song_and_before,宋,military_industrial,军器/制造,1,1,0,0,0,1,117.124092,28.964994,樂平,0,0,0,1,0,108,0.4619245413637937,0.03870920585718997,0.00021260333496222027,1.9642827303055528,0.19581287892062335,1.9097920681597542,0.007791664023388528,0.2292114571138315,-0.7949634505024227
15505,曹矩,Cao Ju,1004,cluster1_song_and_before,宋,works_general,工部,0,1,0,0,0,1,118.17577362,29.781190872,休寧,0,0,0,0,0,0,0.0,7.067932822769843e-42,0.0,-0.4666295804567182,-0.9387205953692331,-0.3886753035554917,-0.15247069472655322,0.46411144552130795,-0.5653699428915662
15598,俞康直,Yu Kangzhi,1019,cluster1_song_and_before,宋,works_general,工部,0,0,1,0,0,1,119.44429016,32.206489563,丹徒,0,0,0,0,0,59,0.7077732320280538,0.028190556921771377,0.0013096017063809631,0.8613688115337816,0.7996421717861564,1.285217865790881,0.8347191747308452,0.7474429356548823,0.11685863770351972
15613,魏平仲,Wei Pingzhong,989,cluster1_song_and_before,宋,works_general,工部,0,1,0,0,0,1,117.844589,29.244728,婺源,0,0,0,0,0,1,0.0,2.541763132425118e-05,0.0,-0.44412113313484536,-0.9387205953692331,-0.38716606059967873,-0.15247069472655322,0.3901391882152088,-0.7162751922386555
15617,魏紓,Wei Shu,1030,cluster1_song_and_before,宋,construction,将作/营缮,0,0,0,0,0,1,117.844589,29.244728,婺源,0,0,0,0,1,4,1.0,0.0009459366483346238,0.0,-0.3765957911692267,1.5173807213961439,-0.3325076691708414,-0.15247069472655322,0.3901391882152088,-0.7162751922386555
15634,汪若容,Wang Ruorong,1107,cluster1_song_and_before,宋,construction,将作/营缮,0,1,0,0,0,1,118.433945,29.86577,歙縣,0,0,0,0,1,0,0.0,7.067932822769843e-42,0.0,-0.4666295804567182,-0.9387205953692331,-0.3886753035554917,-0.15247069472655322,0.521775716737858,-0.541578111123571
15706,王礪,Wang Li (2),950,cluster1_song_and_before,宋,works_general,工部,0,1,0,0,0,1,115.887953,34.510823,虞城,0,0,0,0,0,12,0.5,0.005758974769502852,8.576549076160537e-07,-0.19652821259424366,0.2893300630134553,-0.04672006812471918,-0.1518241865308448,-0.04688829707796703,0.7650600884263205
15751,齊恢,Qi Hui,1011,cluster1_song_and_before,宋,works_general,工部,0,1,0,0,0,1,115.315086,38.412342,蒲陰,0,0,0,0,0,31,0.9655913978494624,0.012700619075831678,9.987183209294098e-08,0.2311322865213411,1.4328697083461523,0.36545947911303844,-0.15239541041651763,-0.1748418992898482,1.862544608338083
15752,王沖,Wang Chong (2),989,cluster1_song_and_before,宋,works_general,工部,0,1,0,0,0,1,115.887953,34.510823,虞城,0,0,0,0,0,17,0.6985294117647058,0.008891107521659057,3.0790689396502036e-06,-0.08398597598487925,0.7769384126654051,0.13925907495745612,-0.15014966410344605,-0.04688829707796703,0.7650600884263205
15760,程莊,Cheng Zhuang,1027,cluster1_song_and_before,宋,works_general,工部,0,0,0,0,0,1,113.467056,34.162491,陽翟,0,0,0,0,0,2,1.0,0.002172747213924951,0.0,-0.42161268581297245,1.5173807213961439,-0.2596623603136167,-0.15247069472655322,-0.5876115220742312,0.6670754373737681
15773,程元岳,Cheng Yuanyue,1218,cluster1_song_and_before,宋,works_general,工部,0,1,0,0,0,1,118.433945,29.86577,歙縣,0,0,0,0,0,15,0.638095238095238,0.0034125806110525845,0.00016434616749638902,-0.129002870628625,0.6285059591381977,-0.18604378440755942,-0.02858503479951266,0.521775716737858,-0.541578111123571
15791,季鏞,Ji Yong,1175,cluster1_song_and_before,宋,construction,将作/营缮,0,1,0,0,0,1,119.12091,28.082565,龍泉,0,0,0,0,1,13,0.717948717948718,0.004568830343345712,0.00034328038222803005,-0.17401976527237079,0.8246341961546272,-0.11738822239383727,0.10629722995450533,0.6752138556836949,-1.0431878388550666
15806,上官渙酉,Shangguan Huanyou,1178,cluster1_song_and_before,宋,construction,将作/营缮,0,1,0,0,0,1,117.483398,27.337692,邵武,0,0,0,0,1,12,0.8333333333333334,0.0029153643363982506,1.3577074912571167e-05,-0.19652821259424366,1.1080305019352477,-0.21556739148426,-0.1422361701797018,0.30946480910712254,-1.2527181748088918
15848,戚維,Qi Wei,934,cluster1_song_and_before,宋,works_general,工部,0,1,0,0,0,1,115.701694,34.704596,楚丘,0,0,0,0,0,10,0.6444444444444445,0.0026747941685888793,1.971190315151425e-06,-0.24154510723798941,0.6441002532128988,-0.2298519180993984,-0.15098479324947928,-0.08849046650713949,0.8195677988531728
15849,戚舜臣,Qi Shunchen,996,cluster1_song_and_before,宋,construction,将作/营缮,0,0,1,0,0,1,115.701694,34.704596,楚丘,0,0,0,0,1,29,0.9310344827586207,0.010531202218257287,5.472862404030166e-06,0.18611539187759532,1.3479944236881864,0.23664428509485427,-0.14834520046683422,-0.08849046650713949,0.8195677988531728
15853,齊唐,Qi Tang,997,cluster1_song_and_before,宋,works_general,工部,0,1,0,0,0,1,120.578262,30.004515,山陰,0,0,0,0,0,0,0.0,7.067932822769843e-42,0.0,-0.4666295804567182,-0.9387205953692331,-0.3886753035554917,-0.15247069472655322,1.0007229844879177,-0.5025495969179097
15862,魏咸熙,Wei Xianxi,941,cluster1_song_and_before,宋,works_general,工部,0,0,1,0,0,1,114.070267,35.410385,汲縣,0,0,0,0,0,2,1.0,0.00013759838039328266,0.0,-0.42161268581297245,1.5173807213961439,-0.3805050148417004,-0.15247069472655322,-0.4528803884187213,1.018103933580185
15883,時旦,Shi Dan,954,cluster1_song_and_before,宋,works_general,工部,0,0,0,0,0,1,117.157007,35.085022,滕縣,0,0,0,0,0,5,0.8,0.0038052659487129324,3.2668256219948295e-06,-0.3540873438473538,1.0261604580430685,-0.16272699409950803,-0.15000813138106914,0.23656323827211534,0.9265803870199745
15884,時汝賢,Shi Ruxian,982,cluster1_song_and_before,宋,works_general,工部,0,0,1,0,0,1,117.157007,35.085022,滕縣,0,0,0,0,0,30,0.8528735632183908,0.014919388771248973,9.084847099674029e-07,0.2086238391994682,1.1560232862858355,0.4972051359235096,-0.1517858705560692,0.23656323827211534,0.9265803870199745
15885,晁仲綽,Chao Zhongchuo,1012,cluster1_song_and_before,宋,works_general,工部,0,1,0,0,0,1,116.08870697,35.396209717,鉅野,0,0,0,0,0,4,0.6666666666666666,0.0018040872162081163,1.5562624999003993e-08,-0.3765957911692267,0.6986802824743514,-0.28155257886097995,-0.152458963476001,-0.0020485810185032144,1.0141164728865761
15940,孔陶,Kong Tao,1016,cluster1_song_and_before,宋,works_general,工部,0,0,0,0,0,1,116.986059,35.597553,仙源,0,0,0,0,0,4,1.0,0.0014696000011766765,0.0,-0.3765957911692267,1.5173807213961439,-0.3014136928513323,-0.15247069472655322,0.198380881126537,1.070753679133864
16040,吳淵,Wu Yuan,1190,cluster1_song_and_before,宋,works_general,工部,1,1,0,0,0,1,119.022865,31.656557,溧水,0,0,0,0,0,50,0.6751020408163265,0.017727499995775765,0.0001199660796069426,0.6587927856369258,0.7193984160307397,0.663944594478517,-0.062039155206214155,0.6533148618005358,-0.03783559161790578
16098,姜從簡,Jiang Congjian,991,cluster1_song_and_before,宋,construction,将作/营缮,0,0,1,0,0,1,117.864911,36.882379,長山,0,0,0,0,1,46,0.957487922705314,0.023872975406969314,5.396192778316703e-06,0.5687589963494343,1.412966752374234,1.0288493865948618,-0.14840299473926885,0.3946782402188166,1.4321710260134135
16100,姜正顏,Jiang Zhengyan,1023,cluster1_song_and_before,宋,works_general,工部,0,0,1,0,0,1,117.864911,36.882379,長山,0,0,0,0,0,0,0.0,7.067932822769843e-42,0.0,-0.4666295804567182,-0.9387205953692331,-0.3886753035554917,-0.15247069472655322,0.3946782402188166,1.4321710260134135
16101,魏峻,Wei Jun,1207,cluster1_song_and_before,宋,military_industrial,军器/制造,0,1,0,0,0,1,121.542656,29.866316,鄞縣,0,0,0,1,0,1,0.0,1.3812730982369328e-05,0.0,-0.44412113313484536,-0.9387205953692331,-0.3878551340176721,-0.15247069472655322,1.2161267103990354,-0.541424523111345
16132,蔣鎮,Jiang Zhen (2),721,cluster1_song_and_before,唐,works_general,工部,0,0,0,0,0,1,119.814385,31.363638,義興,0,0,0,0,0,1,0.0,3.7056323637843556e-36,0.0,-0.44412113313484536,-0.9387205953692331,-0.3886753035554917,-0.15247069472655322,0.8301060458323416,-0.12023274720987676
16134,蔣渙,Jiang Huan,721,cluster1_song_and_before,唐,works_general,工部,1,1,0,0,0,1,119.814385,31.363638,義興,0,0,0,0,0,1,0.0,3.7056323637843556e-36,0.0,-0.44412113313484536,-0.9387205953692331,-0.3886753035554917,-0.15247069472655322,0.8301060458323416,-0.12023274720987676
16147,蔣峴,Jiang Xian,1166,cluster1_song_and_before,宋,military_industrial,军器/制造,0,1,0,0,0,1,121.406906,29.651657,奉化,0,0,0,1,0,1,0.0,0.0002174551190436186,0.0,-0.44412113313484536,-0.9387205953692331,-0.3757632976161765,-0.15247069472655322,1.1858060574372464,-0.6018073969509291
16153,蔣曉,Jiang Xiao,1217,cluster1_song_and_before,宋,construction,将作/营缮,0,1,0,0,0,1,121.406906,29.651657,奉化,0,0,0,0,1,2,1.0,0.00014874586560894405,0.0,-0.42161268581297245,1.5173807213961439,-0.37984310172626723,-0.15247069472655322,1.1858060574372464,-0.6018073969509291
16173,錢冶,Qian Ye,982,cluster1_song_and_before,宋,works_general,工部,0,1,0,0,0,1,119.952301,31.782784,武進,0,0,0,0,0,136,0.7101307189542484,0.07602114543383963,1.9640730637002643e-05,2.5945192553179934,0.8054323985298402,4.125292846159069,-0.13766533045502083,0.8609104891021656,-0.002328349824414023
16239,錢延年,Qian Yannian,996,cluster1_song_and_before,宋,works_general,工部,0,1,1,0,0,1,112.144302,34.733059,新安,0,0,0,0,0,6,0.7333333333333333,0.0020375095674181006,7.567877608454481e-07,-0.33157889652548095,0.8624203702587098,-0.2676924738496664,-0.151900221118283,-0.8830573046732889,0.8275743475564452
16266,錢孟回,Qian Menghui,1004,cluster1_song_and_before,宋,construction,将作/营缮,0,0,0,0,0,1,119.952301,31.782784,武進,0,0,0,0,1,0,0.0,7.067932822769843e-42,0.0,-0.4666295804567182,-0.9387205953692331,-0.3886753035554917,-0.15247069472655322,0.8609104891021656,-0.002328349824414023
16302,京鏜,Jing Tang,1138,cluster1_song_and_before,宋,works_general,工部,0,1,0,0,0,1,115.89772,28.674896,新建,0,0,0,0,0,78,0.6753246753246753,0.034056979657463925,0.00011813496412451364,1.2890293106493664,0.7199452289398526,1.6335531247580524,-0.0634194669798265,-0.044706773560632615,-0.876567068031227
16330,周延荷,Zhou Yanhe,1000,cluster1_song_and_before,宋,works_general,工部,0,0,0,0,0,1,117.684446,37.041858,鄒平,0,0,0,0,0,2,1.0,0.0011978675593296065,0.0,-0.42161268581297245,1.5173807213961439,-0.31754856665179787,-0.15247069472655322,0.35437019869579534,1.477031946529501
16333,周延雋,Zhou Yanjun,1000,cluster1_song_and_before,宋,works_general,工部,0,0,1,0,0,1,117.684446,37.041858,鄒平,0,0,0,0,0,14,0.8571428571428571,0.007932417668084217,3.8797840878545445e-06,-0.15151131795049788,1.1665091047153755,0.0823341833395376,-0.14954607762461286,0.35437019869579534,1.477031946529501
16458,朱正基,Zhu Zhengji,955,cluster1_song_and_before,宋,works_general,工部,0,0,0,0,0,1,112.190773,30.350445,江陵,0,0,0,0,0,2,1.0,0.00020314295773336295,0.0,-0.42161268581297245,1.5173807213961439,-0.3766131222266764,-0.15247069472655322,-0.872677701993456,-0.4052406206004612
16504,徐僑,Xu Qiao,1160,cluster1_song_and_before,宋,works_general,工部,0,1,0,0,0,1,120.071625,29.300087,義烏,0,0,0,0,0,77,0.5471633629528366,0.026544293236931818,0.001435527543764748,1.2665208633274936,0.4051680608650008,1.1874663547213093,0.9296432347427598,0.8875622872164389,-0.700702886801261
16631,劉審禮,Liu Shenli,626,cluster1_song_and_before,唐,works_general,工部,0,0,0,0,0,1,117.187683,34.269634,彭城,0,0,0,0,0,0,0.0,7.067932822769843e-42,0.0,-0.4666295804567182,-0.9387205953692331,-0.3886753035554917,-0.15247069472655322,0.24341492409352491,0.6972144124542192
16667,朱壽昌,Zhu Shouchang,1000,cluster1_song_and_before,宋,construction,将作/营缮,0,0,1,0,0,1,118.998154,32.690521,天長,0,0,0,0,1,160,0.4762578616352201,0.07166692895490162,0.00039865310940419,3.1347219910429427,0.23101696571289365,3.866749063495418,0.14803770344823175,0.6477954978569724,0.253015096061955
16701,朱肱,Zhu Gong (2),1049,cluster1_song_and_before,宋,medical,医学/医官,0,0,0,0,0,1,120.099312,30.864964,烏程,0,1,0,0,0,11,0.6,0.004632846384629928,4.285582486287634e-05,-0.21903665991611654,0.534940194689993,-0.11358709088261522,-0.12016557787634276,0.8937463602812871,-0.2605081105959014
16720,劉榘,Liu Ju,1151,cluster1_song_and_before,宋,works_general,工部,0,1,0,0,0,1,119.011101,25.433954,莆田,0,0,0,0,0,118,0.47674923946110387,0.03913841841649653,0.00019740640227552207,2.1893672035242817,0.2322238394380761,1.9352777644237422,-0.0036639242841379365,0.6506872952337401,-1.788233440777808
16730,褚籍,Chu Ji,1105,cluster1_song_and_before,宋,works_general,工部,0,1,0,0,0,1,119.57061768,31.74697876,金壇,0,0,0,0,0,0,0.0,7.067932822769843e-42,0.0,-0.4666295804567182,-0.9387205953692331,-0.3886753035554917,-0.15247069472655322,0.7756590159012465,-0.012400246598907158
16745,范純祐,Fan Chunyou,1024,cluster1_song_and_before,宋,construction,将作/营缮,0,0,1,0,0,1,112.38263,34.665276,洛陽,0,0,0,0,1,98,0.538396802019777,0.04492421740098453,9.926629397022011e-05,1.739198257086824,0.38363649901380914,2.2788257626495643,-0.07764284492419912,-0.8298251825437993,0.808507211599097
16754,范世文,Fan Shiwen,1035,cluster1_song_and_before,宋,construction,将作/营缮,0,0,1,0,0,1,120.618622,31.31271,吳縣,0,0,0,0,1,1,0.0,0.0001917266509539083,0.0,-0.44412113313484536,-0.9387205953692331,-0.37729099737438354,-0.15247069472655322,1.0097376552322135,-0.1345586268557452
16783,范仲藝,Fan Zhongyi,1139,cluster1_song_and_before,宋,military_industrial,军器/制造,0,1,0,0,0,1,112.38263,34.665276,洛陽,0,0,0,1,0,100,0.5068686868686869,0.04003084829675172,0.00014625372542552135,1.7842151517305698,0.3062002538760863,1.9882682847893078,-0.04222328484078874,-0.8298251825437993,0.808507211599097
16801,張文蔚,Zhang Wenwei (2),1018,cluster1_song_and_before,宋,works_general,工部,0,0,1,0,0,1,112.736015,38.08202,陽曲,0,0,0,0,0,0,0.0,7.067932822769843e-42,0.0,-0.4666295804567182,-0.9387205953692331,-0.3886753035554917,-0.15247069472655322,-0.7508943247397296,1.769626111315181
16877,朱景,Zhu Jing,998,cluster1_song_and_before,宋,works_general,工部,0,1,0,0,0,1,112.804997,34.720623,偃師,0,0,0,0,0,19,0.631578947368421,0.010367462568442112,4.90176487252078e-06,-0.038969081341133485,0.6125012889036364,0.22692178538910646,-0.1487756990641033,-0.7354867425473871,0.8240761414757838
16882,杜彰壽,Du Zhangshou,1002,cluster1_song_and_before,宋,works_general,工部,0,0,0,0,0,1,115.5583,35.61019,鄄城,0,0,0,0,0,4,1.0,0.003235491028882656,0.0,-0.3765957911692267,1.5173807213961439,-0.19655897368811304,-0.15247069472655322,-0.1205184570102938,1.074308425856392
17100,謝深甫,Xie Shenfu,1136,cluster1_song_and_before,宋,works_general,工部,1,1,0,0,0,1,121.120598,28.843132,臨海,0,0,0,0,0,60,0.8016949152542373,0.025127344879422604,1.7245671596085986e-05,0.8838772588556546,1.0303233416308064,1.1033310826323959,-0.1394707480949223,1.1218572875795312,-0.8292428320882839
17102,謝采伯,Xie Caibo,1172,cluster1_song_and_before,宋,military_industrial,军器/制造,0,1,0,0,0,1,121.425552,29.283617,寧海,0,0,0,1,0,11,0.6363636363636364,0.004475808384515715,3.089721906220455e-05,-0.21903665991611654,0.6242529698450976,-0.12291166139211047,-0.12918008544894016,1.189970763847009,-0.7053358438733522
17108,謝奕禮,Xie Yili,1196,cluster1_song_and_before,宋,construction,将作/营缮,0,0,0,0,0,1,121.120598,28.843132,臨海,0,0,0,0,1,4,1.0,0.0015810140769379802,0.0,-0.3765957911692267,1.5173807213961439,-0.2947981704654707,-0.15247069472655322,1.1218572875795312,-0.8292428320882839
17109,謝奕燾,Xie Yidao,1196,cluster1_song_and_before,宋,construction,将作/营缮,0,0,0,0,0,1,121.120598,28.843132,臨海,0,0,0,0,1,4,1.0,0.0015810140769379802,0.0,-0.3765957911692267,1.5173807213961439,-0.2947981704654707,-0.15247069472655322,1.1218572875795312,-0.8292428320882839
17271,李昭迴,Li Zhaohui,979,cluster1_song_and_before,宋,works_general,工部,0,1,0,0,0,1,114.34333,34.785477,開封,0,0,0,0,0,2,1.0,0.00011323064190643729,0.0,-0.42161268581297245,1.5173807213961439,-0.3819519174736256,-0.15247069472655322,-0.3918899761925293,0.8423193593235898
17275,李宜卿,Li Yiqing,1021,cluster1_song_and_before,宋,works_general,工部,0,0,0,0,0,1,114.34333,34.785477,開封,0,0,0,0,0,0,0.0,7.067932822769843e-42,0.0,-0.4666295804567182,-0.9387205953692331,-0.3886753035554917,-0.15247069472655322,-0.3918899761925293,0.8423193593235898
17302,田有嘉,Tian Youjia,1077,cluster1_song_and_before,宋,military_industrial,军器/制造,0,0,1,0,0,1,117.202271,28.287901,貴溪,0,0,0,1,0,8,0.75,0.003086517207777209,0.00017164019111401502,-0.2865620018817352,0.9033553922047995,-0.20540471101255914,-0.023086732386023937,0.2466732495845473,-0.9854274943890766
17307,譚申,Tan Shen,1085,cluster1_song_and_before,宋,works_general,工部,0,1,0,0,0,1,112.978134,28.198198,長沙,0,0,0,0,0,4,1.0,0.0016531840488206672,0.0,-0.3765957911692267,1.5173807213961439,-0.29051287651751556,-0.15247069472655322,-0.6968154578929071,-1.0106606545735188
17324,向悅,Xiang Yue (2),972,cluster1_song_and_before,宋,works_general,工部,0,0,0,0,0,1,114.34333,34.785477,開封,0,0,0,0,0,0,0.0,7.067932822769843e-42,0.0,-0.4666295804567182,-0.9387205953692331,-0.3886753035554917,-0.15247069472655322,-0.3918899761925293,0.8423193593235898
17355,侯詠,Hou Yong,984,cluster1_song_and_before,宋,construction,将作/营缮,0,0,1,0,0,1,112.38263,34.665276,洛陽,0,0,0,0,1,23,1.0,0.012448042328169484,0.0,0.05106470794635804,1.5173807213961439,0.3504620282354024,-0.15247069472655322,-0.8298251825437993,0.808507211599097
17358,麻希夢,Ma Ximeng,920,cluster1_song_and_before,宋,works_general,工部,0,0,0,0,0,1,118.370405,36.864015,臨淄,0,0,0,0,0,0,0.0,7.067932822769843e-42,0.0,-0.4666295804567182,-0.9387205953692331,-0.3886753035554917,-0.15247069472655322,0.5075836409427058,1.4270052929428692
17361,麻溫故,Ma Wengu,980,cluster1_song_and_before,宋,works_general,工部,0,0,0,0,0,1,118.370405,36.864015,臨淄,0,0,0,0,0,0,0.0,7.067932822769843e-42,0.0,-0.4666295804567182,-0.9387205953692331,-0.3886753035554917,-0.15247069472655322,0.5075836409427058,1.4270052929428692
17394,鮑軻,Bao Ke,997,cluster1_song_and_before,宋,works_general,工部,0,1,0,0,0,1,120.653221,28.018291,永嘉,0,0,0,0,0,1,0.0,3.7056323637843556e-36,0.0,-0.44412113313484536,-0.9387205953692331,-0.3886753035554917,-0.15247069472655322,1.0174655688368177,-1.0612679046019733
17517,俞汝尚,Yu Rushang,1012,cluster1_song_and_before,宋,works_general,工部,0,1,0,0,0,1,120.099312,30.864964,烏程,0,0,0,0,0,133,0.6197311460469355,0.06842394779115292,0.00012037006493022266,2.5269939133523747,0.5834018884771612,3.6741879859196294,-0.06173462733594004,0.8937463602812871,-0.2605081105959014
17648,喻良能,Yu Liangneng,1127,cluster1_song_and_before,宋,works_general,工部,0,1,0,0,0,1,120.071625,29.300087,義烏,0,0,0,0,0,17,0.8455882352941176,0.004962306047266036,4.389329353414381e-06,-0.08398597598487925,1.1381297827779606,-0.09402450187835766,-0.1491619776942755,0.8875622872164389,-0.700702886801261
17667,和凝,He Ning,898,cluster1_song_and_before,五代,works_general,工部,1,1,0,0,0,1,116.282559,35.956072,須昌,0,0,0,0,0,1,0.0,1.2130201669779784e-05,0.0,-0.44412113313484536,-0.9387205953692331,-0.3879550389018283,-0.15247069472655322,0.04124954146819237,1.1716038999310066
17724,韓瑄,Han Xuan,987,cluster1_song_and_before,宋,construction,将作/营缮,0,0,1,0,0,1,114.345497,36.098343,安陽,0,0,0,0,1,32,0.967741935483871,0.014083181070478228,4.777203519049983e-07,0.25364073384321395,1.438151646661777,0.4475529647245081,-0.15211058471025102,-0.39140596252793847,1.211624266391446
17730,崔立,Cui Li,969,cluster1_song_and_before,宋,works_general,工部,0,1,0,0,0,1,114.195343,34.107433,鄢陵,0,0,0,0,0,37,0.7552552552552553,0.014575378781687869,8.099438247662516e-06,0.36618297045257836,0.9162628315571703,0.47677858055920114,-0.14636526332139416,-0.42494384337379415,0.6515878022508058
17743,陳薦,Chen Jian (5),1012,cluster1_song_and_before,宋,works_general,工部,0,1,0,0,0,1,114.499619,36.936829,沙河,0,0,0,0,0,72,0.6521909233176839,0.03171452844244181,3.601935853106093e-05,1.1539786267181291,0.6631263901737573,1.4944635317701092,-0.12531896937909595,-0.3569818028537042,1.4474876327271573
17872,唐諲,Tang Yin,997,cluster1_song_and_before,宋,works_general,工部,0,0,0,0,0,1,120.168625,30.294125,錢塘,0,0,0,0,0,2,1.0,0.0004202954565112003,0.0,-0.42161268581297245,1.5173807213961439,-0.36371908521210444,-0.15247069472655322,0.9092278734948482,-0.4210832521912416
17879,趙安易,Zhao Anyi,930,cluster1_song_and_before,宋,works_general,工部,0,0,0,0,0,1,112.38263,34.665276,洛陽,0,0,0,0,0,10,0.7333333333333333,0.002622128445438232,1.3100946952377377e-05,-0.24154510723798941,0.8624203702587098,-0.2329790927233404,-0.1425950798364154,-0.8298251825437993,0.808507211599097
17917,王汾,Wang Fen (3),1023,cluster1_song_and_before,宋,works_general,工部,0,1,0,0,0,1,116.08870697,35.396209717,鉅野,0,0,0,0,0,11,0.6,0.003071704013667742,1.3212125760566623e-06,-0.21903665991611654,0.534940194689993,-0.2062842858469566,-0.15147475247622794,-0.0020485810185032144,1.0141164728865761
17923,呂承簡,Lv Chengjian,976,cluster1_song_and_before,宋,works_general,工部,0,0,0,0,0,1,112.38262939,34.665275574,河南府,0,0,0,0,0,5,1.0,0.0016268499901510676,0.0,-0.3540873438473538,1.5173807213961439,-0.2920765349103076,-0.15247069472655322,-0.8298253187913008,0.8085070917666919
17930,呂師簡,Lv Shijian,976,cluster1_song_and_before,宋,works_general,工部,0,0,0,0,0,1,112.38263,34.665276,洛陽,0,0,0,0,0,5,1.0,0.0016268499901510676,0.0,-0.3540873438473538,1.5173807213961439,-0.2920765349103076,-0.15247069472655322,-0.8298251825437993,0.808507211599097
17931,呂昌宗,Lv Changzong,1006,cluster1_song_and_before,宋,construction,将作/营缮,0,0,1,0,0,1,112.38263,34.665276,洛陽,0,0,0,0,1,0,0.0,7.067932822769843e-42,0.0,-0.4666295804567182,-0.9387205953692331,-0.3886753035554917,-0.15247069472655322,-0.8298251825437993,0.808507211599097
17952,何景先,He Jingxian,1040,cluster1_song_and_before,宋,construction,将作/营缮,0,1,0,0,0,1,119.9406,30.27177,餘杭,0,0,0,0,1,1,0.0,0.0004990409920550959,0.0,-0.44412113313484536,-0.9387205953692331,-0.3590433487791838,-0.15247069472655322,0.8582969939986224,-0.42737164049400994
17956,何異,He Yi,1124,cluster1_song_and_before,宋,works_general,工部,0,1,0,0,0,1,116.061584,27.75564,崇仁,0,0,0,0,0,21,0.9238095238095239,0.00739369480629186,3.2862389400430926e-07,0.006047813302612277,1.3302491924997344,0.05034600655298642,-0.15222297499814874,-0.0081066742830581,-1.1351507709008037
18087,席汝賢,Xi Ruxian,1006,cluster1_song_and_before,宋,construction,将作/营缮,0,0,0,0,0,1,112.38263,34.665276,洛陽,0,0,0,0,1,0,0.0,7.067932822769843e-42,0.0,-0.4666295804567182,-0.9387205953692331,-0.3886753035554917,-0.15247069472655322,-0.8298251825437993,0.808507211599097
18136,史彌忞,Shi Mimin,1184,cluster1_song_and_before,宋,construction,将作/营缮,0,1,0,0,0,1,121.542656,29.866316,鄞縣,0,0,0,0,1,17,0.9191176470588235,0.002315830774743644,3.3381814205564655e-06,-0.08398597598487925,1.318725467834238,-0.2511663736694083,-0.14995434272065133,1.2161267103990354,-0.541424523111345
18165,陸琮,Lu Cong,1017,cluster1_song_and_before,宋,works_general,工部,0,0,0,0,0,1,118.7425,30.946941,宣城,0,0,0,0,0,11,0.6727272727272727,0.002974949484688662,2.7269327264496413e-05,-0.21903665991611654,0.7135657450002023,-0.2120293566382445,-0.13191482381460873,0.5906934999763558,-0.23744824891412958
18199,葉應及,Ye Yingji,1245,cluster1_song_and_before,宋,military_industrial,军器/制造,0,0,0,0,0,1,121.425552,29.283617,寧海,0,0,0,1,0,0,0.0,7.067932822769843e-42,0.0,-0.4666295804567182,-0.9387205953692331,-0.3886753035554917,-0.15247069472655322,1.189970763847009,-0.7053358438733522
18205,史宇之,Shi Yuzhi,1215,cluster1_song_and_before,宋,works_general,工部,0,1,0,0,0,1,121.542656,29.866316,鄞縣,0,0,0,0,0,7,0.6666666666666666,0.0020002668370560682,2.3975481040920004e-06,-0.30907044920360804,0.6986802824743514,-0.26990386513696196,-0.15066340080782653,1.2161267103990354,-0.541424523111345
18223,謝晟孫,Xie Shengsun,1257,cluster1_song_and_before,元,military_industrial,军器/制造,0,0,0,1,0,1,120.168625,30.294125,錢塘,0,0,0,1,0,8,1.0,0.0016175311939097936,0.0,-0.2865620018817352,1.5173807213961439,-0.2926298645028405,-0.15247069472655322,0.9092278734948482,-0.4210832521912416
18246,梁彥回,Liang Yanhui,1026,cluster1_song_and_before,宋,construction,将作/营缮,0,1,0,0,0,1,116.282559,35.956072,須城,0,0,0,0,1,37,0.7867867867867868,0.014446829577516043,0.00017539657279176053,0.36618297045257836,0.9937074676713938,0.46914561199510907,-0.020255137161294585,0.04124954146819237,1.1716038999310066
18257,王凝,Wang Ning,1046,cluster1_song_and_before,宋,works_general,工部,0,1,0,0,0,1,112.161679,29.397871,安鄉,0,0,0,0,0,45,1.0,0.023793808437869032,0.0,0.5462505490275614,1.5173807213961439,1.0241486263657344,-0.15247069472655322,-0.8791760377376177,-0.6731965677765301
18268,仲訥,Zhong Ne,999,cluster1_song_and_before,宋,works_general,工部,0,1,0,0,0,1,115.552425,35.089468,定陶,0,0,0,0,0,137,0.7012666380420781,0.07613631621284878,2.115160266612203e-05,2.6170277026398665,0.783661317729544,4.132131433308187,-0.13652642115616617,-0.12183067679777539,0.9278310322623843
18272,任廓,Ren Kuo,1020,cluster1_song_and_before,宋,construction,将作/营缮,0,0,0,0,0,1,115.552425,35.089468,定陶,0,0,0,0,1,4,1.0,0.000476082653591056,0.0,-0.3765957911692267,1.5173807213961439,-0.3604065643425067,-0.15247069472655322,-0.12183067679777539,0.9278310322623843
18320,孟仁裕,Meng Renyu,927,cluster1_song_and_before,宋,military_industrial,军器/制造,0,0,0,0,0,1,114.34333,34.785477,開封,0,0,0,1,0,1,0.0,3.7056323637843556e-36,0.0,-0.44412113313484536,-0.9387205953692331,-0.3886753035554917,-0.15247069472655322,-0.3918899761925293,0.8423193593235898
18323,孟玄珏,Meng Xuanjue,929,cluster1_song_and_before,宋,military_industrial,军器/制造,0,0,0,0,0,1,114.34333,34.785477,開封,0,0,0,1,0,1,0.0,3.7056323637843556e-36,0.0,-0.44412113313484536,-0.9387205953692331,-0.3886753035554917,-0.15247069472655322,-0.3918899761925293,0.8423193593235898
18324,姚子材,Yao Zicai,1169,cluster1_song_and_before,宋,works_general,工部,0,1,0,0,0,1,119.321577,26.073954,侯官,0,0,0,0,0,2,1.0,0.001113996812032263,0.0,-0.42161268581297245,1.5173807213961439,-0.3225286268683655,-0.15247069472655322,0.7200341464231732,-1.6082035363371199
18336,柳肩吾,Liu Jianwu,942,cluster1_song_and_before,宋,construction,将作/营缮,0,1,0,0,0,1,115.13826,36.24564,大名,0,0,0,0,1,7,0.7619047619047619,0.0014327791631638565,1.3933219715852164e-06,-0.30907044920360804,0.9325946935948635,-0.30360003310031364,-0.15142039574745184,-0.21433714629258513,1.2530584301951966
18365,宋椿年,Song Chunnian,1027,cluster1_song_and_before,宋,construction,将作/营缮,0,0,1,0,0,1,114.76066,34.49547,雍邱,0,0,0,0,1,7,1.0,0.0047258580895992355,0.0,-0.30907044920360804,1.5173807213961439,-0.1080642607360017,-0.15247069472655322,-0.29867658318667445,0.7607413397968225
18395,畢仲達,Bi Zhongda,1040,cluster1_song_and_before,宋,works_general,工部,0,0,0,0,0,1,113.641312,34.758076,管城,0,0,0,0,0,31,0.8451612903225807,0.013605239421480807,3.2448217323336487e-06,0.2311322865213411,1.1370811626711823,0.41917384245945377,-0.15002471811645315,-0.5486903014295904,0.8346115477429978
18399,畢從周,Bi Congzhou,1039,cluster1_song_and_before,宋,construction,将作/营缮,0,0,1,0,0,1,113.641312,34.758076,管城,0,0,0,0,1,29,0.9310344827586207,0.012958841132958985,1.586049702285791e-06,0.18611539187759532,1.3479944236881864,0.38079213603072265,-0.15127511580288236,-0.5486903014295904,0.8346115477429978
18401,畢從益,Bi Congyi,998,cluster1_song_and_before,宋,construction,将作/营缮,0,0,0,0,0,1,113.641312,34.758076,管城,0,0,0,0,1,3,1.0,0.0012977208402859975,0.0,-0.3991042384910996,1.5173807213961439,-0.3116194987943039,-0.15247069472655322,-0.5486903014295904,0.8346115477429978
18424,江側,Jiang Ce,1043,cluster1_song_and_before,宋,construction,将作/营缮,0,1,0,0,0,1,118.10537,27.33988,建陽,0,0,0,0,1,4,0.8333333333333334,0.0018433053022419825,0.0,-0.3765957911692267,1.1080305019352477,-0.2792238953053802,-0.15247069472655322,0.4483863351767474,-1.2521026975730851
18480,彭方,Peng Fang,1163,cluster1_song_and_before,宋,construction,将作/营缮,0,1,0,0,0,1,116.189186,29.272564,都昌,0,0,0,0,1,48,1.0,0.021577142509875268,0.0,0.6137758909931801,1.5173807213961439,0.8925278866305064,-0.15247069472655322,0.02039406943134979,-0.7084450165823882
18521,謝倜,Xie Ti,1136,cluster1_song_and_before,宋,military_industrial,军器/制造,0,1,0,0,0,1,121.120598,28.843132,臨海,0,0,0,1,0,1,0.0,0.0006897721631652245,0.0,-0.44412113313484536,-0.9387205953692331,-0.34771815199826767,-0.15247069472655322,1.1218572875795312,-0.8292428320882839
18550,謝衒,Xie Xuan,980,cluster1_song_and_before,宋,construction,将作/营缮,0,0,1,0,0,1,118.433945,29.86577,歙縣,0,0,0,0,1,2,1.0,0.0002049215955101368,0.0,-0.42161268581297245,1.5173807213961439,-0.3765075106336332,-0.15247069472655322,0.521775716737858,-0.541578111123571
18567,王羽,Wang Yu (11),972,cluster1_song_and_before,宋,works_general,工部,0,0,0,0,0,0,,,,0,0,0,0,0,3,1.0,0.0010534363171869326,0.0,-0.3991042384910996,1.5173807213961439,-0.3261245756442318,-0.15247069472655322,-3.174087617753835e-15,-1.9987334503111837e-15
18571,辛若冲,Xin Ruochong,957,cluster1_song_and_before,宋,works_general,工部,0,0,0,0,0,1,111.782768,37.143234,孝義,0,0,0,0,0,4,0.5,0.0011615662018184775,6.610008314878029e-08,-0.3765957911692267,0.2893300630134553,-0.3197040612929467,-0.15242086787298634,-0.9638082950813052,1.5055486833929066
18574,辛廱,Xin Yong,1026,cluster1_song_and_before,宋,works_general,工部,0,1,0,0,0,1,113.819748,34.031391,長社,0,0,0,0,0,33,0.9393939393939394,0.013528215136944065,9.243930684859941e-06,0.27614918116508685,1.3685260961376364,0.414600310119613,-0.14550253434496807,-0.5088354503659407,0.6301974366359949
18588,徐誼,Xu Yi (2),1145,cluster1_song_and_before,宋,works_general,工部,0,1,0,0,0,1,120.556442,27.675718,平陽,0,0,0,0,0,107,0.4660553694233821,0.03823360678998699,0.00038271017114414896,1.94177428298368,0.20595861115710984,1.881552043241206,0.13601976924502227,0.9958493443580759,-1.157632567811286
18616,徐執中,Xu Zhizhong,999,cluster1_song_and_before,宋,works_general,工部,0,0,0,0,0,1,120.618622,31.31271,吳縣,0,0,0,0,0,2,1.0,0.0010622932781914269,0.0,-0.42161268581297245,1.5173807213961439,-0.3255986688106871,-0.15247069472655322,1.0097376552322135,-0.1345586268557452
18644,許遂,Xu Sui,952,cluster1_song_and_before,宋,construction,将作/营缮,0,0,1,0,0,1,118.7425,30.946941,宣城,0,0,0,0,1,85,0.9815126050420168,0.050717819232456,1.1869468435777017e-06,1.4465884419024766,1.4719738062962795,2.6228370767404585,-0.15157596322623898,0.5906934999763558,-0.23744824891412958
18655,許正,Xu Zheng,1000,cluster1_song_and_before,宋,construction,将作/营缮,0,0,1,0,0,1,120.618622,31.31271,吳縣,0,0,0,0,1,10,1.0,0.0026196983223355985,0.0,-0.24154510723798941,1.5173807213961439,-0.23312338807988323,-0.15247069472655322,1.0097376552322135,-0.1345586268557452
18684,戴溪,Dai Xi,1152,cluster1_song_and_before,宋,works_general,工部,0,1,0,0,0,1,120.653221,28.018291,永嘉,0,0,0,0,0,31,0.5935483870967742,0.008693360901622465,0.0001796687268143468,0.2311322865213411,0.5190943797431196,0.12751731627354201,-0.017034747976315944,1.0174655688368177,-1.0612679046019733
18688,戴侗,Dai Tong,1211,cluster1_song_and_before,宋,military_industrial,军器/制造,0,1,0,0,0,1,120.653221,28.018291,永嘉,0,0,0,1,0,0,0.0,7.067932822769843e-42,0.0,-0.4666295804567182,-0.9387205953692331,-0.3886753035554917,-0.15247069472655322,1.0174655688368177,-1.0612679046019733
18731,薛塾,Xue Shu,977,cluster1_song_and_before,宋,astronomical,天文/历算,0,0,1,0,0,1,111.216148,35.616409,正平,1,0,0,0,0,79,0.9795520934761441,0.04728629162084349,1.4477165945065644e-06,1.3115377579712393,1.4671585912578062,2.4190805264374173,-0.1513793925779849,-1.0903665888655445,1.0760578101934477
18734,薛長孺,Xue Changru,1001,cluster1_song_and_before,宋,works_general,工部,0,0,1,0,0,1,111.216148,35.616409,正平,0,0,0,0,0,78,1.0,0.047176652195951005,0.0,1.2890293106493664,1.5173807213961439,2.4125703789107873,-0.15247069472655322,-1.0903665888655445,1.0760578101934477
18735,薛良孺,Xue Liangru,1018,cluster1_song_and_before,宋,construction,将作/营缮,0,0,1,0,0,1,111.216148,35.616409,正平,0,0,0,0,1,79,0.9779292437520286,0.047267958681426456,1.2663726667919369e-06,1.3115377579712393,1.4631727079134937,2.4179919568802646,-0.1515160913066558,-1.0903665888655445,1.0760578101934477
18866,胡淮,Hu Huai,993,cluster1_song_and_before,宋,works_general,工部,0,0,0,0,0,1,120.168625,30.294125,錢塘,0,0,0,0,0,0,0.0,7.067932822769843e-42,0.0,-0.4666295804567182,-0.9387205953692331,-0.3886753035554917,-0.15247069472655322,0.9092278734948482,-0.4210832521912416
18880,胡晏,Hu Yan,988,cluster1_song_and_before,宋,works_general,工部,0,0,0,0,0,1,116.77626,27.910084,金谿,0,0,0,0,0,0,0.0,7.067932822769843e-42,0.0,-0.4666295804567182,-0.9387205953692331,-0.3886753035554917,-0.15247069472655322,0.15152089828505574,-1.091706179398557
18889,胡太初,Hu Taichu,1207,cluster1_song_and_before,宋,military_industrial,军器/制造,0,1,0,0,0,1,121.120598,28.843132,臨海,0,0,0,1,0,45,0.7424242424242424,0.01589798450798565,7.914351660038019e-05,0.5462505490275614,0.8847485640474861,0.5553119950331266,-0.09281158047796437,1.1218572875795312,-0.8292428320882839
18946,黃策,Huang Ce (2),1070,cluster1_song_and_before,宋,works_general,工部,0,1,0,0,0,1,120.618622,31.31271,吳縣,0,0,0,0,0,22,0.7965367965367965,0.006834255520286907,7.288422803766171e-06,0.028556260624485158,1.017654479456868,0.017127734132674842,-0.14697661425831413,1.0097376552322135,-0.1345586268557452
18950,黃涇,Huang Jing,1163,cluster1_song_and_before,宋,military_industrial,军器/制造,0,1,0,0,0,1,120.618622,31.31271,吳縣,0,0,0,1,0,8,0.75,0.0016152995829820983,1.4685683431599799e-07,-0.2865620018817352,0.9033553922047995,-0.2927623726437359,-0.15235999268761194,1.0097376552322135,-0.1345586268557452
18954,黃由,Huang You,1151,cluster1_song_and_before,宋,construction,将作/营缮,0,1,0,0,0,1,120.618622,31.31271,長洲,0,0,0,0,1,39,0.9230769230769231,0.015573316061059035,7.423815294949573e-07,0.4111998650963241,1.3284498508757305,0.536033897863182,-0.15191108066861572,1.0097376552322135,-0.1345586268557452
19098,皇甫鑑,Huangfu Jian,1000,cluster1_song_and_before,宋,works_general,工部,0,0,1,0,0,1,115.282862,34.990951,濟陰,0,0,0,0,0,12,1.0,0.005777154358295492,0.0,-0.19652821259424366,1.5173807213961439,-0.045640604189828834,-0.15247069472655322,-0.18203934106547076,0.9001185227377246
19123,文天祥,Wen Tianxiang,1236,cluster1_song_and_before,宋,works_general,工部,1,1,0,0,0,1,115.132248,27.214367,吉水,0,0,0,0,0,181,0.24149785144260283,0.05303658113388688,0.029870821077882182,3.607399384802273,-0.3455774044450469,2.760520050472283,22.364430296452902,-0.21567996592872687,-1.2874090935044358
19149,李孝基,Li Xiaoji,1016,cluster1_song_and_before,宋,construction,将作/营缮,0,1,0,0,0,1,114.34333,34.785477,開封,0,0,0,0,1,104,0.5005601194921583,0.04429217211319475,0.00022447672227556765,1.8742489410180614,0.29070577323569124,2.241296305786234,0.016741933112661395,-0.3918899761925293,0.8423193593235898
19155,李孝孫,Li Xiaosun,1023,cluster1_song_and_before,宋,works_general,工部,0,1,0,0,0,1,112.38263,34.665276,洛陽,0,0,0,0,0,6,1.0,0.0032257753504821587,0.0,-0.33157889652548095,1.5173807213961439,-0.19713586926897325,-0.15247069472655322,-0.8298251825437993,0.808507211599097
19178,蘇諤,Su E,1133,cluster1_song_and_before,宋,works_general,工部,0,0,1,0,0,1,119.649918,29.104712,金華,0,0,0,0,0,3,0.6666666666666666,0.0004444121075042108,6.1141329639684745e-06,-0.3991042384910996,0.6986802824743514,-0.3622870916024452,-0.14786180479220443,0.7933712625493429,-0.7556612345826669
19267,蘇壽,Su Shou (2),988,cluster1_song_and_before,宋,works_general,工部,0,0,0,0,0,1,114.34333,34.785477,開封,0,0,0,0,0,2,1.0,0.00012552903742475487,0.0,-0.42161268581297245,1.5173807213961439,-0.3812216658397484,-0.15247069472655322,-0.3918899761925293,0.8423193593235898
19289,李璋,Li Zhang,1018,cluster1_song_and_before,宋,astronomical,天文/历算,0,0,1,0,0,1,114.34333,34.785477,開封,1,0,0,0,0,9,0.9444444444444444,0.0074899778189301755,8.180354166143124e-09,-0.2640535545598623,1.3809306482425119,0.05606307974265791,-0.1524645282999809,-0.3918899761925293,0.8423193593235898
19322,高禾,Gao He,1151,cluster1_song_and_before,宋,construction,将作/营缮,0,1,0,0,0,1,118.589905,24.909641,晉江,0,0,0,0,1,52,0.8831070889894419,0.0218739710861099,1.0294216315419741e-05,0.7038096802806716,1.230279888742574,0.9101529136069064,-0.14471081933003382,0.5566104057685858,-1.9357209709137615
19374,耿璋,Geng Zhang,1008,cluster1_song_and_before,宋,construction,将作/营缮,0,0,1,0,0,1,112.804997,34.720623,偃師,0,0,0,0,1,1,0.0,3.7056323637843556e-36,0.0,-0.44412113313484536,-0.9387205953692331,-0.3886753035554917,-0.15247069472655322,-0.7354867425473871,0.8240761414757838
19424,王棐,Wang Fei (2),1169,cluster1_song_and_before,宋,construction,将作/营缮,0,1,0,0,0,1,121.120598,28.843132,臨海,0,0,0,0,1,49,0.9795918367346939,0.021461117895803974,1.3254105366965234e-07,0.6362843383150529,1.4672562047274627,0.8856386006363018,-0.15237078405536794,1.1218572875795312,-0.8292428320882839
19494,吳有鄰,Wu Youlin,972,cluster1_song_and_before,宋,works_general,工部,0,1,0,0,0,1,116.061584,27.75564,崇仁,0,0,0,0,0,0,0.0,7.067932822769843e-42,0.0,-0.4666295804567182,-0.9387205953692331,-0.3886753035554917,-0.15247069472655322,-0.0081066742830581,-1.1351507709008037
19560,李堪,Li Kan,965,cluster1_song_and_before,宋,works_general,工部,0,1,0,0,0,1,119.952301,31.782784,晉陵,0,0,0,0,0,2,0.0,0.001134027110952907,0.00017164019111401502,-0.42161268581297245,-0.9387205953692331,-0.3213392718429833,-0.023086732386023937,0.8609104891021656,-0.002328349824414023
19563,李琪,Li Qi,1004,cluster1_song_and_before,宋,works_general,工部,0,1,0,0,0,1,120.618622,31.31271,吳縣,0,0,0,0,0,1,0.0,9.137225156141455e-06,0.0,-0.44412113313484536,-0.9387205953692331,-0.38813275525401303,-0.15247069472655322,1.0097376552322135,-0.1345586268557452
19586,李秠,Li Pi,1043,cluster1_song_and_before,宋,construction,将作/营缮,0,0,1,0,0,1,103.696481,30.328339,依政,0,0,0,0,1,3,0.3333333333333333,0.001223301088075446,2.0952740664231894e-07,-0.3991042384910996,-0.12002015644744085,-0.3160383797421112,-0.15231275103099817,-2.7699335391067104,-0.41145896601853305
19597,李沐,Li Mu,1142,cluster1_song_and_before,宋,construction,将作/营缮,0,1,0,0,0,1,120.084801,30.553133,德清,0,0,0,0,1,96,0.6445175438596491,0.03982119164912604,3.517393615607284e-05,1.6941813624430784,0.6442797927828376,1.9758193349036228,-0.12595625657865772,0.8905052332453495,-0.3482251498640958
19598,李公彥,Li Gongyan,1079,cluster1_song_and_before,宋,works_general,工部,0,1,0,0,0,1,116.351341,27.984781,臨川,0,0,0,0,0,1,0.0,0.00010260784647428513,0.0,-0.44412113313484536,-0.9387205953692331,-0.3825826756655474,-0.15247069472655322,0.0566124523486191,-1.0706941578797973
19611,李陟,Li Zhi (8),967,cluster1_song_and_before,宋,works_general,工部,0,1,0,0,0,1,114.745884,35.921836,內黃,0,0,0,0,0,111,0.7166257166257166,0.0602983014178336,3.26282012987912e-05,2.0318080722711716,0.8213847708631213,3.1917050041691333,-0.1278752550414636,-0.30197689971089814,1.1619734252303326
19668,李惟簡,Li Weijian,957,cluster1_song_and_before,宋,construction,将作/营缮,0,0,1,0,0,1,113.962967,35.051949,陽武,0,0,0,0,1,2,1.0,0.0011915386877154907,0.0,-0.42161268581297245,1.5173807213961439,-0.31792436110644223,-0.15247069472655322,-0.4768465472607111,0.9172770604112758
19669,李郯,Li Tan (2),987,cluster1_song_and_before,宋,construction,将作/营缮,0,0,1,0,0,1,113.962967,35.051949,陽武,0,0,0,0,1,0,0.0,7.067932822769843e-42,0.0,-0.4666295804567182,-0.9387205953692331,-0.3886753035554917,-0.15247069472655322,-0.4768465472607111,0.9172770604112758
19699,張元幹,Zhang Yuangan,1092,cluster1_song_and_before,宋,construction,将作/营缮,0,0,0,0,0,1,119.518837,25.959837,長樂,0,0,0,0,1,150,0.40116331096196867,0.059839012839308585,0.0009745726463137612,2.9096375178242138,0.046577140922416486,3.164433460138086,0.5821711729523835,0.7640934613641902,-1.6403042747825232
19701,曾噩,Zeng E,1167,cluster1_song_and_before,宋,military_industrial,军器/制造,0,1,0,0,0,1,119.321577,26.073954,閩縣,0,0,0,1,0,12,0.6060606060606061,0.003305655661169016,3.425870143926638e-06,-0.19652821259424366,0.5498256572158439,-0.19239275238784725,-0.14988824215056587,0.7200341464231732,-1.6082035363371199
19733,李丕緒,Li Pixu,989,cluster1_song_and_before,宋,works_general,工部,0,0,0,0,0,1,105.7258,34.5853,成紀,0,0,0,0,0,2,1.0,4.4530436086334736e-05,0.0,-0.42161268581297245,1.5173807213961439,-0.386031184356294,-0.15247069472655322,-2.3166718289942207,0.7860102246654269
19735,李丕旦,Li Pidan,1004,cluster1_song_and_before,宋,construction,将作/营缮,0,0,1,0,0,1,108.906976,34.246423,長安,0,0,0,0,1,18,0.7254901960784313,0.004872290204392058,0.0002902093058059205,-0.06147752866300637,0.8431568305193736,-0.09936944433330229,0.06629176207077205,-1.6061353022437168,0.6906852341542608
19806,鄧景儁,Deng Jingjun,1043,cluster1_song_and_before,宋,construction,将作/营缮,0,0,1,0,0,1,116.627449,27.559717,南城,0,0,0,0,1,9,1.0,0.0022144276214818735,0.0,-0.2640535545598623,1.5173807213961439,-0.25718746953019894,-0.15247069472655322,0.11828298529870547,-1.1902632692878865
19832,元奉宗,Yuan Fengzong,961,cluster1_song_and_before,宋,works_general,工部,0,1,0,0,0,1,119.9406,30.27177,餘杭,0,0,0,0,0,46,0.9748792270531401,0.024369781977859648,2.925922277270009e-07,0.5687589963494343,1.4556815578831972,1.058348666364588,-0.15225013600118908,0.8582969939986224,-0.42737164049400994
19842,傅野,Fu Ye (2),1017,cluster1_song_and_before,宋,construction,将作/营缮,0,0,0,0,0,1,116.627449,27.559717,南城,0,0,0,0,1,6,0.7333333333333333,0.002757802933094407,4.2387176750238604e-07,-0.33157889652548095,0.8624203702587098,-0.22492304052215634,-0.15215117627083607,0.11828298529870547,-1.1902632692878865
19879,王撝,Wang Hui,1193,cluster1_song_and_before,宋,construction,将作/营缮,0,1,0,0,0,1,121.542656,29.866316,鄞縣,0,0,0,0,1,4,0.3333333333333333,0.0006990329512269859,8.508156086358915e-07,-0.3765957911692267,-0.12002015644744085,-0.34716826680364865,-0.15182934205762408,1.2161267103990354,-0.541424523111345
19880,王應麟,Wang Yinglin,1223,cluster1_song_and_before,宋,astronomical,天文/历算,0,1,0,0,0,1,121.542656,29.866316,鄞縣,1,0,0,0,0,45,0.38585858585858585,0.015460290777413763,0.0010470648842703567,0.5462505490275614,0.008987185443265822,0.5293227055024826,0.6368164918889399,1.2161267103990354,-0.541424523111345
19905,王周,Wang Zhou (2),982,cluster1_song_and_before,宋,construction,将作/营缮,0,1,0,0,0,1,121.406906,29.651657,奉化,0,0,0,0,1,2,0.0,0.0011574987298560698,7.502647974010185e-07,-0.42161268581297245,-0.9387205953692331,-0.3199455788178851,-0.1519051381884119,1.1858060574372464,-0.6018073969509291
19915,張虙,Zhang Fu,1166,cluster1_song_and_before,宋,works_general,工部,0,1,0,0,0,1,121.444199,29.979195,慈溪,0,0,0,0,0,52,0.8800904977375565,0.021701035477264034,0.00021388224631838562,0.7038096802806716,1.2228708349966755,0.8998843781115934,0.008755719223216732,1.1941356936133336,-0.5096720300123445
19947,樓淳,Lou Chun,1167,cluster1_song_and_before,宋,works_general,工部,0,0,0,0,0,1,121.542656,29.866316,鄞縣,0,0,0,0,0,48,1.0,0.021090633636560815,0.0,0.6137758909931801,1.5173807213961439,0.8636400614581512,-0.15247069472655322,1.2161267103990354,-0.541424523111345
19995,李志道,Li Zhidao,1223,cluster1_song_and_before,宋,works_general,工部,0,1,0,0,0,1,113.287287,23.09316,番禺,0,0,0,0,0,7,0.6190476190476191,0.0009098066265141734,1.8946149802099915e-06,-0.30907044920360804,0.5817230769140955,-0.3346529902761112,-0.15104251644465852,-0.6277641074317866,-2.4466911284892694
20001,楊樸,Yang Pu,1094,cluster1_song_and_before,宋,military_industrial,军器/制造,0,1,0,0,0,1,104.84835815,29.784748077,資州,0,0,0,1,0,2,1.0,0.0011124823529936215,0.0,-0.42161268581297245,1.5173807213961439,-0.3226185521098948,-0.15247069472655322,-2.5126542218340213,-0.5643693127724633
20166,林士衡,Lin Shiheng,1154,cluster1_song_and_before,宋,construction,将作/营缮,0,1,0,0,0,1,119.321577,26.073954,閩縣,0,0,0,0,1,4,1.0,0.0008489821701635358,0.0,-0.3765957911692267,1.5173807213961439,-0.3382646125046848,-0.15247069472655322,0.7200341464231732,-1.6082035363371199
20180,林洙,Lin Zhu,995,cluster1_song_and_before,宋,construction,将作/营缮,0,0,0,0,0,1,118.16918182,26.642173767,南劍州,0,0,0,0,1,5,0.9,0.0010716636482795449,3.987922655994773e-08,-0.3540873438473538,1.271770589719606,-0.3250422768767401,-0.1524406333970131,0.4626391237519275,-1.4483651764084955
20205,林咸德,Lin Xiande,982,cluster1_song_and_before,宋,works_general,工部,0,1,0,0,0,1,119.321577,26.073954,閩縣,0,0,0,0,0,0,0.0,7.067932822769843e-42,0.0,-0.4666295804567182,-0.9387205953692331,-0.3886753035554917,-0.15247069472655322,0.7200341464231732,-1.6082035363371199
20221,劉几,Liu Ji,1008,cluster1_song_and_before,宋,construction,将作/营缮,0,1,1,0,0,1,112.38263,34.665276,洛陽,0,0,0,0,1,142,0.3657976226151234,0.05240101930441932,0.0016452986433633187,2.729569939249231,-0.04028457279458415,2.7227817891106776,1.087770628300391,-0.8298251825437993,0.808507211599097
20265,劉文裕,Liu Wenyu,944,cluster1_song_and_before,宋,military_industrial,军器/制造,0,0,0,0,0,1,115.34796,38.83195,寶塞,0,0,0,1,0,1,0.0,0.00019843176404881233,0.0,-0.44412113313484536,-0.9387205953692331,-0.37689286252942816,-0.15247069472655322,-0.16749927575050272,1.9805789648108136
20268,劉渙,Liu Huan (2),995,cluster1_song_and_before,宋,works_general,工部,0,0,1,0,0,1,115.34796,38.83195,寶塞,0,0,0,0,0,50,0.8457142857142858,0.02462751775932077,0.00039511440558713675,0.6587927856369258,1.1384393753809143,1.0736524493044255,0.1453701958066458,-0.16749927575050272,1.9805789648108136
20276,劉師愈,Liu Shiyu,1025,cluster1_song_and_before,宋,construction,将作/营缮,0,0,1,0,0,1,114.76066,34.49547,雍邱,0,0,0,0,1,16,1.0,0.006524209550389283,0.0,-0.10649442330675213,1.5173807213961439,-0.0012821125629821834,-0.15247069472655322,-0.29867658318667445,0.7607413397968225
20338,劉立義,Liu Liyi,1127,cluster1_song_and_before,宋,military_industrial,军器/制造,0,1,0,0,0,1,120.957687,28.130676,樂清,0,0,0,1,0,1,0.0,0.0009541720570556551,0.0,-0.44412113313484536,-0.9387205953692331,-0.332018668742678,-0.15247069472655322,1.085470047103227,-1.029654372085463
20358,麋弇,Mi Yan,1206,cluster1_song_and_before,宋,construction,将作/营缮,0,0,1,0,0,1,120.618622,31.31271,吳縣,0,0,0,0,1,5,0.8,0.0010932565908997338,5.28188018336605e-07,-0.3540873438473538,1.0261604580430685,-0.32376013551080957,-0.15207254171687853,1.0097376552322135,-0.1345586268557452
20367,劉三傑,Liu Sanjie,1154,cluster1_song_and_before,宋,construction,将作/营缮,0,1,0,0,0,1,119.802269,28.895449,武義,0,0,0,0,1,0,0.0,7.067932822769843e-42,0.0,-0.4666295804567182,-0.9387205953692331,-0.3886753035554917,-0.15247069472655322,0.8273998577565754,-0.8145262312904351
20431,劉有方,Liu Youfang,983,cluster1_song_and_before,宋,works_general,工部,0,0,0,0,0,1,118.537849,24.953764,南安,0,0,0,0,0,2,1.0,1.540612068852347e-05,0.0,-0.42161268581297245,1.5173807213961439,-0.38776052204698136,-0.15247069472655322,0.5449833567035451,-1.9233093154862047
20432,劉有政,Liu Youzheng,983,cluster1_song_and_before,宋,works_general,工部,0,0,0,0,0,1,118.537849,24.953764,南安,0,0,0,0,0,2,1.0,1.540612068852347e-05,0.0,-0.42161268581297245,1.5173807213961439,-0.38776052204698136,-0.15247069472655322,0.5449833567035451,-1.9233093154862047
20498,陸若冲,Lu Ruochong,982,cluster1_song_and_before,宋,works_general,工部,0,0,0,0,0,1,119.9406,30.27177,餘杭,0,0,0,0,0,28,0.8835978835978836,0.013626009331373649,1.2227267674883945e-06,0.16360694455572244,1.2314853300266289,0.42040711395508423,-0.15154899198892116,0.8582969939986224,-0.42737164049400994
20531,陸象先,Lu Xiangxian,665,cluster1_song_and_before,唐,works_general,工部,1,1,0,0,0,1,120.618622,31.31271,吳縣,0,0,0,0,0,1,0.0,3.7056323637843556e-36,0.0,-0.44412113313484536,-0.9387205953692331,-0.3886753035554917,-0.15247069472655322,1.0097376552322135,-0.1345586268557452
20534,陸景融,Lu Jingrong,665,cluster1_song_and_before,唐,works_general,工部,0,0,1,0,0,1,120.618622,31.31271,吳縣,0,0,0,0,0,1,0.0,3.7056323637843556e-36,0.0,-0.44412113313484536,-0.9387205953692331,-0.3886753035554917,-0.15247069472655322,1.0097376552322135,-0.1345586268557452
20604,胥致堯(字),Xu Zhiyao (zi),965,cluster1_song_and_before,宋,astronomical,天文/历算,0,0,0,0,0,1,117.276459,31.864456,合肥,1,0,0,0,0,78,1.0,0.047176652195951005,0.0,1.2890293106493664,1.5173807213961439,2.4125703789107873,-0.15247069472655322,0.26324362602601775,0.020645716356023556
20672,馬僑,Ma Qiao,994,cluster1_song_and_before,宋,works_general,工部,0,0,0,0,0,1,115.5583,35.61019,鄄城,0,0,0,0,0,1,0.0,0.0006897721631652245,0.0,-0.44412113313484536,-0.9387205953692331,-0.34771815199826767,-0.15247069472655322,-0.1205184570102938,1.074308425856392
20767,歐陽程,Ouyang Cheng,953,cluster1_song_and_before,宋,works_general,工部,0,1,0,0,0,1,111.590881,25.531357,營道,0,0,0,0,0,0,0.0,7.067932822769843e-42,0.0,-0.4666295804567182,-0.9387205953692331,-0.3886753035554917,-0.15247069472655322,-1.006667515227748,-1.7608342958055636
20797,商飛卿,Shang Feiqing,1145,cluster1_song_and_before,宋,works_general,工部,0,1,0,0,0,1,121.120598,28.843132,臨海,0,0,0,0,0,13,1.0,0.0038413599032039994,0.0,-0.17401976527237079,1.5173807213961439,-0.16058381459280463,-0.15247069472655322,1.1218572875795312,-0.8292428320882839
20849,邵景先,Shao Jingxian,1000,cluster1_song_and_before,宋,works_general,工部,0,1,0,0,0,1,119.569855,31.995802,丹陽,0,0,0,0,0,83,1.0,0.049168761689557326,0.0,1.401571547258731,1.5173807213961439,2.530857452244993,-0.15247069472655322,0.775488666320394,0.05759291608831527
20853,邵納史,Shao Nashi,1038,cluster1_song_and_before,宋,construction,将作/营缮,0,0,1,0,0,1,119.569855,31.995802,丹陽,0,0,0,0,1,1,0.0,0.001133953489308911,0.0,-0.44412113313484536,-0.9387205953692331,-0.32134364333402343,-0.15247069472655322,0.775488666320394,0.05759291608831527
20883,沈玉,Shen Yu (2),964,cluster1_song_and_before,宋,works_general,工部,0,0,0,0,0,1,119.177627,32.267544,揚子,0,0,0,0,0,1,0.0,0.001133953489308911,0.0,-0.44412113313484536,-0.9387205953692331,-0.32134364333402343,-0.15247069472655322,0.6878819696728966,0.13403305092037987
20885,沈惟恭,Shen Weigong,988,cluster1_song_and_before,宋,construction,将作/营缮,0,0,1,0,0,1,114.856377,34.063873,太康,0,0,0,0,1,2,1.0,2.9430640146084146e-05,0.0,-0.42161268581297245,1.5173807213961439,-0.38692777697605135,-0.15247069472655322,-0.27729756337419836,0.6393345168798117
20889,沈惟清,Shen Weiqing,988,cluster1_song_and_before,宋,construction,将作/营缮,0,0,1,0,0,1,114.856377,34.063873,太康,0,0,0,0,1,2,1.0,2.9430640146084146e-05,0.0,-0.42161268581297245,1.5173807213961439,-0.38692777697605135,-0.15247069472655322,-0.27729756337419836,0.6393345168798117
20932,劉子澄,Liu Zicheng,1190,cluster1_song_and_before,宋,military_industrial,军器/制造,0,1,0,0,0,1,114.894874,26.792103,太和,0,0,0,1,0,41,0.8280487804878048,0.015055486436928566,0.00011473490188998292,0.4562167597400699,1.0950511047328289,0.50528631550351,-0.0659824653151975,-0.268699005900384,-1.4061905740805956
20977,師仲說,Shi Zhongyue,966,cluster1_song_and_before,宋,works_general,工部,0,0,0,0,0,1,114.745884,35.921836,內黃,0,0,0,0,0,0,0.0,7.067932822769843e-42,0.0,-0.4666295804567182,-0.9387205953692331,-0.3886753035554917,-0.15247069472655322,-0.30197689971089814,1.1619734252303326
21095,石洵直,Shi Xunzhi,999,cluster1_song_and_before,宋,works_general,工部,0,1,0,0,0,1,103.831459,30.050497,眉山,0,0,0,0,0,10,1.0,0.004409610416895437,0.0,-0.24154510723798941,1.5173807213961439,-0.12684235088262633,-0.15247069472655322,-2.7397853174089097,-0.489615010877298
21169,虞奕,Yu Yi,1055,cluster1_song_and_before,宋,works_general,工部,0,1,0,0,0,1,120.168625,30.294125,錢塘,0,0,0,0,0,7,1.0,0.00437733331280455,0.0,-0.30907044920360804,1.5173807213961439,-0.12875889422066486,-0.15247069472655322,0.9092278734948482,-0.4210832521912416
21226,司馬京,Sima Jing,1012,cluster1_song_and_before,宋,works_general,工部,0,0,1,0,0,1,111.220055,35.137451,夏縣,0,0,0,0,0,65,0.6846153846153846,0.028269199354589228,2.6671977371817508e-05,0.996419495465019,0.7427641522624481,1.289887480211053,-0.13236511168434867,-1.0894939347873003,0.9413284930510998
21237,蘇梲,Su Zhuo,1022,cluster1_song_and_before,宋,works_general,工部,0,0,1,0,0,1,118.144119,24.736046,同安,0,0,0,0,0,33,0.9791666666666666,0.014411798617322405,6.653136375829439e-07,0.27614918116508685,1.4662119439635315,0.46706555074812856,-0.15196917515779154,0.45704117850357445,-1.9845526760096692
21274,王利,Wang Li (3),955,cluster1_song_and_before,宋,works_general,工部,0,1,0,0,0,1,112.38263,34.665276,洛陽,0,0,0,0,0,91,0.8041514041514042,0.04977475179377682,3.0799969900453e-05,1.581639125833714,1.0363567272457574,2.566839809704598,-0.12925339276583397,-0.8298251825437993,0.808507211599097
21429,句希仲,Gou Xizhong,981,cluster1_song_and_before,宋,works_general,工部,0,1,0,0,0,1,114.34333,34.785477,開封,0,0,0,0,0,84,0.9919678714859438,0.0500808273973294,3.743538401663066e-08,1.4240799945806037,1.4976529999763415,2.5850139047929623,-0.15244247558810797,-0.3918899761925293,0.8423193593235898
21432,句中正,Gou Zhongzheng,929,cluster1_song_and_before,宋,works_general,工部,0,1,0,0,0,1,114.34333,34.785477,開封,0,0,0,0,0,9,0.7777777777777778,0.0016069330842314665,0.00017164019111401502,-0.2640535545598623,0.9715804287816157,-0.2932591569090801,-0.023086732386023937,-0.3918899761925293,0.8423193593235898
21455,范楷,Fan Kai,1178,cluster1_song_and_before,宋,works_general,工部,0,1,0,0,0,1,121.542656,29.866316,鄞縣,0,0,0,0,0,3,1.0,0.001486139599023994,0.0,-0.3991042384910996,1.5173807213961439,-0.30043160796605717,-0.15247069472655322,1.2161267103990354,-0.541424523111345
21482,單夔,Shan Kui,1100,cluster1_song_and_before,宋,military_industrial,军器/制造,0,0,0,0,0,1,120.168625,30.294125,錢塘,0,0,0,1,0,13,1.0,0.005619906414171122,0.0,-0.17401976527237079,1.5173807213961439,-0.05497764071216383,-0.15247069472655322,0.9092278734948482,-0.4210832521912416
21493,湯中,Tang Zhong,1196,cluster1_song_and_before,宋,works_general,工部,0,1,0,0,0,1,116.903259,28.40443,安仁,0,0,0,0,0,4,0.3333333333333333,0.0006837005409477446,1.004306367422315e-06,-0.3765957911692267,-0.12002015644744085,-0.3480786715504317,-0.15171363930510703,0.1798869579940426,-0.9526482682413128
21561,鄧淵,Deng Yuan,1073,cluster1_song_and_before,宋,works_general,工部,0,1,0,0,0,1,113.018793,28.60332,湘陰,0,0,0,0,0,20,0.9578947368421052,0.007168647163138904,4.228844876710311e-07,-0.016460634019260605,1.4139659291112856,0.03698317325754677,-0.15215192049149728,-0.6877340035373001,-0.8967011624691125
21569,滕強恕,Teng Qiangshu,1163,cluster1_song_and_before,宋,military_industrial,军器/制造,0,1,0,0,0,1,119.649918,29.104712,金華,0,0,0,1,0,44,0.427061310782241,0.010381536411665351,0.0003442889137387171,0.5237421017056886,0.11018525238257691,0.22775745919658766,0.10705747032799276,0.7933712625493429,-0.7556612345826669
21585,滕玄錫,Teng Xuanxi,942,cluster1_song_and_before,宋,works_general,工部,0,1,0,0,0,1,119.106499,36.702705,北海,0,0,0,0,0,2,1.0,8.214785971249928e-33,0.0,-0.42161268581297245,1.5173807213961439,-0.3886753035554917,-0.15247069472655322,0.6719950643037151,1.381629318122045
21610,田懿,Tian Yi (2),914,cluster1_song_and_before,後蜀,works_general,工部,0,0,0,0,0,1,103.151785,29.911529,洪雅,0,0,0,0,0,5,1.0,0.0024330944195588627,0.0,-0.3540873438473538,1.5173807213961439,-0.24420351675907662,-0.15247069472655322,-2.891594963678911,-0.5287062542527874
21620,丁宗臣,Ding Zongchen,1001,cluster1_song_and_before,宋,works_general,工部,0,1,0,0,0,1,119.952301,31.782784,晉陵,0,0,0,0,0,12,0.9545454545454546,0.003427742418167041,3.545697296374602e-06,-0.19652821259424366,1.4057397524522632,-0.18514350970088145,-0.14979791533562192,0.8609104891021656,-0.002328349824414023
21629,竇儀,Dou Yi,914,cluster1_song_and_before,宋,works_general,工部,0,1,0,0,0,1,112.38263,34.665276,洛陽,0,0,0,0,0,11,0.6,0.0014157338029748404,4.737887465630497e-06,-0.21903665991611654,0.534940194689993,-0.30461214903930056,-0.14889923136795324,-0.8298251825437993,0.808507211599097
21637,竇綱,Dou Gang,997,cluster1_song_and_before,宋,works_general,工部,0,1,0,0,0,1,115.35057,35.26215,宛句,0,0,0,0,0,32,1.0,0.013518930830784363,0.0,0.25364073384321395,1.5173807213961439,0.4140490284721461,-0.15247069472655322,-0.16691631513002092,0.9764059134477392
21679,曾孝純,Zeng Xiaochun,1029,cluster1_song_and_before,宋,construction,将作/营缮,0,0,1,0,0,1,118.589905,24.909641,晉江,0,0,0,0,1,35,0.7159663865546219,0.013718596255900955,1.883715601000332e-05,0.3211660758088326,0.8197653894073225,0.42590472157479586,-0.13827107243539663,0.5566104057685858,-1.9357209709137615
21685,曾孝雍,Zeng Xiaoyong,1014,cluster1_song_and_before,宋,construction,将作/营缮,0,0,0,0,0,1,118.589905,24.909641,晉江,0,0,0,0,1,7,0.5238095238095238,0.0027377306147447736,2.9323494676699557e-07,-0.30907044920360804,0.34780866579358344,-0.2261148905686678,-0.1522496515136368,0.5566104057685858,-1.9357209709137615
21721,曾漸,Zeng Jian,1165,cluster1_song_and_before,宋,works_general,工部,0,1,0,0,0,1,116.627449,27.559717,南城,0,0,0,0,0,30,0.7057471264367816,0.010890331080081262,0.00016581973088244755,0.2086238391994682,0.7946658511755271,0.2579685657889341,-0.02747424910059944,0.11828298529870547,-1.1902632692878865
21724,曾穎茂,Zeng Yingmao,1195,cluster1_song_and_before,宋,construction,将作/营缮,0,0,0,0,0,1,115.89772,28.674896,南昌,0,0,0,0,1,0,0.0,7.067932822769843e-42,0.0,-0.4666295804567182,-0.9387205953692331,-0.3886753035554917,-0.15247069472655322,-0.044706773560632615,-0.876567068031227
21796,連庠,Lian Xiang,1012,cluster1_song_and_before,宋,works_general,工部,0,1,0,0,0,1,113.818992,31.61832,應山,0,0,0,0,0,87,0.8698209035017375,0.050324659048719377,7.423853663219993e-06,1.4916053365462223,1.197647671071434,2.5994920911184307,-0.14687452522482147,-0.5090043079249787,-0.048591534518059455
21810,崔俞,Cui Yu,1020,cluster1_song_and_before,宋,construction,将作/营缮,0,0,1,0,0,1,108.906976,34.246423,長安,0,0,0,0,1,0,0.0,7.067932822769843e-42,0.0,-0.4666295804567182,-0.9387205953692331,-0.3886753035554917,-0.15247069472655322,-1.6061353022437168,0.6906852341542608
21838,段思恭,Duan Sigong,920,cluster1_song_and_before,宋,construction,将作/营缮,0,0,1,0,0,1,112.839157,35.504318,晉城,0,0,0,0,1,0,0.0,7.067932822769843e-42,0.0,-0.4666295804567182,-0.9387205953692331,-0.3886753035554917,-0.15247069472655322,-0.7278568824724345,1.04452697891429
21998,王居安,Wang Juan,1157,cluster1_song_and_before,宋,works_general,工部,0,1,0,0,0,1,121.258354,28.642613,黃巖,0,0,0,0,0,20,0.6789473684210526,0.005697589923728369,9.909367601306306e-06,-0.016460634019260605,0.7288429302241017,-0.050364965042805,-0.14500092184745983,1.152625993799822,-0.8856481702266311
22000,王居正,Wang Juzheng (2),1087,cluster1_song_and_before,宋,works_general,工部,0,1,0,0,0,1,119.437187,32.39127,江都,0,0,0,0,0,58,0.5868118572292801,0.01553398496427082,5.590896607076479e-05,0.8388603642119088,0.502548779865138,0.5336985039779393,-0.11032599939821584,0.7458563982751986,0.16883676960292385
22047,王會龍,Wang Huilong,1192,cluster1_song_and_before,宋,works_general,工部,0,1,0,0,0,1,121.120598,28.843132,臨海,0,0,0,0,0,7,1.0,0.0029305690934581237,0.0,-0.30907044920360804,1.5173807213961439,-0.21466456650443716,-0.15247069472655322,1.1218572875795312,-0.8292428320882839
22072,王貽矩,Wang Yiju,977,cluster1_song_and_before,宋,works_general,工部,0,1,0,0,0,1,114.34333,34.785477,開封,0,0,0,0,0,31,0.44946236559139785,0.0087671961917983,0.00015670734999965777,0.2311322865213411,0.16520451259628038,0.13190149315323277,-0.034343246025616045,-0.3918899761925293,0.8423193593235898
22084,王溉,Wang Gai (5),1116,cluster1_song_and_before,宋,works_general,工部,0,1,0,0,0,1,117.945084,30.374228,石埭,0,0,0,0,0,1,0.0,3.7056323637843556e-36,0.0,-0.44412113313484536,-0.9387205953692331,-0.3886753035554917,-0.15247069472655322,0.4125854056693165,-0.39855054057341033
22101,王克明,Wang Keming (2),1112,cluster1_song_and_before,宋,medical,医学/医官,0,0,0,0,1,1,120.099312,30.864964,烏程,0,1,0,0,0,21,0.9761904761904762,0.006924666232287213,5.032272656957882e-07,0.006047813302612277,1.4589021186160156,0.022496123046487928,-0.15209135736290355,0.8937463602812871,-0.2605081105959014
22146,王景齊,Wang Jingqi,1145,cluster1_song_and_before,宋,construction,将作/营缮,0,1,0,0,0,1,120.618622,31.31271,平江府,0,0,0,0,1,0,0.0,7.067932822769843e-42,0.0,-0.4666295804567182,-0.9387205953692331,-0.3886753035554917,-0.15247069472655322,1.0097376552322135,-0.1345586268557452
22199,王乙,Wang Yi (17),978,cluster1_song_and_before,宋,astronomical,天文/历算,0,0,0,0,0,1,115.146522,36.275528,元城,1,0,0,0,0,85,0.9764705882352941,0.050420623438805476,2.128580830466034e-06,1.4465884419024766,1.4595901021781348,2.605190245202842,-0.15086615082445018,-0.21249177439740735,1.2614658267325767
22203,王弁,Wang Bian (2),987,cluster1_song_and_before,宋,construction,将作/营缮,0,0,1,0,0,1,119.321577,26.073954,侯官,0,0,0,0,1,1,0.0,0.001133953489308911,0.0,-0.44412113313484536,-0.9387205953692331,-0.32134364333402343,-0.15247069472655322,0.7200341464231732,-1.6082035363371199
22231,王延之,Wang Yanzhi,938,cluster1_song_and_before,宋,works_general,工部,0,1,0,0,0,1,115.146522,36.275528,元城,0,0,0,0,0,0,0.0,7.067932822769843e-42,0.0,-0.4666295804567182,-0.9387205953692331,-0.3886753035554917,-0.15247069472655322,-0.21249177439740735,1.2614658267325767
22236,王拱安,Wang Gongan,1012,cluster1_song_and_before,宋,construction,将作/营缮,0,0,0,0,0,1,114.459076,34.475006,咸平,0,0,0,0,1,12,0.9242424242424242,0.009435411423344598,8.523861992140237e-08,-0.19652821259424366,1.331312439823009,0.17157864159845307,-0.15240644106709098,-0.36603734784839964,0.7549848836023324
22250,王師顏,Wang Shiyan,979,cluster1_song_and_before,宋,works_general,工部,0,1,0,0,0,1,114.967086,36.320159,洹水,0,0,0,0,0,40,0.31794871794871793,0.012262528031862311,0.00047064532105738733,0.433708312418197,-0.15780633055152357,0.33944659798808957,0.20230609793610135,-0.25256998202062925,1.274020380896782
22325,吳昭允,Wu Zhaoyun,994,cluster1_song_and_before,宋,construction,将作/营缮,0,0,0,0,0,1,112.736015,38.08202,陽曲,0,0,0,0,1,0,0.0,7.067932822769843e-42,0.0,-0.4666295804567182,-0.9387205953692331,-0.3886753035554917,-0.15247069472655322,-0.7508943247397296,1.769626111315181
22350,吳幾復,Wu Jifu,1017,cluster1_song_and_before,宋,works_general,工部,0,1,0,0,0,1,112.83702087,34.161762238,汝州,0,0,0,0,0,22,1.0,0.012931068501610401,0.0,0.028556260624485158,1.5173807213961439,0.3791430583612685,-0.15247069472655322,-0.7283340011200307,0.6668704390093614
22383,吳勢卿,Wu Shiqing,1211,cluster1_song_and_before,宋,military_industrial,军器/制造,0,1,0,0,0,1,118.323784,27.038864,建安,0,0,0,1,0,4,1.0,0.00019468633417013713,0.0,-0.3765957911692267,1.5173807213961439,-0.37711525790485756,-0.15247069472655322,0.497170534778936,-1.3367775127529573
22403,吳瑛,Wu Ying,1021,cluster1_song_and_before,宋,works_general,工部,0,0,0,0,0,1,115.47425,30.30481,蘄春,0,0,0,0,0,15,0.8666666666666667,0.007988864478602505,1.0682239052965515e-06,-0.129002870628625,1.189900545827427,0.08568587060205422,-0.15166545767433895,-0.13929157584225513,-0.4180775966772595
22404,吳總,Wu Zong,1132,cluster1_song_and_before,宋,works_general,工部,0,0,0,0,0,1,104.077995,30.650385,成都,0,0,0,0,0,9,0.7222222222222222,0.0025060751905853335,0.0,-0.2640535545598623,0.8351303556279835,-0.23987007934406424,-0.15247069472655322,-2.6847198846384606,-0.32086848069743024
22420,楊寘,Yang Zhi,1012,cluster1_song_and_before,宋,construction,将作/营缮,0,1,0,0,0,1,117.276459,31.864456,合肥,0,0,0,0,1,2,1.0,0.0010795658744281774,0.0,-0.42161268581297245,1.5173807213961439,-0.32457306009576153,-0.15247069472655322,0.26324362602601775,0.020645716356023556
22451,韓休,Han Xiu,672,cluster1_song_and_before,唐,works_general,工部,1,0,0,0,0,1,108.906976,34.246423,長安,0,0,0,0,0,21,0.5571428571428572,0.00030195738405096035,9.70553254412456e-05,0.006047813302612277,0.42967870968576266,-0.37074573926915255,-0.07930949343485541,-1.6061353022437168,0.6906852341542608
22483,楊慥,Yang Zao,1010,cluster1_song_and_before,宋,construction,将作/营缮,0,0,0,0,0,1,112.38263,34.665276,洛陽,0,0,0,0,1,4,0.6666666666666666,0.0016632568601860742,5.31723020799303e-08,-0.3765957911692267,0.6986802824743514,-0.2899147751679233,-0.1524306129538331,-0.8298251825437993,0.808507211599097
22497,楊收,Yang Shou,816,cluster1_song_and_before,唐,works_general,工部,1,1,0,0,0,1,107.385918,34.522518,天興,0,0,0,0,0,3,0.3333333333333333,2.948430038768683e-05,0.00017164019111401502,-0.3991042384910996,-0.12002015644744085,-0.38692459074911256,-0.023086732386023937,-1.9458735840319825,0.7683498536332473
22500,楊凝式,Yang Ningshi,873,cluster1_song_and_before,後周,works_general,工部,0,1,0,0,0,1,112.38263,34.665276,洛陽,0,0,0,0,0,0,0.0,7.067932822769843e-42,0.0,-0.4666295804567182,-0.9387205953692331,-0.3886753035554917,-0.15247069472655322,-0.8298251825437993,0.808507211599097
22548,楊希閔,Yang Ximin,942,cluster1_song_and_before,宋,works_general,工部,0,0,0,0,0,1,112.38263,34.665276,洛陽,0,0,0,0,0,15,0.3047619047619048,0.0014586819296109003,0.00036476508895415916,-0.129002870628625,-0.19019447978359436,-0.3020619838896081,0.1224926004438349,-0.8298251825437993,0.808507211599097
22549,楊希甫,Yang Xifu,962,cluster1_song_and_before,宋,works_general,工部,0,1,0,0,0,1,112.38263,34.665276,洛陽,0,0,0,0,0,3,1.0,1.716418735187164e-05,0.0,-0.3991042384910996,1.5173807213961439,-0.38765613192133747,-0.15247069472655322,-0.8298251825437993,0.808507211599097
22550,楊日休,Yang Rixiu,982,cluster1_song_and_before,宋,works_general,工部,0,1,0,0,0,1,112.38263,34.665276,洛陽,0,0,0,0,0,7,0.23809523809523808,0.0006544138929558604,0.001341157062021962,-0.30907044920360804,-0.35393456756795294,-0.34981764819295436,0.8585058934439755,-0.8298251825437993,0.808507211599097
22559,楊汝士,Yang Rushi,778,cluster1_song_and_before,唐,works_general,工部,0,1,0,0,0,1,108.906976,34.246423,長安,0,0,0,0,0,35,0.4991596638655462,0.002190571473579475,0.001023325668984156,0.3211660758088326,0.28726611232709787,-0.258603995040197,0.6189216520111213,-1.6061353022437168,0.6906852341542608
22560,楊虞卿,Yang Yuqing,772,cluster1_song_and_before,唐,works_general,工部,0,1,0,0,0,1,108.906976,34.246423,長安,0,0,0,0,0,31,0.5827956989247312,0.002180164294434525,0.0006201151980742166,0.2311322865213411,0.4926846881649972,-0.25922195041196344,0.31497787261469457,-1.6061353022437168,0.6906852341542608
22561,楊漢公,Yang Hangong,799,cluster1_song_and_before,唐,works_general,工部,0,1,0,0,0,1,108.906976,34.246423,長安,0,0,0,0,0,26,0.6030769230769231,0.0005232009510052111,0.00027894001412093303,0.11859004991197668,0.5424974295108096,-0.35760878363843435,0.05779686584913877,-1.6061353022437168,0.6906852341542608
22563,楊文友,Yang Wenyou,988,cluster1_song_and_before,宋,works_general,工部,0,0,0,0,0,1,120.168625,30.294125,錢塘,0,0,0,0,0,2,0.0,0.0005476382083693793,2.715629693639331e-08,-0.42161268581297245,-0.9387205953692331,-0.35615775312871606,-0.1524502240589472,0.9092278734948482,-0.4210832521912416
22702,葉隆禮,Ye Longli,1217,cluster1_song_and_before,宋,military_industrial,军器/制造,0,1,0,0,0,1,120.753204,30.767469,嘉興,0,0,0,1,0,0,0.0,7.067932822769843e-42,0.0,-0.4666295804567182,-0.9387205953692331,-0.3886753035554917,-0.15247069472655322,1.039797427732425,-0.2879331348669096
22754,尹林,Yin Lin,1041,cluster1_song_and_before,宋,works_general,工部,0,0,0,0,0,1,112.38263,34.665276,洛陽,0,0,0,0,0,10,0.7777777777777778,0.0033890460594114603,8.201300385357308e-05,-0.24154510723798941,0.9715804287816157,-0.1874412142400039,-0.09064853446703844,-0.8298251825437993,0.808507211599097
22849,喻樗,Yu Shu,1117,cluster1_song_and_before,宋,works_general,工部,0,1,0,0,0,1,119.498856,29.544481,建德,0,0,0,0,0,121,0.4318181818181818,0.04290225044120672,0.0002571737708881107,2.2568925454899005,0.1218686095976342,2.1587658187467795,0.04138927053913604,0.7596305739473975,-0.6319556548233275
22865,董儀,Dong Yi,1004,cluster1_song_and_before,宋,works_general,工部,0,1,0,0,0,1,115.432716,27.322115,永豐,0,0,0,0,0,28,1.0,0.01050982280781566,0.0,0.16360694455572244,1.5173807213961439,0.23537482279929903,-0.15247069472655322,-0.14856846718748548,-1.257099933904943
23850,毌湜,Guan Shi,1004,cluster1_song_and_before,宋,works_general,工部,0,1,0,0,0,1,108.906976,34.246423,長安,0,0,0,0,0,13,0.9102564102564102,0.005412457880684641,5.429255312180445e-07,-0.17401976527237079,1.296961372455661,-0.06729547764449367,-0.15206143244346612,-1.6061353022437168,0.6906852341542608
24106,黃輔國,Huang Fuguo,1055,cluster1_song_and_before,宋,works_general,工部,0,1,0,0,0,1,118.536255,27.924686,浦城,0,0,0,0,0,0,0.0,7.067932822769843e-42,0.0,-0.4666295804567182,-0.9387205953692331,-0.3886753035554917,-0.15247069472655322,0.5446273263475893,-1.0875986846100525
24295,李覺,Li Jue,932,cluster1_song_and_before,宋,construction,将作/营缮,0,1,0,0,0,1,118.478098,36.69748,益都,0,0,0,0,1,4,0.6666666666666666,0.0013981218371447552,5.79744902330345e-07,-0.3765957911692267,0.6986802824743514,-0.30565790877308485,-0.1520336776612413,0.5316375789126077,1.3801595427303213
24306,趙忠愿,Zhao Zhongyuan (2),974,cluster1_song_and_before,宋,works_general,工部,0,0,0,0,0,1,117.093374,37.824689,樂陵,0,0,0,0,0,0,0.0,7.067932822769843e-42,0.0,-0.4666295804567182,-0.9387205953692331,-0.3886753035554917,-0.15247069472655322,0.22235039031692144,1.6972397435970141
24324,徐清叟,Xu Qingsou,1184,cluster1_song_and_before,宋,construction,将作/营缮,1,1,0,0,0,1,118.536255,27.924686,浦城,0,0,0,0,1,61,0.5912568306010929,0.02106112990420356,0.00019107989578025106,0.9063857061775275,0.5134660848166346,0.8618881948242255,-0.008432903349114175,0.5446273263475893,-1.0875986846100525
24380,趙良規,Zhao Lianggui,997,cluster1_song_and_before,宋,works_general,工部,0,1,0,1,0,1,112.38263,34.665276,洛陽,0,0,0,0,0,16,0.6833333333333333,0.006701186535936255,6.6012807622960025e-06,-0.10649442330675213,0.7396153044204411,0.009226390978138117,-0.14749458827966155,-0.8298251825437993,0.808507211599097
24554,林俊,Lin Jun,1452,cluster2_yuan_ming,明,works_general,工部,0,1,0,0,0,1,119.011101,25.433954,莆田,0,0,0,0,0,145,0.14913793103448275,0.005337405123315958,0.01699054920675703,2.7970952812148493,-0.5724227265757761,-0.07175194504415068,12.655162322016585,0.6506872952337401,-1.788233440777808
24655,武儒衡,Wu Ruheng,769,cluster1_song_and_before,唐,works_general,工部,0,1,0,0,0,1,112.02419281,37.436981201,文水,0,0,0,0,0,6,1.0,2.7292532576016598e-05,0.0,-0.33157889652548095,1.5173807213961439,-0.3870547330935483,-0.15247069472655322,-0.9098844801245725,1.5881788092143907
24691,馬燧,Ma Sui,726,cluster1_song_and_before,唐,works_general,工部,1,0,0,0,0,1,113.203407,33.972053,郟城,0,0,0,0,0,22,0.4935064935064935,0.00016818463901261242,0.0007541405478623204,0.028556260624485158,0.2733813531643295,-0.37868887018301794,0.41600741993174106,-0.6464992556486214,0.6135058515270871
24710,游佀,You Si,1191,cluster1_song_and_before,宋,military_industrial,军器/制造,1,1,1,0,0,1,120.084801,30.553133,德清,0,0,0,1,0,86,0.48399452804377563,0.026988486844494407,0.0008325872652705422,1.4690968892243494,0.25001900226632134,1.2138415926291533,0.4751412805095434,0.8905052332453495,-0.3482251498640958
24735,趙璠,Zhao Fan (2),1244,cluster1_song_and_before,宋,military_industrial,军器/制造,0,1,0,0,0,1,112.852417,27.245646,衡山,0,0,0,1,0,11,0.9454545454545454,0.004708760637771132,4.723011585397524e-06,-0.21903665991611654,1.3834115586634868,-0.10907946976176551,-0.148910444943954,-0.7248951744925197,-1.2786104132216223
24739,趙謐,Zhao Mi,1115,cluster1_song_and_before,宋,military_industrial,军器/制造,0,0,0,0,0,1,111.217209,35.357723,聞喜,0,0,0,1,0,8,1.0,0.0018700715576816275,0.0,-0.2865620018817352,1.5173807213961439,-0.2776345740204644,-0.15247069472655322,-1.090129607555841,1.0032902854119738
24793,倪祖常,Ni Zuchang,1177,cluster1_song_and_before,宋,military_industrial,军器/制造,0,0,0,0,0,1,120.099312,30.864964,歸安,0,0,0,1,0,20,0.7526315789473684,0.004479134872324123,3.5143495435593015e-05,-0.016460634019260605,0.9098188167226032,-0.12271414187393069,-0.12597920307508506,0.8937463602812871,-0.2605081105959014
24894,吳處厚,Wu Chuhou,1023,cluster1_song_and_before,宋,construction,将作/营缮,0,1,0,0,0,1,117.483398,27.337692,邵武,0,0,0,0,1,16,0.7666666666666667,0.009382752502099566,3.1312485236107143e-06,-0.10649442330675213,0.9442904141508893,0.16845187085668265,-0.15011033065081894,0.30946480910712254,-1.2527181748088918
24956,鹿何,Lu He,1127,cluster1_song_and_before,宋,works_general,工部,0,1,0,0,0,1,121.120598,28.843132,臨海,0,0,0,0,0,50,0.9420408163265306,0.021476884748038418,9.48501458381413e-06,0.6587927856369258,1.3750270940570894,0.8865748015893573,-0.1453208030738669,1.1218572875795312,-0.8292428320882839
24961,黃宜,Huang Yi,1145,cluster1_song_and_before,宋,works_general,工部,0,1,0,0,0,1,121.026558,29.138258,天台,0,0,0,0,0,7,0.8095238095238095,0.001972599902925313,5.800614772356033e-08,-0.30907044920360804,1.0495518991551196,-0.2715466667384607,-0.15242696915631307,1.100852836717453,-0.7462248546227176
24988,李夷行,Li Yixing,1043,cluster1_song_and_before,宋,hydraulic,水利/河道,0,1,0,0,0,0,,,,0,0,1,0,0,16,1.0,0.006524209550389283,0.0,-0.10649442330675213,1.5173807213961439,-0.0012821125629821834,-0.15247069472655322,-3.174087617753835e-15,-1.9987334503111837e-15
25195,姚祐,Yao You,1055,cluster1_song_and_before,宋,works_general,工部,0,1,0,0,0,1,119.901375,31.013893,長興,0,0,0,0,0,0,0.0,7.067932822769843e-42,0.0,-0.4666295804567182,-0.9387205953692331,-0.3886753035554917,-0.15247069472655322,0.8495358329494412,-0.21861487053582795
25209,鍾震,Zhong Zhen,1166,cluster1_song_and_before,宋,construction,将作/营缮,0,1,0,0,0,1,112.978134,28.198198,善化,0,0,0,0,1,59,0.7960257159555816,0.024175181760408858,6.90557048824e-06,0.8613688115337816,1.0163992137683726,1.046793734135043,-0.14726521187203453,-0.6968154578929071,-1.0106606545735188
25322,李亢,Li Kang,1025,cluster1_song_and_before,宋,construction,将作/营缮,0,0,1,0,0,1,115.785782,28.197754,豐城,0,0,0,0,1,14,0.8681318681318682,0.008296392680747756,3.3610378333774464e-06,-0.15151131795049788,1.1934992290754347,0.1039462177949383,-0.14993711334543056,-0.06970886012591684,-1.0107855503197252
25325,李秉,Li Bing (4),1009,cluster1_song_and_before,宋,works_general,工部,0,1,0,0,0,1,115.785782,28.197754,豐城,0,0,0,0,0,0,0.0,7.067932822769843e-42,0.0,-0.4666295804567182,-0.9387205953692331,-0.3886753035554917,-0.15247069472655322,-0.06970886012591684,-1.0107855503197252
25351,丁志夫,Ding Zhifu,1066,cluster1_song_and_before,宋,hydraulic,水利/河道,0,1,0,0,0,1,120.653221,28.018291,永嘉,0,0,1,0,0,2,1.0,0.0007646659020844067,0.0,-0.42161268581297245,1.5173807213961439,-0.343271126763842,-0.15247069472655322,1.0174655688368177,-1.0612679046019733
25459,趙師旦,Zhao Shidan,1019,cluster1_song_and_before,宋,construction,将作/营缮,0,0,1,0,0,1,119.141106,33.502789,山陽,0,0,0,0,1,120,0.6260504201680672,0.05961257879059932,0.00019656087300154755,2.2343840981680274,0.5989226659670742,3.1509883051348107,-0.004301292065143642,0.6797247647607948,0.4815034248435631
25508,厲文翁,Li Wenweng,1223,cluster1_song_and_before,宋,military_industrial,军器/制造,0,1,0,0,0,1,120.227981,29.260567,東陽,0,0,0,1,0,3,0.6666666666666666,0.0012576773916366613,1.3876427559953929e-05,-0.3991042384910996,0.6986802824743514,-0.313997190563828,-0.14201051538752216,0.9224854254447556,-0.7118197334004733
25535,趙師𢍰,Zhao Shiyi,1148,cluster1_song_and_before,宋,works_general,工部,0,1,0,0,0,1,121.120598,28.843132,臨海,0,0,0,0,0,81,0.549074074074074,0.02781708740643166,0.0004111916667767395,1.356554652614985,0.40986096096583025,1.2630420686819046,0.1574893838755559,1.1218572875795312,-0.8292428320882839
25628,孟渙,Meng Huan,1118,cluster1_song_and_before,宋,hydraulic,水利/河道,0,1,0,0,0,1,115.03487,35.681146,澶州,0,0,1,0,0,8,1.0,0.002151808684421532,0.0,-0.2865620018817352,1.5173807213961439,-0.2609056440702729,-0.15247069472655322,-0.2374299809866536,1.0942681163243493
25709,吳絪,Wu Yin,1056,cluster1_song_and_before,宋,works_general,工部,0,1,0,0,0,1,120.168625,30.294125,錢塘,0,0,0,0,0,7,1.0,0.0016086716656340324,0.0,-0.30907044920360804,1.5173807213961439,-0.29315592377529764,-0.15247069472655322,0.9092278734948482,-0.4210832521912416
26030,李德昭,Li Dezhao,1076,cluster1_song_and_before,宋,hydraulic,水利/河道,0,1,0,0,0,1,119.011101,25.433954,莆田,0,0,1,0,0,1,0.0,0.0005229059026107844,0.0,-0.44412113313484536,-0.9387205953692331,-0.35762630296213654,-0.15247069472655322,0.6506872952337401,-1.788233440777808
26151,吳昌裔,Wu Changyi,1183,cluster1_song_and_before,宋,construction,将作/营缮,0,1,0,0,0,1,104.679047,31.044277,中江,0,0,0,0,1,65,0.7038461538461539,0.026290325870877256,2.227376253280403e-05,0.996419495465019,0.7899968698925516,1.1723863319869123,-0.13568052667778965,-2.550470977795066,-0.21006795082250587
26218,盛應期,Sheng Yingqi,1474,cluster2_yuan_ming,明,hydraulic,水利/河道,0,1,0,0,0,1,120.637787,31.167065,吳江,0,0,1,0,0,16,0.525,7.765204470359046e-05,6.193080265034141e-05,-0.10649442330675213,0.3507325959325898,-0.3840644961998294,-0.10578668333141415,1.0140182836963958,-0.17552808846865717
26285,王仲莊,Wang Zhongzhuang,996,cluster1_song_and_before,宋,works_general,工部,0,0,1,0,0,1,115.5583,35.61019,鄄城,0,0,0,0,0,14,0.8681318681318682,0.004512072602152397,2.116682038460233e-06,-0.15151131795049788,1.1934992290754347,-0.12075837203489126,-0.1508751202438314,-0.1205184570102938,1.074308425856392
26369,扈蒙,Hu Meng,911,cluster1_song_and_before,宋,works_general,工部,0,1,0,0,0,1,114.34333,34.785477,開封,0,0,0,0,0,10,0.4,0.003865112121924768,0.00019317804830743592,-0.24154510723798941,0.043719931336917706,-0.1591734601686673,-0.006851296583239363,-0.3918899761925293,0.8423193593235898
26373,掌禹錫,Zhang Yuxi,990,cluster1_song_and_before,宋,works_general,工部,0,1,0,0,0,1,113.990395,33.596268,郾城,0,0,0,0,0,64,0.4365079365079365,0.02330501048790416,0.00010774869289708176,0.9739110481431461,0.13338712226644728,0.9951248808644589,-0.07124873421978148,-0.4707203235447918,0.507798761464206
26376,葛閎,Ge Hong (2),1003,cluster1_song_and_before,宋,works_general,工部,0,1,0,0,0,1,119.498856,29.544481,建德,0,0,0,0,0,35,0.9243697478991597,0.015885549320901776,4.017244036529998e-06,0.3211660758088326,1.3316251596239728,0.5545736210174231,-0.14944245904491235,0.7596305739473975,-0.6319556548233275
26428,家大酉,Jia Dayou,1177,cluster1_song_and_before,宋,works_general,工部,0,1,0,0,0,1,103.831459,30.050497,眉山,0,0,0,0,0,42,0.8478513356562137,0.016260268730449282,6.23767064343093e-05,0.47872520706194277,1.143688186557277,0.5768236340910798,-0.10545055693806799,-2.7397853174089097,-0.489615010877298
26456,閻灝,Yan Hao,1019,cluster1_song_and_before,宋,works_general,工部,0,1,0,0,0,1,104.160545,30.83139,新都,0,0,0,0,0,36,1.0,0.019211109985116267,0.0,0.3436745231307055,1.5173807213961439,0.7520380874173952,-0.15247069472655322,-2.6662818006458577,-0.26995236686417007
26518,張師雄,Zhang Shixiong,968,cluster1_song_and_before,宋,works_general,工部,0,0,0,0,0,1,112.38263,34.665276,洛陽,0,0,0,0,0,10,0.6222222222222222,0.0018373669549834979,9.51322006742624e-06,-0.24154510723798941,0.5895202239514459,-0.279576501284069,-0.14529954151964827,-0.8298251825437993,0.808507211599097
26611,王漢之,Wang Hanzhi,1054,cluster1_song_and_before,宋,works_general,工部,0,1,0,0,0,1,119.44429016,32.206489563,丹徒,0,0,0,0,0,64,0.8030753968253969,0.03074120703688472,0.00013458322038412563,0.9739110481431461,1.0337139442355017,1.4366698508271698,-0.051020619398449964,0.7474429356548823,0.11685863770351972
26766,程榆,Cheng Yu,1175,cluster1_song_and_before,宋,hydraulic,水利/河道,0,1,0,0,0,1,119.485344,28.450748,松陽,0,0,1,0,0,12,0.7424242424242424,0.005547836161720639,2.603105997427881e-06,-0.19652821259424366,0.8847485640474861,-0.05925701353990545,-0.15050844936808766,0.7566125801144701,-0.9396191665008695
26949,陶世延,Tao Shiyan,1075,cluster1_song_and_before,宋,astronomical,天文/历算,0,0,1,0,0,1,111.750727,26.579952,祁陽,1,0,0,0,0,2,1.0,0.0010602623586322747,0.0,-0.42161268581297245,1.5173807213961439,-0.32571926034021914,-0.15247069472655322,-0.9709648626065278,-1.465867955732153
27005,張牧,Zhang Mu (4),937,cluster1_song_and_before,宋,astronomical,天文/历算,0,0,1,0,0,1,115.078057,35.650175,濮陽,1,0,0,0,0,10,1.0,0.0026196983223355985,0.0,-0.24154510723798941,1.5173807213961439,-0.23312338807988323,-0.15247069472655322,-0.22778388124845103,1.0855560754330482
27007,劉黃中,Liu Huangzhong,994,cluster1_song_and_before,宋,construction,将作/营缮,0,0,1,0,0,1,110.617546,34.859409,虞鄉,0,0,0,0,1,87,0.8380112269446672,0.048629320225721445,0.00027734078730569226,1.4916053365462223,1.1195198825937331,2.498826606452098,0.05659135389594111,-1.2240682721379903,0.8631161888471972
27019,張蒭,Zhang Chu,1015,cluster1_song_and_before,宋,works_general,工部,0,1,0,0,0,1,115.5583,35.61019,鄄城,0,0,0,0,0,14,0.5824175824175825,0.0038145441428690903,1.3936979637656902e-05,-0.15151131795049788,0.4917559957138986,-0.16217607536934742,-0.14196487067173436,-0.1205184570102938,1.074308425856392
27041,徐量,Xu Liang,1051,cluster1_song_and_before,宋,astronomical,天文/历算,0,0,0,0,1,1,118.867645,28.956821,西安,1,0,0,0,0,9,1.0,0.0022144276214818735,0.0,-0.2640535545598623,1.5173807213961439,-0.25718746953019894,-0.15247069472655322,0.6186454566238925,-0.7972624886414752
27057,黃仲通,Huang Zhongtong,986,cluster1_song_and_before,宋,works_general,工部,0,1,0,0,0,1,113.603417,24.810209,曲江,0,0,0,0,0,29,0.6600985221674877,0.01492429125372177,4.4785331208114306e-05,0.18611539187759532,0.6825482541212127,0.49749623453311936,-0.118711098161028,-0.5571543982545427,-1.9636908669424278
27078,陳樞,Chen Shu (7),1016,cluster1_song_and_before,宋,works_general,工部,0,1,0,0,0,1,119.901375,31.013893,長興,0,0,0,0,0,103,0.7542356748524652,0.054287171963790515,4.5046490416881626e-05,1.8517404936961885,0.9137586387873294,2.8347773790391484,-0.11851423393585601,0.8495358329494412,-0.21861487053582795
27094,馮謐,Feng Mi,899,cluster1_song_and_before,南唐,works_general,工部,0,0,0,0,0,1,121.444199,29.979195,慈溪,0,0,0,0,0,1,0.0,0.0004238528695739845,0.0,-0.44412113313484536,-0.9387205953692331,-0.36350785386102247,-0.15247069472655322,1.1941356936133336,-0.5096720300123445
27334,趙九齡,Zhao Jiuling,1044,cluster1_song_and_before,宋,medical,医学/医官,0,1,0,0,0,1,114.83506,35.554739,衛南,0,1,0,0,0,10,1.0,0.003552674941370907,0.0,-0.24154510723798941,1.5173807213961439,-0.17772529168551995,-0.15247069472655322,-0.28205885515457707,1.0587102411202336
27375,郭頤,Guo Yi (5),1073,cluster1_song_and_before,宋,military_industrial,军器/制造,0,1,0,0,0,1,120.058441,28.648392,縉雲,0,0,0,1,0,15,1.0,0.004702578166147928,0.0,-0.129002870628625,1.5173807213961439,-0.10944657130745251,-0.15247069472655322,0.8846175543350531,-0.8840225564488767
27391,員安輿,Yuan Anyu,1023,cluster1_song_and_before,宋,works_general,工部,0,1,0,0,0,1,104.143768,30.004446,仁壽,0,0,0,0,0,24,0.6666666666666666,0.013598323252723112,9.688703305560892e-06,0.07357315526823092,0.6986802824743514,0.41876317559417414,-0.1451672606329466,-2.6700290536457847,-0.5025690063919821
27562,李昌圖,Li Changtu,1129,cluster1_song_and_before,宋,works_general,工部,0,0,0,0,0,1,103.151785,29.911529,洪雅,0,0,0,0,0,22,0.9177489177489178,0.008311410223194107,1.1186479763827273e-06,0.028556260624485158,1.3153637299738834,0.10483792638342321,-0.15162744754354074,-2.891594963678911,-0.5287062542527874
27565,士建中,Shi Jianzhong,981,cluster1_song_and_before,宋,works_general,工部,0,1,0,0,0,1,116.282559,35.956072,須城,0,0,0,0,0,15,0.9142857142857143,0.009869878461263516,4.828079511678541e-07,-0.129002870628625,1.3068577513876827,0.1973763372274094,-0.15210674963090767,0.04124954146819237,1.1716038999310066
27755,唐吉祥,Tang Jixiang,1370,cluster2_yuan_ming,明,construction,将作/营缮,0,1,0,0,0,1,118.433945,29.86577,歙縣,0,0,0,0,1,0,0.0,7.067932822769843e-42,0.0,-0.4666295804567182,-0.9387205953692331,-0.3886753035554917,-0.15247069472655322,0.521775716737858,-0.541578111123571
27761,陳舜俞,Chen Shunyu,1009,cluster1_song_and_before,宋,works_general,工部,0,1,0,0,0,1,120.099312,30.864964,烏程,0,0,0,0,0,204,0.3464213271515503,0.0806821443145428,0.0008023901111187659,4.12509367320535,-0.08787471759670107,4.40205269203195,0.4523783866313301,0.8937463602812871,-0.2605081105959014
27762,郭維,Guo Wei (2),991,cluster1_song_and_before,宋,works_general,工部,0,1,0,0,0,1,118.483437,31.555685,當塗,0,0,0,0,0,86,0.9641586867305062,0.0510262337482978,2.9940198363719593e-06,1.4690968892243494,1.4293508246803395,2.641150051288193,-0.15021377490351115,0.5328300795841566,-0.0662105549315634
28058,趙良本,Zhao Liangben,1304,cluster2_yuan_ming,元,medical,医学/医官,0,0,0,1,0,1,119.883675,29.458708,浦江,0,1,0,0,0,12,0.6515151515151515,0.0016227374483486884,0.00021731722120562464,-0.19652821259424366,0.6614666261597245,-0.29232072858305974,0.011345035038857929,0.8455824218450297,-0.6560833188758135
28092,趙友同,Zhao Youtong,1321,cluster2_yuan_ming,明,medical,医学/医官,0,0,0,0,0,1,119.883675,29.458708,浦江,0,1,0,0,0,23,0.36363636363636365,0.002264665203744219,0.004021060734378267,0.05106470794635804,-0.04559284381818694,-0.2542044725632794,2.8786420490257907,0.8455824218450297,-0.6560833188758135
28347,楊榮,Yang Rong,1370,cluster2_yuan_ming,明,works_general,工部,0,1,0,0,0,1,118.323784,27.038864,建安,0,0,0,0,0,37,0.19369369369369369,5.996584552565452e-05,0.0017277841343128371,0.36618297045257836,-0.46298925923900247,-0.3851146637462812,1.1499489536995005,0.497170534778936,-1.3367775127529573
28866,劉鄰,Liu Lin (2),1239,cluster1_song_and_before,元,works_general,工部,0,0,0,0,0,1,113.68489838,39.696331024,渾源州,0,0,0,0,0,7,1.0,0.0008067526106520254,0.0,-0.30907044920360804,1.5173807213961439,-0.3407721107214452,-0.15247069472655322,-0.5389549975486252,2.223726516609352
28944,張九思,Zhang Jiusi,1242,cluster1_song_and_before,元,works_general,工部,0,0,0,0,0,1,116.368,39.93143,宛平,0,0,0,0,0,17,0.6323529411764706,0.003910180266640677,3.821419345108206e-05,-0.08398597598487925,0.6144022961147552,-0.15649741301555795,-0.12366448253197367,0.06033334927451366,2.289859088770888
29291,董文用,Dong Wenyong,1224,cluster1_song_and_before,元,works_general,工部,0,0,0,0,0,1,114.834183,38.036713,槁城,0,0,0,0,0,27,0.49002849002849,0.0088861032592787,0.00032311211499737297,0.14109849723384957,0.2648390242422906,0.13896193288114522,0.09109420372324407,-0.2822547388573216,1.7568814005644084
29302,侍其軸,Shiqi You,1203,cluster1_song_and_before,元,astronomical,天文/历算,0,0,0,0,0,1,114.34333,34.785477,開封,1,0,0,0,0,0,0.0,7.067932822769843e-42,0.0,-0.4666295804567182,-0.9387205953692331,-0.3886753035554917,-0.15247069472655322,-0.3918899761925293,0.8423193593235898
29327,趙期頤,Zhao Qiyi,1297,cluster2_yuan_ming,元,works_general,工部,0,1,0,0,0,1,114.34333,34.785477,開封,0,0,0,0,0,14,0.7252747252747253,0.003232343579283384,0.000188584856523579,-0.15151131795049788,0.8426276123946665,-0.19674586231183563,-0.010313686999657668,-0.3918899761925293,0.8423193593235898
29414,董守訓,Dong Shoxun (2),1308,cluster2_yuan_ming,元,works_general,工部,0,0,0,0,0,1,114.834183,38.036713,槁城,0,0,0,0,0,0,0.0,7.067932822769843e-42,0.0,-0.4666295804567182,-0.9387205953692331,-0.3886753035554917,-0.15247069472655322,-0.2822547388573216,1.7568814005644084
29580,陳邦瞻,Chen Bangzhan,1560,cluster2_yuan_ming,明,works_general,工部,0,1,0,0,0,1,115.372276,28.425598,高安,0,0,0,0,0,43,0.6290143964562569,0.00011345161437759621,4.4641712921685514e-05,0.5012336543838156,0.6062024920313582,-0.3819387966150661,-0.1188193589526416,-0.16206813764796943,-0.9466937791519372
29715,劉台斗,Liu Taidou,1769,cluster3_qing_after,清,construction,将作/营缮,0,1,0,0,0,1,119.31004333,33.235946655,寶應,0,0,0,0,1,3,1.0,1.1668984364370268e-11,0.0,-0.3991042384910996,1.5173807213961439,-0.3886753028626131,-0.15247069472655322,0.7174580255727423,0.40644154692000195
30048,王振聲,Wang Zhensheng,1852,cluster3_qing_after,清,construction,将作/营缮,0,1,0,0,0,1,117.30242157,39.725894928,寶坻,0,0,0,0,1,0,0.0,7.067932822769843e-42,0.0,-0.4666295804567182,-0.9387205953692331,-0.3886753035554917,-0.15247069472655322,0.26904253633884545,2.232042746003123
30231,葛洪,Ge Hong,1174,cluster1_song_and_before,宋,works_general,工部,0,1,0,0,0,1,120.227981,29.260567,東陽,0,0,0,0,0,67,0.6639529624604251,0.024524768214673053,6.185470261870442e-05,1.0414363901087647,0.6920151500000898,1.0675514076890882,-0.1058440482385698,0.9224854254447556,-0.7118197334004733
30315,何孟春,He Mengchun,1474,cluster2_yuan_ming,明,works_general,工部,0,1,0,0,0,1,113.02513885,25.802719116,郴州,0,0,0,0,0,100,0.258989898989899,0.0008214727340655044,0.0026699826625806223,1.7842151517305698,-0.30261516343121025,-0.33989806221995106,1.8601869119975276,-0.6863166163137446,-1.684501021098841
30384,徐九思,Xu Jiusi (2),1511,cluster2_yuan_ming,明,works_general,工部,0,0,0,0,0,1,117.202271,28.287901,貴溪,0,0,0,0,0,25,1.0,0.0001304573429814679,0.0,0.0960816025901038,1.5173807213961439,-0.38092903391230104,-0.15247069472655322,0.2466732495845473,-0.9854274943890766
30492,王楠,Wang Nan (2),1168,cluster1_song_and_before,宋,construction,将作/营缮,0,0,0,0,0,1,117.945084,30.374228,石埭,0,0,0,0,1,1,0.0,3.7056323637843556e-36,0.0,-0.44412113313484536,-0.9387205953692331,-0.3886753035554917,-0.15247069472655322,0.4125854056693165,-0.39855054057341033
30601,徐石麒,Xu Shiqi,1578,cluster2_yuan_ming,明,construction,将作/营缮,0,1,0,0,0,1,119.437187,32.39127,江都,0,0,0,0,1,22,0.5714285714285714,5.649209699511226e-05,1.7214503056734308e-05,0.028556260624485158,0.46476587135383934,-0.38532092728174233,-0.13949424322794163,0.7458563982751986,0.16883676960292385
30659,黃福,Huang Fu,1362,cluster2_yuan_ming,明,works_general,工部,0,1,0,0,0,1,119.39997864,36.855667114,昌邑,0,0,0,0,0,0,0.0,7.067932822769843e-42,0.0,-0.4666295804567182,-0.9387205953692331,-0.3886753035554917,-0.15247069472655322,0.7375456669983128,1.4246570599446469
30680,皇甫涍,Huangfu Xiao,1497,cluster2_yuan_ming,明,works_general,工部,0,1,0,0,0,1,120.618622,31.31271,長洲,0,0,0,0,0,43,0.44629014396456257,0.000687970482737602,0.0007948528192507064,0.5012336543838156,0.15741321488153864,-0.3478251318131579,0.4466967063624075,1.0097376552322135,-0.1345586268557452
30689,馮元颺,Feng Yuanyang,1586,cluster2_yuan_ming,明,hydraulic,水利/河道,0,1,0,0,0,1,121.444199,29.979195,慈溪,0,0,1,0,0,14,0.7472527472527473,5.1481063331584616e-05,1.5883175102873746e-05,-0.15151131795049788,0.8966078611147849,-0.3856184714219315,-0.1404978105435406,1.1941356936133336,-0.5096720300123445
30862,杜從則,Du Congze,625,cluster1_song_and_before,唐,works_general,工部,0,0,0,0,0,1,108.906976,34.246423,長安,0,0,0,0,0,0,0.0,7.067932822769843e-42,0.0,-0.4666295804567182,-0.9387205953692331,-0.3886753035554917,-0.15247069472655322,-1.6061353022437168,0.6906852341542608
30976,張薦,Zhang Jian,744,cluster1_song_and_before,唐,works_general,工部,0,1,0,0,0,1,115.5585,38.011,陸澤,0,0,0,0,0,25,0.5633333333333334,0.00022863459097278736,0.00010095127682364498,0.0960816025901038,0.44488314640859594,-0.37509948520015846,-0.07637268927687091,-0.12047378569838126,1.7496484178567793
31153,韋益,Wei Yi,717,cluster1_song_and_before,唐,works_general,工部,0,0,0,0,0,1,108.937189,34.317987,萬年,0,0,0,0,0,1,0.0,0.00011901754975127966,0.0,-0.44412113313484536,-0.9387205953692331,-0.3816083036337147,-0.15247069472655322,-1.5993870305093911,0.7108159530314385
31175,楊師道,Yang Shidao,584,cluster1_song_and_before,唐,works_general,工部,1,0,0,0,0,1,110.089363,34.56831,華陰,0,0,0,0,0,2,1.0,8.214785971249928e-33,0.0,-0.42161268581297245,1.5173807213961439,-0.3886753035554917,-0.15247069472655322,-1.3420414098419906,0.7812309932959781
31407,張說,Zhang Yue,667,cluster1_song_and_before,唐,works_general,工部,1,0,0,0,0,1,112.38263,34.665276,洛陽,0,0,0,0,0,31,0.3311827956989247,0.001060946151851937,0.0010131246366127146,0.2311322865213411,-0.12530209476306528,-0.32567865820515624,0.6112320195327678,-0.8298251825437993,0.808507211599097
31418,韋鼎,Wei Ding,576,cluster1_song_and_before,唐,construction,将作/营缮,0,0,0,0,0,1,108.906976,34.246423,長安,0,0,0,0,1,0,0.0,7.067932822769843e-42,0.0,-0.4666295804567182,-0.9387205953692331,-0.3886753035554917,-0.15247069472655322,-1.6061353022437168,0.6906852341542608
31435,楊崇敬,Yang Chongjing,612,cluster1_song_and_before,唐,works_general,工部,0,0,0,0,0,1,110.089363,34.56831,華陰,0,0,0,0,0,1,0.0,8.548381327754084e-06,0.0,-0.44412113313484536,-0.9387205953692331,-0.3881677195033851,-0.15247069472655322,-1.3420414098419906,0.7812309932959781
31460,姜晞,Jiang Xi,650,cluster1_song_and_before,唐,works_general,工部,0,1,0,0,0,1,105.7258,34.5853,上邽,0,0,0,0,0,13,1.0,0.00016726110381756954,0.0,-0.17401976527237079,1.5173807213961439,-0.3787437076684541,-0.15247069472655322,-2.3166718289942207,0.7860102246654269
31498,于休烈,Yu Xiulie,692,cluster1_song_and_before,唐,works_general,工部,0,1,0,0,0,1,109.080475,34.533325,高陵,0,0,0,0,0,9,0.8333333333333334,3.7323327168812416e-05,0.0,-0.2640535545598623,1.1080305019352477,-0.3864591266073554,-0.15247069472655322,-1.56738316251467,0.7713898273477636
31501,于敖,Yu Ao,765,cluster1_song_and_before,唐,works_general,工部,0,1,0,0,0,1,109.080475,34.533325,高陵,0,0,0,0,0,19,0.9064327485380117,0.0004848787187822385,1.241909465291778e-05,-0.038969081341133485,1.2875700718742373,-0.3598842733682097,-0.1431090664013481,-1.56738316251467,0.7713898273477636
31511,魏知古,Wei Zhigu,647,cluster1_song_and_before,唐,works_general,工部,0,1,0,0,0,1,115.5585,38.011,陸澤,0,0,0,0,0,13,1.0,0.00016726110381756954,0.0,-0.17401976527237079,1.5173807213961439,-0.3787437076684541,-0.15247069472655322,-0.12047378569838126,1.7496484178567793
31542,盧藏用,Lu Cangyong,650,cluster1_song_and_before,唐,works_general,工部,1,0,0,0,0,1,115.968147,39.487221,范陽,0,0,0,0,0,10,0.6888888888888889,0.00015129695819455713,0.0013099350030311688,-0.24154510723798941,0.7532603117358043,-0.3796916234683074,0.8349704168260593,-0.02897644113971206,2.1649045515494914
31552,薛稷,Xue Ji,649,cluster1_song_and_before,唐,works_general,工部,1,1,0,0,0,1,110.483235,35.312033,寶鼎,0,0,0,0,0,15,0.638095238095238,0.0001754076101709524,7.395883999576587e-05,-0.129002870628625,0.6285059591381977,-0.37825998606703964,-0.09671983761870388,-1.2540675150105616,0.9904378380152628
31722,劉知柔,Liu Zhirou,661,cluster1_song_and_before,唐,works_general,工部,0,0,0,0,0,1,117.187683,34.269634,彭城,0,0,0,0,0,0,0.0,7.067932822769843e-42,0.0,-0.4666295804567182,-0.9387205953692331,-0.3886753035554917,-0.15247069472655322,0.24341492409352491,0.6972144124542192
31779,竇抗,Dou Kang,558,cluster1_song_and_before,唐,construction,将作/营缮,0,0,0,0,0,1,112.38263,34.665276,洛陽,0,0,0,0,1,1,0.0,3.7056323637843556e-36,0.0,-0.44412113313484536,-0.9387205953692331,-0.3886753035554917,-0.15247069472655322,-0.8298251825437993,0.808507211599097
31928,裴佶,Pei Ji (5),752,cluster1_song_and_before,唐,works_general,工部,0,1,0,0,0,1,110.978828,35.602161,稷山,0,0,0,0,0,0,0.0,7.067932822769843e-42,0.0,-0.4666295804567182,-0.9387205953692331,-0.3886753035554917,-0.15247069472655322,-1.1433735675829868,1.0720498944458383
31940,蕭廣微,Xiao Guangwei,648,cluster1_song_and_before,唐,works_general,工部,0,0,0,0,0,1,108.906976,34.246423,長安,0,0,0,0,0,0,0.0,7.067932822769843e-42,0.0,-0.4666295804567182,-0.9387205953692331,-0.3886753035554917,-0.15247069472655322,-1.6061353022437168,0.6906852341542608
32001,裴澈,Pei Che,824,cluster1_song_and_before,唐,works_general,工部,0,1,0,0,0,1,112.58267212,35.092437744,濟源,0,0,0,0,0,0,0.0,7.067932822769843e-42,0.0,-0.4666295804567182,-0.9387205953692331,-0.3886753035554917,-0.15247069472655322,-0.7851444628512698,0.9286664115257189
32016,張嘉貞,Zhang Jiazhen,666,cluster1_song_and_before,唐,works_general,工部,1,1,0,0,0,1,110.77404,35.147945,猗氏,0,0,0,0,0,16,0.8666666666666667,0.0001737841036094952,1.951645935780358e-06,-0.10649442330675213,1.189900545827427,-0.3783563863102542,-0.1509995259832761,-1.1891143107044544,0.944280420890476
32019,張弘靖,Zhang Hongjing,760,cluster1_song_and_before,唐,works_general,工部,1,0,1,0,0,1,110.77404,35.147945,猗氏,0,0,0,0,0,18,0.48366013071895425,4.511661093192359e-05,2.0763336781635648e-05,-0.06147752866300637,0.24919768855650473,-0.3859963785852411,-0.13681909956820038,-1.1891143107044544,0.944280420890476
32033,李元繹,Li Yuanyi (2),671,cluster1_song_and_before,唐,hydraulic,水利/河道,0,0,0,0,0,1,108.906976,34.246423,長安,0,0,1,0,0,1,0.0,1.3974203187627955e-06,0.0,-0.44412113313484536,-0.9387205953692331,-0.38859232781532543,-0.15247069472655322,-1.6061353022437168,0.6906852341542608
32034,李元紘,Li Yuanhong,670,cluster1_song_and_before,唐,works_general,工部,1,0,0,0,0,1,108.906976,34.246423,長安,0,0,0,0,0,16,0.8333333333333334,0.00017343465895635927,0.0001716892732390119,-0.10649442330675213,1.1080305019352477,-0.3783771355639696,-0.02304973382658998,-1.6061353022437168,0.6906852341542608
32050,牛仙客,Niu Xianke,675,cluster1_song_and_before,唐,works_general,工部,0,0,0,0,0,1,107.6253,35.0716,鶉觚,0,0,0,0,0,0,0.0,7.067932822769843e-42,0.0,-0.4666295804567182,-0.9387205953692331,-0.3886753035554917,-0.15247069472655322,-1.8924060440887087,0.9228048223677808
32085,韋述,Wei Shu,694,cluster1_song_and_before,唐,works_general,工部,0,1,0,0,0,1,108.906976,34.246423,長安,0,0,0,0,0,17,0.8308823529411765,0.00017603481573187136,1.6168060119589375e-06,-0.08398597598487925,1.1020106457667052,-0.37822274398249656,-0.1512519314124045,-1.6061353022437168,0.6906852341542608
32155,韋虛心,Wei Xuxin,672,cluster1_song_and_before,唐,works_general,工部,0,0,0,1,0,1,108.906976,34.246423,長安,0,0,0,0,0,4,1.0,0.00013858092504939818,0.0,-0.3765957911692267,1.5173807213961439,-0.3804466735044571,-0.15247069472655322,-1.6061353022437168,0.6906852341542608
32165,李峴,Li Xian,712,cluster1_song_and_before,唐,construction,将作/营缮,1,0,0,0,0,1,108.906976,34.246423,長安,0,0,0,0,1,6,0.8666666666666667,0.00013895486711296265,0.0,-0.33157889652548095,1.189900545827427,-0.38042446964847554,-0.15247069472655322,-1.6061353022437168,0.6906852341542608
32175,王縉,Wang Jin,700,cluster1_song_and_before,唐,works_general,工部,1,0,0,0,0,1,110.332306,34.835129,河東,0,0,0,0,0,20,0.5052631578947369,0.00018146058651217538,5.8337509981809773e-05,-0.016460634019260605,0.30225691204906263,-0.377900573665933,-0.10849534055374835,-1.2877784971900827,0.8562863043474794
32205,李暠,Li Gao,683,cluster1_song_and_before,唐,works_general,工部,0,0,0,0,0,1,108.906976,34.246423,長安,0,0,0,0,0,15,0.9523809523809523,0.00017342348946119572,4.9082124996858744e-08,-0.129002870628625,1.4004235158358878,-0.3783777987839873,-0.15243369616711924,-1.6061353022437168,0.6906852341542608
32248,元稹,Yuan Zhen,779,cluster1_song_and_before,唐,works_general,工部,1,0,0,0,0,1,112.38263,34.665276,洛陽,0,0,0,0,0,46,0.3526570048309179,0.0005618284935954611,0.0006979212719606314,0.5687589963494343,-0.0725592614374818,-0.35531516525161494,0.3736288101850055,-0.8298251825437993,0.808507211599097
32304,崔遠,Cui Yuan,842,cluster1_song_and_before,唐,works_general,工部,0,1,0,0,0,1,115.510575,38.230526,安平,0,0,0,0,0,2,1.0,0.00012334066732619918,0.0,-0.42161268581297245,1.5173807213961439,-0.38135160643546423,-0.15247069472655322,-0.1311781488158298,1.8114003628602877
32351,郭晞,Guo Xi (2),731,cluster1_song_and_before,唐,works_general,工部,0,0,0,0,0,1,110.089363,34.56831,華陰,0,0,0,0,0,1,0.0,0.00011901754975127966,0.0,-0.44412113313484536,-0.9387205953692331,-0.3816083036337147,-0.15247069472655322,-1.3420414098419906,0.7812309932959781
32352,郭鈞,Guo Jun,761,cluster1_song_and_before,唐,works_general,工部,0,0,0,0,0,1,110.089363,34.56831,華陰,0,0,0,0,0,0,0.0,7.067932822769843e-42,0.0,-0.4666295804567182,-0.9387205953692331,-0.3886753035554917,-0.15247069472655322,-1.3420414098419906,0.7812309932959781
32575,蕭昕,Xiao Xin,699,cluster1_song_and_before,唐,works_general,工部,0,0,0,0,0,1,112.38263,34.665276,洛陽,0,0,0,0,0,29,0.5344827586206896,0.0010192756657065758,0.0006552621675605798,0.18611539187759532,0.37402321186743376,-0.3281529598770112,0.34147198303774007,-0.8298251825437993,0.808507211599097
32578,喬琳,Qiao Lin,721,cluster1_song_and_before,唐,works_general,工部,1,1,0,0,0,1,112.56482697,37.873748779,太原,0,0,0,0,0,3,0.0,0.00011917605997152534,3.781573133377753e-05,-0.3991042384910996,-0.9387205953692331,-0.3815988916460169,-0.12396484695853861,-0.7891302941603019,1.7110400987927203
32763,王端,Wang Duan (3),713,cluster1_song_and_before,唐,works_general,工部,0,1,0,0,0,1,108.906976,34.246423,長安,0,0,0,0,0,0,0.0,7.067932822769843e-42,0.0,-0.4666295804567182,-0.9387205953692331,-0.3886753035554917,-0.15247069472655322,-1.6061353022437168,0.6906852341542608
32878,歸崇敬,Gui Chongjing,712,cluster1_song_and_before,唐,works_general,工部,0,1,0,0,0,1,120.618622,31.31271,吳縣,0,0,0,0,0,0,0.0,7.067932822769843e-42,0.0,-0.4666295804567182,-0.9387205953692331,-0.3886753035554917,-0.15247069472655322,1.0097376552322135,-0.1345586268557452
32879,歸登,Gui Deng,754,cluster1_song_and_before,唐,works_general,工部,0,1,0,0,0,1,120.618622,31.31271,吳縣,0,0,0,0,0,8,1.0,0.00014360462510686867,0.0,-0.2865620018817352,1.5173807213961439,-0.38014837726169826,-0.15247069472655322,1.0097376552322135,-0.1345586268557452
32970,令狐彰,Linghu Zhang,710,cluster1_song_and_before,唐,works_general,工部,0,0,0,0,0,1,109.161568,34.754429,富平,0,0,0,0,0,8,0.5714285714285714,0.0001333763423984299,0.000579564643206449,-0.2865620018817352,0.46476587135383934,-0.3807557101571536,0.2844104895918356,-1.5492705090293626,0.8335856585844114
33153,鄭餘慶,Zheng Yuqing,746,cluster1_song_and_before,唐,works_general,工部,1,1,0,0,0,1,113.39922,34.8904,榮澤,0,0,0,0,0,26,0.5384615384615384,0.00021493687606488008,0.00026393636399930166,0.11859004991197668,0.3837954982736621,-0.37591282533684417,0.046486975725454786,-0.6027631376493038,0.871833855673012
33161,鄭處誨,Zheng Chuhui,805,cluster1_song_and_before,唐,works_general,工部,0,1,0,0,0,1,113.39922,34.8904,榮澤,0,0,0,0,0,1,0.0,1.7318176981518202e-06,0.0,-0.44412113313484536,-0.9387205953692331,-0.38857247203557765,-0.15247069472655322,-0.6027631376493038,0.871833855673012
33180,程恩澤,Cheng Enze,1785,cluster3_qing_after,清,works_general,工部,0,1,0,0,0,1,118.4339447,29.86577034,歙縣,0,0,0,0,0,4,0.6666666666666666,1.1761525368898844e-11,9.571014374387454e-07,-0.3765957911692267,0.6986802824743514,-0.3886753028571182,-0.15174922281759115,0.521775649730891,-0.5415780154826844
33311,李易,Li Yi,1098,cluster1_song_and_before,宋,works_general,工部,0,1,0,0,0,1,119.437187,32.39127,江都,0,0,0,0,0,7,0.5238095238095238,0.002265755149217673,9.6247707407218e-07,-0.30907044920360804,0.34780866579358344,-0.2541397540020946,-0.15174517061301585,0.7458563982751986,0.16883676960292385
33408,盧熊,Lu Xiong,1331,cluster2_yuan_ming,明,works_general,工部,0,0,0,1,0,1,120.94823456,31.386108398,崑山,0,0,0,0,0,3,0.3333333333333333,0.0004315283998396705,9.702877113161865e-05,-0.3991042384910996,-0.12002015644744085,-0.36305209778218744,-0.07932951031886407,1.0833587826252729,-0.11391189782755783
33450,朱虎,Zhu Hu,1267,cluster1_song_and_before,元,hydraulic,水利/河道,0,0,0,0,0,1,120.94823456,31.386108398,崑山州,0,0,1,0,0,0,0.0,7.067932822769843e-42,0.0,-0.4666295804567182,-0.9387205953692331,-0.3886753035554917,-0.15247069472655322,1.0833587826252729,-0.11391189782755783
33589,柳公權,Liu Gongquan,778,cluster1_song_and_before,唐,works_general,工部,0,1,0,0,0,1,108.9805,34.9129,華原,0,0,0,0,0,18,1.0,0.00048458039602140705,0.0,-0.06147752866300637,1.5173807213961439,-0.359901987116576,-0.15247069472655322,-1.5897132345578018,0.8781630320010051
33625,韋澳,Wei Ao,801,cluster1_song_and_before,唐,works_general,工部,0,1,0,0,0,1,108.906976,34.246423,長安,0,0,0,0,0,5,1.0,2.9000642251447178e-05,0.0,-0.3540873438473538,1.5173807213961439,-0.3869533093037973,-0.15247069472655322,-1.6061353022437168,0.6906852341542608
33828,陸光祖,Lu Guangzu,1521,cluster2_yuan_ming,明,works_general,工部,0,1,0,0,0,1,121.012344,30.70422,平湖,0,0,0,0,0,116,0.3385307346326837,0.0002726814664250749,0.0007152199009724997,2.144350308880536,-0.10725481227234833,-0.37248407876618006,0.3866686766060795,1.097678046579709,-0.305724871469986
33864,王鴻儒,Wang Hongru,1456,cluster2_yuan_ming,明,works_general,工部,0,1,0,0,0,1,112.535469,33.001678,南陽,0,0,0,0,0,43,0.33111849390919157,0.00017931269280154472,0.0004993443193384871,0.5012336543838156,-0.12546002647349927,-0.3780281108628987,0.2239396680732155,-0.795687589335495,0.34054254133703526
33923,彭元瑞,Peng Yuanrui,1731,cluster3_qing_after,清,works_general,工部,0,1,0,0,0,1,115.89772034,28.67489624,南昌,0,0,0,0,0,10,0.6222222222222222,2.052706203792059e-05,0.010262305080454759,-0.24154510723798941,0.5895202239514459,-0.38745645183051963,7.583349717956283,-0.04470669761940243,-0.8765670005200132
34020,令狐俅,Linghu Qiu (2),1041,cluster1_song_and_before,宋,construction,将作/营缮,0,0,1,0,0,1,119.141106,33.502789,山陽,0,0,0,0,1,28,0.9867724867724867,0.013163986784523381,6.656382695244807e-07,0.16360694455572244,1.4848926087405172,0.3929732329075124,-0.1519689304472338,0.6797247647607948,0.4815034248435631
34100,陳安禮,Chen Anli (2),1026,cluster1_song_and_before,宋,works_general,工部,0,1,0,0,0,1,112.785721,34.840869,河陽,0,0,0,0,0,38,0.6614509246088194,0.015499636125645184,1.0470119990164775e-05,0.38869141777445126,0.6858698915381642,0.5316589456070285,-0.1445782215143296,-0.7397921635896829,0.8579009475529307
34189,洪朴,Hong Pu,1746,cluster3_qing_after,清,works_general,工部,0,1,0,0,0,1,118.4339447,29.86577034,歙縣,0,0,0,0,0,3,0.3333333333333333,1.4241720865528347e-09,0.00017164019111401502,-0.3991042384910996,-0.12002015644744085,-0.3886752189912905,-0.023086732386023937,0.521775649730891,-0.5415780154826844
34190,王念孫,Wang Niansun,1744,cluster3_qing_after,清,works_general,工部,0,1,1,0,0,1,119.43733215,32.790710449,高郵州,0,0,0,0,0,8,0.17857142857142858,1.4246370718072088e-09,0.004761579651257759,-0.2865620018817352,-0.500131074518273,-0.38867521896368074,3.436852052359691,0.7458888184798222,0.281198060014199
34220,唐鶴徵,Tang Hezheng,1538,cluster2_yuan_ming,明,construction,将作/营缮,0,1,0,0,0,1,119.952301,31.782784,武進,0,0,0,0,1,99,0.3531230674087817,0.000267857362077672,0.000619495023446987,1.761706704408697,-0.07141456452629545,-0.3727705234553623,0.3145103792491068,0.8609104891021656,-0.002328349824414023
34446,練子寧,Lian Zining,1355,cluster2_yuan_ming,明,works_general,工部,0,1,0,0,0,1,115.393806,27.759735,新淦,0,0,0,0,0,38,0.4167852062588905,0.0008365200687303984,0.0017681573813770892,0.38869141777445126,0.08494609853155702,-0.33900458463515803,1.180382680461411,-0.1572592709204016,-1.1339988608091092
34534,章拯,Zhang Zheng,1479,cluster2_yuan_ming,明,hydraulic,水利/河道,0,1,0,0,0,1,119.478851,29.204453,蘭溪,0,0,1,0,0,30,0.5057471264367817,0.0001135788674414359,1.8662950407571882e-05,0.2086238391994682,0.3034455878224519,-0.3819312406084596,-0.13840239022849746,0.755162325973176,-0.7276044178657622
34592,張吉,Zhang Ji (15),1451,cluster2_yuan_ming,明,works_general,工部,0,1,0,0,0,1,116.682,28.69155,餘干,0,0,0,0,0,23,0.3557312252964427,0.00011902013579714682,0.00029423385300476613,0.05106470794635804,-0.06500866450407927,-0.38160815008000787,0.06932550294366138,0.13046730897987538,-0.8718823523616097
34632,顧瑮,Gu Li,1484,cluster2_yuan_ming,明,works_general,工部,0,1,0,0,0,1,118.76899,32.052563,上元,0,0,0,0,0,0,0.0,7.067932822769843e-42,0.0,-0.4666295804567182,-0.9387205953692331,-0.3886753035554917,-0.15247069472655322,0.5966102152393962,0.07355959953512392
34637,劉麟,Liu Lin,1475,cluster2_yuan_ming,明,works_general,工部,0,1,0,0,0,1,118.76899,32.052563,江寧,0,0,0,0,0,68,0.29499561018437226,0.00020396545881402488,0.0007171741550652461,1.0639448374306375,-0.2141814887553906,-0.37656428392438535,0.3881418114021819,0.5966102152393962,0.07355959953512392
34646,何瑭,He Tang (2),1474,cluster2_yuan_ming,明,works_general,工部,0,1,0,0,0,1,113.36535645,35.056087494,武陟,0,0,0,0,0,60,0.3954802259887006,0.00020592775712131568,0.0003883180423902309,0.8838772588556546,0.03261890843628323,-0.37644776697362375,0.14024703441761596,-0.6103267836721729,0.9184412052227584
34647,潘希曾,Pan Xizeng,1476,cluster2_yuan_ming,明,works_general,工部,0,1,0,0,0,1,119.649918,29.104712,金華,0,0,0,0,0,55,0.4255892255892256,0.0001873089651654291,0.00010814170937834295,0.7713350222462901,0.10656966200162085,-0.3775533098248319,-0.07095247476399395,0.7933712625493429,-0.7556612345826669
34650,崔陞,Cui Sheng,1449,cluster2_yuan_ming,明,hydraulic,水利/河道,0,1,0,0,0,1,114.345497,36.098343,安陽,0,0,1,0,0,38,0.5376955903271693,0.00015472157233455933,4.316065265866754e-05,0.38869141777445126,0.38191425205226404,-0.37948827742471897,-0.11993579586669212,-0.39140596252793847,1.211624266391446
34653,韓邦靖,Han Bangjing,1488,cluster2_yuan_ming,明,hydraulic,水利/河道,0,1,0,0,0,1,110.122513,34.789036,朝邑,0,0,1,0,0,25,0.7166666666666667,8.244822801662062e-05,7.718501123684513e-05,0.0960816025901038,0.8214853483126203,-0.38377970940016126,-0.09428791992127705,-1.3346371398922068,0.8433204943703162
34655,夏良勝,Xia Liangsheng,1480,cluster2_yuan_ming,明,works_general,工部,0,1,0,0,0,1,116.627449,27.559717,南城,0,0,0,0,0,51,0.35215686274509805,0.000732255012665755,0.0006284644343628566,0.6813012329587987,-0.07378766107303368,-0.34519561397992904,0.32127160409174704,0.11828298529870547,-1.1902632692878865
34748,劉宗周,Liu Zongzhou,1578,cluster2_yuan_ming,明,works_general,工部,0,1,0,0,0,1,120.578262,30.004515,山陰,0,0,0,0,0,71,0.23420523138833,0.002546030630243269,0.019382846800734124,1.1314701793962563,-0.36348881816301604,-0.23749761335457545,14.458498357694054,1.0007229844879177,-0.5025495969179097
34752,范景文,Fan Jingwen,1587,cluster2_yuan_ming,明,works_general,工部,0,1,0,0,0,1,116.503739,37.606762,吳橋,0,0,0,0,0,29,0.541871921182266,0.00011982876249708577,0.00025878942205412715,0.18611539187759532,0.392171743764715,-0.3815601356078803,0.04260716331974037,0.09065154531415041,1.6359375920578814
34754,范永年,Fan Yongnian,1557,cluster2_yuan_ming,明,works_general,工部,0,0,0,0,0,1,116.503739,37.606762,吳橋,0,0,0,0,0,20,0.8894736842105263,0.00026717203522039467,6.246137621481013e-06,-0.016460634019260605,1.2459168916483914,-0.37281121665444844,-0.1477622984613997,0.09065154531415041,1.6359375920578814
35008,左璵,Zuo Yu (2),1126,cluster1_song_and_before,宋,military_industrial,军器/制造,0,1,0,0,0,1,121.258354,28.642613,黃巖,0,0,0,1,0,0,0.0,7.067932822769843e-42,0.0,-0.4666295804567182,-0.9387205953692331,-0.3886753035554917,-0.15247069472655322,1.152625993799822,-0.8856481702266311
35128,楊伯巖,Yang Boyan,1191,cluster1_song_and_before,宋,works_general,工部,0,0,0,0,0,1,120.168625,30.294125,錢塘,0,0,0,0,0,0,0.0,7.067932822769843e-42,0.0,-0.4666295804567182,-0.9387205953692331,-0.3886753035554917,-0.15247069472655322,0.9092278734948482,-0.4210832521912416
35193,尹會一,Yin Huiyi,1691,cluster3_qing_after,清,works_general,工部,0,1,0,0,0,1,115.45908356,38.457569122,博野,0,0,0,0,0,3,0.0,1.1481639934875515e-11,0.0015919787242731132,-0.3991042384910996,-0.9387205953692331,-0.3886753028737372,1.0475775805136718,-0.14267909970159867,1.8752668496690008
35224,龔璛,Gong Xiu (2),1266,cluster1_song_and_before,元,astronomical,天文/历算,0,0,0,0,0,1,119.44429016,32.206489563,鎮江路,1,0,0,0,0,23,0.47035573122529645,0.0056606062050991,0.0014916682855987914,0.05106470794635804,0.2165207354413592,-0.05256097678398317,0.9719626447835013,0.7474429356548823,0.11685863770351972
35225,龔潗,Gong Ji,1216,cluster1_song_and_before,宋,works_general,工部,0,0,0,0,0,1,119.44429016,32.206489563,丹徒,0,0,0,0,0,1,0.0,4.5609363768424254e-05,0.0,-0.44412113313484536,-0.9387205953692331,-0.38596712000728944,-0.15247069472655322,0.7474429356548823,0.11685863770351972
35266,岳元聲,Yue Yuansheng,1553,cluster2_yuan_ming,明,hydraulic,水利/河道,0,1,0,0,0,1,120.753204,30.767469,嘉興,0,0,1,0,0,81,0.35555555555555557,0.0001781992499205778,0.0006664827782427775,1.356554652614985,-0.06544012718598796,-0.37809422464837944,0.34993018306956625,1.039797427732425,-0.2879331348669096
35433,李守中,Li Shouzhong,1270,cluster1_song_and_before,元,works_general,工部,0,0,0,0,0,1,115.809,32.90306,穎州,0,0,0,0,0,7,0.7142857142857143,6.460200326044331e-05,0.0002574042933211529,-0.30907044920360804,0.8156374880346076,-0.38483937891293046,0.04156304047962489,-0.06452296752579248,0.3128016208430809
35616,周綸,Zhou Lun,1156,cluster1_song_and_before,宋,works_general,工部,0,0,0,0,0,1,114.971275,27.103239,廬陵,0,0,0,0,0,56,1.0,0.029923612878416644,0.0,0.793843469568163,1.5173807213961439,1.3881229107665327,-0.15247069472655322,-0.251634341392583,-1.318669036036756
36422,王孝和,Wang Xiaohe,993,cluster1_song_and_before,宋,works_general,工部,0,0,0,0,0,0,,,,0,0,0,0,0,0,0.0,7.067932822769843e-42,0.0,-0.4666295804567182,-0.9387205953692331,-0.3886753035554917,-0.15247069472655322,-3.174087617753835e-15,-1.9987334503111837e-15
37597,郭之美,Guo Zhimei,1017,cluster1_song_and_before,宋,works_general,工部,0,1,0,0,0,1,114.971275,27.103239,廬陵,0,0,0,0,0,24,1.0,0.011144988161719901,0.0,0.07357315526823092,1.5173807213961439,0.2730895423153466,-0.15247069472655322,-0.251634341392583,-1.318669036036756
37610,郭師愈,Guo Shiyu,1017,cluster1_song_and_before,宋,works_general,工部,0,0,0,0,0,1,119.12091,28.082565,龍泉,0,0,0,0,0,12,1.0,0.006198928073743184,0.0,-0.19652821259424366,1.5173807213961439,-0.020596610087233094,-0.15247069472655322,0.6752138556836949,-1.0431878388550666
37714,毌守素,Guan Shousu,921,cluster1_song_and_before,宋,works_general,工部,0,0,0,0,0,1,110.662392,35.576092,龍門,0,0,0,0,0,1,0.0,1.2947581335869005e-05,0.0,-0.44412113313484536,-0.9387205953692331,-0.3879065046978526,-0.15247069472655322,-1.2140516238674615,1.064716770103863
37736,孔維,Kong Wei,928,cluster1_song_and_before,宋,works_general,工部,0,1,0,0,0,1,114.76066,34.49547,雍邱,0,0,0,0,0,0,0.0,7.067932822769843e-42,0.0,-0.4666295804567182,-0.9387205953692331,-0.3886753035554917,-0.15247069472655322,-0.29867658318667445,0.7607413397968225
37737,孔承恭,Kong Chenggong,929,cluster1_song_and_before,宋,construction,将作/营缮,0,0,0,0,0,1,108.937189,34.317987,萬年,0,0,0,0,1,0,0.0,7.067932822769843e-42,0.0,-0.4666295804567182,-0.9387205953692331,-0.3886753035554917,-0.15247069472655322,-1.5993870305093911,0.7108159530314385
37743,孔勗,Kong Xu,955,cluster1_song_and_before,宋,works_general,工部,0,1,0,0,0,1,116.986059,35.597553,曲阜,0,0,0,0,0,5,0.9,0.002620721278397651,6.962483274175588e-06,-0.3540873438473538,1.271770589719606,-0.23306264720237727,-0.1472223104880149,0.198380881126537,1.070753679133864
37836,王奭,Wang Shi,1151,cluster1_song_and_before,宋,construction,将作/营缮,0,1,0,0,0,1,105.376114,31.229305,鹽亭,0,0,0,0,1,0,0.0,7.067932822769843e-42,0.0,-0.4666295804567182,-0.9387205953692331,-0.3886753035554917,-0.15247069472655322,-2.3947764908844404,-0.1580201802618005
37852,王樞,Wang Shu,978,cluster1_song_and_before,宋,construction,将作/营缮,0,1,1,0,0,1,120.297668,31.574614,無錫,0,0,0,0,1,11,1.0,0.0023028525323702757,0.0,-0.21903665991611654,1.5173807213961439,-0.2519369931119112,-0.15247069472655322,0.938050474011595,-0.06088588921100437
37916,吳業,Wu Ye,1043,cluster1_song_and_before,宋,construction,将作/营缮,0,1,1,0,0,1,116.189186,29.272564,都昌,0,0,0,0,1,30,0.9057471264367816,0.011271596197976552,1.6804786077306735e-06,0.2086238391994682,1.2858861145286025,0.2806072486048131,-0.15120393442125699,0.02039406943134979,-0.7084450165823882
37997,王文寶,Wang Wenbao,928,cluster1_song_and_before,宋,military_industrial,军器/制造,0,0,1,0,0,1,113.962967,35.051949,陽武,0,0,0,1,0,0,0.0,7.067932822769843e-42,0.0,-0.4666295804567182,-0.9387205953692331,-0.3886753035554917,-0.15247069472655322,-0.4768465472607111,0.9172770604112758
38004,李宗勉,Li Zongmian,1177,cluster1_song_and_before,宋,works_general,工部,0,1,0,0,0,1,119.947754,30.053434,富陽,0,0,0,0,0,47,0.7049028677150786,0.014841995621012218,0.00040421966941701573,0.5912674436713072,0.7925922662174617,0.4926097011509722,0.1522338278314033,0.8598948868257947,-0.4887888423939508
38121,王處訥,Wang Chune,915,cluster1_song_and_before,宋,astronomical,天文/历算,0,0,0,0,0,1,112.38263,34.665276,洛陽,1,0,0,0,0,0,0.0,7.067932822769843e-42,0.0,-0.4666295804567182,-0.9387205953692331,-0.3886753035554917,-0.15247069472655322,-0.8298251825437993,0.808507211599097
38156,卜伸,Bu Shen,994,cluster1_song_and_before,宋,works_general,工部,0,1,0,0,0,0,,,,0,0,0,0,0,0,0.0,7.067932822769843e-42,0.0,-0.4666295804567182,-0.9387205953692331,-0.3886753035554917,-0.15247069472655322,-3.174087617753835e-15,-1.9987334503111837e-15
38181,于房,Yu Fang,1029,cluster1_song_and_before,宋,works_general,工部,0,1,0,0,0,1,119.883675,29.458708,浦江,0,0,0,0,0,0,0.0,7.067932822769843e-42,0.0,-0.4666295804567182,-0.9387205953692331,-0.3886753035554917,-0.15247069472655322,0.8455824218450297,-0.6560833188758135
38210,王珏,Wang Jue,994,cluster1_song_and_before,宋,works_general,工部,0,1,0,0,0,1,121.120598,28.843132,臨海,0,0,0,0,0,0,0.0,7.067932822769843e-42,0.0,-0.4666295804567182,-0.9387205953692331,-0.3886753035554917,-0.15247069472655322,1.1218572875795312,-0.8292428320882839
38219,于有成,Yu Youcheng,1178,cluster1_song_and_before,宋,construction,将作/营缮,0,1,0,0,0,1,120.537499,30.40628,鹽官,0,0,0,0,1,7,0.8095238095238095,0.0030524301195028075,2.707151684559548e-07,-0.30907044920360804,1.0495518991551196,-0.2074287272242205,-0.15226662713065287,0.991618301050117,-0.3895344179216401
38220,王述,Wang Shu,985,cluster1_song_and_before,宋,works_general,工部,0,1,0,0,0,0,,,,0,0,0,0,0,0,0.0,7.067932822769843e-42,0.0,-0.4666295804567182,-0.9387205953692331,-0.3886753035554917,-0.15247069472655322,-3.174087617753835e-15,-1.9987334503111837e-15
38275,王熙元,Wang Xiyuan,961,cluster1_song_and_before,宋,astronomical,天文/历算,0,0,0,0,0,1,112.38263,34.665276,洛陽,1,0,0,0,0,0,0.0,7.067932822769843e-42,0.0,-0.4666295804567182,-0.9387205953692331,-0.3886753035554917,-0.15247069472655322,-0.8298251825437993,0.808507211599097
38331,王紹,Wang Shao,1008,cluster1_song_and_before,宋,construction,将作/营缮,0,0,0,0,0,1,118.478098,36.69748,益都,0,0,0,0,1,8,1.0,0.0036227573356466345,0.0,-0.2865620018817352,1.5173807213961439,-0.17356395349716436,-0.15247069472655322,0.5316375789126077,1.3801595427303213
38430,王揆,Wang Kui,989,cluster1_song_and_before,宋,works_general,工部,0,1,0,0,0,1,112.978134,28.198198,長沙,0,0,0,0,0,0,0.0,7.067932822769843e-42,0.0,-0.4666295804567182,-0.9387205953692331,-0.3886753035554917,-0.15247069472655322,-0.6968154578929071,-1.0106606545735188
38648,牛大年,Niu Danian,1166,cluster1_song_and_before,宋,construction,将作/营缮,0,1,0,0,0,1,119.437187,32.39127,揚州,0,0,0,0,1,44,0.7854122621564482,0.01565998689855679,1.5068152483600725e-05,0.5237421017056886,0.9903314959168927,0.5411802212675622,-0.14111218212629337,0.7458563982751986,0.16883676960292385
38663,牛拱辰,Niu Gongchen,998,cluster1_song_and_before,宋,works_general,工部,0,1,0,0,0,1,112.02419281,37.436981201,文水,0,0,0,0,0,0,0.0,7.067932822769843e-42,0.0,-0.4666295804567182,-0.9387205953692331,-0.3886753035554917,-0.15247069472655322,-0.9098844801245725,1.5881788092143907
38712,石君瑜,Shi Junyu,1011,cluster1_song_and_before,宋,works_general,工部,0,1,0,0,0,1,108.94420624,34.266605377,京兆府,0,0,0,0,0,12,1.0,0.004422771916654614,0.0,-0.19652821259424366,1.5173807213961439,-0.12606085002024975,-0.15247069472655322,-1.5978196839253065,0.6963624707209725
38773,田敏,Tian Min,880,cluster1_song_and_before,宋,works_general,工部,0,0,0,0,0,1,117.684446,37.041858,鄒平,0,0,0,0,0,0,0.0,7.067932822769843e-42,0.0,-0.4666295804567182,-0.9387205953692331,-0.3886753035554917,-0.15247069472655322,0.35437019869579534,1.477031946529501
38949,古世淳,Gu Shichun,1015,cluster1_song_and_before,宋,medical,医学/医官,0,0,0,0,0,1,104.544979,30.722632,金水,0,1,0,0,0,10,1.0,0.004409610416895437,0.0,-0.24154510723798941,1.5173807213961439,-0.12684235088262633,-0.15247069472655322,-2.5804159450236592,-0.30054563615660757
39066,史序,Shi Xu,935,cluster1_song_and_before,宋,astronomical,天文/历算,0,0,0,0,0,1,108.94420624,34.266605377,京兆府,1,0,0,0,0,0,0.0,7.067932822769843e-42,0.0,-0.4666295804567182,-0.9387205953692331,-0.3886753035554917,-0.15247069472655322,-1.5978196839253065,0.6963624707209725
39458,王易,Wang Yi,1004,cluster1_song_and_before,宋,astronomical,天文/历算,0,0,1,0,0,1,114.34333,34.785477,開封,1,0,0,0,0,11,1.0,0.005859358895664914,0.0,-0.21903665991611654,1.5173807213961439,-0.04075947984830561,-0.15247069472655322,-0.3918899761925293,0.8423193593235898
39475,向紡,Xiang Fang,1008,cluster1_song_and_before,宋,construction,将作/营缮,0,0,0,0,0,1,112.936989,35.089302,河內,0,0,0,0,1,5,1.0,0.000555228531525733,0.0,-0.3540873438473538,1.5173807213961439,-0.35570705646033135,-0.15247069472655322,-0.7060054635364647,0.9277843370059219
39598,危昭德,Wei Zhaode,1223,cluster1_song_and_before,宋,works_general,工部,0,1,0,0,0,1,117.483398,27.337692,邵武,0,0,0,0,0,0,0.0,7.067932822769843e-42,0.0,-0.4666295804567182,-0.9387205953692331,-0.3886753035554917,-0.15247069472655322,0.30946480910712254,-1.2527181748088918
39811,朱時敏,Zhu Shimin,1124,cluster1_song_and_before,宋,construction,将作/营缮,0,1,0,0,0,1,103.831459,30.050497,眉山,0,0,0,0,1,14,0.5824175824175825,0.004582474667421923,2.9147965520539007e-06,-0.15151131795049788,0.4917559957138986,-0.11657805248712363,-0.15027349414740251,-2.7397853174089097,-0.489615010877298
39817,任逸,Ren Yi,1026,cluster1_song_and_before,宋,works_general,工部,0,0,0,0,0,0,,,,0,0,0,0,0,1,0.0,1.1560592517194928e-06,0.0,-0.44412113313484536,-0.9387205953692331,-0.38860665930379484,-0.15247069472655322,-3.174087617753835e-15,-1.9987334503111837e-15
39839,沈厚載,Shen Houzai,970,cluster1_song_and_before,宋,works_general,工部,0,1,0,0,0,1,119.321577,26.073954,閩縣,0,0,0,0,0,0,0.0,7.067932822769843e-42,0.0,-0.4666295804567182,-0.9387205953692331,-0.3886753035554917,-0.15247069472655322,0.7200341464231732,-1.6082035363371199
39847,朱從道,Zhu Congdao,1009,cluster1_song_and_before,宋,works_general,工部,0,0,0,0,0,1,115.64607239,34.447662354,應天府,0,0,0,0,0,62,0.7683765203595981,0.03030984324689758,2.153720458185959e-05,0.9288941534994003,0.9484899880575743,1.4110564192242914,-0.1362357508683949,-0.10091391795455178,0.7472932055141452
39869,任嚴,Ren Yan,1202,cluster1_song_and_before,宋,construction,将作/营缮,0,1,0,0,0,1,122.101097,30.01516,昌國,0,0,0,0,1,36,1.0,0.014195753448007735,0.0,0.3436745231307055,1.5173807213961439,0.4542372645177555,-0.15247069472655322,1.3408581708825424,-0.49955519327295467
39907,沈紳,Shen Shen,1008,cluster1_song_and_before,宋,works_general,工部,0,1,0,0,0,1,120.578262,30.004515,會稽,0,0,0,0,0,0,0.0,7.067932822769843e-42,0.0,-0.4666295804567182,-0.9387205953692331,-0.3886753035554917,-0.15247069472655322,1.0007229844879177,-0.5025495969179097
39948,汪立信,Wang Lixin,1201,cluster1_song_and_before,宋,construction,将作/营缮,0,1,0,0,0,1,116.67452,32.334127,安豐,0,0,0,0,1,22,0.43722943722943725,0.006074282005668381,8.266654752120193e-05,0.028556260624485158,0.1351592011385724,-0.027997819028059683,-0.09015588721040485,0.1287966019142825,0.15276263080690264
39960,朱褒,Zhu Bao,1064,cluster1_song_and_before,宋,works_general,工部,0,1,0,0,0,1,116.52993,27.214306,南豐,0,0,0,0,0,0,0.0,7.067932822769843e-42,0.0,-0.4666295804567182,-0.9387205953692331,-0.3886753035554917,-0.15247069472655322,0.09650147696587937,-1.2874262526047022
40169,汪齊,Wang Qi,1016,cluster1_song_and_before,宋,works_general,工部,0,1,0,0,0,1,118.406586,30.68671,涇縣,0,0,0,0,0,83,1.0,0.049168761689557326,0.0,1.401571547258731,1.5173807213961439,2.530857452244993,-0.15247069472655322,0.5156649046245516,-0.31065037713679233
40276,李川,Li Chuan,1019,cluster1_song_and_before,宋,works_general,工部,0,1,0,0,0,1,119.518837,25.959837,長樂,0,0,0,0,0,0,0.0,7.067932822769843e-42,0.0,-0.4666295804567182,-0.9387205953692331,-0.3886753035554917,-0.15247069472655322,0.7640934613641902,-1.6403042747825232
40287,李太,Li Tai,998,cluster1_song_and_before,宋,works_general,工部,0,1,0,0,0,1,115.563812,37.565983,信都,0,0,0,0,0,16,1.0,0.006524209550389283,0.0,-0.10649442330675213,1.5173807213961439,-0.0012821125629821834,-0.15247069472655322,-0.1192873156539382,1.6244665928810267
40346,李昊,Li Hao,892,cluster1_song_and_before,宋,works_general,工部,1,0,0,0,0,0,,,,0,0,0,0,0,4,1.0,1.1445510081377254e-05,0.0,-0.3765957911692267,1.5173807213961439,-0.38799569438004805,-0.15247069472655322,-3.174087617753835e-15,-1.9987334503111837e-15
40353,李孝連,Li Xiaolian,922,cluster1_song_and_before,宋,construction,将作/营缮,0,0,0,0,0,0,,,,0,0,0,0,1,0,0.0,7.067932822769843e-42,0.0,-0.4666295804567182,-0.9387205953692331,-0.3886753035554917,-0.15247069472655322,-3.174087617753835e-15,-1.9987334503111837e-15
40394,李受,Li Shou,994,cluster1_song_and_before,宋,works_general,工部,0,1,0,0,0,1,113.621437,28.149572,瀏陽,0,0,0,0,0,15,1.0,0.004290730062277365,0.0,-0.129002870628625,1.5173807213961439,-0.13390120445961912,-0.15247069472655322,-0.553129513051068,-1.0243389891568522
40396,杜起,Du Qi,961,cluster1_song_and_before,宋,works_general,工部,0,1,0,0,0,1,104.077995,30.650385,成都,0,0,0,0,0,30,1.0,0.012011307801347515,0.0,0.2086238391994682,1.5173807213961439,0.3245296941104093,-0.15247069472655322,-2.6847198846384606,-0.32086848069743024
40408,李丕,Li Pi,1010,cluster1_song_and_before,宋,works_general,工部,0,1,0,0,0,1,119.126012,34.582213,朐山,0,0,0,0,0,28,1.0,0.01050982280781566,0.0,0.16360694455572244,1.5173807213961439,0.23537482279929903,-0.15247069472655322,0.676353420850629,0.7851418616732281
40589,李謙,Li Qian,1145,cluster1_song_and_before,宋,hydraulic,水利/河道,0,1,0,0,0,1,115.342766,26.321701,興國,0,0,1,0,0,13,1.0,0.0038413599032039994,0.0,-0.17401976527237079,1.5173807213961439,-0.16058381459280463,-0.15247069472655322,-0.16865938972091626,-1.5385131164379524
40916,李芾,Li Fu,1213,cluster1_song_and_before,宋,construction,将作/营缮,0,0,1,0,0,1,114.34333,34.785477,開封府,0,0,0,0,1,54,0.6275331935709294,0.02043767602941684,0.00019180602752926867,0.7488265749244173,0.6025645076743087,0.8248688771390874,-0.0078855385258791,-0.3918899761925293,0.8423193593235898
40928,李大同,Li Datong,1193,cluster1_song_and_before,宋,works_general,工部,0,1,0,0,0,1,120.227981,29.260567,東陽,0,0,0,0,0,48,1.0,0.021577142509875268,0.0,0.6137758909931801,1.5173807213961439,0.8925278866305064,-0.15247069472655322,0.9224854254447556,-0.7118197334004733
40998,李仲芳,Li Zhongfang,960,cluster1_song_and_before,宋,works_general,工部,0,1,0,0,0,1,115.598726,37.067805,清河,0,0,0,0,0,78,1.0,0.047176652195951005,0.0,1.2890293106493664,1.5173807213961439,2.4125703789107873,-0.15247069472655322,-0.11148904473306882,1.484330752670943
41028,李宗易,Li Zongyi,989,cluster1_song_and_before,宋,works_general,工部,0,1,0,0,0,1,114.8824,33.73398,宛邱,0,0,0,0,0,87,0.4578989574979952,0.03333645734413429,0.005514855590501393,1.4916053365462223,0.18592563708708623,1.590770097023234,4.004678417050607,-0.2714851556244747,0.5465366961522311
41065,李保,Li Bao,1096,cluster1_song_and_before,宋,medical,医学/医官,0,1,0,0,0,1,114.971275,27.103239,廬陵,0,1,0,0,0,0,0.0,7.067932822769843e-42,0.0,-0.4666295804567182,-0.9387205953692331,-0.3886753035554917,-0.15247069472655322,-0.251634341392583,-1.318669036036756
41246,李德鈞,Li Dejun,945,cluster1_song_and_before,宋,astronomical,天文/历算,0,0,1,0,0,1,115.968147,39.487221,范陽,1,0,0,0,0,0,0.0,7.067932822769843e-42,0.0,-0.4666295804567182,-0.9387205953692331,-0.3886753035554917,-0.15247069472655322,-0.02897644113971206,2.1649045515494914
41268,邢若思,Xing Ruosi,962,cluster1_song_and_before,宋,works_general,工部,0,0,0,0,0,1,115.282862,34.990951,濟陰,0,0,0,0,0,0,0.0,7.067932822769843e-42,0.0,-0.4666295804567182,-0.9387205953692331,-0.3886753035554917,-0.15247069472655322,-0.18203934106547076,0.9001185227377246
41297,李伯玉,Li Boyu,1205,cluster1_song_and_before,宋,works_general,工部,0,1,0,0,0,1,116.681953,28.691545,餘干,0,0,0,0,0,20,0.6947368421052632,0.0021230633322299047,5.663169702365555e-05,-0.016460634019260605,0.7676234773309236,-0.2626124797605909,-0.10978119812653096,0.13045681122157346,-0.8718837588452376
41312,吳及,Wu Ji,1014,cluster1_song_and_before,宋,works_general,工部,0,1,0,0,0,1,120.854645,32.010471,靜海,0,0,0,0,0,13,1.0,0.0042525140145407815,0.0,-0.17401976527237079,1.5173807213961439,-0.13617038918850535,-0.15247069472655322,1.06245494049189,0.061719257757441366
41385,李雷應,Li Leiying,1219,cluster1_song_and_before,宋,military_industrial,军器/制造,0,1,0,0,0,1,117.236359,29.382742,浮梁,0,0,0,1,0,10,1.0,0.004284843107894697,0.0,-0.24154510723798941,1.5173807213961439,-0.13425075884255477,-0.15247069472655322,0.2542870279872101,-0.6774523059394721
41497,吳伸,Wu Shen,992,cluster1_song_and_before,宋,works_general,工部,0,1,0,0,0,1,116.663833,28.994167,鄱陽,0,0,0,0,0,0,0.0,7.067932822769843e-42,0.0,-0.4666295804567182,-0.9387205953692331,-0.3886753035554917,-0.15247069472655322,0.126409590362144,-0.7867571811239099
41532,吳飛英,Wu Feiying,1127,cluster1_song_and_before,宋,construction,将作/营缮,0,1,0,0,0,1,119.91300964,28.448732376,處州,0,0,0,0,1,21,1.0,0.009841397500605573,0.0,0.006047813302612277,1.5173807213961439,0.19568520052393637,-0.15247069472655322,0.8521345061116902,-0.9401861549322894
41550,吳世延,Wu Shiyan,1008,cluster1_song_and_before,宋,works_general,工部,0,1,0,0,0,1,119.011101,25.433954,莆田,0,0,0,0,0,12,1.0,0.006797953318134309,0.0,-0.19652821259424366,1.5173807213961439,0.014972189338576187,-0.15247069472655322,0.6506872952337401,-1.788233440777808
41577,吳濟,Wu Ji,972,cluster1_song_and_before,宋,works_general,工部,0,1,0,0,0,1,117.455017,26.720821,將樂,0,0,0,0,0,5,1.0,0.0018107927859442262,0.0,-0.3540873438473538,1.5173807213961439,-0.2811544169016757,-0.15247069472655322,0.3031257265899329,-1.4262419672811286
41641,李鳴復,Li Mingfu,1179,cluster1_song_and_before,宋,works_general,工部,0,1,0,0,0,1,105.43699646,28.88435936,瀘州,0,0,0,0,0,0,0.0,7.067932822769843e-42,0.0,-0.4666295804567182,-0.9387205953692331,-0.3886753035554917,-0.15247069472655322,-2.381177994080608,-0.8176457107114995
41661,吳君擢,Wu Junzhuo,1223,cluster1_song_and_before,宋,construction,将作/营缮,0,1,0,0,0,0,,,,0,0,0,0,1,0,0.0,7.067932822769843e-42,0.0,-0.4666295804567182,-0.9387205953692331,-0.3886753035554917,-0.15247069472655322,-3.174087617753835e-15,-1.9987334503111837e-15
41888,吳祕,Wu Mi,1004,cluster1_song_and_before,宋,works_general,工部,0,1,0,0,0,1,118.32378387,27.038864136,甌寧,0,0,0,0,0,2,1.0,0.0017671409426460605,0.0,-0.42161268581297245,1.5173807213961439,-0.2837463671965543,-0.15247069472655322,0.4971705057425824,-1.3367774744966026
41961,何剡,He Yan,1151,cluster1_song_and_before,宋,construction,将作/营缮,0,1,0,0,0,1,118.76899,32.052563,江寧,0,0,0,0,1,1,0.0,0.0010533546893812535,0.0,-0.44412113313484536,-0.9387205953692331,-0.326129422523516,-0.15247069472655322,0.5966102152393962,0.07355959953512392
42063,余良弼,Yu Liangbi,1103,cluster1_song_and_before,宋,construction,将作/营缮,0,1,0,0,0,1,117.806282,26.797091,順昌,0,0,0,0,1,56,0.8603896103896104,0.023723301180233802,2.1671027853020335e-05,0.793843469568163,1.1744834596399385,1.0199620607270183,-0.13613487364981475,0.38158306848771373,-1.4047874660128608
42085,何蒙,He Meng,937,cluster1_song_and_before,宋,works_general,工部,0,1,0,0,0,1,115.89772034,28.67489624,洪州,0,0,0,0,0,0,0.0,7.067932822769843e-42,0.0,-0.4666295804567182,-0.9387205953692331,-0.3886753035554917,-0.15247069472655322,-0.04470669761940243,-0.8765670005200132
42145,林坰,Lin Jiong,1165,cluster1_song_and_before,宋,construction,将作/营缮,0,1,0,0,0,1,119.321577,26.073954,福州,0,0,0,0,1,11,1.0,0.0028155461101198515,0.0,-0.21903665991611654,1.5173807213961439,-0.2214943778721963,-0.15247069472655322,0.7200341464231732,-1.6082035363371199
42249,武宗元,Wu Zongyuan,987,cluster1_song_and_before,宋,works_general,工部,0,0,0,0,0,1,112.38263,34.665276,河南,0,0,0,0,0,0,0.0,7.067932822769843e-42,0.0,-0.4666295804567182,-0.9387205953692331,-0.3886753035554917,-0.15247069472655322,-0.8298251825437993,0.808507211599097
42321,林椅,Lin Yi,1160,cluster1_song_and_before,宋,works_general,工部,0,1,0,0,0,1,119.913009,28.448732,麗水,0,0,0,0,0,50,0.9428571428571428,0.021496919314880042,3.0151230164333283e-06,0.6587927856369258,1.3770320747238367,0.8877644100344856,-0.15019786713134775,0.8521343631634929,-0.940186260699858
42396,林肇,Lin Zhao,1007,cluster1_song_and_before,宋,works_general,工部,0,1,0,0,0,1,119.321577,26.073954,閩縣,0,0,0,0,0,83,1.0,0.049168761689557326,0.0,1.401571547258731,1.5173807213961439,2.530857452244993,-0.15247069472655322,0.7200341464231732,-1.6082035363371199
42415,林慥,Lin Zao,1004,cluster1_song_and_before,宋,works_general,工部,0,1,0,0,0,1,119.321577,26.073954,閩縣,0,0,0,0,0,28,1.0,0.01050982280781566,0.0,0.16360694455572244,1.5173807213961439,0.23537482279929903,-0.15247069472655322,0.7200341464231732,-1.6082035363371199
42417,林大年,Lin Danian,1014,cluster1_song_and_before,宋,works_general,工部,0,0,0,0,0,1,120.16862488,30.294124603,杭州,0,0,0,0,0,4,1.0,0.0021774233760624537,0.0,-0.3765957911692267,1.5173807213961439,-0.259384700106958,-0.15247069472655322,0.9092278466920588,-0.4210833638660419
42496,林殆庶,Lin Daishu,962,cluster1_song_and_before,宋,works_general,工部,0,1,0,0,0,1,119.321577,26.073954,閩縣,0,0,0,0,0,0,0.0,7.067932822769843e-42,0.0,-0.4666295804567182,-0.9387205953692331,-0.3886753035554917,-0.15247069472655322,0.7200341464231732,-1.6082035363371199
42652,周中復,Zhou Zhongfu,994,cluster1_song_and_before,宋,works_general,工部,0,1,0,0,0,0,,,,0,0,0,0,0,28,1.0,0.01050982280781566,0.0,0.16360694455572244,1.5173807213961439,0.23537482279929903,-0.15247069472655322,-3.174087617753835e-15,-1.9987334503111837e-15
42659,周允迪,Zhou Yundi,957,cluster1_song_and_before,宋,works_general,工部,0,0,0,0,0,1,114.34333,34.785477,開封,0,0,0,0,0,0,0.0,7.067932822769843e-42,0.0,-0.4666295804567182,-0.9387205953692331,-0.3886753035554917,-0.15247069472655322,-0.3918899761925293,0.8423193593235898
42666,周坦,Zhou Tan,1208,cluster1_song_and_before,宋,works_general,工部,0,1,0,0,0,1,113.838638,27.631424,萍鄉,0,0,0,0,0,6,1.0,0.005261086515536836,0.0,-0.33157889652548095,1.5173807213961439,-0.07628357585265157,-0.15247069472655322,-0.5046162449556408,-1.170092324978936
42675,林拱辰,Lin Gongchen,1151,cluster1_song_and_before,宋,works_general,工部,0,1,0,0,1,1,120.556442,27.675718,平陽,0,0,0,0,0,52,0.6357466063348416,0.018016116710285725,7.83773477384144e-05,0.7038096802806716,0.622737481578891,0.681082019195526,-0.09338912564695816,0.9958493443580759,-1.157632567811286
42680,林應炎,Lin Yingyan,1205,cluster1_song_and_before,宋,military_industrial,军器/制造,0,1,0,0,0,1,119.321577,26.073954,福州,0,0,0,1,0,11,0.8181818181818182,0.004285119076594896,0.00017164019111401502,-0.21903665991611654,1.0708168456206208,-0.13423437242906539,-0.023086732386023937,0.7200341464231732,-1.6082035363371199
42689,季著,Ji Zhu,1196,cluster1_song_and_before,宋,military_industrial,军器/制造,0,1,0,0,0,1,120.168625,30.294125,錢塘,0,0,0,1,0,0,0.0,7.067932822769843e-42,0.0,-0.4666295804567182,-0.9387205953692331,-0.3886753035554917,-0.15247069472655322,0.9092278734948482,-0.4210832521912416
42700,周惟簡,Zhou Weijian,920,cluster1_song_and_before,宋,works_general,工部,0,0,0,0,0,1,116.663833,28.994167,鄱陽,0,0,0,0,0,0,0.0,7.067932822769843e-42,0.0,-0.4666295804567182,-0.9387205953692331,-0.3886753035554917,-0.15247069472655322,0.126409590362144,-0.7867571811239099
42765,周世南,Zhou Shinan,978,cluster1_song_and_before,宋,works_general,工部,0,1,0,0,0,1,111.750727,26.579952,祁陽,0,0,0,0,0,0,0.0,7.067932822769843e-42,0.0,-0.4666295804567182,-0.9387205953692331,-0.3886753035554917,-0.15247069472655322,-0.9709648626065278,-1.465867955732153
42790,李寅仲,Li Yinzhong,1148,cluster1_song_and_before,宋,works_general,工部,0,1,0,0,0,1,105.812285,30.194462,遂寧,0,0,0,0,0,65,0.7182692307692308,0.02487931823615196,2.309736720744553e-05,0.996419495465019,0.825421408115129,1.0886038069301551,-0.1350596858623858,-2.2973548369397054,-0.4491181277635419
42805,周克明,Zhou Keming,948,cluster1_song_and_before,宋,astronomical,天文/历算,0,1,0,0,0,0,,,,1,0,0,0,0,1,0.0,0.0007260808014921404,0.0,-0.44412113313484536,-0.9387205953692331,-0.34556222503831624,-0.15247069472655322,-3.174087617753835e-15,-1.9987334503111837e-15
42829,周希古,Zhou Xigu,958,cluster1_song_and_before,宋,hydraulic,水利/河道,0,1,0,0,0,1,119.990395,26.883463,長溪,0,0,1,0,0,0,0.0,7.067932822769843e-42,0.0,-0.4666295804567182,-0.9387205953692331,-0.3886753035554917,-0.15247069472655322,0.8694190338824715,-1.3804913052216878
42906,周直方,Zhou Zhifang,1175,cluster1_song_and_before,宋,construction,将作/营缮,0,1,0,0,0,1,115.132248,27.214367,吉水,0,0,0,0,1,0,0.0,7.067932822769843e-42,0.0,-0.4666295804567182,-0.9387205953692331,-0.3886753035554917,-0.15247069472655322,-0.21567996592872687,-1.2874090935044358
43094,胡榘,Hu Ju,1168,cluster1_song_and_before,宋,works_general,工部,0,0,0,0,0,1,114.971275,27.103239,廬陵,0,0,0,0,0,71,0.682092555331992,0.026729020262694612,4.313170067680657e-05,1.1314701793962563,0.7365678279375331,1.1984350385779665,-0.1199576201381898,-0.251634341392583,-1.318669036036756
43110,沈復,Shen Fu,1121,cluster1_song_and_before,宋,works_general,工部,0,1,0,0,0,0,,,,0,0,0,0,0,48,1.0,0.021090633636560815,0.0,0.6137758909931801,1.5173807213961439,0.8636400614581512,-0.15247069472655322,-3.174087617753835e-15,-1.9987334503111837e-15
43150,胡剛中,Hu Gangzhong,1178,cluster1_song_and_before,宋,construction,将作/营缮,0,1,0,0,0,1,121.542656,29.866316,鄞縣,0,0,0,0,1,0,0.0,7.067932822769843e-42,0.0,-0.4666295804567182,-0.9387205953692331,-0.3886753035554917,-0.15247069472655322,1.2161267103990354,-0.541424523111345
43221,胡從義,Hu Congyi,962,cluster1_song_and_before,宋,astronomical,天文/历算,0,1,0,0,0,1,113.838638,27.631424,萍鄉,1,0,0,0,0,0,0.0,7.067932822769843e-42,0.0,-0.4666295804567182,-0.9387205953692331,-0.3886753035554917,-0.15247069472655322,-0.5046162449556408,-1.170092324978936
43237,胡鏜,Hu Tang,1193,cluster1_song_and_before,宋,works_general,工部,0,1,0,0,0,1,120.26609,31.90877,江陰,0,0,0,0,0,0,0.0,7.067932822769843e-42,0.0,-0.4666295804567182,-0.9387205953692331,-0.3886753035554917,-0.15247069472655322,0.9309973205734562,0.03311109945818705
43311,胡弌之,Hu Yizhi,1202,cluster1_song_and_before,宋,construction,将作/营缮,0,1,0,0,0,1,121.12059784,28.843132019,台州,0,0,0,0,1,0,0.0,7.067932822769843e-42,0.0,-0.4666295804567182,-0.9387205953692331,-0.3886753035554917,-0.15247069472655322,1.1218572518424819,-0.8292428267436466
43409,苗守信,Miao Shouxin,955,cluster1_song_and_before,宋,astronomical,天文/历算,0,0,1,0,0,1,110.332306,34.835129,河中府,1,0,0,0,0,0,0.0,7.067932822769843e-42,0.0,-0.4666295804567182,-0.9387205953692331,-0.3886753035554917,-0.15247069472655322,-1.2877784971900827,0.8562863043474794
43485,林彬之,Lin Binzhi,1184,cluster1_song_and_before,宋,hydraulic,水利/河道,0,1,0,0,0,1,119.011101,25.433954,莆田,0,0,1,0,0,38,0.9473684210526315,0.015512538764422212,1.2199101041060485e-05,0.38869141777445126,1.388112231040071,0.5324250758745273,-0.14327489961912163,0.6506872952337401,-1.788233440777808
43532,姚奭,Yao Shi,1015,cluster1_song_and_before,宋,works_general,工部,0,0,0,0,0,1,112.38263,34.665276,洛陽,0,0,0,0,0,30,0.6,0.017806165951728056,0.0006869556589451516,0.2086238391994682,0.534940194689993,0.6686156056505932,0.36536282975101025,-0.8298251825437993,0.808507211599097
43574,范東叟,Fan Dongsou,1205,cluster1_song_and_before,宋,military_industrial,军器/制造,0,1,0,0,0,1,104.077995,30.650385,成都,0,0,0,1,0,1,0.0,3.452660026839828e-05,0.0,-0.44412113313484536,-0.9387205953692331,-0.38662519008982293,-0.15247069472655322,-2.6847198846384606,-0.32086848069743024
43598,范彥輝,Fan Yanhui,1102,cluster1_song_and_before,宋,construction,将作/营缮,0,1,0,0,0,1,120.099312,30.864964,歸安,0,0,0,0,1,0,0.0,7.067932822769843e-42,0.0,-0.4666295804567182,-0.9387205953692331,-0.3886753035554917,-0.15247069472655322,0.8937463602812871,-0.2605081105959014
43692,范子初,Fan Zichu,1039,cluster1_song_and_before,宋,construction,将作/营缮,0,0,1,0,0,1,112.38262939,34.665275574,河南府,0,0,0,0,1,2,1.0,0.00028009990322548596,0.0,-0.42161268581297245,1.5173807213961439,-0.3720435883309647,-0.15247069472655322,-0.8298253187913008,0.8085070917666919
43739,柳永,Liu Yong,1004,cluster1_song_and_before,宋,works_general,工部,0,1,0,0,0,1,118.026779,27.756025,崇安,0,0,0,0,0,1,0.0,0.00021527106865376023,0.0,-0.44412113313484536,-0.9387205953692331,-0.37589298171710567,-0.15247069472655322,0.4308325198034889,-1.1350424716614131
43958,馬峰,Ma Feng,921,cluster1_song_and_before,宋,construction,将作/营缮,0,0,0,0,0,1,112.736015,38.08202,陽曲,0,0,0,0,1,0,0.0,7.067932822769843e-42,0.0,-0.4666295804567182,-0.9387205953692331,-0.3886753035554917,-0.15247069472655322,-0.7508943247397296,1.769626111315181
44076,昝居潤,Zan Jurun,908,cluster1_song_and_before,宋,military_industrial,军器/制造,0,0,0,0,0,1,116.231,36.86162,高唐,0,0,0,1,0,0,0.0,7.067932822769843e-42,0.0,-0.4666295804567182,-0.9387205953692331,-0.3886753035554917,-0.15247069472655322,0.02973350061325771,1.426331587284845
44294,祝康,Zhu Kang,1039,cluster1_song_and_before,宋,construction,将作/营缮,0,1,1,0,0,1,115.875175,34.962231,成武,0,0,0,0,1,8,0.9285714285714286,0.0025995966158387884,8.185849876058929e-07,-0.2865620018817352,1.34194491305576,-0.23431698312983526,-0.15185363779762817,-0.04974234719616735,0.8920396807759489
44303,高賦,Gao Fu,1009,cluster1_song_and_before,宋,works_general,工部,0,1,0,0,0,1,114.975044,38.520061,中山州,0,0,0,0,0,34,0.6934046345811051,0.012692170791227534,2.0814403935261437e-05,0.29865762848695976,0.7643514406766342,0.3649578385838778,-0.13678060467584055,-0.2507925105195611,1.8928456103325295
44372,楊恂,Yang Xun,1113,cluster1_song_and_before,宋,works_general,工部,0,1,0,0,0,1,117.96489,28.450691,上饒,0,0,0,0,0,68,0.7818261633011413,0.03259479298331136,6.375903879604106e-05,1.0639448374306375,0.9815236737963227,1.546731701081848,-0.10440854202843884,0.4170092056881845,-0.9396352004142342
44377,戴衍,Dai Yan,1169,cluster1_song_and_before,宋,works_general,工部,0,1,0,0,0,1,116.82369995,35.556697845,兗州,0,0,0,0,0,15,1.0,0.004702578166147928,0.0,-0.129002870628625,1.5173807213961439,-0.10944657130745251,-0.15247069472655322,0.16211692230328864,1.0592612578048661
44584,孫潼發,Sun Tongfa,1244,cluster1_song_and_before,元,military_industrial,军器/制造,0,1,0,0,0,1,119.66493988,29.802457809,桐廬,0,0,0,1,0,57,0.5012531328320802,0.016521685435532375,0.0004019375083370991,0.816351916890036,0.2924078842124094,0.5923459821669237,0.1505135137178935,0.7967264979844358,-0.559387623148041
44637,胡叔彩,Hu Shucai,978,cluster1_song_and_before,宋,construction,将作/营缮,0,0,1,0,0,1,118.02375,37.36813,渤海,0,0,0,0,1,6,1.0,0.0006910810967545476,0.0,-0.33157889652548095,1.5173807213961439,-0.3476404304051691,-0.15247069472655322,0.4301559727845482,1.5688111918133645
44638,孫應鳳,Sun Yingfeng,1214,cluster1_song_and_before,宋,construction,将作/营缮,0,1,0,0,0,1,118.30416107,32.316993713,滁州,0,0,0,0,1,0,0.0,7.067932822769843e-42,0.0,-0.4666295804567182,-0.9387205953692331,-0.3886753035554917,-0.15247069472655322,0.49278762464542997,0.14794309327351998
44640,胡彬(胡旦子),Hu Bin,978,cluster1_song_and_before,宋,construction,将作/营缮,0,0,1,0,0,1,118.02375,37.36813,渤海,0,0,0,0,1,6,1.0,0.0006910810967545476,0.0,-0.33157889652548095,1.5173807213961439,-0.3476404304051691,-0.15247069472655322,0.4301559727845482,1.5688111918133645
44641,胡彤,Hu Tong,978,cluster1_song_and_before,宋,construction,将作/营缮,0,0,1,0,0,1,118.02375,37.36813,渤海,0,0,0,0,1,6,1.0,0.0006910810967545476,0.0,-0.33157889652548095,1.5173807213961439,-0.3476404304051691,-0.15247069472655322,0.4301559727845482,1.5688111918133645
44718,孫願質,Sun Yuanzhi,1202,cluster1_song_and_before,宋,works_general,工部,0,1,0,0,0,1,121.542656,29.866316,鄞縣,0,0,0,0,0,1,0.0,0.00012456864518328901,0.0,-0.44412113313484536,-0.9387205953692331,-0.38127869181540913,-0.15247069472655322,1.2161267103990354,-0.541424523111345
45049,孫永言,Sun Yongyan,1056,cluster1_song_and_before,宋,construction,将作/营缮,0,0,1,0,0,1,113.641312,34.758076,管城,0,0,0,0,1,5,1.0,0.002648636525697512,0.0,-0.3540873438473538,1.5173807213961439,-0.23140510131190334,-0.15247069472655322,-0.5486903014295904,0.8346115477429978
45173,郭元方,Guo Yuanfang,1001,cluster1_song_and_before,宋,astronomical,天文/历算,0,0,1,0,0,1,114.34333,34.785477,開封府,1,0,0,0,0,7,1.0,0.0035177631063861054,0.0,-0.30907044920360804,1.5173807213961439,-0.1797982795400194,-0.15247069472655322,-0.3918899761925293,0.8423193593235898
45177,郭元亨,Guo Yuanheng,977,cluster1_song_and_before,宋,works_general,工部,0,0,0,0,0,1,117.187683,34.269634,彭城,0,0,0,0,0,2,1.0,0.0016278556675205543,0.0,-0.42161268581297245,1.5173807213961439,-0.29201682000350315,-0.15247069472655322,0.24341492409352491,0.6972144124542192
45187,孫附鳳,Sun Fufeng,1220,cluster1_song_and_before,宋,construction,将作/营缮,0,1,0,0,0,1,118.30416107,32.316993713,滁州,0,0,0,0,1,0,0.0,7.067932822769843e-42,0.0,-0.4666295804567182,-0.9387205953692331,-0.3886753035554917,-0.15247069472655322,0.49278762464542997,0.14794309327351998
45554,曹錫,Cao Xi,1178,cluster1_song_and_before,宋,works_general,工部,0,1,0,0,0,1,116.210182,27.546391,宜黃,0,0,0,0,0,30,0.7011494252873564,0.013345526601246044,1.1111773838540016e-05,0.2086238391994682,0.78337343132833,0.40375266731243453,-0.14409453691333374,0.025083663756106184,-1.1940118294544122
45682,張式,Zhang Shi,989,cluster1_song_and_before,宋,works_general,工部,0,1,0,0,0,1,118.323784,27.038864,建安,0,0,0,0,0,83,1.0,0.049168761689557326,0.0,1.401571547258731,1.5173807213961439,2.530857452244993,-0.15247069472655322,0.497170534778936,-1.3367775127529573
45685,張旨,Zhang Zhi,984,cluster1_song_and_before,宋,works_general,工部,0,0,0,0,0,1,112.936989,35.089302,河內,0,0,0,0,0,112,0.6776061776061776,0.057204030723328005,0.00014519403927556917,2.054316519593044,0.7255488296976534,3.00797402666434,-0.04302208605411947,-0.7060054635364647,0.9277843370059219
45718,張沂,Zhang Yi,1036,cluster1_song_and_before,宋,construction,将作/营缮,0,0,1,0,0,1,113.641312,34.758076,管城,0,0,0,0,1,0,0.0,7.067932822769843e-42,0.0,-0.4666295804567182,-0.9387205953692331,-0.3886753035554917,-0.15247069472655322,-0.5486903014295904,0.8346115477429978
45753,張谷,Zhang Gu,995,cluster1_song_and_before,宋,works_general,工部,0,1,0,0,0,1,114.18077087,34.413452148,尉氏,0,0,0,0,0,98,0.7532084998948033,0.05275790345501835,2.332513381782513e-05,1.739198257086824,0.9112357930212676,2.7439727837970698,-0.13488799328648898,-0.42819862419621646,0.7376699865812124
45760,張扶,Zhang Fu,1112,cluster1_song_and_before,宋,works_general,工部,0,1,0,0,0,1,119.44429016,32.206489563,丹徒,0,0,0,0,0,0,0.0,7.067932822769843e-42,0.0,-0.4666295804567182,-0.9387205953692331,-0.3886753035554917,-0.15247069472655322,0.7474429356548823,0.11685863770351972
45771,刁某,Diao Mou,1005,cluster1_song_and_before,宋,works_general,工部,0,0,0,0,0,0,,,,0,0,0,0,0,84,0.9793459552495697,0.049361821054017006,5.378620078388346e-07,1.4240799945806037,1.4666522948880807,2.542320892018254,-0.15206524937418586,-3.174087617753835e-15,-1.9987334503111837e-15
45810,王輿,Wang Yu,1166,cluster1_song_and_before,宋,construction,将作/营缮,0,1,0,0,0,1,119.990395,26.883463,長溪,0,0,0,0,1,0,0.0,7.067932822769843e-42,0.0,-0.4666295804567182,-0.9387205953692331,-0.3886753035554917,-0.15247069472655322,0.8694190338824715,-1.3804913052216878
45816,王皡,Wang Hao,980,cluster1_song_and_before,宋,works_general,工部,0,0,0,0,0,1,118.478098,36.69748,益都,0,0,0,0,0,8,1.0,0.0036227573356466345,0.0,-0.2865620018817352,1.5173807213961439,-0.17356395349716436,-0.15247069472655322,0.5316375789126077,1.3801595427303213
45885,王山民,Wang Shanmin,1003,cluster1_song_and_before,宋,construction,将作/营缮,0,0,1,0,0,1,113.819748,34.031391,長社,0,0,0,0,1,32,1.0,0.013518930830784363,0.0,0.25364073384321395,1.5173807213961439,0.4140490284721461,-0.15247069472655322,-0.5088354503659407,0.6301974366359949
45886,王漸,Wang Jian,1033,cluster1_song_and_before,宋,construction,将作/营缮,0,0,0,0,0,1,113.819748,34.031391,長社,0,0,0,0,1,1,0.0,0.0009000619102422917,0.0,-0.44412113313484536,-0.9387205953692331,-0.335231610061807,-0.15247069472655322,-0.5088354503659407,0.6301974366359949
46031,傅回,Fu Hui,1036,cluster1_song_and_before,宋,construction,将作/营缮,0,0,0,0,0,0,,,,0,0,0,0,1,2,1.0,0.0019445837062807923,0.0,-0.42161268581297245,1.5173807213961439,-0.2732102067786403,-0.15247069472655322,-3.174087617753835e-15,-1.9987334503111837e-15
46289,徐成甫,Xu Chengfu,1035,cluster1_song_and_before,宋,construction,将作/营缮,0,0,0,0,0,1,119.437332,32.79071,高郵,0,0,0,0,1,6,1.0,0.0037834796800762854,0.0,-0.33157889652548095,1.5173807213961439,-0.16402061473842006,-0.15247069472655322,0.7458887849763371,0.2811979337119677
46312,徐深叟,Xu Shensou,1191,cluster1_song_and_before,宋,construction,将作/营缮,0,0,0,0,0,1,118.536255,27.924686,浦城,0,0,0,0,1,1,0.0,0.0001696964600702261,0.0,-0.44412113313484536,-0.9387205953692331,-0.3785991015789909,-0.15247069472655322,0.5446273263475893,-1.0875986846100525
46425,梁周翰,Liang Zhouhan,929,cluster1_song_and_before,宋,works_general,工部,0,1,0,0,0,1,113.641312,34.758076,管城,0,0,0,0,0,48,0.5957446808510638,0.018386665707472178,0.00033780125678882527,0.6137758909931801,0.5244886997250339,0.7030844023701389,0.10216701456098949,-0.5486903014295904,0.8346115477429978
46569,郭延澤,Guo Yanze,947,cluster1_song_and_before,宋,works_general,工部,0,0,0,0,0,1,117.187683,34.269634,彭城,0,0,0,0,0,0,0.0,7.067932822769843e-42,0.0,-0.4666295804567182,-0.9387205953692331,-0.3886753035554917,-0.15247069472655322,0.24341492409352491,0.6972144124542192
46608,張午,Zhang Wu,1155,cluster1_song_and_before,宋,works_general,工部,0,1,0,0,0,1,119.437187,32.39127,廣陵,0,0,0,0,0,37,1.0,0.014981137498738676,0.0,0.36618297045257836,1.5173807213961439,0.500871639336254,-0.15247069472655322,0.7458563982751986,0.16883676960292385
46640,張泌,Zhang Mi,985,cluster1_song_and_before,宋,works_general,工部,0,1,0,0,0,1,118.536255,27.924686,浦城,0,0,0,0,0,18,1.0,0.004159350440286306,0.0,-0.06147752866300637,1.5173807213961439,-0.141702236998721,-0.15247069472655322,0.5446273263475893,-1.0875986846100525
46642,張庚,Zhang Geng,999,cluster1_song_and_before,宋,works_general,工部,0,1,0,0,0,1,112.38263,34.665276,洛陽,0,0,0,0,0,21,0.5952380952380952,0.011423422357147975,6.605741194451267e-06,0.006047813302612277,0.5232444741339675,0.28962235148023274,-0.14749122596468012,-0.8298251825437993,0.808507211599097
46702,張弇,Zhang Yan,979,cluster1_song_and_before,宋,works_general,工部,0,1,0,0,0,1,112.38263,34.665276,河南,0,0,0,0,0,30,0.7770114942528735,0.01494033552062864,1.858440090721279e-06,0.2086238391994682,0.9696983588070827,0.4984489077583099,-0.15106978541067925,-0.8298251825437993,0.808507211599097
46847,張經,Zhang Jing,997,cluster1_song_and_before,宋,works_general,工部,0,1,0,0,0,0,,,,0,0,0,0,0,0,0.0,7.067932822769843e-42,0.0,-0.4666295804567182,-0.9387205953692331,-0.3886753035554917,-0.15247069472655322,-3.174087617753835e-15,-1.9987334503111837e-15
46872,張澄,Zhang Cheng,939,cluster1_song_and_before,宋,works_general,工部,0,0,0,0,0,1,116.598,36.39659,濟州,0,0,0,0,0,7,1.0,0.004958940855930548,0.0,-0.30907044920360804,1.5173807213961439,-0.0942243195267159,-0.15247069472655322,0.11170535797589298,1.2955201709378874
46952,張勸,Zhang Quan,1070,cluster1_song_and_before,宋,works_general,工部,0,1,0,0,0,1,118.934105,25.867622,永福,0,0,0,0,0,0,0.0,7.067932822769843e-42,0.0,-0.4666295804567182,-0.9387205953692331,-0.3886753035554917,-0.15247069472655322,0.6334897335729965,-1.6662440523418949
46966,張九思,Zhang Jiusi,938,cluster1_song_and_before,宋,works_general,工部,0,1,0,0,0,1,115.895768,36.230215,陽穀,0,0,0,0,0,78,1.0,0.04717665219595101,0.0,1.2890293106493664,1.5173807213961439,2.4125703789107873,-0.15247069472655322,-0.045142765564916254,1.2487194282014502
47040,張平易,Zhang Pingyi,1014,cluster1_song_and_before,宋,construction,将作/营缮,0,0,0,0,0,1,112.936989,35.089302,河內,0,0,0,0,1,0,0.0,7.067932822769843e-42,0.0,-0.4666295804567182,-0.9387205953692331,-0.3886753035554917,-0.15247069472655322,-0.7060054635364647,0.9277843370059219
47148,張宗益,Zhang Zongyi,999,cluster1_song_and_before,宋,works_general,工部,0,0,0,0,0,1,114.34333,34.785477,開封,0,0,0,0,0,22,1.0,0.012931068501610401,0.0,0.028556260624485158,1.5173807213961439,0.3791430583612685,-0.15247069472655322,-0.3918899761925293,0.8423193593235898
47303,張霆振,Zhang Tingzhen,1199,cluster1_song_and_before,宋,construction,将作/营缮,0,1,0,0,0,1,121.54265594,29.866315842,明州,0,0,0,0,1,0,0.0,7.067932822769843e-42,0.0,-0.4666295804567182,-0.9387205953692331,-0.3886753035554917,-0.15247069472655322,1.216126696997644,-0.5414245675562284
47457,陳高,Chen Gao,1080,cluster1_song_and_before,宋,medical,医学/医官,0,1,0,0,0,1,118.68367004,25.364557266,仙遊,0,1,0,0,0,19,1.0,0.006178961199108877,0.0,-0.038969081341133485,1.5173807213961439,-0.02178219911820925,-0.15247069472655322,0.5775534425110413,-1.8077545148254894
47470,陳晐,Chen Gai,1163,cluster1_song_and_before,宋,works_general,工部,0,1,0,0,0,1,120.09931183,30.864963531,湖州,0,0,0,0,0,5,1.0,0.005077303509624994,0.0,-0.3540873438473538,1.5173807213961439,-0.08719620589013032,-0.15247069472655322,0.8937463223106735,-0.2605082425240657
47517,陳巽,Chen Xun,985,cluster1_song_and_before,宋,works_general,工部,0,1,0,0,0,1,115.985679,29.722364,德化,0,0,0,0,0,28,1.0,0.01050982280781566,0.0,0.16360694455572244,1.5173807213961439,0.23537482279929903,-0.15247069472655322,-0.025060553937308976,-0.5819177493676674
47568,陳傳,Chen Chuan,1023,cluster1_song_and_before,宋,works_general,工部,0,1,0,0,0,1,118.323784,27.038864,建安,0,0,0,0,0,0,0.0,7.067932822769843e-42,0.0,-0.4666295804567182,-0.9387205953692331,-0.3886753035554917,-0.15247069472655322,0.497170534778936,-1.3367775127529573
47602,陳震,Chen Zhen,1163,cluster1_song_and_before,宋,works_general,工部,0,1,0,0,0,1,119.649918,29.104712,金華,0,0,0,0,0,2,1.0,3.711159191797524e-05,0.0,-0.42161268581297245,1.5173807213961439,-0.38647169898012085,-0.15247069472655322,0.7933712625493429,-0.7556612345826669
47673,陳藻,Chen Zao,1016,cluster1_song_and_before,宋,works_general,工部,0,1,0,0,0,0,,,,0,0,0,0,0,18,0.7647058823529411,0.010627017934833985,2.1833188153067e-06,-0.06147752866300637,0.939474529216055,0.24233361127378827,-0.15082488882559517,-3.174087617753835e-15,-1.9987334503111837e-15
47758,陳公益,Chen Gongyi,1178,cluster1_song_and_before,宋,military_industrial,军器/制造,0,1,0,0,0,1,121.54265594,29.866315842,明州,0,0,0,1,0,0,0.0,7.067932822769843e-42,0.0,-0.4666295804567182,-0.9387205953692331,-0.3886753035554917,-0.15247069472655322,1.216126696997644,-0.5414245675562284
47798,陳有宗,Chen Youzong,1217,cluster1_song_and_before,宋,works_general,工部,0,1,0,0,0,1,115.98567963,29.722364426,江州,0,0,0,0,0,0,0.0,7.067932822769843e-42,0.0,-0.4666295804567182,-0.9387205953692331,-0.3886753035554917,-0.15247069472655322,-0.025060413222675913,-0.5819176295352623
48084,陸起,Lu Qi,1012,cluster1_song_and_before,宋,works_general,工部,0,1,0,0,0,1,115.393806,27.759735,新淦,0,0,0,0,0,0,0.0,7.067932822769843e-42,0.0,-0.4666295804567182,-0.9387205953692331,-0.3886753035554917,-0.15247069472655322,-0.1572592709204016,-1.1339988608091092
48126,陶木,Tao Mu,1175,cluster1_song_and_before,宋,construction,将作/营缮,0,1,0,0,0,1,119.649918,29.104712,金華,0,0,0,0,1,0,0.0,7.067932822769843e-42,0.0,-0.4666295804567182,-0.9387205953692331,-0.3886753035554917,-0.15247069472655322,0.7933712625493429,-0.7556612345826669
48157,常挺,Chang Ting,1205,cluster1_song_and_before,宋,works_general,工部,0,1,0,0,0,1,119.534469,26.198015,連江,0,0,0,0,0,39,0.921727395411606,0.01568087885135737,1.3178514264473718e-05,0.4111998650963241,1.3251352741999334,0.5424207394022071,-0.14253660887968905,0.7675849711034066,-1.5733055832514693
48192,崔縱,Cui Zong,1085,cluster1_song_and_before,宋,works_general,工部,0,1,0,0,0,1,116.351341,27.984781,臨川,0,0,0,0,0,0,0.0,7.067932822769843e-42,0.0,-0.4666295804567182,-0.9387205953692331,-0.3886753035554917,-0.15247069472655322,0.0566124523486191,-1.0706941578797973
48255,莫澤,Mo Ze,1163,cluster1_song_and_before,宋,works_general,工部,0,1,0,0,0,1,120.418739,30.530447,崇德,0,0,0,0,0,0,0.0,7.067932822769843e-42,0.0,-0.4666295804567182,-0.9387205953692331,-0.3886753035554917,-0.15247069472655322,0.9650924760354411,-0.35460664738306685
48264,莊序,Zhuang Xu,1190,cluster1_song_and_before,宋,military_industrial,军器/制造,0,1,0,0,0,0,,,,0,0,0,1,0,0,0.0,7.067932822769843e-42,0.0,-0.4666295804567182,-0.9387205953692331,-0.3886753035554917,-0.15247069472655322,-3.174087617753835e-15,-1.9987334503111837e-15
48344,馮文智,Feng Wenzhi,953,cluster1_song_and_before,宋,medical,医学/医官,0,0,0,0,0,1,112.564827,37.873753,太原府,0,1,0,0,0,0,0.0,7.067932822769843e-42,0.0,-0.4666295804567182,-0.9387205953692331,-0.3886753035554917,-0.15247069472655322,-0.7891302874596061,1.7110412861461988
48449,童潮,Tong Chao,1241,cluster1_song_and_before,宋,works_general,工部,0,1,0,0,0,1,116.551216,29.896095,彭澤,0,0,0,0,0,0,0.0,7.067932822769843e-42,0.0,-0.4666295804567182,-0.9387205953692331,-0.3886753035554917,-0.15247069472655322,0.10125584469291293,-0.5330477879170655
48495,曾楷,Zeng Kai,997,cluster1_song_and_before,宋,works_general,工部,0,1,0,0,0,0,,,,0,0,0,0,0,0,0.0,7.067932822769843e-42,0.0,-0.4666295804567182,-0.9387205953692331,-0.3886753035554917,-0.15247069472655322,-3.174087617753835e-15,-1.9987334503111837e-15
48590,黃垍,Huang Ji,1000,cluster1_song_and_before,宋,works_general,工部,0,1,0,0,0,0,,,,0,0,0,0,0,0,0.0,7.067932822769843e-42,0.0,-0.4666295804567182,-0.9387205953692331,-0.3886753035554917,-0.15247069472655322,-3.174087617753835e-15,-1.9987334503111837e-15
48641,黃照,Huang Zhao,1016,cluster1_song_and_before,宋,works_general,工部,0,1,0,0,0,1,112.978134,28.198198,長沙,0,0,0,0,0,11,1.0,0.005859358895664914,0.0,-0.21903665991611654,1.5173807213961439,-0.04075947984830561,-0.15247069472655322,-0.6968154578929071,-1.0106606545735188
48675,黃頤,Huang Yi,1039,cluster1_song_and_before,宋,construction,将作/营缮,0,0,0,0,0,1,120.815277,29.58749,剡縣,0,0,0,0,1,9,1.0,0.002872922771829627,0.0,-0.2640535545598623,1.5173807213961439,-0.2180874780942881,-0.15247069472655322,1.0536618394546882,-0.6198573639481882
48749,黃自然,Huang Ziran,1187,cluster1_song_and_before,宋,construction,将作/营缮,0,1,0,0,0,1,118.32378387,27.038864136,甌寧,0,0,0,0,1,5,1.0,0.0019739506083107446,0.0,-0.3540873438473538,1.5173807213961439,-0.2714664648281278,-0.15247069472655322,0.4971705057425824,-1.3367774744966026
49052,傅雱,Fu Pang,1095,cluster1_song_and_before,宋,works_general,工部,0,1,0,0,0,1,119.883675,29.458708,浦江,0,0,0,0,0,0,0.0,7.067932822769843e-42,0.0,-0.4666295804567182,-0.9387205953692331,-0.3886753035554917,-0.15247069472655322,0.8455824218450297,-0.6560833188758135
49210,舒雅,Shu Ya,946,cluster1_song_and_before,宋,construction,将作/营缮,0,1,0,0,0,1,118.538772,30.291025,旌德,0,0,0,0,1,0,0.0,7.067932822769843e-42,0.0,-0.4666295804567182,-0.9387205953692331,-0.3886753035554917,-0.15247069472655322,0.5451895148080295,-0.42195527204087613
49581,楊昭儉,Yang Zhaojian,902,cluster1_song_and_before,宋,works_general,工部,0,0,0,0,0,1,108.906976,34.246423,長安,0,0,0,0,0,0,0.0,7.067932822769843e-42,0.0,-0.4666295804567182,-0.9387205953692331,-0.3886753035554917,-0.15247069472655322,-1.6061353022437168,0.6906852341542608
49672,路綸,Lu Lun,987,cluster1_song_and_before,宋,works_general,工部,0,0,0,0,0,1,111.750727,26.579952,祁陽,0,0,0,0,0,23,1.0,0.012448042328169484,0.0,0.05106470794635804,1.5173807213961439,0.3504620282354024,-0.15247069472655322,-0.9709648626065278,-1.465867955732153
49726,董居誼,Dong Juyi,1151,cluster1_song_and_before,宋,works_general,工部,0,1,0,0,0,1,116.351341,27.984781,臨川,0,0,0,0,0,0,0.0,7.067932822769843e-42,0.0,-0.4666295804567182,-0.9387205953692331,-0.3886753035554917,-0.15247069472655322,0.0566124523486191,-1.0706941578797973
49820,葉之瑞,Ye Zhirui,1178,cluster1_song_and_before,宋,construction,将作/营缮,0,1,0,0,0,1,119.6499176,29.104711533,婺州,0,0,0,0,1,0,0.0,7.067932822769843e-42,0.0,-0.4666295804567182,-0.9387205953692331,-0.3886753035554917,-0.15247069472655322,0.793371173206718,-0.7556613659482376
49974,廖俁,Liao Yu,1139,cluster1_song_and_before,宋,military_industrial,军器/制造,0,1,0,0,0,1,112.852417,27.245646,衡山,0,0,0,1,0,60,0.8096045197740113,0.024931038220375828,1.3256169977570049e-05,0.8838772588556546,1.0497501317069167,1.0916748256599829,-0.1424780712854719,-0.7248951744925197,-1.2786104132216223
49987,廖孟登,Liao Mengdeng,1033,cluster1_song_and_before,宋,works_general,工部,0,1,0,0,0,0,,,,0,0,0,0,0,0,0.0,7.067932822769843e-42,0.0,-0.4666295804567182,-0.9387205953692331,-0.3886753035554917,-0.15247069472655322,-3.174087617753835e-15,-1.9987334503111837e-15
50221,趙子建,Zhao Zijian,1029,cluster1_song_and_before,宋,astronomical,天文/历算,0,0,0,0,0,0,,,,1,0,0,0,0,25,1.0,0.009809530742654199,0.0,0.0960816025901038,1.5173807213961439,0.19379302263571513,-0.15247069472655322,-3.174087617753835e-15,-1.9987334503111837e-15
50223,趙子振,Zhao Zizhen,1071,cluster1_song_and_before,宋,astronomical,天文/历算,0,0,0,0,0,0,,,,1,0,0,0,0,25,1.0,0.009809530742654199,0.0,0.0960816025901038,1.5173807213961439,0.19379302263571513,-0.15247069472655322,-3.174087617753835e-15,-1.9987334503111837e-15
50230,趙子琦,Zhao Ziqi,1071,cluster1_song_and_before,宋,astronomical,天文/历算,0,0,0,0,0,0,,,,1,0,0,0,0,25,1.0,0.009809530742654199,0.0,0.0960816025901038,1.5173807213961439,0.19379302263571513,-0.15247069472655322,-3.174087617753835e-15,-1.9987334503111837e-15
50302,趙文度,Zhao Wendu,914,cluster1_song_and_before,宋,military_industrial,军器/制造,0,1,0,0,0,1,117.15976,40.19804,魚陽,0,0,0,1,0,0,0.0,7.067932822769843e-42,0.0,-0.4666295804567182,-0.9387205953692331,-0.3886753035554917,-0.15247069472655322,0.2371781388806177,2.3648556088067187
50505,趙汝譢,Zhao Rusui,1178,cluster1_song_and_before,宋,military_industrial,军器/制造,0,1,0,0,0,0,,,,0,0,0,1,0,0,0.0,7.067932822769843e-42,0.0,-0.4666295804567182,-0.9387205953692331,-0.3886753035554917,-0.15247069472655322,-3.174087617753835e-15,-1.9987334503111837e-15
50521,趙自化,Zhao Zihua,950,cluster1_song_and_before,宋,medical,医学/医官,0,0,0,0,0,1,116.427864,37.156743,平原,0,1,0,0,0,0,0.0,7.067932822769843e-42,0.0,-0.4666295804567182,-0.9387205953692331,-0.3886753035554917,-0.15247069472655322,0.07370436635668563,1.5093487208602332
50598,趙良坦,Zhao Liangtan,1223,cluster1_song_and_before,宋,military_industrial,军器/制造,0,1,0,0,0,1,120.973587,29.952654,上虞,0,0,0,1,0,0,0.0,7.067932822769843e-42,0.0,-0.4666295804567182,-0.9387205953692331,-0.3886753035554917,-0.15247069472655322,1.0890214164004066,-0.5171379264088455
50807,趙彥博,Zhao Yanbo,1121,cluster1_song_and_before,宋,works_general,工部,0,1,0,0,0,1,119.964065,30.550453,武康,0,0,0,0,0,57,0.9774436090225563,0.030107437228903067,5.646012659307923e-07,0.816351916890036,1.4619799398149695,1.3990379957537726,-0.152045093074315,0.8635380556689611,-0.34897902508894063
50820,趙咸一,Zhao Xianyi,998,cluster1_song_and_before,宋,works_general,工部,0,0,0,0,0,1,114.563645,38.14011,真定,0,0,0,0,0,0,0.0,7.067932822769843e-42,0.0,-0.4666295804567182,-0.9387205953692331,-0.3886753035554917,-0.15247069472655322,-0.3426811757705982,1.7859666381104302
50850,趙時逢,Zhao Shifeng,1163,cluster1_song_and_before,宋,construction,将作/营缮,0,1,0,0,0,0,,,,0,0,0,0,1,62,0.8588048651507139,0.03079639570181955,2.5645467833616596e-05,0.9288941534994003,1.1705911647719471,1.4399468321764959,-0.13313890406112688,-3.174087617753835e-15,-1.9987334503111837e-15
50865,趙時願,Zhao Shiyuan,1202,cluster1_song_and_before,宋,works_general,工部,0,1,0,0,0,1,119.011101,25.433954,莆田,0,0,0,0,0,36,1.0,0.014195753448007735,0.0,0.3436745231307055,1.5173807213961439,0.4542372645177555,-0.15247069472655322,0.6506872952337401,-1.788233440777808
50867,趙修己,Zhao Xiuji,892,cluster1_song_and_before,宋,astronomical,天文/历算,0,0,0,0,0,1,114.34333,34.785477,浚儀,1,0,0,0,0,0,0.0,7.067932822769843e-42,0.0,-0.4666295804567182,-0.9387205953692331,-0.3886753035554917,-0.15247069472655322,-0.3918899761925293,0.8423193593235898
50921,趙逢龍,Zhao Fenglong,1176,cluster1_song_and_before,宋,construction,将作/营缮,0,1,0,0,0,1,121.542656,29.866316,鄞縣,0,0,0,0,1,0,0.0,7.067932822769843e-42,0.0,-0.4666295804567182,-0.9387205953692331,-0.3886753035554917,-0.15247069472655322,1.2161267103990354,-0.541424523111345
51006,趙與琇,Zhao Yuxiu,1217,cluster1_song_and_before,宋,construction,将作/营缮,0,1,0,0,0,0,,,,0,0,0,0,1,0,0.0,7.067932822769843e-42,0.0,-0.4666295804567182,-0.9387205953692331,-0.3886753035554917,-0.15247069472655322,-3.174087617753835e-15,-1.9987334503111837e-15
51096,蓋淑,Gai Shu,1017,cluster1_song_and_before,宋,construction,将作/营缮,0,1,0,0,0,1,115.238642,35.053291,冤句,0,0,0,0,1,9,1.0,0.002872922771829627,0.0,-0.2640535545598623,1.5173807213961439,-0.2180874780942881,-0.15247069472655322,-0.19191616812970871,0.9176545606171501
51114,蒲慎密,Pu Shenmi,1012,cluster1_song_and_before,宋,works_general,工部,0,1,0,0,0,1,106.105835,30.819111,果州,0,0,0,0,0,15,1.0,0.004290730062277365,0.0,-0.129002870628625,1.5173807213961439,-0.13390120445961912,-0.15247069472655322,-2.2317885188775772,-0.2734064093588999
51262,鄭發,Zheng Fa,1201,cluster1_song_and_before,宋,works_general,工部,0,1,0,0,0,1,121.425552,29.283617,寧海,0,0,0,0,0,0,0.0,7.067932822769843e-42,0.0,-0.4666295804567182,-0.9387205953692331,-0.3886753035554917,-0.15247069472655322,1.189970763847009,-0.7053358438733522
51263,鄭發,Zheng Fa,1196,cluster1_song_and_before,宋,construction,将作/营缮,0,1,0,0,0,1,121.026558,29.138258,天台,0,0,0,0,1,0,0.0,7.067932822769843e-42,0.0,-0.4666295804567182,-0.9387205953692331,-0.3886753035554917,-0.15247069472655322,1.100852836717453,-0.7462248546227176
51303,鄭璹,Zheng Shu,1223,cluster1_song_and_before,宋,military_industrial,军器/制造,0,1,0,0,0,1,119.219635,29.369589,壽昌,0,0,0,1,0,0,0.0,7.067932822769843e-42,0.0,-0.4666295804567182,-0.9387205953692331,-0.3886753035554917,-0.15247069472655322,0.697264732027363,-0.6811522017724536
51502,歐陽廻,Ouyang Hui,896,cluster1_song_and_before,宋,works_general,工部,0,0,0,0,0,1,104.077995,30.650385,華陽,0,0,0,0,0,0,0.0,7.067932822769843e-42,0.0,-0.4666295804567182,-0.9387205953692331,-0.3886753035554917,-0.15247069472655322,-2.6847198846384606,-0.32086848069743024
51653,樂備,Yue Bei,1124,cluster1_song_and_before,宋,military_industrial,军器/制造,0,1,0,0,0,0,,,,0,0,0,1,0,5,1.0,0.0022037611453714343,0.0,-0.3540873438473538,1.5173807213961439,-0.25782082138457363,-0.15247069472655322,-3.174087617753835e-15,-1.9987334503111837e-15
51671,滕世寧,Teng Shining,942,cluster1_song_and_before,宋,works_general,工部,0,1,0,0,0,1,119.106499,36.702705,北海,0,0,0,0,0,2,1.0,8.214785971249928e-33,0.0,-0.42161268581297245,1.5173807213961439,-0.3886753035554917,-0.15247069472655322,0.6719950643037151,1.381629318122045
51675,練定,Lian Ding,1033,cluster1_song_and_before,宋,construction,将作/营缮,0,1,0,0,0,1,118.536255,27.924686,浦城,0,0,0,0,1,0,0.0,7.067932822769843e-42,0.0,-0.4666295804567182,-0.9387205953692331,-0.3886753035554917,-0.15247069472655322,0.5446273263475893,-1.0875986846100525
51763,劉晟,Liu Sheng,957,cluster1_song_and_before,宋,works_general,工部,0,1,0,0,0,1,115.657387,39.019436,徐州,0,0,0,0,0,0,0.0,7.067932822769843e-42,0.0,-0.4666295804567182,-0.9387205953692331,-0.3886753035554917,-0.15247069472655322,-0.09838672559206188,2.0333181627232615
51858,劉騭,Liu Zhi,955,cluster1_song_and_before,宋,works_general,工部,0,1,0,0,0,1,112.518746,27.737248,湘鄉,0,0,0,0,0,0,0.0,7.067932822769843e-42,0.0,-0.4666295804567182,-0.9387205953692331,-0.3886753035554917,-0.15247069472655322,-0.7994227810812072,-1.1403243802796676
51873,劉夔,Liu Kui,982,cluster1_song_and_before,宋,works_general,工部,0,1,0,0,0,1,118.026779,27.756025,崇安,0,0,0,0,0,3,0.6666666666666666,0.000847324569667679,3.170893963697672e-08,-0.3991042384910996,0.6986802824743514,-0.33836303717061883,-0.1524467922348045,0.4308325198034889,-1.1350424716614131
51911,劉天定,Liu Tianding,1205,cluster1_song_and_before,宋,works_general,工部,0,1,0,0,0,1,114.971275,27.103239,廬陵,0,0,0,0,0,0,0.0,7.067932822769843e-42,0.0,-0.4666295804567182,-0.9387205953692331,-0.3886753035554917,-0.15247069472655322,-0.251634341392583,-1.318669036036756
51963,劉良貴,Liu Lianggui,1211,cluster1_song_and_before,宋,construction,将作/营缮,0,1,0,0,0,1,120.65322113,28.018291473,溫州,0,0,0,0,1,4,1.0,0.000783856684007452,0.0,-0.3765957911692267,1.5173807213961439,-0.3421316204084145,-0.15247069472655322,1.0174655978731713,-1.061267771548622
51980,劉伯正,Liu Bozheng,1175,cluster1_song_and_before,宋,military_industrial,军器/制造,0,1,0,0,0,1,116.681953,28.691545,餘干,0,0,0,1,0,16,1.0,0.001945346515500486,0.0,-0.10649442330675213,1.5173807213961439,-0.2731649128475589,-0.15247069472655322,0.13045681122157346,-0.8718837588452376
52016,劉致一,Liu Zhiyi,1160,cluster1_song_and_before,宋,military_industrial,军器/制造,0,1,0,0,0,1,121.542656,29.866316,鄞縣,0,0,0,1,0,0,0.0,7.067932822769843e-42,0.0,-0.4666295804567182,-0.9387205953692331,-0.3886753035554917,-0.15247069472655322,1.2161267103990354,-0.541424523111345
52079,劉審瓊,Liu Shenqiong,934,cluster1_song_and_before,宋,military_industrial,军器/制造,0,0,0,0,0,1,115.968147,39.487221,范陽,0,0,0,1,0,0,0.0,7.067932822769843e-42,0.0,-0.4666295804567182,-0.9387205953692331,-0.3886753035554917,-0.15247069472655322,-0.02897644113971206,2.1649045515494914
52136,閻顒,Yan Yu,992,cluster1_song_and_before,宋,works_general,工部,0,1,0,0,0,1,103.67261,30.63656,蜀州,0,0,0,0,0,12,1.0,0.004422771916654614,0.0,-0.19652821259424366,1.5173807213961439,-0.12606085002024975,-0.15247069472655322,-2.7752652835402345,-0.32475740793007496
52213,盧祖皋,Lu Zugao,1169,cluster1_song_and_before,宋,military_industrial,军器/制造,0,1,0,0,0,1,120.653221,28.018291,永嘉,0,0,0,1,0,2,1.0,7.910204197284103e-05,0.0,-0.42161268581297245,1.5173807213961439,-0.3839783985561644,-0.15247069472655322,1.0174655688368177,-1.0612679046019733
52268,衛希道,Wei Xidao,1011,cluster1_song_and_before,宋,astronomical,天文/历算,0,0,1,0,0,1,110.332306,34.835129,河東,1,0,0,0,0,36,1.0,0.019211109985116267,0.0,0.3436745231307055,1.5173807213961439,0.7520380874173952,-0.15247069472655322,-1.2877784971900827,0.8562863043474794
52303,錢衮,Qian Gun,1014,cluster1_song_and_before,宋,works_general,工部,0,1,0,0,0,1,104.434563,30.857916,金堂,0,0,0,0,0,12,1.0,0.004422771916654614,0.0,-0.19652821259424366,1.5173807213961439,-0.12606085002024975,-0.15247069472655322,-2.605078082905274,-0.2624906899185548
52462,韓丕,Han Pi,946,cluster1_song_and_before,宋,works_general,工部,0,1,0,0,0,1,109.759888,34.519627,鄭縣,0,0,0,0,0,9,1.0,0.004540751462619313,0.0,-0.2640535545598623,1.5173807213961439,-0.11905548447671274,-0.15247069472655322,-1.4156318123067158,0.7675366247992821
52545,韓景融,Han Jingrong,1027,cluster1_song_and_before,宋,construction,将作/营缮,0,0,1,0,0,1,114.345497,36.098343,安陽,0,0,0,0,1,31,0.9870967741935484,0.01300223275155227,1.8987651605317836e-07,0.2311322865213411,1.485689091502397,0.38336863475587163,-0.15232756405393555,-0.39140596252793847,1.211624266391446
52553,韓顯符,Han Xianfu,940,cluster1_song_and_before,宋,astronomical,天文/历算,0,0,0,0,0,0,,,,1,0,0,0,0,0,0.0,7.067932822769843e-42,0.0,-0.4666295804567182,-0.9387205953692331,-0.3886753035554917,-0.15247069472655322,-3.174087617753835e-15,-1.9987334503111837e-15
52583,薛?,Xue Meng (?),1199,cluster1_song_and_before,宋,construction,将作/营缮,0,1,0,0,0,1,120.65322113,28.018291473,溫州,0,0,0,0,1,0,0.0,7.067932822769843e-42,0.0,-0.4666295804567182,-0.9387205953692331,-0.3886753035554917,-0.15247069472655322,1.0174655978731713,-1.061267771548622
52639,顏衎,Yan Kan,889,cluster1_song_and_before,宋,works_general,工部,0,0,0,0,0,1,116.986059,35.597553,曲阜,0,0,0,0,0,0,0.0,7.067932822769843e-42,0.0,-0.4666295804567182,-0.9387205953692331,-0.3886753035554917,-0.15247069472655322,0.198380881126537,1.070753679133864
52691,豐有孚,Feng Youfu,1017,cluster1_song_and_before,宋,works_general,工部,0,0,0,0,0,1,119.44429016,32.206489563,丹徒,0,0,0,0,0,0,0.0,7.067932822769843e-42,0.0,-0.4666295804567182,-0.9387205953692331,-0.3886753035554917,-0.15247069472655322,0.7474429356548823,0.11685863770351972
52842,羅致恭,Luo Zhigong,983,cluster1_song_and_before,宋,works_general,工部,0,0,0,0,0,1,103.923309,30.579893,雙流,0,0,0,0,0,12,1.0,0.004422771916654614,0.0,-0.19652821259424366,1.5173807213961439,-0.12606085002024975,-0.15247069472655322,-2.7192700174122924,-0.3406976494846697
52899,蘇畋,Su Tian,1012,cluster1_song_and_before,宋,works_general,工部,0,1,0,0,0,1,119.321577,26.073954,閩縣,0,0,0,0,0,0,0.0,7.067932822769843e-42,0.0,-0.4666295804567182,-0.9387205953692331,-0.3886753035554917,-0.15247069472655322,0.7200341464231732,-1.6082035363371199
53966,鄭信陵,Zheng Xinling,981,cluster1_song_and_before,宋,works_general,工部,0,0,0,0,0,0,,,,0,0,0,0,0,0,0.0,7.067932822769843e-42,0.0,-0.4666295804567182,-0.9387205953692331,-0.3886753035554917,-0.15247069472655322,-3.174087617753835e-15,-1.9987334503111837e-15
53995,許祐身,Xu Youshen,1850,cluster3_qing_after,清,hydraulic,水利/河道,0,1,0,0,0,1,120.16862488,30.294124603,仁和,0,0,1,0,0,0,0.0,7.067932822769843e-42,0.0,-0.4666295804567182,-0.9387205953692331,-0.3886753035554917,-0.15247069472655322,0.9092278466920588,-0.4210833638660419
54021,茹棻,Ru Fen,1755,cluster3_qing_after,清,works_general,工部,0,1,0,0,0,1,120.57826233,30.004514694,會稽,0,0,0,0,0,1,0.0,3.7056323637843556e-36,0.0,-0.44412113313484536,-0.9387205953692331,-0.3886753035554917,-0.15247069472655322,1.0007230581955837,-0.5025496829947078
54104,翁同龢,Weng Tonghe,1830,cluster3_qing_after,清,works_general,工部,0,1,0,0,0,1,120.733788,31.646582,常熟,0,0,0,0,0,4,0.5,5.871878071872234e-30,1.914202874877491e-06,-0.3765957911692267,0.2893300630134553,-0.3886753035554917,-0.1510277509086291,1.0354607367717918,-0.040641526456649514
54146,徐人龍,Xu Renlong,1586,cluster2_yuan_ming,明,works_general,工部,0,1,0,0,0,1,120.97358704,29.952653885,上虞,0,0,0,0,0,0,0.0,7.067932822769843e-42,0.0,-0.4666295804567182,-0.9387205953692331,-0.3886753035554917,-0.15247069472655322,1.0890214253346697,-0.5171379587579686
54228,徐旭齡,Xu Xuling,1630,cluster2_yuan_ming,清,works_general,工部,0,1,0,0,0,1,120.16862488,30.294124603,錢塘,0,0,0,0,0,0,0.0,7.067932822769843e-42,0.0,-0.4666295804567182,-0.9387205953692331,-0.3886753035554917,-0.15247069472655322,0.9092278466920588,-0.4210833638660419
54245,彭蘊章,Peng Yunzhang,1792,cluster3_qing_after,清,works_general,工部,0,1,0,0,0,1,120.618622,31.31271,長洲,0,0,0,0,0,0,0.0,7.067932822769843e-42,0.0,-0.4666295804567182,-0.9387205953692331,-0.3886753035554917,-0.15247069472655322,1.0097376552322135,-0.1345586268557452
54246,陳法,Chen Fa,1696,cluster3_qing_after,清,hydraulic,水利/河道,0,1,0,0,0,1,115.51057434,38.23052597,安平,0,0,1,0,0,2,0.0,9.25409061140711e-14,0.0001713367656093867,-0.42161268581297245,-0.9387205953692331,-0.38867530354999685,-0.023315457335636176,-0.1311782962311586,1.8114003544213872
54673,曹秀先,Cao Xiuxian,1708,cluster3_qing_after,清,works_general,工部,0,1,0,0,0,1,115.89772034,28.67489624,新建,0,0,0,0,0,4,1.0,4.273335402005711e-09,0.0,-0.3765957911692267,1.5173807213961439,-0.3886750498142492,-0.15247069472655322,-0.04470669761940243,-0.8765670005200132
54763,李星沅,Li Xingyuan,1797,cluster3_qing_after,清,hydraulic,水利/河道,0,1,0,0,0,1,112.8802948,28.676210403,湘陰,0,0,1,0,0,0,0.0,7.067932822769843e-42,0.0,-0.4666295804567182,-0.9387205953692331,-0.3886753035554917,-0.15247069472655322,-0.7186684849961057,-0.8761973307710922
54942,范允臨,Fan Yunlin,1565,cluster2_yuan_ming,明,works_general,工部,0,1,0,0,0,1,120.618622,31.31271,吳縣,0,0,0,0,0,79,0.4157740993184031,0.023918110825792534,0.018283819464485655,1.3115377579712393,0.08246271744363531,1.031529428336266,13.630041394546492,1.0097376552322135,-0.1345586268557452
54953,傅嘉年,Fu Jianian,1849,cluster3_qing_after,中華民國,hydraulic,水利/河道,0,1,0,0,0,1,118.32378387,27.038864136,建安,0,0,1,0,0,0,0.0,7.067932822769843e-42,0.0,-0.4666295804567182,-0.9387205953692331,-0.3886753035554917,-0.15247069472655322,0.4971705057425824,-1.3367774744966026
54993,錢維城,Qian Weicheng,1720,cluster3_qing_after,清,works_general,工部,0,1,0,0,0,1,119.95230103,31.782783508,武進,0,0,0,0,0,10,0.7333333333333333,1.753543432844725e-07,0.00011379829954653272,-0.24154510723798941,0.8624203702587098,-0.3886648914008736,-0.06668848481766074,0.8609104958028614,-0.002328488222402521
54996,方以智,Fang Yizhi,1611,cluster2_yuan_ming,清,works_general,工部,0,1,0,0,0,1,116.938606,31.05228,桐城,0,0,0,0,0,14,0.6593406593406593,2.925591704827263e-05,0.00017658403549720197,-0.15151131795049788,0.6806868662343121,-0.38693815164870377,-0.019360016799539914,0.18778194230520337,-0.20781673312682059
55080,完顏留保,Wanyan Liubao,1686,cluster3_qing_after,清,works_general,工部,0,1,0,0,0,0,,,,0,0,0,0,0,0,0.0,7.067932822769843e-42,0.0,-0.4666295804567182,-0.9387205953692331,-0.3886753035554917,-0.15247069472655322,-3.174087617753835e-15,-1.9987334503111837e-15
55216,林壽圖,Lin Shoutu,1822,cluster3_qing_after,清,works_general,工部,0,1,0,0,0,1,119.32157898,26.073953629,閩縣,0,0,0,0,0,1,0.0,1.1545008859761407e-30,0.0,-0.44412113313484536,-0.9387205953692331,-0.3886753035554917,-0.15247069472655322,0.7200345886691597,-1.6082036406982059
55233,田雯,Tian Wen,1635,cluster2_yuan_ming,清,construction,将作/营缮,0,1,0,0,0,1,116.28740692,37.451641083,德州,0,0,0,0,1,0,0.0,7.067932822769843e-42,0.0,-0.4666295804567182,-0.9387205953692331,-0.3886753035554917,-0.15247069472655322,0.04233235620046635,1.5923025860199707
55631,潘祖蔭,Pan Zuyin,1830,cluster3_qing_after,清,works_general,工部,0,1,0,0,0,1,120.618622,31.31271,吳縣,0,0,0,0,0,5,0.1,3.6517169019351074e-30,4.466473374714146e-06,-0.3540873438473538,-0.6931104636926954,-0.3886753035554917,-0.1491038258180636,1.0097376552322135,-0.1345586268557452
55666,吳綺,Wu Qi,1619,cluster2_yuan_ming,清,works_general,工部,0,0,0,0,0,1,119.43718719,32.391269684,江都,0,0,0,0,0,0,0.0,7.067932822769843e-42,0.0,-0.4666295804567182,-0.9387205953692331,-0.3886753035554917,-0.15247069472655322,0.7458564407129468,0.16883668071315916
55706,彭期生,Peng Qisheng,1582,cluster2_yuan_ming,明,hydraulic,水利/河道,0,1,0,0,0,1,120.932022,30.517859,海鹽,0,0,1,0,0,14,1.0,3.972579464849278e-05,0.0,-0.15151131795049788,1.5173807213961439,-0.3863164733807812,-0.15247069472655322,1.0797376010018311,-0.3581476105660339
55824,陳廷敬,Chen Tingjing,1639,cluster2_yuan_ming,清,works_general,工部,0,1,0,0,0,1,112.8391571,35.504318237,澤州府,0,0,0,0,0,3,1.0,0.0002155704256164772,0.0,-0.3991042384910996,1.5173807213961439,-0.3758752065601097,-0.15247069472655322,-0.72785686013678,1.0445270455816145
55869,鈕祜祿德齡,Niuhulu Deling,1707,cluster3_qing_after,清,works_general,工部,0,1,0,0,0,0,,,,0,0,0,0,0,0,0.0,7.067932822769843e-42,0.0,-0.4666295804567182,-0.9387205953692331,-0.3886753035554917,-0.15247069472655322,-3.174087617753835e-15,-1.9987334503111837e-15
55984,張廷瑑,Zhang Tingzhuan,1681,cluster3_qing_after,清,works_general,工部,0,1,0,0,0,1,116.93860626,31.052280426,桐城,0,0,0,0,0,0,0.0,7.067932822769843e-42,0.0,-0.4666295804567182,-0.9387205953692331,-0.3886753035554917,-0.15247069472655322,0.18778200037791049,-0.20781661329441553
56278,張英,Zhang Ying,1637,cluster2_yuan_ming,清,works_general,工部,0,1,0,0,0,1,116.93860626,31.052280426,桐城,0,0,0,0,0,0,0.0,7.067932822769843e-42,0.0,-0.4666295804567182,-0.9387205953692331,-0.3886753035554917,-0.15247069472655322,0.18778200037791049,-0.20781661329441553
56763,歸朝煦,Gui Chaoxu,1732,cluster3_qing_after,清,hydraulic,水利/河道,0,0,0,0,0,0,,,,0,0,1,0,0,0,0.0,7.067932822769843e-42,0.0,-0.4666295804567182,-0.9387205953692331,-0.3886753035554917,-0.15247069472655322,-3.174087617753835e-15,-1.9987334503111837e-15
56832,孫嘉淦,Sun Jiagan,1683,cluster3_qing_after,清,works_general,工部,0,1,0,0,0,1,111.12374878,38.472667694,興縣,0,0,0,0,0,1,0.0,7.460334641120204e-16,0.0,-0.44412113313484536,-0.9387205953692331,-0.3886753035554474,-0.15247069472655322,-1.1110045607518089,1.879514028535174
56850,曹振鏞,Cao Zhenyong,1755,cluster3_qing_after,清,works_general,工部,1,1,0,0,0,1,118.4339447,29.86577034,歙縣,0,0,0,0,0,2,1.0,1.1574939157591263e-11,0.0,-0.42161268581297245,1.5173807213961439,-0.38867530286819735,-0.15247069472655322,0.521775649730891,-0.5415780154826844
56856,梁維樞,Liang Weishu,1587,cluster2_yuan_ming,清,works_general,工部,0,0,0,0,0,1,114.563645,38.14011,真定,0,0,0,0,0,0,0.0,7.067932822769843e-42,0.0,-0.4666295804567182,-0.9387205953692331,-0.3886753035554917,-0.15247069472655322,-0.3426811757705982,1.7859666381104302
56858,陸燿,Lu Yao,1723,cluster3_qing_after,清,hydraulic,水利/河道,0,1,0,0,0,1,120.637787,31.167065,吳江,0,0,1,0,0,10,0.6444444444444445,1.7530879531590999e-07,0.005254486891538713,-0.24154510723798941,0.6441002532128988,-0.38866489410541166,3.8084100854751513,1.0140182836963958,-0.17552808846865717
56862,劉星煒,Liu Xingwei,1718,cluster3_qing_after,清,works_general,工部,0,1,0,0,0,1,119.95230103,31.782783508,武進,0,0,0,0,0,0,0.0,7.067932822769843e-42,0.0,-0.4666295804567182,-0.9387205953692331,-0.3886753035554917,-0.15247069472655322,0.8609104958028614,-0.002328488222402521
56863,蘭第錫,Lan Dixi,1736,cluster3_qing_after,清,hydraulic,水利/河道,0,1,0,0,0,1,110.6751709,36.095630646,吉州,0,0,1,0,0,0,0.0,7.067932822769843e-42,0.0,-0.4666295804567182,-0.9387205953692331,-0.3886753035554917,-0.15247069472655322,-1.2111973727283567,1.2108612900923368
56881,史貽直,Shi Yizhi,1682,cluster3_qing_after,清,works_general,工部,1,1,0,0,0,1,119.48600006,31.430706024,溧陽,0,0,0,0,0,8,1.0,1.7528602230451393e-07,0.0,-0.2865620018817352,1.5173807213961439,-0.3886648954576229,-0.15247069472655322,0.7567591154189417,-0.10136673166027473
56891,白鍾山,Bai Zhongshan,1698,cluster3_qing_after,清,hydraulic,水利/河道,0,0,0,0,0,0,,,,0,0,1,0,0,0,0.0,7.067932822769843e-42,0.0,-0.4666295804567182,-0.9387205953692331,-0.3886753035554917,-0.15247069472655322,-3.174087617753835e-15,-1.9987334503111837e-15
56904,朱之弼,Zhu Zhibi,1621,cluster2_yuan_ming,清,works_general,工部,0,1,0,0,0,1,116.36800385,39.931427002,大興,0,0,0,0,0,0,0.0,7.067932822769843e-42,0.0,-0.4666295804567182,-0.9387205953692331,-0.3886753035554917,-0.15247069472655322,0.060334209197267744,2.289858245443304
56905,他他拉裕泰,Tatala Yutai,1788,cluster3_qing_after,清,works_general,工部,0,0,0,0,0,0,,,,0,0,0,0,0,0,0.0,7.067932822769843e-42,0.0,-0.4666295804567182,-0.9387205953692331,-0.3886753035554917,-0.15247069472655322,-3.174087617753835e-15,-1.9987334503111837e-15
56923,顧皋,Gu Gao,1763,cluster3_qing_after,清,works_general,工部,0,1,0,0,0,1,120.29766846,31.574613571,金匱,0,0,0,0,0,1,0.0,3.7056323637843556e-36,0.0,-0.44412113313484536,-0.9387205953692331,-0.3886753035554917,-0.15247069472655322,0.9380505767556113,-0.06088600988729968
56947,博爾濟吉特僧格林沁,Boerjijite Senggelinqin,1811,cluster3_qing_after,清,hydraulic,水利/河道,0,0,0,0,0,1,116.96843719,35.403820038,鄒縣,0,0,1,0,0,0,0.0,7.067932822769843e-42,0.0,-0.4666295804567182,-0.9387205953692331,-0.3886753035554917,-0.15247069472655322,0.19444493427152074,1.0162572312653155
56989,葉初春,Ye Chuchun,1582,cluster2_yuan_ming,清,works_general,工部,0,1,0,0,0,1,116.21801758,29.734992981,湖口,0,0,0,0,0,0,0.0,7.067932822769843e-42,0.0,-0.4666295804567182,-0.9387205953692331,-0.3886753035554917,-0.15247069472655322,0.026833791947149202,-0.5783652583635834
56990,劉餘祐,Liu Yuyou,1586,cluster2_yuan_ming,清,works_general,工部,0,1,0,0,0,1,116.36800385,39.931427002,宛平,0,0,0,0,0,0,0.0,7.067932822769843e-42,0.0,-0.4666295804567182,-0.9387205953692331,-0.3886753035554917,-0.15247069472655322,0.060334209197267744,2.289858245443304
56992,劉鐶之,Liu Xuanzhi,1758,cluster3_qing_after,清,works_general,工部,0,1,0,0,0,1,119.40398407,35.993354797,諸城,0,0,0,0,0,1,0.0,1.6539727552767233e-07,0.0,-0.44412113313484536,-0.9387205953692331,-0.3886654826296227,-0.15247069472655322,0.7384403060627176,1.1820914286516193
57007,汪漋,Wang Long,1679,cluster3_qing_after,清,works_general,工部,0,1,0,0,0,1,118.17577362,29.781190872,休寧,0,0,0,0,0,0,0.0,7.067932822769843e-42,0.0,-0.4666295804567182,-0.9387205953692331,-0.3886753035554917,-0.15247069472655322,0.46411144552130795,-0.5653699428915662
57020,管幹貞,Guan Ganzhen,1734,cluster3_qing_after,清,works_general,工部,0,1,0,0,0,1,119.95230103,31.782783508,陽湖,0,0,0,0,0,0,0.0,7.067932822769843e-42,0.0,-0.4666295804567182,-0.9387205953692331,-0.3886753035554917,-0.15247069472655322,0.8609104958028614,-0.002328488222402521
57062,邵燦,Shao Can,1799,cluster3_qing_after,清,hydraulic,水利/河道,0,1,0,0,0,1,121.15276337,30.049066544,餘姚,0,0,1,0,0,0,0.0,7.067932822769843e-42,0.0,-0.4666295804567182,-0.9387205953692331,-0.3886753035554917,-0.15247069472655322,1.1290416339600664,-0.49001739346633993
57067,金之俊,Jin Zhijun,1593,cluster2_yuan_ming,明,works_general,工部,0,1,0,0,0,1,120.637787,31.167065,吳江,0,0,0,0,0,0,0.0,7.067932822769843e-42,0.0,-0.4666295804567182,-0.9387205953692331,-0.3886753035554917,-0.15247069472655322,1.0140182836963958,-0.17552808846865717
57080,汪巴寧阿,Wang Baninga,1750,cluster3_qing_after,清,works_general,工部,0,0,0,0,0,0,,,,0,0,0,0,0,0,0.0,7.067932822769843e-42,0.0,-0.4666295804567182,-0.9387205953692331,-0.3886753035554917,-0.15247069472655322,-3.174087617753835e-15,-1.9987334503111837e-15
57124,章佳阿克敦,Zhangjia Akedun,1685,cluster3_qing_after,清,works_general,工部,0,1,0,0,0,0,,,,0,0,0,0,0,8,1.0,1.7528602230451393e-07,0.0,-0.2865620018817352,1.5173807213961439,-0.3886648954576229,-0.15247069472655322,-3.174087617753835e-15,-1.9987334503111837e-15
57129,王汝璧,Wang Rubi,1746,cluster3_qing_after,清,hydraulic,水利/河道,0,1,0,0,0,1,106.04174805,29.852437973,銅梁,0,0,1,0,0,0,0.0,7.067932822769843e-42,0.0,-0.4666295804567182,-0.9387205953692331,-0.3886753035554917,-0.15247069472655322,-2.2461027595429903,-0.5453283666654628
57141,覺羅阿揚阿,Jueluo Ayanga,1726,cluster3_qing_after,清,works_general,工部,0,0,0,0,0,0,,,,0,0,0,0,0,0,0.0,7.067932822769843e-42,0.0,-0.4666295804567182,-0.9387205953692331,-0.3886753035554917,-0.15247069472655322,-3.174087617753835e-15,-1.9987334503111837e-15
57143,索佳額勒布,Suojia Elebu,1747,cluster3_qing_after,清,construction,将作/营缮,0,1,0,0,0,0,,,,0,0,0,0,1,0,0.0,7.067932822769843e-42,0.0,-0.4666295804567182,-0.9387205953692331,-0.3886753035554917,-0.15247069472655322,-3.174087617753835e-15,-1.9987334503111837e-15
57144,顏檢,Yan Jian,1757,cluster3_qing_after,清,works_general,工部,0,0,0,0,0,1,114.48235321,24.357727051,連平州,0,0,0,0,0,0,0.0,7.067932822769843e-42,0.0,-0.4666295804567182,-0.9387205953692331,-0.3886753035554917,-0.15247069472655322,-0.3608382303063823,-2.0909725576293123
57162,瓜爾佳阿精阿,Guaerjia Ajinga,1735,cluster3_qing_after,清,works_general,工部,0,0,0,0,0,0,,,,0,0,0,0,0,0,0.0,7.067932822769843e-42,0.0,-0.4666295804567182,-0.9387205953692331,-0.3886753035554917,-0.15247069472655322,-3.174087617753835e-15,-1.9987334503111837e-15
57173,費莫保昌,Feimo Baochang,1787,cluster3_qing_after,清,works_general,工部,0,0,0,0,0,0,,,,0,0,0,0,0,0,0.0,7.067932822769843e-42,0.0,-0.4666295804567182,-0.9387205953692331,-0.3886753035554917,-0.15247069472655322,-3.174087617753835e-15,-1.9987334503111837e-15
57204,王頊齡,Wang Xuling,1642,cluster2_yuan_ming,清,works_general,工部,0,1,0,0,0,1,106.651955,35.218842,華亭,0,0,0,0,0,1,0.0,3.7056323637843556e-36,0.0,-0.44412113313484536,-0.9387205953692331,-0.3886753035554917,-0.15247069472655322,-2.1098090345645475,0.9642235148516195
57205,愛新覺羅奕紀,Aixinjueluo Yiji,1800,cluster3_qing_after,清,hydraulic,水利/河道,0,0,0,0,0,0,,,,0,0,1,0,0,0,0.0,7.067932822769843e-42,0.0,-0.4666295804567182,-0.9387205953692331,-0.3886753035554917,-0.15247069472655322,-3.174087617753835e-15,-1.9987334503111837e-15
57257,劉佳本智,Liujia Benzhi,1758,cluster3_qing_after,清,hydraulic,水利/河道,0,0,0,0,0,0,,,,0,0,1,0,0,0,0.0,7.067932822769843e-42,0.0,-0.4666295804567182,-0.9387205953692331,-0.3886753035554917,-0.15247069472655322,-3.174087617753835e-15,-1.9987334503111837e-15
57258,程巖,Cheng Yan,1714,cluster3_qing_after,清,works_general,工部,0,1,0,0,0,1,117.77658844,28.208450317,鉛山,0,0,0,0,0,0,0.0,7.067932822769843e-42,0.0,-0.4666295804567182,-0.9387205953692331,-0.3886753035554917,-0.15247069472655322,0.3749508170846928,-1.007776711370698
57267,薩達拉恆春,Sadala Hengchun,1794,cluster3_qing_after,清,works_general,工部,0,1,0,0,0,0,,,,0,0,0,0,0,0,0.0,7.067932822769843e-42,0.0,-0.4666295804567182,-0.9387205953692331,-0.3886753035554917,-0.15247069472655322,-3.174087617753835e-15,-1.9987334503111837e-15
57274,郭洛羅永祚,Guoluoluo Yongzuo,1758,cluster3_qing_after,清,hydraulic,水利/河道,0,0,0,0,0,0,,,,0,0,1,0,0,0,0.0,7.067932822769843e-42,0.0,-0.4666295804567182,-0.9387205953692331,-0.3886753035554917,-0.15247069472655322,-3.174087617753835e-15,-1.9987334503111837e-15
57277,郝碩,Hao Shuo,1721,cluster3_qing_after,清,hydraulic,水利/河道,0,0,0,0,0,0,,,,0,0,1,0,0,0,0.0,7.067932822769843e-42,0.0,-0.4666295804567182,-0.9387205953692331,-0.3886753035554917,-0.15247069472655322,-3.174087617753835e-15,-1.9987334503111837e-15
57303,巴魯特柏葰,Balute Baisui,1795,cluster3_qing_after,清,works_general,工部,0,1,0,0,0,0,,,,0,0,0,0,0,0,0.0,7.067932822769843e-42,0.0,-0.4666295804567182,-0.9387205953692331,-0.3886753035554917,-0.15247069472655322,-3.174087617753835e-15,-1.9987334503111837e-15
57342,胡高望,Hu Gaowang,1735,cluster3_qing_after,清,works_general,工部,0,1,0,0,0,1,120.16862488,30.294124603,仁和,0,0,0,0,0,0,0.0,7.067932822769843e-42,0.0,-0.4666295804567182,-0.9387205953692331,-0.3886753035554917,-0.15247069472655322,0.9092278466920588,-0.4210833638660419
57351,范承勳,Fan Chengxun,1641,cluster2_yuan_ming,清,hydraulic,水利/河道,0,0,1,0,0,0,,,,0,0,1,0,0,0,0.0,7.067932822769843e-42,0.0,-0.4666295804567182,-0.9387205953692331,-0.3886753035554917,-0.15247069472655322,-3.174087617753835e-15,-1.9987334503111837e-15
57359,范時紀,Fan Shiji,1712,cluster3_qing_after,清,hydraulic,水利/河道,0,0,1,0,0,1,123.4496,41.796033,瀋陽衛,0,0,1,0,0,0,0.0,7.067932822769843e-42,0.0,-0.4666295804567182,-0.9387205953692331,-0.3886753035554917,-0.15247069472655322,1.6420551615340002,2.814365807379982
57398,蔣陳錫,Jiang Chenxi,1653,cluster3_qing_after,清,hydraulic,水利/河道,0,1,0,0,0,1,120.733788,31.646582,常熟,0,0,1,0,0,0,0.0,7.067932822769843e-42,0.0,-0.4666295804567182,-0.9387205953692331,-0.3886753035554917,-0.15247069472655322,1.0354607367717918,-0.040641526456649514
57426,閻循琦,Yan Xunqi,1710,cluster3_qing_after,清,hydraulic,水利/河道,0,1,0,0,0,1,118.83670807,36.703575134,昌樂,0,0,1,0,0,0,0.0,7.067932822769843e-42,0.0,-0.4666295804567182,-0.9387205953692331,-0.3886753035554917,-0.15247069472655322,0.6117354903753981,1.3818740839671542
57428,那木都魯先福,Namudulu Xianfu,1758,cluster3_qing_after,清,works_general,工部,0,1,0,0,0,0,,,,0,0,0,0,0,0,0.0,7.067932822769843e-42,0.0,-0.4666295804567182,-0.9387205953692331,-0.3886753035554917,-0.15247069472655322,-3.174087617753835e-15,-1.9987334503111837e-15
57430,杭阿坦全保,Hangatan Quanbao,1744,cluster3_qing_after,清,hydraulic,水利/河道,0,1,0,0,0,0,,,,0,0,1,0,0,0,0.0,7.067932822769843e-42,0.0,-0.4666295804567182,-0.9387205953692331,-0.3886753035554917,-0.15247069472655322,-3.174087617753835e-15,-1.9987334503111837e-15
57448,唐執玉,Tang Zhiyu,1669,cluster3_qing_after,清,works_general,工部,0,1,0,0,0,1,116.36800385,39.931427002,大興,0,0,0,0,0,0,0.0,7.067932822769843e-42,0.0,-0.4666295804567182,-0.9387205953692331,-0.3886753035554917,-0.15247069472655322,0.060334209197267744,2.289858245443304
57462,東鄂同麟,Donge Tonglin,1761,cluster3_qing_after,清,works_general,工部,0,1,0,0,0,0,,,,0,0,0,0,0,0,0.0,7.067932822769843e-42,0.0,-0.4666295804567182,-0.9387205953692331,-0.3886753035554917,-0.15247069472655322,-3.174087617753835e-15,-1.9987334503111837e-15
57463,博史克多山,Boshike Duoshan,1770,cluster3_qing_after,清,works_general,工部,0,1,0,0,0,0,,,,0,0,0,0,0,0,0.0,7.067932822769843e-42,0.0,-0.4666295804567182,-0.9387205953692331,-0.3886753035554917,-0.15247069472655322,-3.174087617753835e-15,-1.9987334503111837e-15
57470,葉赫納喇多福,Yehenala Duofu,1761,cluster3_qing_after,清,works_general,工部,0,0,0,0,0,0,,,,0,0,0,0,0,0,0.0,7.067932822769843e-42,0.0,-0.4666295804567182,-0.9387205953692331,-0.3886753035554917,-0.15247069472655322,-3.174087617753835e-15,-1.9987334503111837e-15
57497,舒穆祿徐元夢,Shumulu Xuyuanmeng,1655,cluster3_qing_after,清,works_general,工部,0,1,0,0,0,0,,,,0,0,0,0,0,1,0.0,9.253488825718743e-14,0.0,-0.44412113313484536,-0.9387205953692331,-0.3886753035499972,-0.15247069472655322,-3.174087617753835e-15,-1.9987334503111837e-15
57498,程正揆,Cheng Zhengkui,1606,cluster2_yuan_ming,明,works_general,工部,0,1,0,0,0,1,113.91035461,30.926221848,孝感,0,0,0,0,0,5,1.0,7.116483098245989e-06,0.0,-0.3540873438473538,1.5173807213961439,-0.3882527424659403,-0.15247069472655322,-0.4885978696819315,-0.24327647853077292
57506,托克托莫忒策丹,Tuoketuomote Cedan,1755,cluster3_qing_after,清,works_general,工部,0,0,0,0,0,0,,,,0,0,0,0,0,0,0.0,7.067932822769843e-42,0.0,-0.4666295804567182,-0.9387205953692331,-0.3886753035554917,-0.15247069472655322,-3.174087617753835e-15,-1.9987334503111837e-15
57507,鈕祜祿策楞,Niuhulu Celeng,1693,cluster3_qing_after,清,hydraulic,水利/河道,0,0,0,0,0,0,,,,0,0,1,0,0,0,0.0,7.067932822769843e-42,0.0,-0.4666295804567182,-0.9387205953692331,-0.3886753035554917,-0.15247069472655322,-3.174087617753835e-15,-1.9987334503111837e-15
57509,愛新覺羅肅順,Aixinjueluo Sushun,1815,cluster3_qing_after,清,hydraulic,水利/河道,0,0,0,0,0,0,,,,0,0,1,0,0,0,0.0,7.067932822769843e-42,0.0,-0.4666295804567182,-0.9387205953692331,-0.3886753035554917,-0.15247069472655322,-3.174087617753835e-15,-1.9987334503111837e-15
57514,朱士彥,Zhu Shiyan,1771,cluster3_qing_after,清,works_general,工部,0,1,0,0,0,1,119.31004333,33.235946655,寶應,0,0,0,0,0,1,0.0,2.2351211680387265e-29,0.0,-0.44412113313484536,-0.9387205953692331,-0.3886753035554917,-0.15247069472655322,0.7174580255727423,0.40644154692000195
57533,富察貴慶,Fucha Guiqing,1784,cluster3_qing_after,清,works_general,工部,0,1,0,0,0,0,,,,0,0,0,0,0,0,0.0,7.067932822769843e-42,0.0,-0.4666295804567182,-0.9387205953692331,-0.3886753035554917,-0.15247069472655322,-3.174087617753835e-15,-1.9987334503111837e-15
57563,瓜爾佳雅德,Guaerjia Yade,1738,cluster3_qing_after,清,works_general,工部,0,0,0,0,0,0,,,,0,0,0,0,0,0,0.0,7.067932822769843e-42,0.0,-0.4666295804567182,-0.9387205953692331,-0.3886753035554917,-0.15247069472655322,-3.174087617753835e-15,-1.9987334503111837e-15
57588,愛新覺羅恩桂,Aixinjueluo Engui,1800,cluster3_qing_after,清,works_general,工部,0,1,0,0,0,0,,,,0,0,0,0,0,0,0.0,7.067932822769843e-42,0.0,-0.4666295804567182,-0.9387205953692331,-0.3886753035554917,-0.15247069472655322,-3.174087617753835e-15,-1.9987334503111837e-15
57595,格吉勒廉善,Gejile Lianshan,1760,cluster3_qing_after,清,works_general,工部,0,1,0,0,0,0,,,,0,0,0,0,0,0,0.0,7.067932822769843e-42,0.0,-0.4666295804567182,-0.9387205953692331,-0.3886753035554917,-0.15247069472655322,-3.174087617753835e-15,-1.9987334503111837e-15
57632,鈕祜祿毓奇,Niuhulu Yuqi,1728,cluster3_qing_after,清,construction,将作/营缮,0,0,0,0,0,0,,,,0,0,0,0,1,0,0.0,7.067932822769843e-42,0.0,-0.4666295804567182,-0.9387205953692331,-0.3886753035554917,-0.15247069472655322,-3.174087617753835e-15,-1.9987334503111837e-15
57668,覺羅海齡,Jueluo Hailing,1772,cluster3_qing_after,清,works_general,工部,0,0,0,0,0,0,,,,0,0,0,0,0,0,0.0,7.067932822769843e-42,0.0,-0.4666295804567182,-0.9387205953692331,-0.3886753035554917,-0.15247069472655322,-3.174087617753835e-15,-1.9987334503111837e-15
57680,富察誠端,Fucha Chengduan,1780,cluster3_qing_after,清,works_general,工部,0,0,0,0,0,0,,,,0,0,0,0,0,0,0.0,7.067932822769843e-42,0.0,-0.4666295804567182,-0.9387205953692331,-0.3886753035554917,-0.15247069472655322,-3.174087617753835e-15,-1.9987334503111837e-15
57681,賈楨,Jia Zhen,1798,cluster3_qing_after,清,works_general,工部,0,1,0,0,0,1,120.52169,37.647312,黃縣,0,0,0,0,0,0,0.0,7.067932822769843e-42,0.0,-0.4666295804567182,-0.9387205953692331,-0.3886753035554917,-0.15247069472655322,0.9880872571998578,1.6473441742845518
57687,富察烏爾恭額,Fucha Wuergonge,1778,cluster3_qing_after,清,works_general,工部,0,0,0,0,0,0,,,,0,0,0,0,0,0,0.0,7.067932822769843e-42,0.0,-0.4666295804567182,-0.9387205953692331,-0.3886753035554917,-0.15247069472655322,-3.174087617753835e-15,-1.9987334503111837e-15
57725,何淩漢,He Linghan,1772,cluster3_qing_after,清,works_general,工部,0,1,0,0,0,1,111.59088135,25.531356812,道州,0,0,0,0,0,0,0.0,7.067932822769843e-42,0.0,-0.4666295804567182,-0.9387205953692331,-0.3886753035554917,-0.15247069472655322,-1.0066674370529503,-1.7608343486893485
57827,愛新覺羅靈桂,Aixinjueluo Linggui,1815,cluster3_qing_after,清,works_general,工部,0,1,0,0,0,0,,,,0,0,0,0,0,0,0.0,7.067932822769843e-42,0.0,-0.4666295804567182,-0.9387205953692331,-0.3886753035554917,-0.15247069472655322,-3.174087617753835e-15,-1.9987334503111837e-15
57831,汪佳阿爾邦阿,Wangjia Aerbanga,1772,cluster3_qing_after,清,hydraulic,水利/河道,0,0,0,0,0,0,,,,0,0,1,0,0,0,0.0,7.067932822769843e-42,0.0,-0.4666295804567182,-0.9387205953692331,-0.3886753035554917,-0.15247069472655322,-3.174087617753835e-15,-1.9987334503111837e-15
57864,馬佳寶珣,Majia Baoxun,1815,cluster3_qing_after,清,works_general,工部,0,1,0,0,0,0,,,,0,0,0,0,0,0,0.0,7.067932822769843e-42,0.0,-0.4666295804567182,-0.9387205953692331,-0.3886753035554917,-0.15247069472655322,-3.174087617753835e-15,-1.9987334503111837e-15
57872,那拉麒慶,Nala Qiqing,1811,cluster3_qing_after,清,hydraulic,水利/河道,0,1,0,0,0,0,,,,0,0,1,0,0,0,0.0,7.067932822769843e-42,0.0,-0.4666295804567182,-0.9387205953692331,-0.3886753035554917,-0.15247069472655322,-3.174087617753835e-15,-1.9987334503111837e-15
57874,愛新覺羅蘊著,Aixinjueluo Yunzhe,1699,cluster3_qing_after,清,works_general,工部,0,0,0,0,0,0,,,,0,0,0,0,0,0,0.0,7.067932822769843e-42,0.0,-0.4666295804567182,-0.9387205953692331,-0.3886753035554917,-0.15247069472655322,-3.174087617753835e-15,-1.9987334503111837e-15
57914,鈕鈷祿薩迎阿,Niugulu Sayinga,1794,cluster3_qing_after,清,works_general,工部,0,1,0,0,0,0,,,,0,0,0,0,0,0,0.0,7.067932822769843e-42,0.0,-0.4666295804567182,-0.9387205953692331,-0.3886753035554917,-0.15247069472655322,-3.174087617753835e-15,-1.9987334503111837e-15
57949,鍾秀,Zhongxiu,1805,cluster3_qing_after,清,works_general,工部,0,0,0,0,0,0,,,,0,0,0,0,0,0,0.0,7.067932822769843e-42,0.0,-0.4666295804567182,-0.9387205953692331,-0.3886753035554917,-0.15247069472655322,-3.174087617753835e-15,-1.9987334503111837e-15
57966,愛新覺羅錫齡,Aixinjueluo Xiling,1819,cluster3_qing_after,清,works_general,工部,0,1,0,0,0,0,,,,0,0,0,0,0,0,0.0,7.067932822769843e-42,0.0,-0.4666295804567182,-0.9387205953692331,-0.3886753035554917,-0.15247069472655322,-3.174087617753835e-15,-1.9987334503111837e-15
58100,戴佳慧成,Daijia Huicheng,1798,cluster3_qing_after,清,hydraulic,水利/河道,0,1,0,0,0,0,,,,0,0,1,0,0,0,0.0,7.067932822769843e-42,0.0,-0.4666295804567182,-0.9387205953692331,-0.3886753035554917,-0.15247069472655322,-3.174087617753835e-15,-1.9987334503111837e-15
58161,佟佳齊布森,Tongjia Qibusen,1753,cluster3_qing_after,清,works_general,工部,0,0,0,0,0,0,,,,0,0,0,0,0,0,0.0,7.067932822769843e-42,0.0,-0.4666295804567182,-0.9387205953692331,-0.3886753035554917,-0.15247069472655322,-3.174087617753835e-15,-1.9987334503111837e-15
58168,愛新覺羅德誠,Aixinjueluo Decheng,1801,cluster3_qing_after,清,works_general,工部,0,1,0,0,0,0,,,,0,0,0,0,0,0,0.0,7.067932822769843e-42,0.0,-0.4666295804567182,-0.9387205953692331,-0.3886753035554917,-0.15247069472655322,-3.174087617753835e-15,-1.9987334503111837e-15
58191,西林覺羅察杭阿,Xilinjueluo Chahanga,1817,cluster3_qing_after,清,military_industrial,军器/制造,0,0,0,0,0,0,,,,0,0,0,1,0,0,0.0,7.067932822769843e-42,0.0,-0.4666295804567182,-0.9387205953692331,-0.3886753035554917,-0.15247069472655322,-3.174087617753835e-15,-1.9987334503111837e-15
58196,蘇穆察廣林,Sumucha Guanglin,1790,cluster3_qing_after,清,works_general,工部,0,1,0,0,0,0,,,,0,0,0,0,0,0,0.0,7.067932822769843e-42,0.0,-0.4666295804567182,-0.9387205953692331,-0.3886753035554917,-0.15247069472655322,-3.174087617753835e-15,-1.9987334503111837e-15
58197,富察鳳秀,Fucha Fengxiu,1833,cluster3_qing_after,清,works_general,工部,0,0,0,0,0,0,,,,0,0,0,0,0,0,0.0,7.067932822769843e-42,0.0,-0.4666295804567182,-0.9387205953692331,-0.3886753035554917,-0.15247069472655322,-3.174087617753835e-15,-1.9987334503111837e-15
58221,廖鴻荃,Liao Hongquan,1783,cluster3_qing_after,清,works_general,工部,0,1,0,0,0,1,119.32157898,26.073953629,侯官,0,0,0,0,0,0,0.0,7.067932822769843e-42,0.0,-0.4666295804567182,-0.9387205953692331,-0.3886753035554917,-0.15247069472655322,0.7200345886691597,-1.6082036406982059
58240,愛新覺羅福錕,Aixinjueluo Fukun,1834,cluster3_qing_after,清,hydraulic,水利/河道,0,1,0,0,0,0,,,,0,0,1,0,0,0,0.0,7.067932822769843e-42,0.0,-0.4666295804567182,-0.9387205953692331,-0.3886753035554917,-0.15247069472655322,-3.174087617753835e-15,-1.9987334503111837e-15
58262,必祿福濟,Bilu Fuji,1812,cluster3_qing_after,清,hydraulic,水利/河道,0,1,0,0,0,0,,,,0,0,1,0,0,0,0.0,7.067932822769843e-42,0.0,-0.4666295804567182,-0.9387205953692331,-0.3886753035554917,-0.15247069472655322,-3.174087617753835e-15,-1.9987334503111837e-15
58266,寧古塔赫赫,Ningguta Hehe,1704,cluster3_qing_after,清,works_general,工部,0,0,0,0,0,0,,,,0,0,0,0,0,0,0.0,7.067932822769843e-42,0.0,-0.4666295804567182,-0.9387205953692331,-0.3886753035554917,-0.15247069472655322,-3.174087617753835e-15,-1.9987334503111837e-15
58278,奚他拉圖明額,Xitala Tuminge,1784,cluster3_qing_after,清,works_general,工部,0,1,0,0,0,0,,,,0,0,0,0,0,0,0.0,7.067932822769843e-42,0.0,-0.4666295804567182,-0.9387205953692331,-0.3886753035554917,-0.15247069472655322,-3.174087617753835e-15,-1.9987334503111837e-15
58311,喜塔臘裕德,Xitala Yude,1842,cluster3_qing_after,清,military_industrial,军器/制造,0,1,1,0,0,0,,,,0,0,0,1,0,0,0.0,7.067932822769843e-42,0.0,-0.4666295804567182,-0.9387205953692331,-0.3886753035554917,-0.15247069472655322,-3.174087617753835e-15,-1.9987334503111837e-15
58340,愛新覺羅溥興,Aixinjueluo Puxing,1844,cluster3_qing_after,清,hydraulic,水利/河道,0,0,0,0,0,0,,,,0,0,1,0,0,0,0.0,7.067932822769843e-42,0.0,-0.4666295804567182,-0.9387205953692331,-0.3886753035554917,-0.15247069472655322,-3.174087617753835e-15,-1.9987334503111837e-15
58341,愛新覺羅溥顧,Aixinjueluo Pugu,1844,cluster3_qing_after,清,hydraulic,水利/河道,0,0,0,0,0,0,,,,0,0,1,0,0,0,0.0,7.067932822769843e-42,0.0,-0.4666295804567182,-0.9387205953692331,-0.3886753035554917,-0.15247069472655322,-3.174087617753835e-15,-1.9987334503111837e-15
58344,塔他爾塔琦,Tataer Taqi,1735,cluster3_qing_after,清,works_general,工部,0,0,0,0,0,0,,,,0,0,0,0,0,0,0.0,7.067932822769843e-42,0.0,-0.4666295804567182,-0.9387205953692331,-0.3886753035554917,-0.15247069472655322,-3.174087617753835e-15,-1.9987334503111837e-15
58355,葉觀潮,Ye Guanchao,1758,cluster3_qing_after,清,hydraulic,水利/河道,0,1,0,0,0,1,119.32157898,26.073953629,閩縣,0,0,1,0,0,0,0.0,7.067932822769843e-42,0.0,-0.4666295804567182,-0.9387205953692331,-0.3886753035554917,-0.15247069472655322,0.7200345886691597,-1.6082036406982059
58359,葉存仁,Ye Cunren,1710,cluster3_qing_after,清,hydraulic,水利/河道,0,0,0,0,0,1,114.31919098,30.541385651,江夏,0,0,1,0,0,0,0.0,7.067932822769843e-42,0.0,-0.4666295804567182,-0.9387205953692331,-0.3886753035554917,-0.15247069472655322,-0.3972815846511483,-0.3515296406733168
58376,愛新覺羅載肅,Aixinjueluo Zaisu,1828,cluster3_qing_after,清,works_general,工部,0,1,0,0,0,0,,,,0,0,0,0,0,0,0.0,7.067932822769843e-42,0.0,-0.4666295804567182,-0.9387205953692331,-0.3886753035554917,-0.15247069472655322,-3.174087617753835e-15,-1.9987334503111837e-15
58383,那佳普保,Najia Pubao,1781,cluster3_qing_after,清,works_general,工部,0,1,0,0,0,0,,,,0,0,0,0,0,0,0.0,7.067932822769843e-42,0.0,-0.4666295804567182,-0.9387205953692331,-0.3886753035554917,-0.15247069472655322,-3.174087617753835e-15,-1.9987334503111837e-15
58387,愛新覺羅載齡,Aixinjueluo Zailing,1812,cluster3_qing_after,清,military_industrial,军器/制造,0,1,0,0,0,0,,,,0,0,0,1,0,0,0.0,7.067932822769843e-42,0.0,-0.4666295804567182,-0.9387205953692331,-0.3886753035554917,-0.15247069472655322,-3.174087617753835e-15,-1.9987334503111837e-15
58388,何裕城,He Yucheng,1726,cluster3_qing_after,清,hydraulic,水利/河道,0,0,0,0,0,1,120.57826233,30.004514694,山陰,0,0,1,0,0,0,0.0,7.067932822769843e-42,0.0,-0.4666295804567182,-0.9387205953692331,-0.3886753035554917,-0.15247069472655322,1.0007230581955837,-0.5025496829947078
58389,伊爾根覺羅嵩惠,Yiergenjueluo Songhui,1773,cluster3_qing_after,清,works_general,工部,0,0,0,0,0,0,,,,0,0,0,0,0,0,0.0,7.067932822769843e-42,0.0,-0.4666295804567182,-0.9387205953692331,-0.3886753035554917,-0.15247069472655322,-3.174087617753835e-15,-1.9987334503111837e-15
58393,傅繩勛,Fu Shengxun,1793,cluster3_qing_after,清,works_general,工部,0,1,0,0,0,1,115.98869324,36.447738647,聊城,0,0,0,0,0,3,1.0,4.9363566761776684e-29,0.0,-0.3991042384910996,1.5173807213961439,-0.3886753035554917,-0.15247069472655322,-0.024387303661187312,1.3099081178623875
58402,博爾濟吉特博迪蘇,Boerjijite Bodisu,1781,cluster3_qing_after,清,works_general,工部,0,1,0,0,0,0,,,,0,0,0,0,0,0,0.0,7.067932822769843e-42,0.0,-0.4666295804567182,-0.9387205953692331,-0.3886753035554917,-0.15247069472655322,-3.174087617753835e-15,-1.9987334503111837e-15
58411,單懋謙,Dan Maoqian,1807,cluster3_qing_after,清,works_general,工部,0,1,0,0,0,1,112.14887238,32.013473511,襄陽,0,0,0,0,0,2,1.0,8.214785971249928e-33,0.0,-0.42161268581297245,1.5173807213961439,-0.3886753035554917,-0.15247069472655322,-0.8820364803205549,0.0625638542705848
58416,愛新覺羅善燾,Aixinjueluo Shantao,1817,cluster3_qing_after,清,works_general,工部,0,1,0,0,0,0,,,,0,0,0,0,0,0,0.0,7.067932822769843e-42,0.0,-0.4666295804567182,-0.9387205953692331,-0.3886753035554917,-0.15247069472655322,-3.174087617753835e-15,-1.9987334503111837e-15
58456,喬松年,Qiao Songnian,1815,cluster3_qing_after,清,works_general,工部,0,1,0,0,0,1,112.50899506,37.557182312,徐溝,0,0,0,0,0,0,0.0,7.067932822769843e-42,0.0,-0.4666295804567182,-0.9387205953692331,-0.3886753035554917,-0.15247069472655322,-0.8016007174921902,1.6219909881628198
58466,富察凱音布,Fucha Kaiyinbu,1776,cluster3_qing_after,清,works_general,工部,0,1,0,0,0,0,,,,0,0,0,0,0,0,0.0,7.067932822769843e-42,0.0,-0.4666295804567182,-0.9387205953692331,-0.3886753035554917,-0.15247069472655322,-3.174087617753835e-15,-1.9987334503111837e-15
58471,瓜爾佳景福,Guaerjia Jingfu,1720,cluster3_qing_after,清,works_general,工部,0,1,0,0,0,0,,,,0,0,0,0,0,0,0.0,7.067932822769843e-42,0.0,-0.4666295804567182,-0.9387205953692331,-0.3886753035554917,-0.15247069472655322,-3.174087617753835e-15,-1.9987334503111837e-15
58479,邵佳景綸,Shaojia Jinglun,1806,cluster3_qing_after,清,works_general,工部,0,0,0,0,0,0,,,,0,0,0,0,0,0,0.0,7.067932822769843e-42,0.0,-0.4666295804567182,-0.9387205953692331,-0.3886753035554917,-0.15247069472655322,-3.174087617753835e-15,-1.9987334503111837e-15
58483,顏扎景廉,Yanzha Jinglian,1823,cluster3_qing_after,清,military_industrial,军器/制造,0,1,0,0,0,0,,,,0,0,0,1,0,2,1.0,1.6899337778563544e-30,0.0,-0.42161268581297245,1.5173807213961439,-0.3886753035554917,-0.15247069472655322,-3.174087617753835e-15,-1.9987334503111837e-15
58486,博爾濟吉特惠豐,Boerjijite Huifeng,1788,cluster3_qing_after,清,works_general,工部,0,0,0,0,0,0,,,,0,0,0,0,0,0,0.0,7.067932822769843e-42,0.0,-0.4666295804567182,-0.9387205953692331,-0.3886753035554917,-0.15247069472655322,-3.174087617753835e-15,-1.9987334503111837e-15
58530,富察富呢揚阿,Fucha Funeyanga,1789,cluster3_qing_after,清,works_general,工部,0,1,0,0,0,1,123.4496,41.796033,瀋陽中衛,0,0,0,0,0,0,0.0,7.067932822769843e-42,0.0,-0.4666295804567182,-0.9387205953692331,-0.3886753035554917,-0.15247069472655322,1.6420551615340002,2.814365807379982
58535,富察富察善,Fucha Fuchashan,1713,cluster3_qing_after,清,works_general,工部,0,0,0,0,0,0,,,,0,0,0,0,0,0,0.0,7.067932822769843e-42,0.0,-0.4666295804567182,-0.9387205953692331,-0.3886753035554917,-0.15247069472655322,-3.174087617753835e-15,-1.9987334503111837e-15
58554,卓特富俊,Zhuote Fujun,1748,cluster3_qing_after,清,works_general,工部,0,1,0,0,0,0,,,,0,0,0,0,0,0,0.0,7.067932822769843e-42,0.0,-0.4666295804567182,-0.9387205953692331,-0.3886753035554917,-0.15247069472655322,-3.174087617753835e-15,-1.9987334503111837e-15
58609,王茂蔭,Wang Maoyin,1798,cluster3_qing_after,清,works_general,工部,0,1,0,0,0,1,118.4339447,29.86577034,歙縣,0,0,0,0,0,0,0.0,7.067932822769843e-42,0.0,-0.4666295804567182,-0.9387205953692331,-0.3886753035554917,-0.15247069472655322,0.521775649730891,-0.5415780154826844
58657,馬佳通智,Majia Tongzhi,1694,cluster3_qing_after,清,works_general,工部,0,0,0,0,0,0,,,,0,0,0,0,0,0,0.0,7.067932822769843e-42,0.0,-0.4666295804567182,-0.9387205953692331,-0.3886753035554917,-0.15247069472655322,-3.174087617753835e-15,-1.9987334503111837e-15
58660,毛昶熙,Mao Changxi,1817,cluster3_qing_after,清,works_general,工部,0,1,0,0,0,1,113.36535645,35.056087494,武陟,0,0,0,0,0,0,0.0,7.067932822769843e-42,0.0,-0.4666295804567182,-0.9387205953692331,-0.3886753035554917,-0.15247069472655322,-0.6103267836721729,0.9184412052227584
58681,申啟賢,Shen Qixian,1776,cluster3_qing_after,清,works_general,工部,0,1,0,0,0,1,114.19468689,35.14276123,延津,0,0,0,0,0,0,0.0,7.067932822769843e-42,0.0,-0.4666295804567182,-0.9387205953692331,-0.3886753035554917,-0.15247069472655322,-0.42509038984609315,0.9428222433627528
58715,費莫文澂,Feimo Wencheng,1835,cluster3_qing_after,清,works_general,工部,0,1,0,0,0,0,,,,0,0,0,0,0,0,0.0,7.067932822769843e-42,0.0,-0.4666295804567182,-0.9387205953692331,-0.3886753035554917,-0.15247069472655322,-3.174087617753835e-15,-1.9987334503111837e-15
58728,衛詣,Wei Yi,1727,cluster3_qing_after,清,works_general,工部,0,1,0,0,0,1,114.34333038,34.785476685,河南省,0,0,0,0,0,0,0.0,7.067932822769843e-42,0.0,-0.4666295804567182,-0.9387205953692331,-0.3886753035554917,-0.15247069472655322,-0.391889891317036,0.8423192707151208
58740,周兆基,Zhou Zhaoji,1754,cluster3_qing_after,清,works_general,工部,0,1,0,0,0,1,120.637787,31.167065,吳江,0,0,0,0,0,0,0.0,7.067932822769843e-42,0.0,-0.4666295804567182,-0.9387205953692331,-0.3886753035554917,-0.15247069472655322,1.0140182836963958,-0.17552808846865717
58755,周天爵,Zhou Tianjue,1775,cluster3_qing_after,清,hydraulic,水利/河道,0,1,0,0,0,1,116.25223541,36.166954041,東阿,0,0,1,0,0,0,0.0,7.067932822769843e-42,0.0,-0.4666295804567182,-0.9387205953692331,-0.3886753035554917,-0.15247069472655322,0.0344765687319424,1.2309243275708297
58763,陳希曾,Chen Xiceng,1766,cluster3_qing_after,清,works_general,工部,0,1,0,0,0,1,115.98756409,39.245948792,新城,0,0,0,0,0,0,0.0,7.067932822769843e-42,0.0,-0.4666295804567182,-0.9387205953692331,-0.3886753035554917,-0.15247069472655322,-0.02463950672042648,2.0970354694394393
58770,周祖培,Zhou Zupei,1793,cluster3_qing_after,清,works_general,工部,0,1,0,0,0,1,115.40705872,31.803518295,商城,0,0,0,0,0,0,0.0,7.067932822769843e-42,0.0,-0.4666295804567182,-0.9387205953692331,-0.3886753035554917,-0.15247069472655322,-0.15429918897624167,0.0035041394685470925
58783,陳官俊,Chen Guanjun,1782,cluster3_qing_after,清,works_general,工部,0,1,0,0,0,1,119.10649872,36.702705383,濰縣,0,0,0,0,0,0,0.0,7.067932822769843e-42,0.0,-0.4666295804567182,-0.9387205953692331,-0.3886753035554917,-0.15247069472655322,0.6719950017638797,1.3816294258586908
58806,李宏,Li Hong,1708,cluster3_qing_after,清,hydraulic,水利/河道,0,0,0,0,0,0,,,,0,0,1,0,0,2,1.0,8.214785971249928e-33,0.0,-0.42161268581297245,1.5173807213961439,-0.3886753035554917,-0.15247069472655322,-3.174087617753835e-15,-1.9987334503111837e-15
58817,陳鳳翔,Chen Fengxiang,1751,cluster3_qing_after,清,hydraulic,水利/河道,0,0,1,0,0,1,116.06158447,27.75564003,崇仁,0,0,1,0,0,0,0.0,7.067932822769843e-42,0.0,-0.4666295804567182,-0.9387205953692331,-0.3886753035554917,-0.15247069472655322,-0.008106569305474352,-1.1351507624619022
58837,李友棠,Li Youtang,1735,cluster3_qing_after,清,works_general,工部,0,1,0,0,0,1,116.35134125,27.984781265,臨川,0,0,0,0,0,0,0.0,7.067932822769843e-42,0.0,-0.4666295804567182,-0.9387205953692331,-0.3886753035554917,-0.15247069472655322,0.05661250818775885,-1.070694083336166
58862,索綽絡德風,Suochaoluo Defeng,1723,cluster3_qing_after,清,works_general,工部,0,1,0,0,0,0,,,,0,0,0,0,0,0,0.0,7.067932822769843e-42,0.0,-0.4666295804567182,-0.9387205953692331,-0.3886753035554917,-0.15247069472655322,-3.174087617753835e-15,-1.9987334503111837e-15
58868,吳正治,Wu Zhengzhi,1618,cluster2_yuan_ming,清,works_general,工部,0,1,0,0,0,1,114.26192474,30.544374466,漢陽,0,0,0,0,0,0,0.0,7.067932822769843e-42,0.0,-0.4666295804567182,-0.9387205953692331,-0.3886753035554917,-0.15247069472655322,-0.41007237499712845,-0.3506888968001274
58880,吳拜,Wubai,1684,cluster3_qing_after,清,works_general,工部,0,0,0,0,0,0,,,,0,0,0,0,0,0,0.0,7.067932822769843e-42,0.0,-0.4666295804567182,-0.9387205953692331,-0.3886753035554917,-0.15247069472655322,-3.174087617753835e-15,-1.9987334503111837e-15
58881,吳省蘭,Wu Shenglan,1738,cluster3_qing_after,清,works_general,工部,0,1,0,0,0,1,121.75189972,31.05532074,南匯,0,0,0,0,0,0,0.0,7.067932822769843e-42,0.0,-0.4666295804567182,-0.9387205953692331,-0.3886753035554917,-0.15247069472655322,1.262862667810118,-0.20696138292115046
58882,吳省欽,Wu Shengqin,1729,cluster3_qing_after,清,works_general,工部,0,1,0,0,0,1,121.75189972,31.05532074,南匯,0,0,0,0,0,4,1.0,4.27333540200571e-09,0.0,-0.3765957911692267,1.5173807213961439,-0.3886750498142492,-0.15247069472655322,1.262862667810118,-0.20696138292115046
58895,李宗瀚,Li Zonghan,1769,cluster3_qing_after,清,works_general,工部,0,1,0,0,0,1,116.35134125,27.984781265,臨川,0,0,0,0,0,1,0.0,3.7056323637843556e-36,0.0,-0.44412113313484536,-0.9387205953692331,-0.3886753035554917,-0.15247069472655322,0.05661250818775885,-1.070694083336166
58907,李奉翰,Li Fenghan,1736,cluster3_qing_after,清,hydraulic,水利/河道,0,0,0,0,0,0,,,,0,0,1,0,0,2,1.0,8.214785971249928e-33,0.0,-0.42161268581297245,1.5173807213961439,-0.3886753035554917,-0.15247069472655322,-3.174087617753835e-15,-1.9987334503111837e-15
58923,李棠階,Li Tangjie,1798,cluster3_qing_after,清,works_general,工部,0,1,0,0,0,1,112.93698883,35.089302063,河內,0,0,0,0,0,0,0.0,7.067932822769843e-42,0.0,-0.4666295804567182,-0.9387205953692331,-0.3886753035554917,-0.15247069472655322,-0.7060055015070781,0.9277843547276141
58962,呂熾,Lv Chi,1715,cluster3_qing_after,清,works_general,工部,0,1,0,0,0,1,110.28626251,25.280059814,臨桂,0,0,0,0,0,8,1.0,1.7528602230451393e-07,0.0,-0.2865620018817352,1.5173807213961439,-0.3886648954576229,-0.15247069472655322,-1.2980626127071346,-1.831523371402116
58972,李鴻藻,Li Hongzao,1820,cluster3_qing_after,清,works_general,工部,0,1,0,0,0,1,115.77420044,38.688907623,高陽,0,0,0,0,0,3,1.0,4.994879189239714e-30,0.0,-0.3991042384910996,1.5173807213961439,-0.3886753035554917,-0.15247069472655322,-0.07229567752198354,1.9403416125260027
59002,汪由敦,Wang Youdun,1692,cluster3_qing_after,清,works_general,工部,0,1,0,0,0,1,120.16862488,30.294124603,錢塘,0,0,0,0,0,10,0.7333333333333333,1.753543432844725e-07,0.0001135760372427309,-0.24154510723798941,0.8624203702587098,-0.3886648914008736,-0.06685602819638904,0.9092278466920588,-0.4210833638660419
59009,李允禎,Li Yunzhen,1600,cluster2_yuan_ming,清,construction,将作/营缮,0,1,0,0,0,1,116.28741455,37.451644897,德州,0,0,0,0,1,0,0.0,7.067932822769843e-42,0.0,-0.4666295804567182,-0.9387205953692331,-0.3886753035554917,-0.15247069472655322,0.04233406041101564,1.5923036588856834
59019,王慶長,Wang Qingchang,1749,cluster3_qing_after,清,works_general,工部,0,1,0,0,0,1,121.26052856,37.493282318,福山,0,0,0,0,0,0,0.0,7.067932822769843e-42,0.0,-0.4666295804567182,-0.9387205953692331,-0.3886753035554917,-0.15247069472655322,1.1531116960400032,1.6040161290790993
59054,汪守和,Wang Shouhe,1764,cluster3_qing_after,清,works_general,工部,0,1,0,0,0,1,117.1240921,28.964994431,樂平,0,0,0,0,0,2,1.0,8.214785971249928e-33,0.0,-0.42161268581297245,1.5173807213961439,-0.3886753035554917,-0.15247069472655322,0.22921147944948614,-0.7949633292635339
59064,李亨特,Li Hengte,1752,cluster3_qing_after,清,hydraulic,水利/河道,0,0,0,0,0,0,,,,0,0,1,0,0,2,1.0,8.214785971249928e-33,0.0,-0.42161268581297245,1.5173807213961439,-0.3886753035554917,-0.15247069472655322,-3.174087617753835e-15,-1.9987334503111837e-15
59066,李廷揚,Li Tingyang,1730,cluster3_qing_after,清,works_general,工部,0,1,0,0,0,1,117.18782043,39.13697052,天津府,0,0,0,0,0,0,0.0,7.067932822769843e-42,0.0,-0.4666295804567182,-0.9387205953692331,-0.3886753035554917,-0.15247069472655322,0.2434456199855057,2.0663802383546397
59070,李來泰,Li Laitai,1631,cluster2_yuan_ming,清,works_general,工部,0,1,0,0,0,1,116.35134125,27.984781265,臨川,0,0,0,0,0,0,0.0,7.067932822769843e-42,0.0,-0.4666295804567182,-0.9387205953692331,-0.3886753035554917,-0.15247069472655322,0.05661250818775885,-1.070694083336166
59086,鈕祜錄傅森,Niuhulu Fusen,1738,cluster3_qing_after,清,works_general,工部,0,0,0,0,0,0,,,,0,0,0,0,0,0,0.0,7.067932822769843e-42,0.0,-0.4666295804567182,-0.9387205953692331,-0.3886753035554917,-0.15247069472655322,-3.174087617753835e-15,-1.9987334503111837e-15
59100,蔣予蒲,Jiang Yupu,1756,cluster3_qing_after,清,works_general,工部,0,1,0,0,0,1,115.06597137,34.430503845,睢州,0,0,0,0,0,0,0.0,7.067932822769843e-42,0.0,-0.4666295804567182,-0.9387205953692331,-0.3886753035554917,-0.15247069472655322,-0.23048328598550194,0.742466573114746
59106,蔣曰綸,Jiang Yuelun,1729,cluster3_qing_after,清,works_general,工部,0,1,0,0,0,1,115.06597137,34.430503845,睢州,0,0,0,0,0,8,1.0,1.7528602230451393e-07,0.0,-0.2865620018817352,1.5173807213961439,-0.3886648954576229,-0.15247069472655322,-0.23048328598550194,0.742466573114746
59107,沈維鐈,Shen Weiqiao,1778,cluster3_qing_after,清,works_general,工部,0,1,0,0,0,1,120.75320435,30.767469406,嘉興,0,0,0,0,0,0,0.0,7.067932822769843e-42,0.0,-0.4666295804567182,-0.9387205953692331,-0.3886753035554917,-0.15247069472655322,1.0397975059072224,-0.2879330206604385
59122,赫舍里常起,Hesheli Changqi,1761,cluster3_qing_after,清,works_general,工部,0,1,0,0,0,0,,,,0,0,0,0,0,0,0.0,7.067932822769843e-42,0.0,-0.4666295804567182,-0.9387205953692331,-0.3886753035554917,-0.15247069472655322,-3.174087617753835e-15,-1.9987334503111837e-15
59163,富察貝和諾,Fucha Beihenuo,1647,cluster3_qing_after,清,works_general,工部,0,0,0,0,0,0,,,,0,0,0,0,0,0,0.0,7.067932822769843e-42,0.0,-0.4666295804567182,-0.9387205953692331,-0.3886753035554917,-0.15247069472655322,-3.174087617753835e-15,-1.9987334503111837e-15
59186,孔慶鍸,Kong Qinghu,1805,cluster3_qing_after,清,works_general,工部,0,1,0,0,0,1,116.98722839,35.598602295,曲阜,0,0,0,0,0,0,0.0,7.067932822769843e-42,0.0,-0.4666295804567182,-0.9387205953692331,-0.3886753035554917,-0.15247069472655322,0.19864207205373424,1.071048842381646
59207,魏廷珍,Wei Tingzhen,1669,cluster3_qing_after,清,works_general,工部,0,1,0,0,0,1,116.25810242,37.688007355,景州,0,0,0,0,0,0,0.0,7.067932822769843e-42,0.0,-0.4666295804567182,-0.9387205953692331,-0.3886753035554917,-0.15247069472655322,0.03578700390051294,1.6587916443967872
59223,顧大申,Gu Dashen,1620,cluster2_yuan_ming,清,works_general,工部,0,1,0,0,0,1,106.651955,35.218842,華亭,0,0,0,0,0,5,1.0,7.116483098245989e-06,0.0,-0.3540873438473538,1.5173807213961439,-0.3882527424659403,-0.15247069472655322,-2.1098090345645475,0.9642235148516195
59292,烏蘇薩彬圖,Wusu Sabintu,1752,cluster3_qing_after,清,works_general,工部,0,1,0,0,0,0,,,,0,0,0,0,0,0,0.0,7.067932822769843e-42,0.0,-0.4666295804567182,-0.9387205953692331,-0.3886753035554917,-0.15247069472655322,-3.174087617753835e-15,-1.9987334503111837e-15
59326,周系英,Zhou Xiying,1765,cluster3_qing_after,清,works_general,工部,0,1,0,0,0,1,112.91126251,27.87269783,湘潭,0,0,0,0,0,2,1.0,8.214785971249928e-33,0.0,-0.42161268581297245,1.5173807213961439,-0.3886753035554917,-0.15247069472655322,-0.7117516438327071,-1.1022227866055938
59336,周煌,Zhou Huang,1714,cluster3_qing_after,清,works_general,工部,0,1,0,0,0,1,107.39096069,29.702775955,涪州,0,0,0,0,0,0,0.0,7.067932822769843e-42,0.0,-0.4666295804567182,-0.9387205953692331,-0.3886753035554917,-0.15247069472655322,-1.944747266142599,-0.5874278022888075
59362,霍達,Huo Da,1600,cluster2_yuan_ming,清,works_general,工部,0,1,0,0,0,1,108.105102,34.332054,武功,0,0,0,0,0,0,0.0,7.067932822769843e-42,0.0,-0.4666295804567182,-0.9387205953692331,-0.3886753035554917,-0.15247069472655322,-1.7852391200933213,0.7147729540716989
59377,涂天相,Tu Tianxiang,1665,cluster3_qing_after,清,works_general,工部,0,1,0,0,0,1,113.91035461,30.926221848,孝感,0,0,0,0,0,0,0.0,7.067932822769843e-42,0.0,-0.4666295804567182,-0.9387205953692331,-0.3886753035554917,-0.15247069472655322,-0.4885978696819315,-0.24327647853077292
59393,伊拉哩法敏,Yilali Famin,1679,cluster3_qing_after,清,works_general,工部,0,0,0,0,0,0,,,,0,0,0,0,0,0,0.0,7.067932822769843e-42,0.0,-0.4666295804567182,-0.9387205953692331,-0.3886753035554917,-0.15247069472655322,-3.174087617753835e-15,-1.9987334503111837e-15
59402,謝旻,Xie Min,1679,cluster3_qing_after,清,works_general,工部,0,0,0,0,0,1,119.95230103,31.782783508,武進,0,0,0,0,0,0,0.0,7.067932822769843e-42,0.0,-0.4666295804567182,-0.9387205953692331,-0.3886753035554917,-0.15247069472655322,0.8609104958028614,-0.002328488222402521
59403,薩克達薩敏,Sakeda Samin,1745,cluster3_qing_after,清,works_general,工部,0,1,0,0,0,0,,,,0,0,0,0,0,0,0.0,7.067932822769843e-42,0.0,-0.4666295804567182,-0.9387205953692331,-0.3886753035554917,-0.15247069472655322,-3.174087617753835e-15,-1.9987334503111837e-15
59428,烏米花沙納,Wumi Huashana,1806,cluster3_qing_after,清,hydraulic,水利/河道,0,1,0,0,0,0,,,,0,0,1,0,0,0,0.0,7.067932822769843e-42,0.0,-0.4666295804567182,-0.9387205953692331,-0.3886753035554917,-0.15247069472655322,-3.174087617753835e-15,-1.9987334503111837e-15
59658,張延登,Zhang Yandeng,1562,cluster2_yuan_ming,明,works_general,工部,0,1,0,0,0,1,117.72535,36.884702,鄒平,0,0,0,0,0,11,0.4909090909090909,1.8787605768574596e-05,1.0442457002782018e-05,-0.21903665991611654,0.26700186922467917,-0.38755973691196427,-0.14459907412987685,0.3635063754084987,1.4328244783071873
59730,張國維,Zhang Guowei,1595,cluster2_yuan_ming,明,works_general,工部,0,1,0,0,0,1,120.227981,29.260567,東陽,0,0,0,0,0,7,0.42857142857142855,0.00046069656304458656,0.00021305208023706111,-0.30907044920360804,0.11389425467307121,-0.3613201565053061,0.00812993235881546,0.9224854254447556,-0.7118197334004733
59854,宋學朱,Song Xuezhu,1576,cluster2_yuan_ming,明,works_general,工部,0,1,0,0,0,1,120.618622,31.31271,長洲,0,0,0,0,0,0,0.0,7.067932822769843e-42,0.0,-0.4666295804567182,-0.9387205953692331,-0.3886753035554917,-0.15247069472655322,1.0097376552322135,-0.1345586268557452
59889,趙光抃,Zhao Guangpin,1613,cluster2_yuan_ming,明,works_general,工部,0,1,0,0,0,1,115.985679,29.722364,德化,0,0,0,0,0,0,0.0,7.067932822769843e-42,0.0,-0.4666295804567182,-0.9387205953692331,-0.3886753035554917,-0.15247069472655322,-0.025060553937308976,-0.5819177493676674
59893,王士倧,Wang Shizong,1712,cluster3_qing_after,清,construction,将作/营缮,0,1,0,0,0,0,,,,0,0,0,0,1,0,0.0,7.067932822769843e-42,0.0,-0.4666295804567182,-0.9387205953692331,-0.3886753035554917,-0.15247069472655322,-3.174087617753835e-15,-1.9987334503111837e-15
59926,王公弼,Wang Gongbi,1586,cluster2_yuan_ming,清,works_general,工部,0,1,0,0,0,1,115.91989899,38.682151794,蒲州,0,0,0,0,0,37,0.5420420420420421,0.0007012701355693967,0.0005425158219661905,0.36618297045257836,0.39258957783242027,-0.34703542772566515,0.25648274574000995,-0.03975295065947141,1.938441219948991
59944,王日藻,Wang Rizao,1623,cluster2_yuan_ming,清,works_general,工部,0,1,0,0,0,1,106.651955,35.218842,華亭,0,0,0,0,0,0,0.0,7.067932822769843e-42,0.0,-0.4666295804567182,-0.9387205953692331,-0.3886753035554917,-0.15247069472655322,-2.1098090345645475,0.9642235148516195
60048,李本晟,Li Bensheng,1619,cluster2_yuan_ming,清,works_general,工部,0,1,0,0,0,1,115.34519958,30.062501907,蘄州,0,0,0,0,0,0,0.0,7.067932822769843e-42,0.0,-0.4666295804567182,-0.9387205953692331,-0.3886753035554917,-0.15247069472655322,-0.16811583366467459,-0.4862380698460017
60054,棟鄂孫柱,Donge Sunzhu,1650,cluster3_qing_after,清,works_general,工部,0,0,0,0,0,0,,,,0,0,0,0,0,0,0.0,7.067932822769843e-42,0.0,-0.4666295804567182,-0.9387205953692331,-0.3886753035554917,-0.15247069472655322,-3.174087617753835e-15,-1.9987334503111837e-15
60071,張澐卿,Zhang Yunqing,1820,cluster3_qing_after,清,works_general,工部,0,1,0,0,0,1,100.16444397,25.6978302,太和,0,0,0,0,0,0,0.0,7.067932822769843e-42,0.0,-0.4666295804567182,-0.9387205953692331,-0.3886753035554917,-0.15247069472655322,-3.55883717840563,-1.714005929730665
60122,文格,Wenge,1830,cluster3_qing_after,清,works_general,工部,0,1,0,0,0,0,,,,0,0,0,0,0,0,0.0,7.067932822769843e-42,0.0,-0.4666295804567182,-0.9387205953692331,-0.3886753035554917,-0.15247069472655322,-3.174087617753835e-15,-1.9987334503111837e-15
60181,愛新覺羅存誠,Aixinjueluo Cuncheng,1809,cluster3_qing_after,清,military_industrial,军器/制造,0,0,0,0,0,0,,,,0,0,0,1,0,0,0.0,7.067932822769843e-42,0.0,-0.4666295804567182,-0.9387205953692331,-0.3886753035554917,-0.15247069472655322,-3.174087617753835e-15,-1.9987334503111837e-15
60268,董之銘,Dong Zhiming,1737,cluster3_qing_after,清,works_general,工部,0,1,0,0,0,1,112.38262939,34.665275574,洛陽,0,0,0,0,0,0,0.0,7.067932822769843e-42,0.0,-0.4666295804567182,-0.9387205953692331,-0.3886753035554917,-0.15247069472655322,-0.8298253187913008,0.8085070917666919
60271,劉若鼐,Liu Ruonai,1648,cluster3_qing_after,清,construction,将作/营缮,0,1,0,0,0,1,116.86196899,38.309001923,滄州,0,0,0,0,1,0,0.0,7.067932822769843e-42,0.0,-0.4666295804567182,-0.9387205953692331,-0.3886753035554917,-0.15247069472655322,0.17066456341577915,1.8334753830455763
60297,李振聲,Li Zhensheng,1582,cluster2_yuan_ming,明,works_general,工部,0,1,0,0,0,1,110.183258,37.760258,米脂,0,0,0,0,0,0,0.0,7.067932822769843e-42,0.0,-0.4666295804567182,-0.9387205953692331,-0.3886753035554917,-0.15247069472655322,-1.3210693456810543,1.6791155142641738
60373,李敏第,Li Mindi,1700,cluster3_qing_after,清,works_general,工部,0,1,0,0,0,1,116.12141418,34.237991333,夏邑,0,0,0,0,0,0,0.0,7.067932822769843e-42,0.0,-0.4666295804567182,-0.9387205953692331,-0.3886753035554917,-0.15247069472655322,0.005256788880269455,0.6883134338350634
60413,趙濱彥,Zhao Binyan,1856,cluster3_qing_after,清,hydraulic,水利/河道,0,0,1,0,0,1,120.09931183,30.864963531,歸安,0,0,1,0,0,0,0.0,7.067932822769843e-42,0.0,-0.4666295804567182,-0.9387205953692331,-0.3886753035554917,-0.15247069472655322,0.8937463223106735,-0.2605082425240657
60419,李逢節,Li Fengjie,1577,cluster2_yuan_ming,明,works_general,工部,0,1,0,0,0,1,120.618622,31.31271,長洲,0,0,0,0,0,0,0.0,7.067932822769843e-42,0.0,-0.4666295804567182,-0.9387205953692331,-0.3886753035554917,-0.15247069472655322,1.0097376552322135,-0.1345586268557452
60448,齊克慎,Qikeshen,1753,cluster3_qing_after,清,works_general,工部,0,0,0,0,0,0,,,,0,0,0,0,0,0,0.0,7.067932822769843e-42,0.0,-0.4666295804567182,-0.9387205953692331,-0.3886753035554917,-0.15247069472655322,-3.174087617753835e-15,-1.9987334503111837e-15
60471,鄧廷枬,Deng Tingzhan,1815,cluster3_qing_after,清,works_general,工部,0,1,0,0,0,1,107.90538025,22.64333725,新寧州,0,0,0,0,0,0,0.0,7.067932822769843e-42,0.0,-0.4666295804567182,-0.9387205953692331,-0.3886753035554917,-0.15247069472655322,-1.8298482830448648,-2.5732247952045
60478,汪鳴鑾,Wang Mingluan,1839,cluster3_qing_after,清,works_general,工部,0,1,0,0,0,1,120.16862488,30.294124603,錢塘,0,0,0,0,0,3,1.0,4.994879189239714e-30,0.0,-0.3991042384910996,1.5173807213961439,-0.3886753035554917,-0.15247069472655322,0.9092278466920588,-0.4210833638660419
60490,劉澍,Liu Shu,1616,cluster2_yuan_ming,清,works_general,工部,0,1,0,0,0,1,116.49060822,39.325710297,永清,0,0,0,0,0,0,0.0,7.067932822769843e-42,0.0,-0.4666295804567182,-0.9387205953692331,-0.3886753035554917,-0.15247069472655322,0.08771869946886456,2.1194721196319324
60502,潘恭常,Pan Gongchang,1775,cluster3_qing_after,清,construction,将作/营缮,0,1,0,0,0,1,120.16862488,30.294124603,錢塘,0,0,0,0,1,0,0.0,7.067932822769843e-42,0.0,-0.4666295804567182,-0.9387205953692331,-0.3886753035554917,-0.15247069472655322,0.9092278466920588,-0.4210833638660419
60522,魯贊元,Lu Zanyuan,1726,cluster3_qing_after,清,hydraulic,水利/河道,0,1,0,0,0,1,112.19077301,30.350444794,江陵,0,0,1,0,0,0,0.0,7.067932822769843e-42,0.0,-0.4666295804567182,-0.9387205953692331,-0.3886753035554917,-0.15247069472655322,-0.8726776997598886,-0.4052406785475865
60591,孫毓汶,Sun Yuwen,1833,cluster3_qing_after,清,works_general,工部,0,1,0,0,0,1,116.5778656,35.410430908,濟寧直隸州,0,0,0,0,0,0,0.0,7.067932822769843e-42,0.0,-0.4666295804567182,-0.9387205953692331,-0.3886753035554917,-0.15247069472655322,0.10720820766286163,1.018116847350269
60598,清安,Qingan,1830,cluster3_qing_after,清,works_general,工部,0,1,0,0,0,0,,,,0,0,0,0,0,0,0.0,7.067932822769843e-42,0.0,-0.4666295804567182,-0.9387205953692331,-0.3886753035554917,-0.15247069472655322,-3.174087617753835e-15,-1.9987334503111837e-15
60671,喜搭臘曾鉌,Xidala Cenghe,1839,cluster3_qing_after,清,works_general,工部,0,0,0,0,0,0,,,,0,0,0,0,0,0,0.0,7.067932822769843e-42,0.0,-0.4666295804567182,-0.9387205953692331,-0.3886753035554917,-0.15247069472655322,-3.174087617753835e-15,-1.9987334503111837e-15
60679,松椿,Songchun,1834,cluster3_qing_after,清,construction,将作/营缮,0,0,0,0,0,0,,,,0,0,0,0,1,0,0.0,7.067932822769843e-42,0.0,-0.4666295804567182,-0.9387205953692331,-0.3886753035554917,-0.15247069472655322,-3.174087617753835e-15,-1.9987334503111837e-15
60687,裕昆,Yukun,1831,cluster3_qing_after,清,works_general,工部,0,1,0,0,0,0,,,,0,0,0,0,0,0,0.0,7.067932822769843e-42,0.0,-0.4666295804567182,-0.9387205953692331,-0.3886753035554917,-0.15247069472655322,-3.174087617753835e-15,-1.9987334503111837e-15
60700,符應琦,Fu Yingqi,1619,cluster2_yuan_ming,清,hydraulic,水利/河道,0,0,0,0,0,1,115.73602295,38.245986938,饒陽,0,0,1,0,0,0,0.0,7.067932822769843e-42,0.0,-0.4666295804567182,-0.9387205953692331,-0.3886753035554917,-0.15247069472655322,-0.0808228703414468,1.815749474095763
60711,吳椿,Wu Chun,1770,cluster3_qing_after,清,works_general,工部,0,1,0,0,0,1,118.4339447,29.86577034,歙縣,0,0,0,0,0,3,1.0,4.9363566761776684e-29,0.0,-0.3991042384910996,1.5173807213961439,-0.3886753035554917,-0.15247069472655322,0.521775649730891,-0.5415780154826844
60721,吳邦慶,Wu Bangqing,1765,cluster3_qing_after,清,hydraulic,水利/河道,0,1,0,0,0,1,116.39524841,39.101535797,霸州,0,0,1,0,0,0,0.0,7.067932822769843e-42,0.0,-0.4666295804567182,-0.9387205953692331,-0.3886753035554917,-0.15247069472655322,0.0664194603858991,2.056412566799058
60723,吳孝銘,Wu Xiaoming,1779,cluster3_qing_after,清,works_general,工部,0,1,0,0,0,1,119.95230103,31.782783508,武進,0,0,0,0,0,0,0.0,7.067932822769843e-42,0.0,-0.4666295804567182,-0.9387205953692331,-0.3886753035554917,-0.15247069472655322,0.8609104958028614,-0.002328488222402521
60738,杜受田,Du Shoutian,1787,cluster3_qing_after,清,works_general,工部,0,1,0,0,0,1,117.96530914,37.47833252,濱州,0,0,0,0,0,3,1.0,4.770783148136985e-29,0.0,-0.3991042384910996,1.5173807213961439,-0.3886753035554917,-0.15247069472655322,0.4171028233565644,1.5998107998519946
60768,徐烺,Xu Lang,1743,cluster3_qing_after,清,hydraulic,水利/河道,0,1,0,0,0,1,120.16862488,30.294124603,錢塘,0,0,1,0,0,0,0.0,7.067932822769843e-42,0.0,-0.4666295804567182,-0.9387205953692331,-0.3886753035554917,-0.15247069472655322,0.9092278466920588,-0.4210833638660419
60792,富察瑞璸,Fucha Ruipian,1801,cluster3_qing_after,清,works_general,工部,0,0,0,0,0,0,,,,0,0,0,0,0,0,0.0,7.067932822769843e-42,0.0,-0.4666295804567182,-0.9387205953692331,-0.3886753035554917,-0.15247069472655322,-3.174087617753835e-15,-1.9987334503111837e-15
60793,何煟,He Wei,1711,cluster3_qing_after,清,hydraulic,水利/河道,0,0,0,0,0,1,109.69477844,26.575759888,靖州,0,0,1,0,0,0,0.0,7.067932822769843e-42,0.0,-0.4666295804567182,-0.9387205953692331,-0.3886753035554917,-0.15247069472655322,-1.4301744596235133,-1.4670471831114724
60804,張長臻,Zhang Changzhen,1792,cluster3_qing_after,清,works_general,工部,0,1,0,0,0,0,,,,0,0,0,0,0,0,0.0,7.067932822769843e-42,0.0,-0.4666295804567182,-0.9387205953692331,-0.3886753035554917,-0.15247069472655322,-3.174087617753835e-15,-1.9987334503111837e-15
60848,許希孔,Xu Xikong,1681,cluster3_qing_after,清,works_general,工部,0,1,0,0,0,1,102.71035004,25.045913696,昆明,0,0,0,0,0,0,0.0,7.067932822769843e-42,0.0,-0.4666295804567182,-0.9387205953692331,-0.3886753035554917,-0.15247069472655322,-2.9901923576189677,-1.8973879077282072
60868,愛新覺羅阿克丹,Aixinjueluo Akedan,1833,cluster3_qing_after,清,works_general,工部,0,1,0,0,0,0,,,,0,0,0,0,0,0,0.0,7.067932822769843e-42,0.0,-0.4666295804567182,-0.9387205953692331,-0.3886753035554917,-0.15247069472655322,-3.174087617753835e-15,-1.9987334503111837e-15
60876,恩銘,Enming,1777,cluster3_qing_after,清,works_general,工部,0,0,0,0,0,0,,,,0,0,0,0,0,0,0.0,7.067932822769843e-42,0.0,-0.4666295804567182,-0.9387205953692331,-0.3886753035554917,-0.15247069472655322,-3.174087617753835e-15,-1.9987334503111837e-15
60880,王振奇,Wang Zhenqi,1571,cluster2_yuan_ming,明,works_general,工部,0,1,0,0,0,1,114.971275,27.103239,廬陵,0,0,0,0,0,20,0.8578947368421053,0.0002667302442150547,0.00014601493833036385,-0.016460634019260605,1.168355797434748,-0.372837449231129,-0.04240328475996116,-0.251634341392583,-1.318669036036756
60936,什拉恩特亨額,Shenla Entehenge,1779,cluster3_qing_after,清,works_general,工部,0,0,0,0,0,0,,,,0,0,0,0,0,0,0.0,7.067932822769843e-42,0.0,-0.4666295804567182,-0.9387205953692331,-0.3886753035554917,-0.15247069472655322,-3.174087617753835e-15,-1.9987334503111837e-15
60952,栗爾璋,Li Erzhang,1685,cluster3_qing_after,清,works_general,工部,0,1,0,0,0,1,106.261898,38.478739,寧夏衛,0,0,0,0,0,0,0.0,7.067932822769843e-42,0.0,-0.4666295804567182,-0.9387205953692331,-0.3886753035554917,-0.15247069472655322,-2.196930824121215,1.881221867033626
60953,托闊羅桂清,Tuokuoluo Guiqing,1816,cluster3_qing_after,清,works_general,工部,0,1,0,0,0,0,,,,0,0,0,0,0,0,0.0,7.067932822769843e-42,0.0,-0.4666295804567182,-0.9387205953692331,-0.3886753035554917,-0.15247069472655322,-3.174087617753835e-15,-1.9987334503111837e-15
60974,蘇爾完呢瓜爾佳容貴,Suerwanneguaerjia Ronggui,1831,cluster3_qing_after,清,military_industrial,军器/制造,0,0,0,0,0,0,,,,0,0,0,1,0,0,0.0,7.067932822769843e-42,0.0,-0.4666295804567182,-0.9387205953692331,-0.3886753035554917,-0.15247069472655322,-3.174087617753835e-15,-1.9987334503111837e-15
61007,陳觀,Chen Guan,1753,cluster3_qing_after,清,hydraulic,水利/河道,0,1,0,0,0,1,115.98756409,39.245948792,新城,0,0,1,0,0,0,0.0,7.067932822769843e-42,0.0,-0.4666295804567182,-0.9387205953692331,-0.3886753035554917,-0.15247069472655322,-0.02463950672042648,2.0970354694394393
61130,李基溥,Li Jipu,1793,cluster3_qing_after,清,hydraulic,水利/河道,0,0,0,0,0,0,,,,0,0,1,0,0,0,0.0,7.067932822769843e-42,0.0,-0.4666295804567182,-0.9387205953692331,-0.3886753035554917,-0.15247069472655322,-3.174087617753835e-15,-1.9987334503111837e-15
61136,陳天清,Chen Tianqing,1615,cluster2_yuan_ming,清,hydraulic,水利/河道,0,1,0,0,0,1,115.29646301,34.076610565,柘城,0,0,1,0,0,0,0.0,7.067932822769843e-42,0.0,-0.4666295804567182,-0.9387205953692331,-0.3886753035554917,-0.15247069472655322,-0.17900146626517666,0.6429175522075576
61145,愛新覺羅奕慶,Aixinjueluo Yiqing,1811,cluster3_qing_after,清,works_general,工部,0,0,0,0,0,0,,,,0,0,0,0,0,0,0.0,7.067932822769843e-42,0.0,-0.4666295804567182,-0.9387205953692331,-0.3886753035554917,-0.15247069472655322,-3.174087617753835e-15,-1.9987334503111837e-15
61148,愛新覺羅崑岡,Aixinjueluo Kungang,1836,cluster3_qing_after,清,works_general,工部,0,1,0,0,0,0,,,,0,0,0,0,0,0,0.0,7.067932822769843e-42,0.0,-0.4666295804567182,-0.9387205953692331,-0.3886753035554917,-0.15247069472655322,-3.174087617753835e-15,-1.9987334503111837e-15
61169,劉遵憲,Liu Zunxian,1574,cluster2_yuan_ming,清,works_general,工部,0,1,0,0,0,1,115.14649963,36.275527954,大名府,0,0,0,0,0,0,0.0,7.067932822769843e-42,0.0,-0.4666295804567182,-0.9387205953692331,-0.3886753035554917,-0.15247069472655322,-0.21249677088364732,1.2614658137929262
61171,章佳培成,Zhangjia Peicheng,1798,cluster3_qing_after,清,works_general,工部,0,0,0,0,0,0,,,,0,0,0,0,0,0,0.0,7.067932822769843e-42,0.0,-0.4666295804567182,-0.9387205953692331,-0.3886753035554917,-0.15247069472655322,-3.174087617753835e-15,-1.9987334503111837e-15
61179,瓜爾佳英奎,Guaerjia Yingkui,1816,cluster3_qing_after,清,construction,将作/营缮,0,0,0,0,0,0,,,,0,0,0,0,1,0,0.0,7.067932822769843e-42,0.0,-0.4666295804567182,-0.9387205953692331,-0.3886753035554917,-0.15247069472655322,-3.174087617753835e-15,-1.9987334503111837e-15
61181,多羅特訥仁,Duoluote Neren,1812,cluster3_qing_after,清,works_general,工部,0,1,0,0,0,0,,,,0,0,0,0,0,0,0.0,7.067932822769843e-42,0.0,-0.4666295804567182,-0.9387205953692331,-0.3886753035554917,-0.15247069472655322,-3.174087617753835e-15,-1.9987334503111837e-15
61209,愛新覺羅春佑,Aixinjueluo Chunyou,1801,cluster3_qing_after,清,works_general,工部,0,0,0,0,0,0,,,,0,0,0,0,0,0,0.0,7.067932822769843e-42,0.0,-0.4666295804567182,-0.9387205953692331,-0.3886753035554917,-0.15247069472655322,-3.174087617753835e-15,-1.9987334503111837e-15
61227,陳世倕,Chen Shizhui,1675,cluster3_qing_after,清,hydraulic,水利/河道,0,1,0,0,0,1,120.53749847,30.406280518,海寧州,0,0,1,0,0,0,0.0,7.067932822769843e-42,0.0,-0.4666295804567182,-0.9387205953692331,-0.3886753035554917,-0.15247069472655322,0.9916181826711417,-0.38953427220993614
61231,愛新覺羅奎潤,Aixinjueluo Kuirun,1829,cluster3_qing_after,清,military_industrial,军器/制造,0,1,0,0,0,0,,,,0,0,0,1,0,0,0.0,7.067932822769843e-42,0.0,-0.4666295804567182,-0.9387205953692331,-0.3886753035554917,-0.15247069472655322,-3.174087617753835e-15,-1.9987334503111837e-15
61264,愛新覺羅奕湘,Aixinjueluo Yixiang,1796,cluster3_qing_after,清,military_industrial,军器/制造,0,0,0,0,0,0,,,,0,0,0,1,0,0,0.0,7.067932822769843e-42,0.0,-0.4666295804567182,-0.9387205953692331,-0.3886753035554917,-0.15247069472655322,-3.174087617753835e-15,-1.9987334503111837e-15
61288,徐士芬,Xu Shifen,1791,cluster3_qing_after,清,works_general,工部,0,1,0,0,0,1,121.01234436,30.704219818,平湖,0,0,0,0,0,1,0.0,1.3893801280171177e-29,0.0,-0.44412113313484536,-0.9387205953692331,-0.3886753035554917,-0.15247069472655322,1.0976781269880707,-0.3057249226659903
61316,徐會灃,Xu Huifeng,1837,cluster3_qing_after,清,works_general,工部,0,1,0,0,0,1,119.40398407,35.993354797,諸城,0,0,0,0,0,0,0.0,7.067932822769843e-42,0.0,-0.4666295804567182,-0.9387205953692331,-0.3886753035554917,-0.15247069472655322,0.7384403060627176,1.1820914286516193
61323,陳本忠,Chen Benzhong,1728,cluster3_qing_after,清,works_general,工部,0,1,0,0,0,1,116.22367859,40.222099304,昌平州,0,0,0,0,0,0,0.0,7.067932822769843e-42,0.0,-0.4666295804567182,-0.9387205953692331,-0.3886753035554917,-0.15247069472655322,0.028098215664449967,2.371623412244264
61357,汪喬年,Wang Qiaonian,1579,cluster2_yuan_ming,明,works_general,工部,0,1,0,0,0,1,118.738399,29.480773,遂安,0,0,0,0,0,0,0.0,7.067932822769843e-42,0.0,-0.4666295804567182,-0.9387205953692331,-0.3886753035554917,-0.15247069472655322,0.589777514725553,-0.6498765066234957
61375,徐樹銘,Xu Shuming,1824,cluster3_qing_after,清,works_general,工部,0,1,0,0,0,1,112.97813416,28.198198318,長沙,0,0,0,0,0,1,0.0,1.1545008859761407e-30,0.0,-0.44412113313484536,-0.9387205953692331,-0.3886753035554917,-0.15247069472655322,-0.6968154221558578,-1.0106605651211606
61415,沙濟富察烏拉喜崇阿,Shajifucha Wulaxichonga,1829,cluster3_qing_after,清,works_general,工部,0,1,0,0,0,0,,,,0,0,0,0,0,0,0.0,7.067932822769843e-42,0.0,-0.4666295804567182,-0.9387205953692331,-0.3886753035554917,-0.15247069472655322,-3.174087617753835e-15,-1.9987334503111837e-15
61426,蘇完呢瓜爾佳符珍,Suwanneguaerjia Fuzhen,1846,cluster3_qing_after,清,military_industrial,军器/制造,0,0,0,0,0,0,,,,0,0,0,1,0,0,0.0,7.067932822769843e-42,0.0,-0.4666295804567182,-0.9387205953692331,-0.3886753035554917,-0.15247069472655322,-3.174087617753835e-15,-1.9987334503111837e-15
61433,伍彌忒倭什訥,Wumite Woshenne,1803,cluster3_qing_after,清,works_general,工部,0,0,1,0,0,0,,,,0,0,0,0,0,0,0.0,7.067932822769843e-42,0.0,-0.4666295804567182,-0.9387205953692331,-0.3886753035554917,-0.15247069472655322,-3.174087617753835e-15,-1.9987334503111837e-15
61525,陸以莊,Lu Yizhuang,1764,cluster3_qing_after,清,works_general,工部,0,1,0,0,0,1,120.25893402,30.161487579,蕭山,0,0,0,0,0,0,0.0,7.067932822769843e-42,0.0,-0.4666295804567182,-0.9387205953692331,-0.3886753035554917,-0.15247069472655322,0.9293989855002941,-0.4583937244223191
61530,四格,Sige,1713,cluster3_qing_after,清,hydraulic,水利/河道,0,0,0,0,0,0,,,,0,0,1,0,0,0,0.0,7.067932822769843e-42,0.0,-0.4666295804567182,-0.9387205953692331,-0.3886753035554917,-0.15247069472655322,-3.174087617753835e-15,-1.9987334503111837e-15
61573,陳道亨,Chen Daoheng,1563,cluster2_yuan_ming,明,works_general,工部,0,1,0,0,0,1,115.89772,28.674896,新建,0,0,0,0,0,41,0.48902439024390243,0.00029633378678937055,0.0003416192239506197,0.4562167597400699,0.2623728534392012,-0.3710796560863851,0.10504503349276083,-0.044706773560632615,-0.876567068031227
61632,吳傑,Wu Jie,1783,cluster3_qing_after,清,works_general,工部,0,1,0,0,0,1,120.57826233,30.004514694,會稽,0,0,0,0,0,8,1.0,0.0018700715576816275,0.0,-0.2865620018817352,1.5173807213961439,-0.2776345740204644,-0.15247069472655322,1.0007230581955837,-0.5025496829947078
61782,徐鏞,Xu Yong,1779,cluster3_qing_after,清,works_general,工部,0,1,0,0,0,1,116.93860626,31.052280426,桐城,0,0,0,0,0,0,0.0,7.067932822769843e-42,0.0,-0.4666295804567182,-0.9387205953692331,-0.3886753035554917,-0.15247069472655322,0.18778200037791049,-0.20781661329441553
61826,鄒夢臯,Zou Menggao,1730,cluster3_qing_after,清,works_general,工部,0,1,0,0,0,1,120.29766846,31.574613571,無錫,0,0,0,0,0,0,0.0,7.067932822769843e-42,0.0,-0.4666295804567182,-0.9387205953692331,-0.3886753035554917,-0.15247069472655322,0.9380505767556113,-0.06088600988729968
61889,吳艾生,Wu Aisheng,1811,cluster3_qing_after,清,construction,将作/营缮,0,1,0,0,0,1,120.618622,31.31271,吳縣,0,0,0,0,1,3,1.0,4.770783148136985e-29,0.0,-0.3991042384910996,1.5173807213961439,-0.3886753035554917,-0.15247069472655322,1.0097376552322135,-0.1345586268557452
61892,索綽絡景星,Suochaoluo Jingxing,1847,cluster3_qing_after,清,hydraulic,水利/河道,0,1,0,0,0,0,,,,0,0,1,0,0,0,0.0,7.067932822769843e-42,0.0,-0.4666295804567182,-0.9387205953692331,-0.3886753035554917,-0.15247069472655322,-3.174087617753835e-15,-1.9987334503111837e-15
61921,王廣蔭,Wang Guangyin,1788,cluster3_qing_after,清,works_general,工部,0,1,0,0,0,1,116.65880585,39.905921936,通州,0,0,0,0,0,2,1.0,1.6899337778563544e-30,0.0,-0.42161268581297245,1.5173807213961439,-0.3886753035554917,-0.15247069472655322,0.12528674343369478,2.282683753889033
61926,徐道焜,Xu Daokun,1848,cluster3_qing_after,中華民國,hydraulic,水利/河道,0,1,0,0,0,1,115.13224792,27.214366913,吉水,0,0,1,0,0,0,0.0,7.067932822769843e-42,0.0,-0.4666295804567182,-0.9387205953692331,-0.3886753035554917,-0.15247069472655322,-0.21567998379725312,-1.2874091179772509
61939,和寧,Hening,1741,cluster3_qing_after,清,hydraulic,水利/河道,0,1,0,0,0,0,,,,0,0,1,0,0,0,0.0,7.067932822769843e-42,0.0,-0.4666295804567182,-0.9387205953692331,-0.3886753035554917,-0.15247069472655322,-3.174087617753835e-15,-1.9987334503111837e-15
62017,愛新覺羅明興阿,Aixinjueluo Mingxinga,1773,cluster3_qing_after,清,works_general,工部,0,0,0,0,0,0,,,,0,0,0,0,0,0,0.0,7.067932822769843e-42,0.0,-0.4666295804567182,-0.9387205953692331,-0.3886753035554917,-0.15247069472655322,-3.174087617753835e-15,-1.9987334503111837e-15
62042,秦樹聲,Qin Shusheng,1861,cluster3_qing_after,清,works_general,工部,0,1,0,0,0,1,115.67110443,32.183540344,固始,0,0,0,0,0,0,0.0,7.067932822769843e-42,0.0,-0.4666295804567182,-0.9387205953692331,-0.3886753035554917,-0.15247069472655322,-0.09532284762110302,0.11040309754171043
62069,章有大,Zhang Youda,1698,cluster3_qing_after,清,works_general,工部,0,1,0,0,0,1,120.09931183,30.864963531,歸安,0,0,0,0,0,0,0.0,7.067932822769843e-42,0.0,-0.4666295804567182,-0.9387205953692331,-0.3886753035554917,-0.15247069472655322,0.8937463223106735,-0.2605082425240657
62120,周紹儒,Zhou Shaoru,1691,cluster3_qing_after,清,construction,将作/营缮,0,0,0,0,0,0,,,,0,0,0,0,1,0,0.0,7.067932822769843e-42,0.0,-0.4666295804567182,-0.9387205953692331,-0.3886753035554917,-0.15247069472655322,-3.174087617753835e-15,-1.9987334503111837e-15
62139,周鼎,Zhou Ding,1569,cluster2_yuan_ming,清,works_general,工部,0,0,0,0,0,1,119.814385,31.363638,宜興,0,0,0,0,0,1,0.0,3.0772522416670203e-06,0.0,-0.44412113313484536,-0.9387205953692331,-0.3884925830962267,-0.15247069472655322,0.8301060458323416,-0.12023274720987676
62148,德新,Dexin,1684,cluster3_qing_after,清,works_general,工部,0,1,0,0,0,0,,,,0,0,0,0,0,0,0.0,7.067932822769843e-42,0.0,-0.4666295804567182,-0.9387205953692331,-0.3886753035554917,-0.15247069472655322,-3.174087617753835e-15,-1.9987334503111837e-15
62192,覺羅奉寬,Jueluo Fengkuan,1722,cluster3_qing_after,清,works_general,工部,0,1,0,0,0,0,,,,0,0,0,0,0,0,0.0,7.067932822769843e-42,0.0,-0.4666295804567182,-0.9387205953692331,-0.3886753035554917,-0.15247069472655322,-3.174087617753835e-15,-1.9987334503111837e-15
62245,傅雲龍,Fu Yunlong,1583,cluster2_yuan_ming,清,hydraulic,水利/河道,0,1,0,0,0,1,116.77626038,27.910083771,金谿,0,0,1,0,0,0,0.0,7.067932822769843e-42,0.0,-0.4666295804567182,-0.9387205953692331,-0.3886753035554917,-0.15247069472655322,0.15152098316054907,-1.0917062438155074
62350,孫家鼐,Sun Jianai,1827,cluster3_qing_after,清,works_general,工部,0,1,0,0,0,1,116.77711487,32.575748444,壽州,0,0,0,0,0,0,0.0,7.067932822769843e-42,0.0,-0.4666295804567182,-0.9387205953692331,-0.3886753035554917,-0.15247069472655322,0.15171183910713906,0.22072995186024688
62367,張鳳翔,Zhang Fengxiang,1594,cluster2_yuan_ming,清,works_general,工部,0,1,0,0,0,1,115.77484894,36.487838745,堂邑,0,0,0,0,0,2,1.0,4.205177708077111e-06,0.0,-0.42161268581297245,1.5173807213961439,-0.38842560936672593,-0.15247069472655322,-0.07215083079310229,1.3211881441295774
62459,宜兆羆,Yi Zhaopi,1703,cluster3_qing_after,清,construction,将作/营缮,0,0,0,0,0,0,,,,0,0,0,0,1,0,0.0,7.067932822769843e-42,0.0,-0.4666295804567182,-0.9387205953692331,-0.3886753035554917,-0.15247069472655322,-3.174087617753835e-15,-1.9987334503111837e-15
62505,王恕,Wang Shu,1416,cluster2_yuan_ming,明,hydraulic,水利/河道,0,1,0,0,0,1,108.92629242,34.619750977,三原,0,0,1,0,0,111,0.21375921375921375,0.0020189997232328213,0.005979092546116883,2.0318080722711716,-0.41370630898449656,-0.2687915476222557,4.354624524617787,-1.6018208531292852,0.7957011716923009
62524,成琦,Chengqi,1817,cluster3_qing_after,清,works_general,工部,0,1,0,0,0,0,,,,0,0,0,0,0,0,0.0,7.067932822769843e-42,0.0,-0.4666295804567182,-0.9387205953692331,-0.3886753035554917,-0.15247069472655322,-3.174087617753835e-15,-1.9987334503111837e-15
62527,成策,Chengce,1726,cluster3_qing_after,清,works_general,工部,0,1,0,0,0,0,,,,0,0,0,0,0,0,0.0,7.067932822769843e-42,0.0,-0.4666295804567182,-0.9387205953692331,-0.3886753035554917,-0.15247069472655322,-3.174087617753835e-15,-1.9987334503111837e-15
62529,崔呈秀,Cui Chengxiu,1565,cluster2_yuan_ming,明,works_general,工部,0,1,0,0,0,1,117.40181732,40.043861389,薊州,0,0,0,0,0,15,1.0,9.751092106944511e-05,0.0,-0.129002870628625,1.5173807213961439,-0.38288531986812574,-0.15247069472655322,0.29124322909484546,2.3214856703612066
62727,朱光祚,Zhu Guangzuo,1565,cluster2_yuan_ming,明,works_general,工部,0,1,0,0,0,1,112.190773,30.350445,江陵,0,0,0,0,0,0,0.0,7.067932822769843e-42,0.0,-0.4666295804567182,-0.9387205953692331,-0.3886753035554917,-0.15247069472655322,-0.872677701993456,-0.4052406206004612
62818,田潤,Tian Run,1793,cluster3_qing_after,清,construction,将作/营缮,0,1,0,0,0,1,109.21272278000001,34.368350983,臨潼,0,0,0,0,1,0,0.0,7.067932822769843e-42,0.0,-0.4666295804567182,-0.9387205953692331,-0.3886753035554917,-0.15247069472655322,-1.5378447533629396,0.7249831765419728
62828,曾櫻,Zeng Ying,1588,cluster2_yuan_ming,明,works_general,工部,1,1,0,0,0,1,115.147278,27.553688,峽江,0,0,0,0,0,0,0.0,7.067932822769843e-42,0.0,-0.4666295804567182,-0.9387205953692331,-0.3886753035554917,-0.15247069472655322,-0.2123229168383725,-1.1919592072470624
62838,田國俊,Tian Guojun,1839,cluster3_qing_after,清,works_general,工部,0,1,1,0,0,1,113.4129715,38.090957642,盂縣,0,0,0,0,0,0,0.0,7.067932822769843e-42,0.0,-0.4666295804567182,-0.9387205953692331,-0.3886753035554917,-0.15247069472655322,-0.5996916499203607,1.7721402407451574
62844,達爾吉善,Daerjishan,1718,cluster3_qing_after,清,hydraulic,水利/河道,0,0,0,0,0,0,,,,0,0,1,0,0,0,0.0,7.067932822769843e-42,0.0,-0.4666295804567182,-0.9387205953692331,-0.3886753035554917,-0.15247069472655322,-3.174087617753835e-15,-1.9987334503111837e-15
62853,富明,Fuming,1692,cluster3_qing_after,清,works_general,工部,0,0,1,0,0,0,,,,0,0,0,0,0,0,0.0,7.067932822769843e-42,0.0,-0.4666295804567182,-0.9387205953692331,-0.3886753035554917,-0.15247069472655322,-3.174087617753835e-15,-1.9987334503111837e-15
62965,程國祥,Cheng Guoxiang,1574,cluster2_yuan_ming,明,works_general,工部,0,1,0,0,0,1,118.76899,32.052563,上元,0,0,0,0,0,34,0.5490196078431373,7.747118499753063e-05,5.344545906002855e-05,0.29865762848695976,0.4097271863843073,-0.3840752352507614,-0.11218301375035555,0.5966102152393962,0.07355959953512392
62975,善泰,Shantai,1736,cluster3_qing_after,清,works_general,工部,0,0,0,0,0,0,,,,0,0,0,0,0,0,0.0,7.067932822769843e-42,0.0,-0.4666295804567182,-0.9387205953692331,-0.3886753035554917,-0.15247069472655322,-3.174087617753835e-15,-1.9987334503111837e-15
63028,林祖成,Lin Zucheng,1682,cluster3_qing_after,清,medical,医学/医官,0,0,0,0,1,1,119.99039459,26.883462906,霞浦,0,1,0,0,0,0,0.0,7.067932822769843e-42,0.0,-0.4666295804567182,-0.9387205953692331,-0.3886753035554917,-0.15247069472655322,0.8694189423062793,-1.3804913316635803
63125,董之燧,Dong Zhisui,1661,cluster3_qing_after,清,works_general,工部,0,1,0,0,0,1,118.99815369,32.69052124,天長,0,0,0,0,0,0,0.0,7.067932822769843e-42,0.0,-0.4666295804567182,-0.9387205953692331,-0.3886753035554917,-0.15247069472655322,0.647795428616438,0.2530151635731708
63146,武蔚文,Wu Weiwen,1793,cluster3_qing_after,清,works_general,工部,0,1,0,0,0,1,112.55276489,37.425506592,太谷,0,0,0,0,0,0,0.0,7.067932822769843e-42,0.0,-0.4666295804567182,-0.9387205953692331,-0.3886753035554917,-0.15247069472655322,-0.7918244388503729,1.584951039274133
63162,武格,Wuge,1670,cluster3_qing_after,清,works_general,工部,0,0,0,0,0,0,,,,0,0,0,0,0,0,0.0,7.067932822769843e-42,0.0,-0.4666295804567182,-0.9387205953692331,-0.3886753035554917,-0.15247069472655322,-3.174087617753835e-15,-1.9987334503111837e-15
63165,錢學彬,Qian Xuebin,1760,cluster3_qing_after,清,works_general,工部,0,1,0,0,0,1,102.71035004,25.045913696,昆明,0,0,0,0,0,0,0.0,7.067932822769843e-42,0.0,-0.4666295804567182,-0.9387205953692331,-0.3886753035554917,-0.15247069472655322,-2.9901923576189677,-1.8973879077282072
63176,閻廷謨,Yan Tingmo,1616,cluster2_yuan_ming,清,hydraulic,水利/河道,0,1,0,0,0,1,112.63674164,34.813835144,孟津,0,0,1,0,0,0,0.0,7.067932822769843e-42,0.0,-0.4666295804567182,-0.9387205953692331,-0.3886753035554917,-0.15247069472655322,-0.7730676808864033,0.8502964123773954
63282,愛新覺羅晉祺,Aixinjueluo Jinqi,1837,cluster3_qing_after,清,hydraulic,水利/河道,0,0,0,0,0,0,,,,0,0,1,0,0,0,0.0,7.067932822769843e-42,0.0,-0.4666295804567182,-0.9387205953692331,-0.3886753035554917,-0.15247069472655322,-3.174087617753835e-15,-1.9987334503111837e-15
63304,愛新覺羅載銓,Aixinjueluo Zaiquan,1794,cluster3_qing_after,清,hydraulic,水利/河道,0,0,0,0,0,0,,,,0,0,1,0,0,0,0.0,7.067932822769843e-42,0.0,-0.4666295804567182,-0.9387205953692331,-0.3886753035554917,-0.15247069472655322,-3.174087617753835e-15,-1.9987334503111837e-15
63339,薛鳳翔,Xue Fengxiang,1577,cluster2_yuan_ming,明,works_general,工部,0,1,0,0,0,1,117.96530914,37.47833252,濱州,0,0,0,0,0,0,0.0,7.067932822769843e-42,0.0,-0.4666295804567182,-0.9387205953692331,-0.3886753035554917,-0.15247069472655322,0.4171028233565644,1.5998107998519946
63413,朱鼎延,Zhu Dingyan,1614,cluster2_yuan_ming,清,works_general,工部,0,1,0,0,0,1,116.9713974,33.642368317,宿州,0,0,0,0,0,2,1.0,8.214785971249928e-33,0.0,-0.42161268581297245,1.5173807213961439,-0.3886753035554917,-0.15247069472655322,0.1951061165927285,0.5207666296895105
63425,圖爾宸,Tuerchen,1625,cluster2_yuan_ming,清,works_general,工部,0,1,0,0,0,0,,,,0,0,0,0,0,0,0.0,7.067932822769843e-42,0.0,-0.4666295804567182,-0.9387205953692331,-0.3886753035554917,-0.15247069472655322,-3.174087617753835e-15,-1.9987334503111837e-15
63467,牟昌裕,Mou Changyu,1752,cluster3_qing_after,清,works_general,工部,0,1,0,0,0,1,120.82707214,37.302383423,棲霞,0,0,0,0,0,0,0.0,7.067932822769843e-42,0.0,-0.4666295804567182,-0.9387205953692331,-0.3886753035554917,-0.15247069472655322,1.0562963613447498,1.5503168949780333
63716,魏繹,Wei Yi,1693,cluster3_qing_after,清,construction,将作/营缮,0,1,0,0,0,1,114.56905365,39.840538025,蔚州,0,0,0,0,1,0,0.0,7.067932822769843e-42,0.0,-0.4666295804567182,-0.9387205953692331,-0.3886753035554917,-0.15247069472655322,-0.34147311831467186,2.2642914738120203
63873,呂賢基,Lv Xianji,1803,cluster3_qing_after,清,works_general,工部,0,1,0,0,0,1,118.53877258,30.291025162,旌德,0,0,0,0,0,0,0.0,7.067932822769843e-42,0.0,-0.4666295804567182,-0.9387205953692331,-0.3886753035554917,-0.15247069472655322,0.5451896443548352,-0.4219552264708068
63996,楊朝鼎,Yang Chaoding,1704,cluster3_qing_after,清,works_general,工部,0,0,1,0,0,1,108.94420624,34.266605377,長安,0,0,0,0,0,0,0.0,7.067932822769843e-42,0.0,-0.4666295804567182,-0.9387205953692331,-0.3886753035554917,-0.15247069472655322,-1.5978196839253065,0.6963624707209725
64179,興恩,Xingen,1826,cluster3_qing_after,清,works_general,工部,0,1,0,0,0,0,,,,0,0,0,0,0,0,0.0,7.067932822769843e-42,0.0,-0.4666295804567182,-0.9387205953692331,-0.3886753035554917,-0.15247069472655322,-3.174087617753835e-15,-1.9987334503111837e-15
64196,索綽絡景灃,Suochaoluo Jingfeng,1852,cluster3_qing_after,清,hydraulic,水利/河道,0,0,0,0,0,0,,,,0,0,1,0,0,0,0.0,7.067932822769843e-42,0.0,-0.4666295804567182,-0.9387205953692331,-0.3886753035554917,-0.15247069472655322,-3.174087617753835e-15,-1.9987334503111837e-15
64213,熊明遇,Xiong Mingyu,1571,cluster2_yuan_ming,明,works_general,工部,0,1,0,0,0,1,116.259071,28.364485,進賢,0,0,0,0,0,27,0.49002849002849,0.00011221497615343934,0.0013544130966353762,0.14109849723384957,0.2648390242422906,-0.3820122254686397,0.8684984148463052,0.036003342596983685,-0.9638846659489437
64317,唐景崇,Tang Jingchong,1848,cluster3_qing_after,中華民國,works_general,工部,0,1,0,0,0,1,111.14469147,25.488653183,灌陽,0,0,0,0,0,3,1.0,4.994879189239714e-30,0.0,-0.3991042384910996,1.5173807213961439,-0.3886753035554917,-0.15247069472655322,-1.106326873565243,-1.7728467397020677
64361,甄淑,Zhen Shu,1580,cluster2_yuan_ming,明,works_general,工部,0,1,0,0,0,1,114.865494,30.446987,黃岡,0,0,0,0,0,0,0.0,7.067932822769843e-42,0.0,-0.4666295804567182,-0.9387205953692331,-0.3886753035554917,-0.15247069472655322,-0.2752612216205869,-0.378083672109035
64372,章佳齡椿,Zhangjia Lingchun,1759,cluster3_qing_after,清,works_general,工部,0,0,0,0,0,0,,,,0,0,0,0,0,0,0.0,7.067932822769843e-42,0.0,-0.4666295804567182,-0.9387205953692331,-0.3886753035554917,-0.15247069472655322,-3.174087617753835e-15,-1.9987334503111837e-15
64468,王在晉,Wang Zaijin,1562,cluster2_yuan_ming,明,works_general,工部,0,1,0,0,0,1,121.09863281,31.451000214,太倉州,0,0,0,0,0,0,0.0,7.067932822769843e-42,0.0,-0.4666295804567182,-0.9387205953692331,-0.3886753035554917,-0.15247069472655322,1.1169512183108026,-0.09565804246277254
64472,鍾靈,Zhongling,1857,cluster3_qing_after,清,works_general,工部,0,1,0,0,0,0,,,,0,0,0,0,0,0,0.0,7.067932822769843e-42,0.0,-0.4666295804567182,-0.9387205953692331,-0.3886753035554917,-0.15247069472655322,-3.174087617753835e-15,-1.9987334503111837e-15
64517,鮑桂星,Bao Guixing,1764,cluster3_qing_after,清,works_general,工部,0,1,0,0,0,1,118.4339447,29.86577034,歙縣,0,0,0,0,0,1,0.0,3.7056323637843556e-36,0.0,-0.44412113313484536,-0.9387205953692331,-0.3886753035554917,-0.15247069472655322,0.521775649730891,-0.5415780154826844
64584,鈕祜祿廣科,Niuhulu Guangke,1816,cluster3_qing_after,清,hydraulic,水利/河道,0,0,0,0,0,0,,,,0,0,1,0,0,0,0.0,7.067932822769843e-42,0.0,-0.4666295804567182,-0.9387205953692331,-0.3886753035554917,-0.15247069472655322,-3.174087617753835e-15,-1.9987334503111837e-15
64613,王洽,Wang Qia,1566,cluster2_yuan_ming,明,works_general,工部,0,1,0,0,0,1,116.859324,37.190325,臨邑,0,0,0,0,0,0,0.0,7.067932822769843e-42,0.0,-0.4666295804567182,-0.9387205953692331,-0.3886753035554917,-0.15247069472655322,0.17007378754928043,1.5187952275023078
64620,李徵庸,Li Zhengyong,1847,cluster3_qing_after,清,hydraulic,水利/河道,0,1,0,0,0,1,106.91963196,30.335321426,鄰水,0,0,1,0,0,0,0.0,7.067932822769843e-42,0.0,-0.4666295804567182,-0.9387205953692331,-0.3886753035554917,-0.15247069472655322,-2.0500216297024663,-0.40949483244737017
64725,覺羅德厚,Jueluo Dehou,1784,cluster3_qing_after,清,works_general,工部,0,1,0,0,0,0,,,,0,0,0,0,0,0,0.0,7.067932822769843e-42,0.0,-0.4666295804567182,-0.9387205953692331,-0.3886753035554917,-0.15247069472655322,-3.174087617753835e-15,-1.9987334503111837e-15
64734,繼格,Jige,1827,cluster3_qing_after,清,works_general,工部,0,1,0,0,0,0,,,,0,0,0,0,0,0,0.0,7.067932822769843e-42,0.0,-0.4666295804567182,-0.9387205953692331,-0.3886753035554917,-0.15247069472655322,-3.174087617753835e-15,-1.9987334503111837e-15
64749,愛新覺羅道慶,Aixinjueluo Daoqing,1787,cluster3_qing_after,清,works_general,工部,0,0,0,0,0,0,,,,0,0,0,0,0,0,0.0,7.067932822769843e-42,0.0,-0.4666295804567182,-0.9387205953692331,-0.3886753035554917,-0.15247069472655322,-3.174087617753835e-15,-1.9987334503111837e-15
64863,李宗文,Li Zongwen,1716,cluster3_qing_after,清,works_general,工部,0,1,0,0,0,1,118.18125153,25.060590744,安溪,0,0,0,0,0,0,0.0,7.067932822769843e-42,0.0,-0.4666295804567182,-0.9387205953692331,-0.3886753035554917,-0.15247069472655322,0.46533497265254786,-1.8932593021830333
64906,王鴻緒,Wang Hongxu,1645,cluster3_qing_after,清,works_general,工部,0,1,0,0,0,1,121.22763824,31.009475708,婁縣,0,0,0,0,0,1,0.0,3.7056323637843556e-36,0.0,-0.44412113313484536,-0.9387205953692331,-0.3886753035554917,-0.15247069472655322,1.1457654273216087,-0.21985744031183813
64951,椿壽,Chunshou,1789,cluster3_qing_after,清,hydraulic,水利/河道,0,1,0,0,0,0,,,,0,0,1,0,0,0,0.0,7.067932822769843e-42,0.0,-0.4666295804567182,-0.9387205953692331,-0.3886753035554917,-0.15247069472655322,-3.174087617753835e-15,-1.9987334503111837e-15
65159,戴章甫,Dai Zhangfu,1693,cluster3_qing_after,清,works_general,工部,0,1,0,0,0,1,120.16862488,30.294124603,仁和,0,0,0,0,0,0,0.0,7.067932822769843e-42,0.0,-0.4666295804567182,-0.9387205953692331,-0.3886753035554917,-0.15247069472655322,0.9092278466920588,-0.4210833638660419
65160,戴璐,Dai Lu,1739,cluster3_qing_after,清,works_general,工部,0,1,0,0,0,1,120.09931183,30.864963531,烏程,0,0,0,0,0,1,0.0,3.7056323637843556e-36,0.0,-0.44412113313484536,-0.9387205953692331,-0.3886753035554917,-0.15247069472655322,0.8937463223106735,-0.2605082425240657
65218,李廷欽,Li Tingqin,1733,cluster3_qing_after,清,works_general,工部,0,1,0,0,0,1,119.32157898,26.073953629,侯官,0,0,0,0,0,0,0.0,7.067932822769843e-42,0.0,-0.4666295804567182,-0.9387205953692331,-0.3886753035554917,-0.15247069472655322,0.7200345886691597,-1.6082036406982059
65289,李培元,Li Peiyuan,1766,cluster3_qing_after,清,works_general,工部,0,1,0,0,0,1,114.36559296,30.875669479,黃陂,0,0,0,0,0,0,0.0,7.067932822769843e-42,0.0,-0.4666295804567182,-0.9387205953692331,-0.3886753035554917,-0.15247069472655322,-0.38691739804105646,-0.25749669440627404
65471,張起鵷,Zhang Qiyuan,1796,cluster3_qing_after,清,hydraulic,水利/河道,0,0,0,0,0,0,,,,0,0,1,0,0,0,0.0,7.067932822769843e-42,0.0,-0.4666295804567182,-0.9387205953692331,-0.3886753035554917,-0.15247069472655322,-3.174087617753835e-15,-1.9987334503111837e-15
65602,李之藻,Li Zhizao,1567,cluster2_yuan_ming,明,hydraulic,水利/河道,0,1,0,0,0,1,120.168625,30.294125,仁和,0,0,1,0,0,24,0.6594202898550725,0.0008411464989291072,0.000969848071192618,0.07357315526823092,0.6808824468456169,-0.33872987740147104,0.5786097445620891,0.9092278734948482,-0.4210832521912416
65636,趙良棟,Zhao Liangdong,1621,cluster2_yuan_ming,清,hydraulic,水利/河道,0,0,0,0,0,1,110.2540741,37.500980377,綏德直隸州,0,0,1,0,0,0,0.0,7.067932822769843e-42,0.0,-0.4666295804567182,-0.9387205953692331,-0.3886753035554917,-0.15247069472655322,-1.305252105222803,1.6061815678699565
65664,馬佳紹諴,Majia Shaoxian,1831,cluster3_qing_after,清,hydraulic,水利/河道,0,0,0,0,0,0,,,,0,0,1,0,0,0,0.0,7.067932822769843e-42,0.0,-0.4666295804567182,-0.9387205953692331,-0.3886753035554917,-0.15247069472655322,-3.174087617753835e-15,-1.9987334503111837e-15
65696,承翰,Chenghan,1841,cluster3_qing_after,清,works_general,工部,0,1,0,0,0,0,,,,0,0,0,0,0,0,0.0,7.067932822769843e-42,0.0,-0.4666295804567182,-0.9387205953692331,-0.3886753035554917,-0.15247069472655322,-3.174087617753835e-15,-1.9987334503111837e-15
65702,嵇曾筠,Ji Cengyun,1670,cluster3_qing_after,清,hydraulic,水利/河道,0,1,0,0,0,1,120.618622,31.31271,長洲,0,0,1,0,0,0,0.0,7.067932822769843e-42,0.0,-0.4666295804567182,-0.9387205953692331,-0.3886753035554917,-0.15247069472655322,1.0097376552322135,-0.1345586268557452
65755,汪啟淑,Wang Qishu,1728,cluster3_qing_after,清,works_general,工部,0,0,0,0,0,1,118.4339447,29.86577034,歙縣,0,0,0,0,0,0,0.0,7.067932822769843e-42,0.0,-0.4666295804567182,-0.9387205953692331,-0.3886753035554917,-0.15247069472655322,0.521775649730891,-0.5415780154826844
65765,袁應泰,Yuan Yingtai,1558,cluster2_yuan_ming,明,hydraulic,水利/河道,1,1,0,0,0,1,107.385918,34.522518,鳳翔,0,0,1,0,0,2,1.0,3.5029241975758477e-06,0.0,-0.42161268581297245,1.5173807213961439,-0.3884673076331929,-0.15247069472655322,-1.9458735840319825,0.7683498536332473
65958,楊光先,Yang Guangxian,1597,cluster2_yuan_ming,清,astronomical,天文/历算,0,1,0,0,0,1,118.4339447,29.86577034,歙縣,1,0,0,0,0,2,1.0,2.359168038734562e-05,0.0,-0.42161268581297245,1.5173807213961439,-0.3872744815439449,-0.15247069472655322,0.521775649730891,-0.5415780154826844
66014,米萬鍾,Mi Wanzhong,1565,cluster2_yuan_ming,明,works_general,工部,0,1,0,0,0,1,116.36800385,39.931427002,宛平,0,0,0,0,0,32,0.5665322580645161,6.642554817887155e-05,4.284094244357391e-05,0.25364073384321395,0.45274002965308724,-0.38473110083274126,-0.12017679638155453,0.060334209197267744,2.289858245443304
66124,徐聚倫,Xu Julun,1688,cluster3_qing_after,清,hydraulic,水利/河道,0,1,0,0,0,1,112.94273376,39.440437317,山陰,0,0,1,0,0,0,0.0,7.067932822769843e-42,0.0,-0.4666295804567182,-0.9387205953692331,-0.3886753035554917,-0.15247069472655322,-0.7047223337073025,2.151744454705939
66126,李永紹,Li Yongshao,1658,cluster3_qing_after,清,works_general,工部,0,1,0,0,0,1,121.42555237,29.28361702,寧海,0,0,0,0,0,0,0.0,7.067932822769843e-42,0.0,-0.4666295804567182,-0.9387205953692331,-0.3886753035554917,-0.15247069472655322,1.189970846488938,-0.7053358382474173
66217,汪浩,Wang Hao,1666,cluster3_qing_after,清,construction,将作/营缮,0,1,0,0,0,1,111.69129944,29.034807205,武陵,0,0,0,0,1,0,0.0,7.067932822769843e-42,0.0,-0.4666295804567182,-0.9387205953692331,-0.3886753035554917,-0.15247069472655322,-0.9842383979518402,-0.7753252245260978
66220,汪榯,Wang Shi,1682,cluster3_qing_after,清,construction,将作/营缮,0,1,0,0,0,1,118.17577362,29.781190872,休寧,0,0,0,0,1,0,0.0,7.067932822769843e-42,0.0,-0.4666295804567182,-0.9387205953692331,-0.3886753035554917,-0.15247069472655322,0.46411144552130795,-0.5653699428915662
66441,羅汝敬,Luo Rujing,1372,cluster2_yuan_ming,明,works_general,工部,0,1,0,0,0,1,115.132248,27.214367,吉水,0,0,0,0,0,5,0.8,1.3868023891200408e-06,4.95885516154399e-07,-0.3540873438473538,1.0261604580430685,-0.3885929582845975,-0.15209689164155946,-0.21567996592872687,-1.2874090935044358
66442,劉敏,Liu Min,1346,cluster2_yuan_ming,明,works_general,工部,0,0,0,0,0,1,115.83181,38.431767,肅寧,0,0,0,0,0,0,0.0,7.067932822769843e-42,0.0,-0.4666295804567182,-0.9387205953692331,-0.3886753035554917,-0.15247069472655322,-0.05942820440197163,1.8680087972345831
66474,安然,An Ran,1323,cluster2_yuan_ming,明,works_general,工部,0,0,0,0,0,1,114.34333,34.785477,祥符,0,0,0,0,0,0,0.0,7.067932822769843e-42,0.0,-0.4666295804567182,-0.9387205953692331,-0.3886753035554917,-0.15247069472655322,-0.3918899761925293,0.8423193593235898
66518,單安仁,Dan Anren,1303,cluster2_yuan_ming,明,works_general,工部,0,0,0,0,0,1,117.64022064,32.901634216,濠州,0,0,0,0,0,9,1.0,0.00033723440676678237,0.0,-0.2640535545598623,1.5173807213961439,-0.3686510673716532,-0.15247069472655322,0.34449217444039737,0.31240055247234017
66520,朱守仁,Zhu Shouren,1341,cluster2_yuan_ming,明,works_general,工部,0,0,0,0,0,1,117.18768311,34.269634247,徐州,0,0,0,0,0,0,0.0,7.067932822769843e-42,0.0,-0.4666295804567182,-0.9387205953692331,-0.3886753035554917,-0.15247069472655322,0.24341494866274374,0.6972144819345092
66521,薛祥,Xue Xiang,1318,cluster2_yuan_ming,明,works_general,工部,0,0,0,0,0,1,117.91131592,31.29851532,無為州,0,0,0,0,0,0,0.0,7.067932822769843e-42,0.0,-0.4666295804567182,-0.9387205953692331,-0.3886753035554917,-0.15247069472655322,0.4050430834971939,-0.1385515438619421
66522,秦逵,Qin Kui,1329,cluster2_yuan_ming,明,works_general,工部,0,1,0,0,0,1,112.260132,31.710701,宜城,0,0,0,0,0,13,0.6666666666666666,2.939570323759442e-05,6.126140682814238e-06,-0.17401976527237079,0.6986802824743514,-0.38692985145271536,-0.14785275326276454,-0.8571859143781551,-0.02260506170222334
66529,沈溍,Shen Jin,1355,cluster2_yuan_ming,明,works_general,工部,0,1,0,0,0,1,120.168625,30.294125,錢塘,0,0,0,0,0,0,0.0,7.067932822769843e-42,0.0,-0.4666295804567182,-0.9387205953692331,-0.3886753035554917,-0.15247069472655322,0.9092278734948482,-0.4210832521912416
66552,張昺,Zhang Bing,1336,cluster2_yuan_ming,明,works_general,工部,0,1,0,0,0,1,112.8391571,35.504318237,澤州,0,0,0,0,0,0,0.0,7.067932822769843e-42,0.0,-0.4666295804567182,-0.9387205953692331,-0.3886753035554917,-0.15247069472655322,-0.72785686013678,1.0445270455816145
66566,練安,Lian An,1339,cluster2_yuan_ming,明,works_general,工部,0,1,0,0,0,1,115.393806,27.759735,新淦,0,0,0,0,0,3,1.0,7.034209416168185e-07,0.0,-0.3991042384910996,1.5173807213961439,-0.38863353596953676,-0.15247069472655322,-0.1572592709204016,-1.1339988608091092
66588,卓敬,Zhuo Jing,1339,cluster2_yuan_ming,明,works_general,工部,0,1,0,0,0,1,120.630691,27.790512,瑞安,0,0,0,0,0,24,0.6086956521739131,0.0002777919465189306,6.721663868026417e-05,0.07357315526823092,0.5562975974444747,-0.37218062971602744,-0.10180217128097345,1.0124333455496777,-1.1253413914825916
66665,鄒師顏,Zou Shiyan,1362,cluster2_yuan_ming,明,works_general,工部,0,0,0,0,0,1,111.457916,30.392385,宜都,0,0,0,0,0,0,0.0,7.067932822769843e-42,0.0,-0.4666295804567182,-0.9387205953692331,-0.3886753035554917,-0.15247069472655322,-1.0363661201711336,-0.3934430359250823
66668,趙羾,Zhao Hong,1364,cluster2_yuan_ming,明,works_general,工部,0,1,0,0,0,1,114.34333,34.785477,祥符,0,0,0,0,0,15,0.5428571428571428,5.955839327624003e-05,0.00018503380640059482,-0.129002870628625,0.3945915480176857,-0.38513885736327935,-0.012990501400757465,-0.3918899761925293,0.8423193593235898
66669,金忠,Jin Zhong,1353,cluster2_yuan_ming,明,works_general,工部,0,0,0,0,0,1,121.542656,29.866316,鄞縣,0,0,0,0,0,16,0.55,2.856707422699341e-05,9.559148196167286e-05,-0.10649442330675213,0.4121351288517243,-0.38697905361798707,-0.08041295217842939,1.2161267103990354,-0.541424523111345
66671,李慶,Li Qing,1364,cluster2_yuan_ming,明,works_general,工部,0,0,0,0,0,1,116.6414032,40.127552032,順義,0,0,0,0,0,5,1.0,8.049466190133847e-05,0.0,-0.3540873438473538,1.5173807213961439,-0.38389570785259736,-0.15247069472655322,0.12139974740227419,2.345027574207877
66673,古樸,Gu Pu,1365,cluster2_yuan_ming,明,construction,将作/营缮,0,1,0,0,0,1,114.88245392,33.733982086,陳州,0,0,0,0,1,21,0.4380952380952381,0.0006751658637115567,0.0012635481211134359,0.006047813302612277,0.13728569578512248,-0.3485854418837698,0.8000035565342773,-0.27147311223878284,0.5465372829371995
66675,陳壽,Chen Shou,1348,cluster2_yuan_ming,明,works_general,工部,0,0,0,0,0,1,113.36981964,31.715110779,隨州,0,0,0,0,0,0,0.0,7.067932822769843e-42,0.0,-0.4666295804567182,-0.9387205953692331,-0.3886753035554917,-0.15247069472655322,-0.609329900909058,-0.021364605308513245
66685,張信,Zhang Xin,1375,cluster2_yuan_ming,明,works_general,工部,0,1,0,0,0,1,114.34333,34.785477,祥符,0,0,0,0,0,3,1.0,2.016201275766698e-06,0.0,-0.3991042384910996,1.5173807213961439,-0.38855558596520434,-0.15247069472655322,-0.3918899761925293,0.8423193593235898
66700,劉韶,Liu Shao,1363,cluster2_yuan_ming,明,construction,将作/营缮,0,1,0,0,0,1,121.152763,30.049067,餘姚,0,0,0,0,1,10,1.0,2.59252129114828e-05,0.0,-0.24154510723798941,1.5173807213961439,-0.3871359215231748,-0.15247069472655322,1.1290415513181373,-0.4900172651950324
66701,楊砥,Yang Di,1365,cluster2_yuan_ming,明,construction,将作/营缮,0,1,0,0,0,1,112.8391571,35.504318237,澤州,0,0,0,0,1,0,0.0,7.067932822769843e-42,0.0,-0.4666295804567182,-0.9387205953692331,-0.3886753035554917,-0.15247069472655322,-0.72785686013678,1.0445270455816145
66717,鄭賜,Zheng Ci,1345,cluster2_yuan_ming,明,works_general,工部,0,1,0,0,0,1,118.32378387,27.038864136,甌寧,0,0,0,0,0,0,0.0,7.067932822769843e-42,0.0,-0.4666295804567182,-0.9387205953692331,-0.3886753035554917,-0.15247069472655322,0.4971705057425824,-1.3367774744966026
66721,嚴震直,Yan Zhenzhi,1339,cluster2_yuan_ming,明,works_general,工部,0,0,0,1,0,1,120.099312,30.864964,烏程,0,0,0,0,0,5,1.0,2.89073428795453e-05,0.0,-0.3540873438473538,1.5173807213961439,-0.38695884921497264,-0.15247069472655322,0.8937463602812871,-0.2605081105959014
66754,李鋼,Li Gang,1358,cluster2_yuan_ming,明,works_general,工部,0,0,0,1,0,1,121.227638,31.009476,華亭,0,0,0,0,0,10,1.0,2.59252129114828e-05,0.0,-0.24154510723798941,1.5173807213961439,-0.3871359215231748,-0.15247069472655322,1.1457653737160332,-0.2198573581731944
66757,吳中,Wu Zhong,1373,cluster2_yuan_ming,明,works_general,工部,0,0,0,0,0,1,115.886307,37.14809,武城,0,0,0,0,0,10,1.0,2.59252129114828e-05,0.0,-0.24154510723798941,1.5173807213961439,-0.3871359215231748,-0.15247069472655322,-0.04725594197501986,1.5069146602928514
66768,宋禮,Song Li,1358,cluster2_yuan_ming,明,works_general,工部,0,0,0,0,0,1,111.653404,34.385807,永寧,0,0,0,0,0,8,0.5714285714285714,6.887978310580766e-05,7.676657909827043e-05,-0.2865620018817352,0.46476587135383934,-0.384585373769187,-0.09460333793443607,-0.9927025930536774,0.729893496967637
66771,藺芳,Lin Fang,1354,cluster2_yuan_ming,明,hydraulic,水利/河道,0,0,0,0,0,1,111.220055,35.137451,夏縣,0,0,1,0,0,0,0.0,7.067932822769843e-42,0.0,-0.4666295804567182,-0.9387205953692331,-0.3886753035554917,-0.15247069472655322,-1.0894939347873003,0.9413284930510998
66777,周忱,Zhou Chen,1380,cluster2_yuan_ming,明,works_general,工部,0,1,0,0,0,1,115.132248,27.214367,吉水,0,0,0,0,0,17,0.3161764705882353,7.143731154204051e-05,0.0003274454796568338,-0.08398597598487925,-0.16215914962723899,-0.3844335133645948,0.09436073405200038,-0.21567996592872687,-1.2874090935044358
66818,楊榮,Yang Rong,1442,cluster2_yuan_ming,明,hydraulic,水利/河道,0,1,0,0,0,1,121.152763,30.049067,餘姚,0,0,1,0,0,20,0.9315789473684211,7.472499457550404e-05,2.037699308471501e-06,-0.016460634019260605,1.3493316839332496,-0.3842382979884686,-0.1509346581556462,1.1290415513181373,-0.4900172651950324
66845,周敘,Zhou Xu,1481,cluster2_yuan_ming,明,works_general,工部,0,1,0,0,0,1,114.729088,32.34243,息縣,0,0,0,0,0,0,0.0,7.067932822769843e-42,0.0,-0.4666295804567182,-0.9387205953692331,-0.3886753035554917,-0.15247069472655322,-0.3057283964854561,0.1550982375202943
66878,金純,Jin Chun,1377,cluster2_yuan_ming,明,works_general,工部,0,0,0,0,0,1,118.46811676,33.023403168,泗州,0,0,0,0,0,10,1.0,2.59252129114828e-05,0.0,-0.24154510723798941,1.5173807213961439,-0.3871359215231748,-0.15247069472655322,0.5294082034859526,0.3466537599604704
66883,張本,Zhang Ben,1367,cluster2_yuan_ming,明,works_general,工部,0,0,0,0,0,1,116.251021,36.211385,東阿,0,0,0,0,0,12,0.7575757575757576,2.5941922180855615e-05,6.369470414403834e-05,-0.19652821259424366,0.9219622203621131,-0.3871349293635681,-0.10445703808369192,0.03420532229243289,1.243422610856734
66896,黃曜,Huang Yao,1428,cluster2_yuan_ming,明,works_general,工部,0,1,0,0,0,1,121.258354,28.642613,黃巖,0,0,0,0,0,46,0.4618357487922705,0.000197062131249084,0.00010970157231006239,0.5687589963494343,0.19559479536878632,-0.37697418830792695,-0.06977663566999112,1.152625993799822,-0.8856481702266311
66900,丁璿,Ding Xuan,1382,cluster2_yuan_ming,明,works_general,工部,0,1,0,0,0,1,118.76899,32.052563,上元,0,0,0,0,0,1,0.0,2.0899323092756398e-07,0.0,-0.44412113313484536,-0.9387205953692331,-0.3886628939978281,-0.15247069472655322,0.5966102152393962,0.07355959953512392
66903,張本,Zhang Ben,1437,cluster2_yuan_ming,明,hydraulic,水利/河道,0,1,0,0,0,1,120.168625,30.294125,錢塘,0,0,1,0,0,0,0.0,7.067932822769843e-42,0.0,-0.4666295804567182,-0.9387205953692331,-0.3886753035554917,-0.15247069472655322,0.9092278734948482,-0.4210832521912416
66904,郭璡,Guo Jin,1371,cluster2_yuan_ming,明,works_general,工部,0,0,0,0,0,1,115.928207,38.925182,新安,0,0,0,0,0,0,0.0,7.067932822769843e-42,0.0,-0.4666295804567182,-0.9387205953692331,-0.3886753035554917,-0.15247069472655322,-0.037897302128986524,2.0068048211402107
66906,翁世資,Weng Shizi,1415,cluster2_yuan_ming,明,works_general,工部,0,1,0,0,0,1,119.011101,25.433954,莆田,0,0,0,0,0,29,0.7019704433497537,0.00013233478003477742,9.388754867527041e-05,0.18611539187759532,0.7853899348724723,-0.38081755583586097,-0.08169739283727381,0.6506872952337401,-1.788233440777808
66908,鄭辰,Zheng Chen,1381,cluster2_yuan_ming,明,works_general,工部,0,1,0,0,0,1,118.867645,28.956821,西安,0,0,0,0,0,7,1.0,3.3495594679510237e-06,0.0,-0.30907044920360804,1.5173807213961439,-0.38847641409299255,-0.15247069472655322,0.6186454566238925,-0.7972624886414752
66919,顧祖鎮,Gu Zuzhen,1688,cluster3_qing_after,清,works_general,工部,0,1,0,0,0,1,120.618622,31.31271,吳縣,0,0,0,0,0,0,0.0,7.067932822769843e-42,0.0,-0.4666295804567182,-0.9387205953692331,-0.3886753035554917,-0.15247069472655322,1.0097376552322135,-0.1345586268557452
66947,劉中敷,Liu Zhongfu,1380,cluster2_yuan_ming,明,construction,将作/营缮,0,0,0,0,0,1,116.36800385,39.931427002,大興,0,0,0,0,1,0,0.0,7.067932822769843e-42,0.0,-0.4666295804567182,-0.9387205953692331,-0.3886753035554917,-0.15247069472655322,0.060334209197267744,2.289858245443304
66965,陳勉,Chen Mian,1439,cluster2_yuan_ming,明,works_general,工部,0,1,0,0,0,1,116.351341,27.984781,臨川,0,0,0,0,0,0,0.0,7.067932822769843e-42,0.0,-0.4666295804567182,-0.9387205953692331,-0.3886753035554917,-0.15247069472655322,0.0566124523486191,-1.0706941578797973
66968,張鳳,Zhang Feng,1456,cluster2_yuan_ming,明,hydraulic,水利/河道,0,1,0,0,0,1,114.375885,27.794266,宜春,0,0,1,0,0,0,0.0,7.067932822769843e-42,0.0,-0.4666295804567182,-0.9387205953692331,-0.3886753035554917,-0.15247069472655322,-0.3846186033956881,-1.1242854035743566
66978,胡拱辰,Hu Gongchen,1417,cluster2_yuan_ming,明,works_general,工部,0,1,0,0,0,1,118.965165,29.612287,淳安,0,0,0,0,0,1,0.0,5.756238631264857e-07,0.0,-0.44412113313484536,-0.9387205953692331,-0.38864112427853476,-0.15247069472655322,0.6404271883132776,-0.6128820490412887
67029,彭誼,Peng Yi,1410,cluster2_yuan_ming,明,works_general,工部,0,1,0,0,0,1,113.749817,23.046623,東莞,0,0,0,0,0,12,0.3787878787878788,0.001004130662205879,0.0008843684180726202,-0.19652821259424366,-0.008379187503560051,-0.3290522368221206,0.5141743920471721,-0.5244549979333175,-2.4597818342126385
67042,郭循,Guo Xun,1387,cluster2_yuan_ming,明,works_general,工部,0,1,0,0,0,1,114.971275,27.103239,廬陵,0,0,0,0,0,8,1.0,5.9242802047364985e-05,0.0,-0.2865620018817352,1.5173807213961439,-0.3851575964752375,-0.15247069472655322,-0.251634341392583,-1.318669036036756
67072,李裕,Li Yu,1426,cluster2_yuan_ming,明,works_general,工部,0,1,0,0,0,1,115.785782,28.197754,豐城,0,0,0,0,0,1,0.0,5.900230350072527e-06,0.0,-0.44412113313484536,-0.9387205953692331,-0.3883249608748571,-0.15247069472655322,-0.06970886012591684,-1.0107855503197252
67132,金濂,Jin Lian,1392,cluster2_yuan_ming,明,works_general,工部,0,1,0,0,0,1,119.141106,33.502789,山陽,0,0,0,0,0,10,0.7333333333333333,6.373218487894796e-05,2.574790301535107e-06,-0.24154510723798941,0.8624203702587098,-0.3848910268123103,-0.15052979400134203,0.6797247647607948,0.4815034248435631
67134,林庭木昂,Lin Tingang,1472,cluster2_yuan_ming,明,works_general,工部,0,1,0,0,0,1,119.321577,26.073954,閩縣,0,0,0,0,0,0,0.0,7.067932822769843e-42,0.0,-0.4666295804567182,-0.9387205953692331,-0.3886753035554917,-0.15247069472655322,0.7200341464231732,-1.6082035363371199
67136,石璞,Shi Pu,1406,cluster2_yuan_ming,明,works_general,工部,0,1,0,0,0,1,114.607079,36.341301,臨漳,0,0,0,0,0,22,0.5714285714285714,5.910126161855008e-05,0.00011926577290371746,0.028556260624485158,0.46476587135383934,-0.3851660008341027,-0.06256705287125879,-0.33297990696218116,1.2799675562712913
67138,王巹,Wang Jin,1378,cluster2_yuan_ming,明,works_general,工部,0,1,0,0,0,1,107.754791,34.273563,郿縣,0,0,0,0,0,1,0.0,4.83220625521878e-07,0.0,-0.44412113313484536,-0.9387205953692331,-0.3886466109792296,-0.15247069472655322,-1.8634833798332726,0.6983196272894495
67140,楊源,Yang Yuan,1444,cluster2_yuan_ming,明,astronomical,天文/历算,0,0,0,0,0,1,115.785782,28.197754,豐城,1,0,0,0,0,0,0.0,7.067932822769843e-42,0.0,-0.4666295804567182,-0.9387205953692331,-0.3886753035554917,-0.15247069472655322,-0.06970886012591684,-1.0107855503197252
67157,林庭機,Lin Tingji,1506,cluster2_yuan_ming,明,works_general,工部,0,1,0,0,0,1,119.321577,26.073954,閩縣,0,0,0,0,0,75,0.41405405405405404,0.00020895771452650818,0.0006155489034324428,1.2215039686837479,0.07823811200497156,-0.37626785477756336,0.3115357575125588,0.7200341464231732,-1.6082035363371199
67158,林燫,Lin Qian,1517,cluster2_yuan_ming,明,works_general,工部,0,1,0,0,0,1,119.321577,26.073954,閩縣,0,0,0,0,0,49,0.6921768707482994,0.00018371555349295846,3.658792058309196e-05,0.6362843383150529,0.761335928310203,-0.3777666786940561,-0.12489038204969026,0.7200341464231732,-1.6082035363371199
67159,林烴,Lin Ting,1553,cluster2_yuan_ming,明,works_general,工部,0,1,0,0,0,1,119.321577,26.073954,閩縣,0,0,0,0,0,31,0.789247311827957,5.114956974636169e-05,1.612300711281255e-05,0.2311322865213411,0.9997507664649462,-0.3856381547807785,-0.14031702295794907,0.7200341464231732,-1.6082035363371199
67260,丁鉉,Ding Xuan,1386,cluster2_yuan_ming,明,works_general,工部,0,1,0,0,0,1,115.785782,28.197754,豐城,0,0,0,0,0,7,1.0,3.3495594679510237e-06,0.0,-0.30907044920360804,1.5173807213961439,-0.38847641409299255,-0.15247069472655322,-0.06970886012591684,-1.0107855503197252
67281,王佐,Wang Zuo,1559,cluster2_yuan_ming,明,works_general,工部,0,1,0,0,0,1,121.542656,29.866316,鄞縣,0,0,0,0,0,64,0.4399801587301587,0.000162879829293195,0.00022732414592655263,0.9739110481431461,0.14191525183854925,-0.3790038580982499,0.018888347376333756,1.2161267103990354,-0.541424523111345
67308,王永和,Wang Yonghe,1391,cluster2_yuan_ming,明,works_general,工部,0,1,0,0,0,1,120.94823456,31.386108398,崑山,0,0,0,0,0,8,0.7857142857142857,4.047987666574277e-06,2.3574750909295894e-06,-0.2865620018817352,0.9910732963749915,-0.3884349429651181,-0.1506936082154985,1.0833587826252729,-0.11391189782755783
67326,王一夔,Wang Yikui,1425,cluster2_yuan_ming,明,works_general,工部,0,1,0,0,0,1,115.89772,28.674896,新建,0,0,0,0,0,0,0.0,7.067932822769843e-42,0.0,-0.4666295804567182,-0.9387205953692331,-0.3886753035554917,-0.15247069472655322,-0.044706773560632615,-0.876567068031227
67331,黎淳,Li Chun,1423,cluster2_yuan_ming,明,works_general,工部,0,1,0,0,0,1,112.559288,29.518757,華容,0,0,0,0,0,37,0.4984984984984985,0.0001549677437267366,0.00022141494240371292,0.36618297045257836,0.28564222319849225,-0.3794736603097398,0.014433935148642016,-0.7903674594430709,-0.6391917317949405
67395,孫需,Sun Xu,1461,cluster2_yuan_ming,明,works_general,工部,0,1,0,0,0,1,117.580116,28.953411,德興,0,0,0,0,0,16,0.6583333333333333,6.839484324781186e-05,7.470869572370669e-06,-0.10649442330675213,0.6782127715013067,-0.3846141684296861,-0.1468390841979881,0.3310674088357331,-0.7982217104760739
67396,張憲,Zhang Xian,1446,cluster2_yuan_ming,明,works_general,工部,0,1,0,0,0,1,117.580116,28.953411,德興,0,0,0,0,0,15,0.6857142857142857,5.849067579783866e-05,6.367493813213455e-06,-0.129002870628625,0.745463164698454,-0.38520225607508374,-0.14767081904251192,0.3310674088357331,-0.7982217104760739
67398,王偉,Wang Wei,1417,cluster2_yuan_ming,明,works_general,工部,0,1,0,0,0,1,113.34333,27.004034,攸縣,0,0,0,0,0,0,0.0,7.067932822769843e-42,0.0,-0.4666295804567182,-0.9387205953692331,-0.3886753035554917,-0.15247069472655322,-0.6152465357637399,-1.3465750777086902
67423,劉昭,Liu Zhao,1427,cluster2_yuan_ming,明,works_general,工部,0,1,0,0,0,1,108.07798767,35.039661407,邠州,0,0,0,0,0,1,0.0,2.8703249290347835e-08,0.0,-0.44412113313484536,-0.9387205953692331,-0.3886735992197789,-0.15247069472655322,-1.7912952835572005,0.9138206007337809
67434,白圭,Bai Gui,1421,cluster2_yuan_ming,明,works_general,工部,0,1,0,0,0,1,115.366998,37.365629,南宮,0,0,0,0,0,13,0.6410256410256411,2.215694947488332e-05,8.211606640699797e-05,-0.17401976527237079,0.6357033256342137,-0.38735967270497396,-0.09057084496177456,-0.16324701356938717,1.5681076687024167
67443,張瓚,Zhang Zan,1427,cluster2_yuan_ming,明,works_general,工部,0,1,0,0,0,1,113.910355,30.926222,孝感,0,0,0,0,0,11,0.5818181818181818,8.562281795091204e-05,2.0976882349326037e-06,-0.21903665991611654,0.49028380711244063,-0.38359120924313234,-0.15088943794846907,-0.48859778257287395,-0.24327643577367106
67448,江淵,Jiang Yuan,1400,cluster2_yuan_ming,明,works_general,工部,0,1,0,0,0,1,106.25296,29.281507,江津,0,0,0,0,0,14,0.6153846153846154,3.340724574078102e-05,9.208391711391776e-06,-0.15151131795049788,0.5727263687940758,-0.38669165489585905,-0.14552932395161544,-2.1989271850506626,-0.7059293799645547
67455,趙榮,Zhao Rong,1416,cluster2_yuan_ming,明,works_general,工部,0,0,0,0,0,1,119.321577,26.073954,閩縣,0,0,0,0,0,3,1.0,1.8007109855334005e-06,0.0,-0.3991042384910996,1.5173807213961439,-0.3885683813039372,-0.15247069472655322,0.7200341464231732,-1.6082035363371199
67456,孔鏞,Kong Yong,1427,cluster2_yuan_ming,明,works_general,工部,0,1,0,0,0,1,120.618622,31.31271,長洲,0,0,0,0,0,26,0.5230769230769231,0.0012036094574701987,0.0007651945691689769,0.11859004991197668,0.34600932416957947,-0.31720762538897385,0.4243400433526845,1.0097376552322135,-0.1345586268557452
67460,覺羅西銘,Jueluo Ximing,1724,cluster3_qing_after,清,works_general,工部,0,0,0,0,0,0,,,,0,0,0,0,0,0,0.0,7.067932822769843e-42,0.0,-0.4666295804567182,-0.9387205953692331,-0.3886753035554917,-0.15247069472655322,-3.174087617753835e-15,-1.9987334503111837e-15
67464,霍瑄,Huo Xuan,1407,cluster2_yuan_ming,明,works_general,工部,0,1,0,0,0,1,107.385918,34.522518,鳳翔,0,0,0,0,0,0,0.0,7.067932822769843e-42,0.0,-0.4666295804567182,-0.9387205953692331,-0.3886753035554917,-0.15247069472655322,-1.9458735840319825,0.7683498536332473
67467,劉丙,Liu Bing,1455,cluster2_yuan_ming,明,works_general,工部,0,1,0,0,0,1,114.608452,27.382462,安福,0,0,0,0,0,39,0.4008097165991903,0.00015269749769164785,8.090152282476093e-05,0.4111998650963241,0.045708677342395705,-0.37960846251820324,-0.09148637913873608,-0.33267323840588964,-1.2401245203998144
67477,王來,Wang Lai,1395,cluster2_yuan_ming,明,works_general,工部,0,1,0,0,0,1,121.444199,29.979195,慈溪,0,0,0,0,0,6,0.4666666666666667,1.4191323378429666e-05,1.0899875077641537e-05,-0.33157889652548095,0.20746001912127612,-0.38783265403519107,-0.14425426815764283,1.1941356936133336,-0.5096720300123445
67546,高榖,Gao Gu,1391,cluster2_yuan_ming,明,works_general,工部,0,1,0,0,0,1,119.835282,32.934967,興化,0,0,0,0,0,7,0.47619047619047616,1.209886465785678e-05,1.219889928320582e-05,-0.30907044920360804,0.23085146023332725,-0.3879568996245643,-0.14327505170605712,0.8347735278577023,0.3217769554696253
67612,劉定之,Liu Dingzhi,1409,cluster2_yuan_ming,明,works_general,工部,0,1,0,0,0,1,114.23687,26.945564,永新,0,0,0,0,0,53,0.3251088534107402,0.00018921048296078452,0.0007753282713910529,0.7263181276025444,-0.14022031241503222,-0.37744040188697636,0.43197892174218877,-0.41566851552448003,-1.3630224972597011
67655,王復,Wang Fu,1416,cluster2_yuan_ming,明,works_general,工部,0,1,0,0,0,1,116.301171,39.435631,固安,0,0,0,0,0,0,0.0,7.067932822769843e-42,0.0,-0.4666295804567182,-0.9387205953692331,-0.3886753035554917,-0.15247069472655322,0.04540665375492957,2.1503924534712184
67676,何道生,He Daosheng,1766,cluster3_qing_after,清,works_general,工部,0,1,0,0,0,1,111.7762146,36.842151642,靈石,0,0,0,0,0,0,0.0,7.067932822769843e-42,0.0,-0.4666295804567182,-0.9387205953692331,-0.3886753035554917,-0.15247069472655322,-0.9652720399587994,1.4208552019249108
67715,王世紱,Wang Shifu,1784,cluster3_qing_after,清,works_general,工部,0,1,0,0,0,1,116.86728668,39.517601013,武清,0,0,0,0,0,0,0.0,7.067932822769843e-42,0.0,-0.4666295804567182,-0.9387205953692331,-0.3886753035554917,-0.15247069472655322,0.17185230435904816,2.1734503497327675
67733,康永韶,Kang Yongshao,1436,cluster2_yuan_ming,明,astronomical,天文/历算,0,1,0,0,0,1,117.706978,29.854147,祁門,1,0,0,0,0,11,1.0,0.0017216817602997041,0.0,-0.21903665991611654,1.5173807213961439,-0.28644563330274714,-0.15247069472655322,0.3594028686960566,-0.5448476229662493
67762,王鼎,Wang Ding,1454,cluster2_yuan_ming,明,works_general,工部,0,1,0,0,0,1,119.304627,26.082595,福州中衛,0,0,0,0,0,14,0.7362637362637363,0.00012178276208512121,2.0302915163967024e-06,-0.15151131795049788,0.8696177367547259,-0.381444111416787,-0.15094024221777413,0.7162482527384393,-1.6057728513304448
67777,劉大夏,Liu Daxia,1436,cluster2_yuan_ming,明,hydraulic,水利/河道,0,1,0,0,0,1,112.559288,29.518757,華容,0,0,1,0,0,141,0.214387031408308,0.0020652579148740017,0.008121194810722657,2.707061491927358,-0.4121643252298676,-0.26604483810426505,5.969361008738874,-0.7903674594430709,-0.6391917317949405
67794,張昇,Zhang Sheng,1442,cluster2_yuan_ming,明,works_general,工部,0,1,0,0,0,1,116.627449,27.559717,南城,0,0,0,0,0,15,0.47619047619047616,2.315029564924777e-05,9.42902058193045e-06,-0.129002870628625,0.23085146023332725,-0.38730068999737155,-0.1453630118699769,0.11828298529870547,-1.1902632692878865
67841,沈守廉,Shen Shoulian,1850,cluster3_qing_after,清,works_general,工部,0,0,0,0,0,1,120.93202209,30.517858505,海鹽,0,0,0,0,0,0,0.0,7.067932822769843e-42,0.0,-0.4666295804567182,-0.9387205953692331,-0.3886753035554917,-0.15247069472655322,1.0797376211039216,-0.35814774980791364
67855,賈俊,Jia Jun,1428,cluster2_yuan_ming,明,works_general,工部,0,1,0,0,0,1,115.30854797,37.84853363,束鹿,0,0,0,0,0,27,0.7806267806267806,0.00013480431216489526,5.3304767828001225e-06,0.14109849723384957,0.9785778684305197,-0.3806709204580798,-0.14845253206402886,-0.17630221117701875,1.7039471599412694
67865,王佑,Wang You,1385,cluster2_yuan_ming,明,works_general,工部,0,1,0,0,0,1,116.766968,36.189663,肥城,0,0,0,0,0,0,0.0,7.067932822769843e-42,0.0,-0.4666295804567182,-0.9387205953692331,-0.3886753035554917,-0.15247069472655322,0.14944546913352277,1.2373122833813275
67885,愛新覺羅功普,Aixinjueluo Gongpu,1786,cluster3_qing_after,清,works_general,工部,0,1,0,0,0,0,,,,0,0,0,0,0,0,0.0,7.067932822769843e-42,0.0,-0.4666295804567182,-0.9387205953692331,-0.3886753035554917,-0.15247069472655322,-3.174087617753835e-15,-1.9987334503111837e-15
67890,劉璋,Liu Zhang,1429,cluster2_yuan_ming,明,works_general,工部,0,1,0,0,0,1,118.169182,26.642174,南平,0,0,0,0,0,14,1.0,6.501207425197482e-05,0.0,-0.15151131795049788,1.5173807213961439,-0.3848150298007942,-0.15247069472655322,0.4626391639561084,-1.448365110866358
67906,楊守隨,Yang Shousui,1435,cluster2_yuan_ming,明,works_general,工部,0,1,0,0,0,1,121.542656,29.866316,鄞縣,0,0,0,0,0,14,0.42857142857142855,9.121393203368762e-05,6.708340769966819e-06,-0.15151131795049788,0.11389425467307121,-0.383259221205501,-0.1474138854564431,1.2161267103990354,-0.541424523111345
67922,張悦,Zhang Yue,1426,cluster2_yuan_ming,明,works_general,工部,0,1,0,0,0,1,121.227638,31.009476,華亭,0,0,0,0,0,14,0.7912087912087912,5.348054628259715e-05,1.0444356753321625e-06,-0.15151131795049788,1.0045683585550211,-0.3854997465289395,-0.15168338946193416,1.1457653737160332,-0.2198573581731944
67936,曾鑑,Zeng Jian,1434,cluster2_yuan_ming,明,works_general,工部,0,1,0,0,0,1,116.36799622,39.931430817,京師,0,0,0,0,0,23,1.0,0.0001289558860135651,0.0,0.05106470794635804,1.5173807213961439,-0.381018187119512,-0.15247069472655322,0.06033250498671845,2.2898593185903127
67939,徐恪,Xu Ke,1431,cluster2_yuan_ming,明,works_general,工部,0,1,0,0,0,1,120.733788,31.646582,常熟,0,0,0,0,0,26,0.8369230769230769,0.000136112128652385,2.8670833226303538e-06,0.11859004991197668,1.116847275892867,-0.38059326519602726,-0.15030946082070215,1.0354607367717918,-0.040641526456649514
67943,黃珂,Huang Ke,1449,cluster2_yuan_ming,明,works_general,工部,0,1,0,0,0,1,105.812285,30.194462,遂寧,0,0,0,0,0,18,0.5882352941176471,9.950909314411006e-05,3.4870064052370406e-05,-0.06147752866300637,0.5060448850809887,-0.3827666728120835,-0.12618531817877945,-2.2973548369397054,-0.4491181277635419
67944,叢蘭,Cong Lan,1456,cluster2_yuan_ming,明,works_general,工部,0,1,0,0,0,1,122.056686,37.193062,文登,0,0,0,0,0,16,0.6416666666666667,7.953658974806397e-05,7.712804458446254e-05,-0.10649442330675213,0.6372777495552172,-0.3839525960665322,-0.09433086191032225,1.3309386827154261,1.5195651366405163
67953,王詔,Wang Zhao,1417,cluster2_yuan_ming,明,works_general,工部,0,1,0,0,0,1,112.597038,26.901617,衡陽,0,0,0,0,0,23,1.0,0.0001289558860135651,0.0,0.05106470794635804,1.5173807213961439,-0.381018187119512,-0.15247069472655322,-0.781935749319257,-1.3753846444635367
67971,張泰,Zhang Tai,1446,cluster2_yuan_ming,明,works_general,工部,0,1,0,0,0,1,113.253921,22.84786,順德,0,0,0,0,0,7,0.7619047619047619,2.658950290890521e-05,5.632752061442905e-06,-0.30907044920360804,0.9325946935948635,-0.387096477446485,-0.1482246741653948,-0.6352166223984398,-2.5156932153006766
67990,樊瑩,Fan Ying,1434,cluster2_yuan_ming,明,works_general,工部,0,1,0,0,0,1,118.502663,28.903732,常山,0,0,0,0,0,0,0.0,7.067932822769843e-42,0.0,-0.4666295804567182,-0.9387205953692331,-0.3886753035554917,-0.15247069472655322,0.5371243327984734,-0.812196250511556
67993,高銓,Gao Quan,1443,cluster2_yuan_ming,明,works_general,工部,0,1,0,0,0,1,119.437187,32.39127,江都,0,0,0,0,0,23,1.0,0.0001289558860135651,0.0,0.05106470794635804,1.5173807213961439,-0.381018187119512,-0.15247069472655322,0.7458563982751986,0.16883676960292385
68004,馬中錫,Ma Zhongxi,1446,cluster2_yuan_ming,明,works_general,工部,0,1,0,0,0,1,116.124138,37.380794,故城,0,0,0,0,0,12,0.4696969696969697,8.770825366443555e-05,4.300645991515636e-05,-0.19652821259424366,0.21490275038420156,-0.3834673806644468,-0.12005202778178235,0.005865171944360694,1.5723735335474849
68016,洪鍾,Hong Zhong,1443,cluster2_yuan_ming,明,works_general,工部,0,1,0,0,0,1,120.168625,30.294125,錢塘,0,0,0,0,0,48,0.45567375886524825,0.0007284225149170385,0.00038874331423122355,0.6137758909931801,0.18046032379513194,-0.3454231792536806,0.14056760826166936,0.9092278734948482,-0.4210832521912416
68050,王鑾,Wang Luan,1473,cluster2_yuan_ming,明,hydraulic,水利/河道,0,1,0,0,0,1,114.362829,25.399312,大庾,0,0,1,0,0,8,0.7857142857142857,6.490840856068333e-05,1.9854171211152048e-06,-0.2865620018817352,0.9910732963749915,-0.3848211852411791,-0.15097406895166127,-0.38753474663744797,-1.797978121949112
68054,劉天麒,Liu Tianqi,1472,cluster2_yuan_ming,明,hydraulic,水利/河道,0,1,0,0,0,1,110.286262,25.28006,臨桂,0,0,1,0,0,4,1.0,6.501190398271134e-05,0.0,-0.3765957911692267,1.5173807213961439,-0.384815039911008,-0.15247069472655322,-1.2980627266189817,-1.8315233190809257
68069,張欽,Zhang Qin,1481,cluster2_yuan_ming,明,works_general,工部,0,1,0,0,0,1,116.65880585,39.905921936,通州,0,0,0,0,0,21,1.0,3.684999342629873e-05,0.0,0.006047813302612277,1.5173807213961439,-0.3864872321222841,-0.15247069472655322,0.12528674343369478,2.282683753889033
68083,汪俊,Wang Jun,1463,cluster2_yuan_ming,明,works_general,工部,0,1,0,0,0,1,117.421311,28.401876,弋陽,0,0,0,0,0,80,0.3158227848101266,0.000788602181704827,0.0016958038526883102,1.3340462052931121,-0.1630278377325729,-0.3418498432089491,1.12584192185287,0.2955972703930268,-0.9533667000787214
68091,何遵,He Zun,1486,cluster2_yuan_ming,明,construction,将作/营缮,0,1,0,0,0,1,118.76899,32.052563,江寧,0,0,0,0,1,44,0.46511627906976744,0.00038483459897256433,0.00021678435569125488,0.5237421017056886,0.2036521101030352,-0.36582467281641484,0.010943356089444585,0.5966102152393962,0.07355959953512392
68165,汪一中,Wang Yizhong,1498,cluster2_yuan_ming,明,hydraulic,水利/河道,0,1,0,0,0,1,118.433945,29.86577,歙縣,0,0,1,0,0,28,0.8518518518518519,0.00017526512703196,1.1282546565187191e-05,0.16360694455572244,1.153513859653125,-0.3782684464019585,-0.14396580685372531,0.521775716737858,-0.541578111123571
68195,鮑象賢,Bao Xiangxian,1505,cluster2_yuan_ming,明,works_general,工部,0,1,0,0,0,1,118.433945,29.86577,歙縣,0,0,0,0,0,41,0.5195121951219512,8.910941392221273e-05,4.554209429796804e-05,0.4562167597400699,0.33725399114546273,-0.3833841828549405,-0.11814064314997935,0.521775716737858,-0.541578111123571
68196,姚鏌,Yao Mo,1465,cluster2_yuan_ming,明,works_general,工部,0,1,0,0,0,1,121.444199,29.979195,慈溪,0,0,0,0,0,71,0.2627766599597586,0.0023530026429280097,0.006541501281195366,1.1314701793962563,-0.2933144948268624,-0.24895919002212102,4.778573426836398,1.1941356936133336,-0.5096720300123445
68197,秦金,Qin Jin,1467,cluster2_yuan_ming,明,works_general,工部,0,1,0,0,0,1,120.297668,31.574614,無錫,0,0,0,0,0,90,0.32384519350811486,0.0002164270347332898,0.0007140285688385824,1.559130678511841,-0.14332398916581393,-0.3758243429977682,0.38577063943337886,0.938050474011595,-0.06088588921100437
68200,張嵿,Zhang Ding,1458,cluster2_yuan_ming,明,works_general,工部,0,1,0,0,0,1,120.258934,30.161488,蕭山,0,0,0,0,0,33,0.4564393939393939,0.00015962862814222843,0.00017035187796746306,0.27614918116508685,0.18234080110890288,-0.37919690726055894,-0.024057874742335828,0.9293989810331625,-0.4583936059963978
68201,席書,Xi Shu,1461,cluster2_yuan_ming,明,hydraulic,水利/河道,0,1,0,0,0,1,105.812285,30.194462,遂寧,0,0,1,0,0,60,0.39887005649717516,0.0007457177938998905,0.000599496260061089,0.8838772588556546,0.04094467561175908,-0.3443962236872591,0.29943512658255983,-2.2973548369397054,-0.4491181277635419
68203,趙璜,Zhao Huang,1463,cluster2_yuan_ming,明,hydraulic,水利/河道,0,1,0,0,0,1,114.608452,27.382462,安福,0,0,1,0,0,23,0.4505928853754941,5.7889639342604955e-05,0.00026516334918919146,0.05106470794635804,0.16798118372662843,-0.3852379442957789,0.047411888501248854,-0.33267323840588964,-1.2401245203998144
68216,趙貞吉,Zhao Zhenji,1514,cluster2_yuan_ming,明,works_general,工部,0,1,0,0,0,1,105.053894,29.580755,內江,0,0,0,0,0,125,0.29238709677419356,0.0002899463772433699,0.001972277275000891,2.346926334777392,-0.22058826197693063,-0.3714589263944722,1.33425014272747,-2.466746441509476,-0.6217518973957005
68228,趙珽,Zhao Ting,1579,cluster2_yuan_ming,明,works_general,工部,0,1,0,0,0,1,121.444199,29.979195,慈溪,0,0,0,0,0,0,0.0,7.067932822769843e-42,0.0,-0.4666295804567182,-0.9387205953692331,-0.3886753035554917,-0.15247069472655322,1.1941356936133336,-0.5096720300123445
68239,邢珣,Xing Xun,1462,cluster2_yuan_ming,明,works_general,工部,0,1,0,0,0,1,118.483437,31.555685,當塗,0,0,0,0,0,24,0.7210144927536232,4.984069954183898e-05,1.4357821261201608e-06,0.07357315526823092,0.832164049689861,-0.3857158726102272,-0.15138838889055156,0.5328300795841566,-0.0662105549315634
68240,蔣瑤,Jiang Yao,1469,cluster2_yuan_ming,明,works_general,工部,0,1,0,0,0,1,120.099312,30.864964,歸安,0,0,0,0,0,40,0.558974358974359,0.00017985348392676598,4.2044913770761144e-05,0.433708312418197,0.4341770637457725,-0.37799599987718596,-0.12077685015192567,0.8937463602812871,-0.2605081105959014
68242,胡世寧,Hu Shining,1470,cluster2_yuan_ming,明,works_general,工部,0,1,0,0,0,1,120.168625,30.294125,仁和,0,0,0,0,0,37,0.34384384384384387,0.00010572644033809369,0.00014291055628273616,0.36618297045257836,-0.09420527774269956,-0.38239750043183063,-0.04474339663780258,0.9092278734948482,-0.4210832521912416
68244,胡瓚,Hu Zan,1471,cluster2_yuan_ming,明,works_general,工部,0,1,0,0,0,1,114.723068,36.701031,永年,0,0,0,0,0,35,0.5764705882352941,0.00010261124545757839,1.3786904536174277e-05,0.3211660758088326,0.47714957547198406,-0.382582473841407,-0.14207799867020868,-0.30707300297407625,1.381158427403242
68251,李承勛,Li Chengxun,1473,cluster2_yuan_ming,明,works_general,工部,0,1,0,0,0,1,113.895576,29.975599,嘉魚,0,0,0,0,0,9,0.8055555555555556,2.114445189222452e-05,1.8279521647461464e-07,-0.2640535545598623,1.0398054653584317,-0.3874197925810124,-0.1523329020030024,-0.49189876916677466,-0.5106835730379211
68253,詹榮,Zhan Rong,1500,cluster2_yuan_ming,明,works_general,工部,0,1,0,0,0,1,118.18219,26.171848,尤溪,0,0,0,0,0,41,0.6878048780487804,7.419035534822798e-05,8.92044446345988e-06,0.4562167597400699,0.750597871284026,-0.38427004368803336,-0.14574638124828168,0.4655445860830105,-1.5806662746725626
68255,劉天和,Liu Tianhe,1485,cluster2_yuan_ming,明,works_general,工部,0,1,0,0,0,1,115.030968,31.180918,麻城,0,0,0,0,0,77,0.37764866712235134,0.00023657815999821757,0.0007535673799683689,1.2665208633274936,-0.011177206775336474,-0.37462781357022945,0.415575360676129,-0.2383015182820997,-0.17163128492769408
68257,王以旂,Wang Yiqi,1486,cluster2_yuan_ming,明,works_general,工部,0,1,0,0,0,1,118.76899,32.052563,江寧,0,0,0,0,0,48,0.4769503546099291,9.824219158617834e-05,7.199962741069405e-05,0.6137758909931801,0.23271779861992714,-0.3828418986357499,-0.09819671017214703,0.5966102152393962,0.07355959953512392
68258,黃綰,Huang Wan,1480,cluster2_yuan_ming,明,construction,将作/营缮,0,0,1,0,0,1,121.258354,28.642613,黃巖,0,0,0,0,1,117,0.24196875921013852,0.0008382608391297819,0.005520521597074055,2.1668587562024086,-0.3444208072571275,-0.33890122152356666,4.008949505169656,1.152625993799822,-0.8856481702266311
68261,范鏓,Fan Zong,1487,cluster2_yuan_ming,明,works_general,工部,0,1,0,0,0,1,117.124092,28.964994,樂平,0,0,0,0,0,9,1.0,1.2923841173861183e-05,0.0,-0.2640535545598623,1.5173807213961439,-0.38790791433637567,-0.15247069472655322,0.2292114571138315,-0.7949634505024227
68264,王瓊,Wang Qiong,1459,cluster2_yuan_ming,明,hydraulic,水利/河道,0,1,0,0,0,1,112.56482697,37.873748779,太原,0,0,1,0,0,43,0.4839424141749723,0.0007154694620893071,0.00039573074534722817,0.5012336543838156,0.24989100532453176,-0.3461923029964534,0.14583479841394348,-0.7891302941603019,1.7110400987927203
68267,彭澤,Peng Ze,1459,cluster2_yuan_ming,明,works_general,工部,0,1,0,0,0,1,112.97813416,28.198198318,長沙府,0,0,0,0,0,59,0.4120397428404442,0.0007527439722049143,0.0017817072964930165,0.8613688115337816,0.07329075958084917,-0.34397902469739783,1.1905967317025448,-0.6968154221558578,-1.0106605651211606
68273,陶琰,Tao Yan,1449,cluster2_yuan_ming,明,works_general,工部,0,1,0,0,0,1,111.21614838,35.616409302,絳州,0,0,0,0,0,12,0.45454545454545453,2.4199636691696032e-05,5.495049551725784e-06,-0.19652821259424366,0.17768909406957453,-0.38723838243785286,-0.1483284755898502,-1.0903665039900512,1.07605789514506
68276,李充嗣,Li Chongsi,1462,cluster2_yuan_ming,明,works_general,工部,0,1,0,0,0,1,105.053894,29.580755,內江,0,0,0,0,0,29,0.6477832512315271,0.00015020001449147718,1.1989253812188101e-05,0.18611539187759532,0.6523007009590777,-0.37975675756895105,-0.14343308439962943,-2.466746441509476,-0.6217518973957005
68281,王軏,Wang Yue,1469,cluster2_yuan_ming,明,works_general,工部,1,1,0,0,0,1,0.0,0.0,開平衛,0,0,0,0,0,21,0.8761904761904762,0.00012098852342517797,2.8816029006887153e-05,0.006047813302612277,1.213291986939478,-0.38149127155879486,-0.13074890574675607,-25.931222774908115,-8.942721422291637
68282,毛伯溫,Mao Bowen,1482,cluster2_yuan_ming,明,works_general,工部,0,1,0,0,0,1,115.132248,27.214367,吉水,0,0,0,0,0,68,0.37181738366988587,0.00021524420236953445,0.00026531071183872413,1.0639448374306375,-0.025499429741369078,-0.37589457697787954,0.04752297182837514,-0.21567996592872687,-1.2874090935044358
68287,宋景,Song Jing,1484,cluster2_yuan_ming,明,works_general,工部,1,1,0,0,0,1,115.377151,28.70723,奉新,0,0,0,0,0,48,0.5212765957446809,0.00014470401705997762,2.8429173157702564e-05,0.6137758909931801,0.3415875378382507,-0.3800830977893611,-0.1310405212611484,-0.16097927442006013,-0.867471619702813
68290,胡松,Hu Song,1490,cluster2_yuan_ming,明,works_general,工部,0,1,0,0,0,1,118.58410645,30.077772141,績溪,0,0,0,0,0,49,0.48299319727891155,0.000161982381910692,0.0003128280223917243,0.6362843383150529,0.24755963245622098,-0.3790571465468459,0.08334195967271228,0.5553152615900822,-0.48194260302130365
68293,劉訒,Liu Ren,1484,cluster2_yuan_ming,明,works_general,工部,0,1,0,0,0,1,114.195343,34.107433,鄢陵,0,0,0,0,0,15,1.0,5.6224155139013685e-05,0.0,-0.129002870628625,1.5173807213961439,-0.3853368370789113,-0.15247069472655322,-0.42494384337379415,0.6515878022508058
68295,孫應奎,Sun Yingkui,1507,cluster2_yuan_ming,明,works_general,工部,0,1,0,0,0,1,120.618622,31.31271,長洲,0,0,0,0,0,39,0.5060728744939271,0.0001042205645264477,7.667773856168572e-05,0.4111998650963241,0.3042456580545406,-0.38248691602024887,-0.09467030675196757,1.0097376552322135,-0.1345586268557452
68296,孫應奎,Sun Yingkui,1499,cluster2_yuan_ming,明,hydraulic,水利/河道,0,1,0,0,0,1,121.152763,30.049067,餘姚,0,0,1,0,0,64,0.4126984126984127,0.0007425289995736878,0.002329106655036897,0.9739110481431461,0.0749085194863192,-0.34458556726978895,1.6032314271744508,1.1290415513181373,-0.4900172651950324
68297,方鈍,Fang Dun,1487,cluster2_yuan_ming,明,hydraulic,水利/河道,0,1,0,0,0,1,113.097656,29.37126,巴陵,0,0,1,0,0,3,1.0,6.6710361970970785e-06,0.0,-0.3991042384910996,1.5173807213961439,-0.3882791921216605,-0.15247069472655322,-0.6701194351798361,-0.6806821549438286
68303,潘恩,Pan En,1496,cluster2_yuan_ming,明,works_general,工部,0,1,0,0,0,1,121.486763,31.224427,上海,0,0,0,0,0,96,0.37894736842105264,0.0003130822698103787,0.0008908532588003114,1.6941813624430784,-0.007987464805511308,-0.37008516805964703,0.5190627249198533,1.2036426422149225,-0.1593923456897098
68307,劉心,Liu Que,1514,cluster2_yuan_ming,明,works_general,工部,1,1,0,0,0,1,114.779678,26.461771,萬安,0,0,0,0,0,13,1.0,1.9697432347082284e-05,0.0,-0.17401976527237079,1.5173807213961439,-0.38750571341397944,-0.15247069472655322,-0.2944287881367486,-1.4991118840707545
68313,歐陽鐸,Ouyang Duo,1487,cluster2_yuan_ming,明,works_general,工部,0,1,0,0,0,1,114.89487457,26.792102814,泰和,0,0,0,0,0,81,0.3709876543209877,0.0002827969501097704,0.0004682260003860891,1.356554652614985,-0.0275373290877568,-0.3718834436282708,0.20048239165499504,-0.26869887858714564,-1.406190626401787
68317,陶諧,Tao Xie,1474,cluster2_yuan_ming,明,works_general,工部,0,1,0,0,0,1,120.578262,30.004515,會稽,0,0,0,0,0,42,0.5435540069686411,0.00014352782954850734,7.093442674807615e-05,0.47872520706194277,0.3963031168795431,-0.38015293721278165,-0.09899966827608965,1.0007229844879177,-0.5025495969179097
68318,譚大初,Tan Dachu,1504,cluster2_yuan_ming,明,works_general,工部,0,1,0,0,0,1,114.063148,24.945763,始興,0,0,0,0,0,11,1.0,3.1443526676962036e-05,0.0,-0.21903665991611654,1.5173807213961439,-0.38680825620801346,-0.15247069472655322,-0.4544704637663094,-1.925559970588439
68319,潘旦,Pan Dan,1476,cluster2_yuan_ming,明,works_general,工部,0,1,0,0,0,1,117.844589,29.244728,婺源,0,0,0,0,0,69,0.3734015345268542,0.00021016751061121334,0.0003489120652259148,1.0864532847525106,-0.021608594735614148,-0.37619601975110006,0.11054244464567343,0.3901391882152088,-0.7162751922386555
68320,廖紀,Liao Ji,1469,cluster2_yuan_ming,明,works_general,工部,0,1,0,0,0,1,116.532822,37.884556,東光,0,0,0,0,0,10,0.6888888888888889,1.500228859824431e-05,1.0392317423150453e-06,-0.24154510723798941,0.7532603117358043,-0.38778450070690484,-0.1516873122347366,0.09714742413615993,1.7140801346738133
68321,廖紀,Liao Ji,1474,cluster2_yuan_ming,明,hydraulic,水利/河道,0,1,0,0,0,1,115.934936,30.079201,黃梅,0,0,1,0,0,4,1.0,6.501190398271134e-05,0.0,-0.3765957911692267,1.5173807213961439,-0.384815039911008,-0.15247069472655322,-0.03639433583963344,-0.4815406696631328
68323,陶大順,Tao Dashun,1525,cluster2_yuan_ming,明,hydraulic,水利/河道,1,1,0,0,0,1,120.578262,30.004515,會稽,0,0,1,0,0,55,0.5777777777777777,0.0001385435011634326,7.25222558418644e-05,0.7713350222462901,0.4803601654285401,-0.38044889565236506,-0.09780274803065933,1.0007229844879177,-0.5025495969179097
68325,李中,Li Zhong,1478,cluster2_yuan_ming,明,works_general,工部,0,1,0,0,0,1,115.132248,27.214367,吉水,0,0,0,0,0,31,0.6473118279569893,9.241463060778306e-05,9.231597781252983e-06,0.2311322865213411,0.6511428376337314,-0.3831879263691769,-0.14551183100168627,-0.21567996592872687,-1.2874090935044358
68337,朱裳,Zhu Chang,1482,cluster2_yuan_ming,明,hydraulic,水利/河道,0,1,0,0,0,1,114.351807,36.884628,沙河,0,0,1,0,0,15,1.0,5.6224155139013685e-05,0.0,-0.129002870628625,1.5173807213961439,-0.3853368370789113,-0.15247069472655322,-0.38999658263704434,1.4328036623494869
68347,曾鈞,Zeng Jun,1507,cluster2_yuan_ming,明,works_general,工部,0,1,0,0,0,1,116.259071,28.364485,進賢,0,0,0,0,0,12,0.6818181818181818,2.8137915779928004e-05,3.59380497354775e-06,-0.19652821259424366,0.7358939387889782,-0.3870045361011854,-0.1497616513239632,0.036003342596983685,-0.9638846659489437
68349,周用,Zhou Yong,1476,cluster2_yuan_ming,明,works_general,工部,0,1,0,0,0,1,120.637787,31.167065,吳江,0,0,0,0,0,80,0.320253164556962,0.00018610061831852547,0.0004847570023234884,1.3340462052931121,-0.15214637620259977,-0.377625058798747,0.21294361369301365,1.0140182836963958,-0.17552808846865717
68354,楊守謙,Yang Shouqian,1505,cluster2_yuan_ming,明,works_general,工部,0,1,0,0,0,1,112.97813416,28.198198318,長沙府,0,0,0,0,0,9,0.7777777777777778,2.289808316159966e-05,3.300865852798082e-06,-0.2640535545598623,0.9715804287816157,-0.387315665819292,-0.14998247154049377,-0.6968154221558578,-1.0106605651211606
68366,劉安,Liu An,1496,cluster2_yuan_ming,明,works_general,工部,0,1,0,0,0,1,121.444199,29.979195,慈溪,0,0,0,0,0,0,0.0,7.067932822769843e-42,0.0,-0.4666295804567182,-0.9387205953692331,-0.3886753035554917,-0.15247069472655322,1.1941356936133336,-0.5096720300123445
68395,邵經邦,Shao Jingbang,1491,cluster2_yuan_ming,明,works_general,工部,0,1,0,0,0,1,120.168625,30.294125,仁和,0,0,0,0,0,9,0.3055555555555556,7.322805822223668e-05,0.0002226209736159274,-0.2640535545598623,-0.18824519302425677,-0.38432718277154093,0.015343052622410189,0.9092278734948482,-0.4210832521912416
68418,聶賢,Nie Xian,1477,cluster2_yuan_ming,明,works_general,工部,0,1,0,0,0,1,112.58925629,31.169826508,長壽,0,0,0,0,0,5,1.0,1.5912474552001542e-05,0.0,-0.3540873438473538,1.5173807213961439,-0.38773045587000937,-0.15247069472655322,-0.7836738452924387,-0.17475128531029466
68422,湯沐,Tang Mu,1460,cluster2_yuan_ming,明,works_general,工部,0,1,0,0,0,1,120.26609,31.90877,江陰,0,0,0,0,0,66,0.34545454545454546,0.00018417516412953588,0.0006168480249730464,1.0189279427868918,-0.09024923139573926,-0.37773938802692736,0.3125150473361968,0.9309973205734562,0.03311109945818705
68454,周思兼,Zhou Sijian,1517,cluster2_yuan_ming,明,works_general,工部,0,1,0,0,0,1,121.227638,31.009476,華亭,0,0,0,0,0,71,0.34285714285714286,0.005936179310186562,0.012482222377808196,1.1314701793962563,-0.0966287153353896,-0.036198052860858095,9.256743892920086,1.1457653737160332,-0.2198573581731944
68456,楊最,Yang Zui,1487,cluster2_yuan_ming,明,hydraulic,水利/河道,0,1,0,0,0,1,105.276024,30.989159,射洪,0,0,1,0,0,20,0.6894736842105263,5.2228315065742114e-05,2.715350326089457e-05,-0.016460634019260605,0.7546966282953163,-0.3855741012600699,-0.13200213301895583,-2.4171322489319214,-0.2255724637490088
68467,樊深,Fan Shen,1513,cluster2_yuan_ming,明,works_general,工部,0,1,0,0,0,1,113.296387,40.092838,大同,0,0,0,0,0,0,0.0,7.067932822769843e-42,0.0,-0.4666295804567182,-0.9387205953692331,-0.3886753035554917,-0.15247069472655322,-0.6257315627396909,2.3352626306708295
68483,劉魁,Liu Kui,1487,cluster2_yuan_ming,明,works_general,工部,0,1,0,1,0,1,114.89487457,26.792102814,泰和,0,0,0,0,0,56,0.4876623376623377,0.0007201255310457421,0.0005618750723685436,0.793843469568163,0.25902751430011633,-0.34591583587862346,0.27107592760925586,-0.26869887858714564,-1.406190626401787
68502,趙錦,Zhao Jin,1516,cluster2_yuan_ming,明,works_general,工部,0,1,0,0,0,1,121.152763,30.049067,餘姚,0,0,0,0,0,119,0.31533969520011396,0.0008768312014545985,0.003550964436457257,2.2118756508461543,-0.16421435475984061,-0.33661099837494685,2.524279115077345,1.1290415513181373,-0.4900172651950324
68511,馬從謙,Ma Congqian,1495,cluster2_yuan_ming,明,hydraulic,水利/河道,0,1,0,0,0,1,119.486,31.430706,溧陽,0,0,1,0,0,0,0.0,7.067932822769843e-42,0.0,-0.4666295804567182,-0.9387205953692331,-0.3886753035554917,-0.15247069472655322,0.7567591020175503,-0.10136673841139571
68548,徐陟,Xu Zhi,1513,cluster2_yuan_ming,明,works_general,工部,0,1,0,0,0,1,121.227638,31.009476,華亭,0,0,0,0,0,34,0.5882352941176471,0.00011603652794986331,5.014758379197301e-05,0.29865762848695976,0.5060448850809887,-0.3817853101414226,-0.11466898260599745,1.1457653737160332,-0.2198573581731944
68617,王龍詔,Wang Longzhao,1860,cluster3_qing_after,清,works_general,工部,0,1,0,0,0,1,111.47493744,27.249315262,邵陽,0,0,0,0,0,0,0.0,7.067932822769843e-42,0.0,-0.4666295804567182,-0.9387205953692331,-0.3886753035554917,-0.15247069472655322,-1.032564269893784,-1.277578261835329
68715,馮堉,Feng Yu,1740,cluster3_qing_after,清,construction,将作/营缮,0,1,0,0,0,1,120.29766846,31.574613571,無錫,0,0,0,0,1,0,0.0,7.067932822769843e-42,0.0,-0.4666295804567182,-0.9387205953692331,-0.3886753035554917,-0.15247069472655322,0.9380505767556113,-0.06088600988729968
68800,孫濬,Sun Jun,1842,cluster3_qing_after,清,works_general,工部,0,1,0,0,0,1,107.90213776,26.895835876,黃平州,0,0,0,0,0,0,0.0,7.067932822769843e-42,0.0,-0.4666295804567182,-0.9387205953692331,-0.3886753035554917,-0.15247069472655322,-1.8305725144557068,-1.377010855715537
68823,董傳策,Dong Chuance,1520,cluster2_yuan_ming,明,works_general,工部,0,1,0,0,0,1,121.227638,31.009476,華亭,0,0,0,0,0,70,0.48198757763975153,0.0001887634780350595,0.00012219260492399926,1.1089617320743834,0.24508972873631496,-0.3774669440547637,-0.060360779844927506,1.1457653737160332,-0.2198573581731944
68847,鄒應龍,Zou Yinglong,1526,cluster2_yuan_ming,明,works_general,工部,0,1,0,0,0,1,108.906976,34.246423,長安,0,0,0,0,0,18,0.7908496732026143,5.713647532424067e-05,1.8175829185323435e-06,-0.06147752866300637,1.003686328347176,-0.3852826655160526,-0.15110058392467252,-1.6061353022437168,0.6906852341542608
68851,張檟,Zhang Jia,1529,cluster2_yuan_ming,明,works_general,工部,0,1,0,0,0,1,116.91423,27.296833,新城,0,0,0,0,0,34,0.6755793226381461,0.00010905268506942167,1.9057801280041525e-05,0.29865762848695976,0.720570668541779,-0.38219999534703236,-0.13810474799166378,0.18233740280909788,-1.2642116777238017
69103,王以銜,Wang Yixian,1761,cluster3_qing_after,清,works_general,工部,0,1,0,0,0,1,120.09931183,30.864963531,歸安,0,0,0,0,0,0,0.0,7.067932822769843e-42,0.0,-0.4666295804567182,-0.9387205953692331,-0.3886753035554917,-0.15247069472655322,0.8937463223106735,-0.2605082425240657
69113,馬森,Ma Sen,1507,cluster2_yuan_ming,明,works_general,工部,0,1,0,0,0,1,119.22961426,26.093738556,懷安,0,0,0,0,0,82,0.4480578139114724,0.00023444384164512228,0.0002888341373855648,1.379063099936858,0.16175479136575052,-0.37475454469236974,0.0652551474063605,0.6994936652080316,-1.6026382055151174
69142,靳學顏,Jin Xueyan,1515,cluster2_yuan_ming,明,works_general,工部,0,1,0,0,0,1,116.5778656,35.410430908,濟寧州,0,0,0,0,0,51,0.4815686274509804,0.00012865176342495961,0.00023178537835604062,0.6813012329587987,0.24406074462601507,-0.3810362452488751,0.02225126561187568,0.10720820766286163,1.018116847350269
69145,毛愷,Mao Kai,1506,cluster2_yuan_ming,明,hydraulic,水利/河道,0,1,0,0,0,1,118.615936,28.735312,江山,0,0,1,0,0,28,0.6957671957671958,6.0925484877893665e-05,0.0012570236010128008,0.16360694455572244,0.7701541303167303,-0.38505768247552424,0.7950853129835589,0.5624246003707847,-0.859572245052026
69148,王廷,Wang Ting,1526,cluster2_yuan_ming,明,works_general,工部,0,1,0,0,0,1,106.080727,30.798986,南充,0,0,0,0,0,43,0.5437430786267996,0.00011205115927397433,0.00011525118866562666,0.5012336543838156,0.39676749602810923,-0.38202195255407195,-0.06559328357225461,-2.237396555375292,-0.27906750596338253
69164,克什布,Keshenbu,1827,cluster3_qing_after,清,hydraulic,水利/河道,0,0,1,0,0,0,,,,0,0,1,0,0,0,0.0,7.067932822769843e-42,0.0,-0.4666295804567182,-0.9387205953692331,-0.3886753035554917,-0.15247069472655322,-3.174087617753835e-15,-1.9987334503111837e-15
69196,駱問禮,Luo Wenli,1529,cluster2_yuan_ming,明,works_general,工部,0,1,0,0,0,1,120.227661,29.713137,諸暨,0,0,0,0,0,50,0.3689795918367347,0.00010833042074069463,0.0006316474171895903,0.6587927856369258,-0.032469333999477754,-0.38224288181180405,0.32367096596329786,0.9224139513456924,-0.5845132742555956
69261,汪文輝,Wang Wenhui,1534,cluster2_yuan_ming,明,works_general,工部,0,1,0,0,0,1,117.844589,29.244728,婺源,0,0,0,0,0,2,1.0,4.537086817330176e-06,0.0,-0.42161268581297245,1.5173807213961439,-0.3884059013349774,-0.15247069472655322,0.3901391882152088,-0.7162751922386555
69316,牛稔文,Niu Renwen,1744,cluster3_qing_after,清,works_general,工部,0,1,0,0,0,1,117.18782043,39.13697052,天津,0,0,0,0,0,0,0.0,7.067932822769843e-42,0.0,-0.4666295804567182,-0.9387205953692331,-0.3886753035554917,-0.15247069472655322,0.2434456199855057,2.0663802383546397
69355,王克莊,Wang Kezhuang,1668,cluster3_qing_after,清,hydraulic,水利/河道,0,1,0,0,0,1,116.36800385,39.931427002,宛平,0,0,1,0,0,0,0.0,7.067932822769843e-42,0.0,-0.4666295804567182,-0.9387205953692331,-0.3886753035554917,-0.15247069472655322,0.060334209197267744,2.289858245443304
69429,王楚堂,Wang Chutang,1770,cluster3_qing_after,清,hydraulic,水利/河道,0,1,0,0,0,1,120.16862488,30.294124603,仁和,0,0,1,0,0,0,0.0,7.067932822769843e-42,0.0,-0.4666295804567182,-0.9387205953692331,-0.3886753035554917,-0.15247069472655322,0.9092278466920588,-0.4210833638660419
69478,覺羅蘇庫,Jueluo Suku,1653,cluster3_qing_after,清,works_general,工部,0,0,1,0,0,0,,,,0,0,0,0,0,0,0.0,7.067932822769843e-42,0.0,-0.4666295804567182,-0.9387205953692331,-0.3886753035554917,-0.15247069472655322,-3.174087617753835e-15,-1.9987334503111837e-15
71875,王思任,Wang Siren,1575,cluster2_yuan_ming,明,works_general,工部,0,1,0,0,0,1,120.578262,30.004515,山陰,0,0,0,0,0,30,0.6804597701149425,0.00012204906516747612,4.54433092779381e-05,0.2086238391994682,0.7325575420159429,-0.38142829892639296,-0.11821510821103764,1.0007229844879177,-0.5025495969179097
72325,毛永柏,Mao Yongbai,1792,cluster3_qing_after,清,hydraulic,水利/河道,0,0,0,0,0,1,120.618622,31.31271,吳縣,0,0,1,0,0,0,0.0,7.067932822769843e-42,0.0,-0.4666295804567182,-0.9387205953692331,-0.3886753035554917,-0.15247069472655322,1.0097376552322135,-0.1345586268557452
72944,龍燮,Long Xie,1640,cluster2_yuan_ming,清,works_general,工部,0,1,0,0,0,1,116.67433167,30.123537064,望江,0,0,0,0,0,0,0.0,7.067932822769843e-42,0.0,-0.4666295804567182,-0.9387205953692331,-0.3886753035554917,-0.15247069472655322,0.12875453717341837,-0.46906908003001385
73713,成善,Chengshan,1818,cluster3_qing_after,清,construction,将作/营缮,0,0,0,0,0,0,,,,0,0,0,0,1,0,0.0,7.067932822769843e-42,0.0,-0.4666295804567182,-0.9387205953692331,-0.3886753035554917,-0.15247069472655322,-3.174087617753835e-15,-1.9987334503111837e-15
74032,朱日爃,Zhu Rirong,1584,cluster2_yuan_ming,清,works_general,工部,0,1,0,0,0,1,120.94823456,31.386108398,崑山,0,0,0,0,0,0,0.0,7.067932822769843e-42,0.0,-0.4666295804567182,-0.9387205953692331,-0.3886753035554917,-0.15247069472655322,1.0833587826252729,-0.11391189782755783
74406,伍輔祥,Wu Fuxiang,1807,cluster3_qing_after,清,works_general,工部,0,1,0,0,0,1,106.63931274,29.025259018,綦江,0,0,0,0,0,0,0.0,7.067932822769843e-42,0.0,-0.4666295804567182,-0.9387205953692331,-0.3886753035554917,-0.15247069472655322,-2.1126327662633537,-0.77801109826546
74543,華允誠,Hua Yuncheng,1588,cluster2_yuan_ming,清,hydraulic,水利/河道,0,0,0,0,0,1,120.297668,31.574614,無錫,0,0,1,0,0,17,0.8455882352941176,0.00029040960654627755,2.1377537518332333e-05,-0.08398597598487925,1.1381297827779606,-0.37143142085890835,-0.13635610937650627,0.938050474011595,-0.06088588921100437
74964,劉世寧,Liu Shining,1720,cluster3_qing_after,清,construction,将作/营缮,0,1,0,0,0,1,115.39380646,27.759740829,新淦,0,0,0,0,1,0,0.0,7.067932822769843e-42,0.0,-0.4666295804567182,-0.9387205953692331,-0.3886753035554917,-0.15247069472655322,-0.15725916817638522,-1.1339972211304954
75007,劉光斗,Liu Guangdou,1591,cluster2_yuan_ming,清,works_general,工部,0,1,0,0,0,1,119.95230103,31.782783508,武進,0,0,0,0,0,0,0.0,7.067932822769843e-42,0.0,-0.4666295804567182,-0.9387205953692331,-0.3886753035554917,-0.15247069472655322,0.8609104958028614,-0.002328488222402521
75284,劉維烈,Liu Weilie,1638,cluster2_yuan_ming,清,works_general,工部,0,1,0,0,0,1,119.95230103,31.782783508,武進,0,0,0,0,0,1,0.0,1.1476399351396329e-11,0.0,-0.44412113313484536,-0.9387205953692331,-0.3886753028740484,-0.15247069472655322,0.8609104958028614,-0.002328488222402521
77626,李昌昱,Li Changyu,1716,cluster3_qing_after,清,works_general,工部,0,1,0,0,0,1,121.54265594,29.866315842,鄞縣,0,0,0,0,0,0,0.0,7.067932822769843e-42,0.0,-0.4666295804567182,-0.9387205953692331,-0.3886753035554917,-0.15247069472655322,1.216126696997644,-0.5414245675562284
78082,吳煒,Wu Wei,1685,cluster3_qing_after,清,works_general,工部,0,1,0,0,0,1,120.16862488,30.294124603,仁和,0,0,0,0,0,0,0.0,7.067932822769843e-42,0.0,-0.4666295804567182,-0.9387205953692331,-0.3886753035554917,-0.15247069472655322,0.9092278466920588,-0.4210833638660419
78202,吳一蜚,Wu Yifei,1639,cluster2_yuan_ming,清,works_general,工部,0,1,0,0,0,1,120.618622,31.31271,吳縣,0,0,0,0,0,0,0.0,7.067932822769843e-42,0.0,-0.4666295804567182,-0.9387205953692331,-0.3886753035554917,-0.15247069472655322,1.0097376552322135,-0.1345586268557452
79885,宋宗元,Song Zongyuan,1710,cluster3_qing_after,清,hydraulic,水利/河道,0,1,0,0,0,1,120.618622,31.31271,長洲,0,0,1,0,0,0,0.0,7.067932822769843e-42,0.0,-0.4666295804567182,-0.9387205953692331,-0.3886753035554917,-0.15247069472655322,1.0097376552322135,-0.1345586268557452
79995,張標,Zhang Biao,1619,cluster2_yuan_ming,清,works_general,工部,0,1,0,0,0,1,119.43718719,32.391269684,江都,0,0,0,0,0,0,0.0,7.067932822769843e-42,0.0,-0.4666295804567182,-0.9387205953692331,-0.3886753035554917,-0.15247069472655322,0.7458564407129468,0.16883668071315916
80689,張孟球,Zhang Mengqiu,1661,cluster3_qing_after,清,works_general,工部,0,1,0,0,0,1,120.618622,31.31271,長洲,0,0,0,0,0,0,0.0,7.067932822769843e-42,0.0,-0.4666295804567182,-0.9387205953692331,-0.3886753035554917,-0.15247069472655322,1.0097376552322135,-0.1345586268557452
81491,陳鶴,Chen He,1757,cluster3_qing_after,清,works_general,工部,0,1,0,0,0,1,120.61862183,31.312709808,元和,0,0,0,0,0,10,0.7333333333333333,1.753543432844725e-07,0.00011379829954653272,-0.24154510723798941,0.8624203702587098,-0.3886648914008736,-0.06668848481766074,1.0097376172615966,-0.134558680864716
82232,陳履中,Chen Lvzhong,1692,cluster3_qing_after,清,hydraulic,水利/河道,0,1,0,0,0,1,115.15681458,36.713916779,邱縣,0,0,1,0,0,0,0.0,7.067932822769843e-42,0.0,-0.4666295804567182,-0.9387205953692331,-0.3886753035554917,-0.15247069472655322,-0.21019285913949634,1.384783154843889
83555,周清源,Zhou Qingyuan,1644,cluster3_qing_after,清,works_general,工部,0,0,0,0,0,1,119.95230103,31.782783508,武進,0,0,0,0,0,1,0.0,3.7056323637843556e-36,0.0,-0.44412113313484536,-0.9387205953692331,-0.3886753035554917,-0.15247069472655322,0.8609104958028614,-0.002328488222402521
83928,宜思恭,Yi Sigong,1658,cluster3_qing_after,清,works_general,工部,0,0,1,0,0,1,122.35946655,40.397960663,蓋平,0,0,0,0,0,0,0.0,7.067932822769843e-42,0.0,-0.4666295804567182,-0.9387205953692331,-0.3886753035554917,-0.15247069472655322,1.3985667046685037,2.4210926367061076
85843,袁州佐,Yuan Zhouzuo,1606,cluster2_yuan_ming,清,works_general,工部,0,1,0,0,0,1,120.57826233,30.004514694,會稽,0,0,0,0,0,0,0.0,7.067932822769843e-42,0.0,-0.4666295804567182,-0.9387205953692331,-0.3886753035554917,-0.15247069472655322,1.0007230581955837,-0.5025496829947078
86710,徐棟,Xu Dong,1792,cluster3_qing_after,清,works_general,工部,0,1,0,0,0,1,115.65738678,39.019435883,安肅,0,0,0,0,0,0,0.0,7.067932822769843e-42,0.0,-0.4666295804567182,-0.9387205953692331,-0.3886753035554917,-0.15247069472655322,-0.09838677473050587,2.033318129811545
86775,徐潮,Xu Chao,1647,cluster3_qing_after,清,works_general,工部,0,1,0,0,0,1,120.16862488,30.294124603,錢塘,0,0,0,0,0,1,0.0,3.7056323637843556e-36,0.0,-0.44412113313484536,-0.9387205953692331,-0.3886753035554917,-0.15247069472655322,0.9092278466920588,-0.4210833638660419
86877,徐爾一,Xu Eryi,1570,cluster2_yuan_ming,清,hydraulic,水利/河道,0,1,0,0,0,1,120.97358704,29.952653885,上虞,0,0,1,0,0,0,0.0,7.067932822769843e-42,0.0,-0.4666295804567182,-0.9387205953692331,-0.3886753035554917,-0.15247069472655322,1.0890214253346697,-0.5171379587579686
89950,程文正,Cheng Wenzheng,1661,cluster3_qing_after,清,works_general,工部,0,1,0,0,0,1,119.43718719,32.391269684,江都,0,0,0,0,0,0,0.0,7.067932822769843e-42,0.0,-0.4666295804567182,-0.9387205953692331,-0.3886753035554917,-0.15247069472655322,0.7458564407129468,0.16883668071315916
90290,童槐,Tong Huai,1773,cluster3_qing_after,清,works_general,工部,0,1,0,0,0,1,121.54265594,29.866315842,鄞縣,0,0,0,0,0,3,1.0,1.1668984364370268e-11,0.0,-0.3991042384910996,1.5173807213961439,-0.3886753028626131,-0.15247069472655322,1.216126696997644,-0.5414245675562284
91232,熊一瀟,Xiong Yixiao,1638,cluster2_yuan_ming,清,works_general,工部,0,1,0,0,0,1,115.89772034,28.67489624,南昌,0,0,0,0,0,0,0.0,7.067932822769843e-42,0.0,-0.4666295804567182,-0.9387205953692331,-0.3886753035554917,-0.15247069472655322,-0.04470669761940243,-0.8765670005200132
91233,熊人霖,Xiong Renlin,1614,cluster2_yuan_ming,清,works_general,工部,0,1,0,0,0,1,116.25907135,28.364484787,進賢,0,0,0,0,0,4,1.0,2.154105620639743e-06,0.0,-0.3765957911692267,1.5173807213961439,-0.38854739750899375,-0.15247069472655322,0.036003420771778066,-0.9638847258651463
91350,黎元寬,Li Yuankuan,1596,cluster2_yuan_ming,明,works_general,工部,0,1,0,0,0,1,115.89772034,28.67489624,南昌,0,0,0,0,0,1,0.0,2.0514428145678603e-05,0.0,-0.44412113313484536,-0.9387205953692331,-0.3874572020032099,-0.15247069472655322,-0.04470669761940243,-0.8765670005200132
91958,馬宇,Ma Yu,739,cluster1_song_and_before,唐,construction,将作/营缮,0,0,0,0,0,1,112.804997,34.720623,偃師,0,0,0,0,1,2,1.0,2.1349172749682054e-05,0.0,-0.42161268581297245,1.5173807213961439,-0.3874076367074739,-0.15247069472655322,-0.7354867425473871,0.8240761414757838
92022,王緯,Wang Wei,728,cluster1_song_and_before,唐,works_general,工部,0,0,0,0,0,1,112.56482697,37.873748779,太原,0,0,0,0,0,2,0.0,8.451950102377796e-06,4.304315802458135e-06,-0.42161268581297245,-0.9387205953692331,-0.3881734453771206,-0.1492260616946717,-0.7891302941603019,1.7110400987927203
92079,王涯,Wang Ya,763,cluster1_song_and_before,唐,works_general,工部,1,1,0,0,0,1,112.56482697,37.873748779,太原,0,0,0,0,0,22,0.6753246753246753,0.00023542310436072922,2.9096469594817415e-05,0.028556260624485158,0.7199452289398526,-0.37469639822952405,-0.13053750703977476,-0.7891302941603019,1.7110400987927203
92109,王播,Wang Bo,759,cluster1_song_and_before,唐,works_general,工部,1,1,0,0,0,1,108.907,34.24642,京兆府,0,0,0,0,0,20,0.6368421052631579,0.00010821677045601898,1.4920298076373418e-05,-0.016460634019260605,0.6254281379392437,-0.3822496301153491,-0.14122363614491462,-1.606129941686288,0.6906843902640838
92111,王鎔,Wang Rong,874,cluster1_song_and_before,唐,works_general,工部,0,0,0,0,0,1,114.563645,38.14011,真定,0,0,0,0,0,0,0.0,7.067932822769843e-42,0.0,-0.4666295804567182,-0.9387205953692331,-0.3886753035554917,-0.15247069472655322,-0.3426811757705982,1.7859666381104302
92176,韋純,Wei Chun,760,cluster1_song_and_before,唐,works_general,工部,1,1,0,0,0,1,108.937189,34.317987,萬年,0,0,0,0,0,0,0.0,7.067932822769843e-42,0.0,-0.4666295804567182,-0.9387205953692331,-0.3886753035554917,-0.15247069472655322,-1.5993870305093911,0.7108159530314385
92196,韋蟾,Wei Chan,801,cluster1_song_and_before,唐,works_general,工部,1,1,0,0,0,0,,,,0,0,0,0,0,13,0.6410256410256411,0.001847957551677843,0.00011098262958170421,-0.17401976527237079,0.6357033256342137,-0.27894765498226803,-0.06881096285924446,-3.174087617753835e-15,-1.9987334503111837e-15
92306,盧士玫,Lu Shimei,762,cluster1_song_and_before,唐,works_general,工部,0,1,0,0,0,1,115.968147,39.487221,范陽,0,0,0,0,0,0,0.0,7.067932822769843e-42,0.0,-0.4666295804567182,-0.9387205953692331,-0.3886753035554917,-0.15247069472655322,-0.02897644113971206,2.1649045515494914
92308,盧從愿,Lu Congyuan,674,cluster1_song_and_before,唐,works_general,工部,0,0,0,0,0,1,114.5545,36.24,臨漳,0,0,0,0,0,0,0.0,7.067932822769843e-42,0.0,-0.4666295804567182,-0.9387205953692331,-0.3886753035554917,-0.15247069472655322,-0.3447237715078746,1.2514719166623132
92309,盧文紀,Lu Wenji,876,cluster1_song_and_before,後梁,works_general,工部,0,1,0,0,0,1,108.937189,34.317987,萬年,0,0,0,0,0,0,0.0,7.067932822769843e-42,0.0,-0.4666295804567182,-0.9387205953692331,-0.3886753035554917,-0.15247069472655322,-1.5993870305093911,0.7108159530314385
92311,盧弘正,Lu Hongzheng,787,cluster1_song_and_before,吳(楊),works_general,工部,0,1,0,0,0,1,110.551643,35.097809,蒲州,0,0,0,0,0,5,1.0,7.501709558890614e-06,0.0,-0.3540873438473538,1.5173807213961439,-0.3882298685673184,-0.15247069472655322,-1.238788139483413,0.9301773282513531
92440,馮宿,Feng Su,767,cluster1_song_and_before,唐,works_general,工部,0,1,0,0,0,1,119.649918,29.104712,婺州,0,0,0,0,0,28,0.6640211640211641,0.0005142259091308565,0.0012799647828485201,0.16360694455572244,0.6921826599432263,-0.3581417018539123,0.8123785878710719,0.7933712625493429,-0.7556612345826669
92608,劉太真,Liu Taizhen,725,cluster1_song_and_before,唐,works_general,工部,0,1,0,0,0,1,118.76899,32.052563,上元,0,0,0,0,0,11,0.45454545454545453,2.970025253900973e-05,5.7952975351104805e-06,-0.21903665991611654,0.17768909406957453,-0.3869117679860856,-0.14810214588511772,0.5966102152393962,0.07355959953512392
92700,劉闢,Liu Pi,743,cluster1_song_and_before,唐,works_general,工部,0,1,0,0,0,1,117.187683,34.269634,彭城,0,0,0,0,0,0,0.0,7.067932822769843e-42,0.0,-0.4666295804567182,-0.9387205953692331,-0.3886753035554917,-0.15247069472655322,0.24341492409352491,0.6972144124542192
92702,劉瞻,Liu Zhan,811,cluster1_song_and_before,唐,works_general,工部,0,1,0,0,0,1,112.378121,24.779701,桂陽,0,0,0,0,0,0,0.0,7.067932822769843e-42,0.0,-0.4666295804567182,-0.9387205953692331,-0.3886753035554917,-0.15247069472655322,-0.8308322972709088,-1.9722726674497353
92853,杜羔,Du Gao,758,cluster1_song_and_before,唐,works_general,工部,0,1,0,0,0,1,114.967086,36.320159,洹水,0,0,0,0,0,0,0.0,7.067932822769843e-42,0.0,-0.4666295804567182,-0.9387205953692331,-0.3886753035554917,-0.15247069472655322,-0.25256998202062925,1.274020380896782
92866,李之芳,Li Zhifang,705,cluster1_song_and_before,唐,works_general,工部,0,0,0,0,0,1,108.907,34.24642,京兆府,0,0,0,0,0,10,0.8222222222222222,0.0001525483602621018,2.0419227925894985e-06,-0.24154510723798941,1.0807404873045212,-0.37961731797023646,-0.15093147445428506,-1.606129941686288,0.6906843902640838
92909,李躔,Li Chan,796,cluster1_song_and_before,吳(楊),works_general,工部,0,1,0,0,0,1,108.907,34.24642,京兆府,0,0,0,0,0,0,0.0,7.067932822769843e-42,0.0,-0.4666295804567182,-0.9387205953692331,-0.3886753035554917,-0.15247069472655322,-1.606129941686288,0.6906843902640838
92921,李陽冰,Li Yangbing,707,cluster1_song_and_before,唐,construction,将作/营缮,0,0,0,0,0,1,108.754766,34.59552,雲陽,0,0,0,0,1,9,0.6666666666666666,0.0021296058660007643,0.0001221464918910795,-0.2640535545598623,0.6986802824743514,-0.2622239985177531,-0.06039554027531374,-1.64013240417605,0.7888850772019652
92966,李迥秀,Li Jiongxiu,649,cluster1_song_and_before,唐,construction,将作/营缮,0,1,0,0,0,1,108.837563,34.533337,涇陽,0,0,0,0,1,0,0.0,7.067932822769843e-42,0.0,-0.4666295804567182,-0.9387205953692331,-0.3886753035554917,-0.15247069472655322,-1.6216391511132326,0.7713932029084734
92999,李適,Li Shi,663,cluster1_song_and_before,唐,works_general,工部,0,1,0,0,0,1,108.937189,34.317987,萬年,0,0,0,0,0,51,0.3349019607843137,0.0005508914654196316,0.000969291602745946,0.6813012329587987,-0.11616744849957356,-0.3559645818916363,0.5781902735041708,-1.5993870305093911,0.7108159530314385
93025,李逢吉,Li Fengji,758,cluster1_song_and_before,唐,works_general,工部,1,1,0,0,0,1,104.635605,35.007137,隴西,0,0,0,0,0,31,0.5827956989247312,0.0005150410870674448,0.0003357702498678918,0.2311322865213411,0.4926846881649972,-0.3580932983837842,0.10063602277365888,-2.5601740334559584,0.9046715915397192
93096,李嘉祐,Li Jiayou,716,cluster1_song_and_before,唐,works_general,工部,0,1,0,0,0,1,114.772179,37.752926,趙州,0,0,0,0,0,26,0.41846153846153844,0.00022008846685530047,8.567783578013968e-05,0.11859004991197668,0.08906334026181686,-0.37560693522409183,-0.08788595029083994,-0.29610373897697534,1.6770530466714257
93106,李肇,Li Zhao,773,cluster1_song_and_before,唐,construction,将作/营缮,0,0,0,0,0,0,,,,0,0,0,0,1,0,0.0,7.067932822769843e-42,0.0,-0.4666295804567182,-0.9387205953692331,-0.3886753035554917,-0.15247069472655322,-3.174087617753835e-15,-1.9987334503111837e-15
93159,楊玢,Yang Bin,848,cluster1_song_and_before,唐,works_general,工部,0,0,0,0,0,1,110.865379,34.527512,弘農,0,0,0,0,0,1,0.0,4.215600247375188e-06,0.0,-0.44412113313484536,-0.9387205953692331,-0.38842499049930207,-0.15247069472655322,-1.1687131459097784,0.769754649481337
93164,楊知至,Yang Zhizhi,808,cluster1_song_and_before,唐,works_general,工部,0,1,0,0,0,1,110.865379,34.527512,弘農,0,0,0,0,0,2,1.0,8.538717822294701e-06,0.0,-0.42161268581297245,1.5173807213961439,-0.3881682933010516,-0.15247069472655322,-1.1687131459097784,0.769754649481337
93516,張策,Zhang Ce,849,cluster1_song_and_before,唐,works_general,工部,0,1,0,0,0,1,94.6332,40.1371,燉煌,0,0,0,0,0,0,0.0,7.067932822769843e-42,0.0,-0.4666295804567182,-0.9387205953692331,-0.3886753035554917,-0.15247069472655322,-4.794276801693832,2.347713386343256
93609,陳巖,Chen Yan,849,cluster1_song_and_before,唐,works_general,工部,0,0,0,0,0,1,118.323784,27.038864,建州,0,0,0,0,0,0,0.0,7.067932822769843e-42,0.0,-0.4666295804567182,-0.9387205953692331,-0.3886753035554917,-0.15247069472655322,0.497170534778936,-1.3367775127529573
93797,周墀,Zhou Chi,793,cluster1_song_and_before,吳(楊),works_general,工部,1,1,0,0,0,1,114.217966,32.99333,汝南,0,0,0,0,0,12,0.5303030303030303,0.0018334732484466298,0.00037403595480852006,-0.19652821259424366,0.3637573756427091,-0.27980770100082486,0.1294810648051216,-0.4198908479266124,0.33819427627098764
93853,鄭絪,Zheng Yin,752,cluster1_song_and_before,唐,works_general,工部,1,1,0,0,0,1,113.34937,34.71853,榮陽,0,0,0,0,0,14,0.6483516483516484,0.00016250215152799176,7.036794296218245e-06,-0.15151131795049788,0.6536967418742531,-0.37902628377196546,-0.14716629415282528,-0.61389746214393,0.823487387428917
93887,鄭儋,Zheng Dan,749,cluster1_song_and_before,唐,works_general,工部,0,1,0,0,0,1,113.34937,34.71853,榮陽,0,0,0,0,0,0,0.0,7.067932822769843e-42,0.0,-0.4666295804567182,-0.9387205953692331,-0.3886753035554917,-0.15247069472655322,-0.61389746214393,0.823487387428917
93923,宗晉卿,Zong Jinqing,647,cluster1_song_and_before,周,construction,将作/营缮,0,0,0,0,0,1,110.332306,34.835129,河東,0,0,0,0,1,0,0.0,7.067932822769843e-42,0.0,-0.4666295804567182,-0.9387205953692331,-0.3886753035554917,-0.15247069472655322,-1.2877784971900827,0.8562863043474794
93958,孟球,Meng Qiu,813,cluster1_song_and_before,唐,works_general,工部,0,1,0,0,0,0,,,,0,0,0,0,0,0,0.0,7.067932822769843e-42,0.0,-0.4666295804567182,-0.9387205953692331,-0.3886753035554917,-0.15247069472655322,-3.174087617753835e-15,-1.9987334503111837e-15
93973,封敖,Feng Ao,799,cluster1_song_and_before,吳(楊),works_general,工部,0,1,0,0,0,1,116.258102,37.688007,蓨縣,0,0,0,0,0,9,0.6944444444444444,0.0018256051713512688,0.0002153771119382706,-0.2640535545598623,0.7669053190511674,-0.28027489008624673,0.009882562742861112,0.035786910090756505,1.6587915445364483
94036,胡證,Hu Zheng,758,cluster1_song_and_before,唐,works_general,工部,0,1,0,0,0,1,110.332306,34.835129,河東,0,0,0,0,0,0,0.0,7.067932822769843e-42,0.0,-0.4666295804567182,-0.9387205953692331,-0.3886753035554917,-0.15247069472655322,-1.2877784971900827,0.8562863043474794
94054,査文徽,Cha Wenhui,889,cluster1_song_and_before,南唐,works_general,工部,0,0,0,0,0,1,118.17577362,29.781190872,休寧,0,0,0,0,0,0,0.0,7.067932822769843e-42,0.0,-0.4666295804567182,-0.9387205953692331,-0.3886753035554917,-0.15247069472655322,0.46411144552130795,-0.5653699428915662
94084,鍾允章,Zhong Yunzhang,896,cluster1_song_and_before,南漢,works_general,工部,0,1,0,0,0,1,108.311853,22.792885,邕州,0,0,0,0,0,0,0.0,7.067932822769843e-42,0.0,-0.4666295804567182,-0.9387205953692331,-0.3886753035554917,-0.15247069472655322,-1.7390599280454146,-2.531157502795407
94116,皇甫湜,Huangfu Shi,777,cluster1_song_and_before,唐,works_general,工部,0,1,0,0,0,1,112.144302,34.733059,新安,0,0,0,0,0,22,0.8095238095238095,0.0004906267818090978,2.3346171087449634e-05,0.028556260624485158,1.0495518991551196,-0.35954296604801983,-0.134872135198222,-0.8830573046732889,0.8275743475564452
94273,錢徽,Qian Hui,755,cluster1_song_and_before,唐,works_general,工部,0,1,0,0,0,0,,,,0,0,0,0,0,33,0.5568181818181818,0.0005194354186520354,0.00010839371930081325,0.27614918116508685,0.4288812741933062,-0.35783237265451606,-0.0707625073553893,-3.174087617753835e-15,-1.9987334503111837e-15
94299,徐洪,Xu Hong,651,cluster1_song_and_before,周,works_general,工部,0,0,0,0,0,1,116.82369995,35.556697845,兗州,0,0,0,0,0,0,0.0,7.067932822769843e-42,0.0,-0.4666295804567182,-0.9387205953692331,-0.3886753035554917,-0.15247069472655322,0.16211692230328864,1.0592612578048661
94305,徐浩,Xu Hao,703,cluster1_song_and_before,唐,works_general,工部,1,0,0,0,0,1,109.939,34.79724,同州,0,0,0,0,0,13,0.6153846153846154,0.0001555515984134708,4.1667631911481555e-05,-0.17401976527237079,0.5727263687940758,-0.37943899230460854,-0.1210612487042459,-1.3756259722087993,0.845628252707865
94370,高璩,Gao Qu,802,cluster1_song_and_before,唐,works_general,工部,1,1,0,0,0,1,118.103096,37.476895,渤海,0,0,0,0,0,0,0.0,7.067932822769843e-42,0.0,-0.4666295804567182,-0.9387205953692331,-0.3886753035554917,-0.15247069472655322,0.4478784223602825,1.5994064301828819
94390,郭虛己,Guo Xuji,686,cluster1_song_and_before,唐,works_general,工部,0,0,0,0,0,1,108.907,34.24642,京兆府,0,0,0,0,0,0,0.0,7.067932822769843e-42,0.0,-0.4666295804567182,-0.9387205953692331,-0.3886753035554917,-0.15247069472655322,-1.606129941686288,0.6906843902640838
94474,曹汾,Cao Fen,811,cluster1_song_and_before,唐,works_general,工部,0,1,0,0,0,1,112.38263,34.665276,河南,0,0,0,0,0,0,0.0,7.067932822769843e-42,0.0,-0.4666295804567182,-0.9387205953692331,-0.3886753035554917,-0.15247069472655322,-0.8298251825437993,0.808507211599097
94543,崔居儉,Cui Jujian,870,cluster1_song_and_before,後梁,works_general,工部,0,1,0,0,0,1,114.0703,35.41038,衛州,0,0,0,0,0,0,0.0,7.067932822769843e-42,0.0,-0.4666295804567182,-0.9387205953692331,-0.3886753035554917,-0.15247069472655322,-0.452873017652255,1.018102527096558
94546,崔咸,Cui Xian,750,cluster1_song_and_before,唐,works_general,工部,0,1,0,0,0,1,115.97182,36.628897,博平,0,0,0,0,0,0,0.0,7.067932822769843e-42,0.0,-0.4666295804567182,-0.9387205953692331,-0.3886753035554917,-0.15247069472655322,-0.02815605249640878,1.3608673693924227
94549,崔泰之,Cui  Taizhi,667,cluster1_song_and_before,唐,works_general,工部,1,0,0,0,0,1,113.81974792,34.031391144,許州,0,0,0,0,0,19,0.6432748538011696,0.00017535432370220124,3.348978795019988e-05,-0.038969081341133485,0.6412276200938748,-0.3782631501001699,-0.12722578306094762,-0.508835468234467,0.6301974771427228
94559,崔梲,Cui Zhuo,874,cluster1_song_and_before,後唐,works_general,工部,0,1,0,0,0,1,115.510575,38.230526,安平,0,0,0,0,0,0,0.0,7.067932822769843e-42,0.0,-0.4666295804567182,-0.9387205953692331,-0.3886753035554917,-0.15247069472655322,-0.1311781488158298,1.8114003628602877
94603,庾敬休,Yu Jingxiu,772,cluster1_song_and_before,唐,works_general,工部,0,1,0,0,0,1,112.358429,32.524872,新野,0,0,0,0,0,18,1.0,0.00048458039602140705,0.0,-0.06147752866300637,1.5173807213961439,-0.359901987116576,-0.15247069472655322,-0.8352306346419833,0.20641857474836975
94626,閻立本,Yan Liben,610,cluster1_song_and_before,唐,construction,将作/营缮,0,0,0,0,0,1,108.937189,34.317987,萬年,0,0,0,0,1,2,1.0,8.214785971249928e-33,0.0,-0.42161268581297245,1.5173807213961439,-0.3886753035554917,-0.15247069472655322,-1.5993870305093911,0.7108159530314385
94630,閻濟美,Yan Jimei,762,cluster1_song_and_before,唐,works_general,工部,0,1,0,0,0,1,113.34937,34.71853,榮陽,0,0,0,0,0,5,0.6,1.4185710718354197e-05,3.5993558331029744e-07,-0.3540873438473538,0.534940194689993,-0.38783298730258225,-0.1521993719573709,-0.61389746214393,0.823487387428917
94718,韓章,Han Zhang,732,cluster1_song_and_before,唐,works_general,工部,0,0,0,0,0,1,108.90698242,34.246421814,長安,0,0,0,0,0,3,1.0,1.755763415268798e-05,0.0,-0.3991042384910996,1.5173807213961439,-0.3876327699170246,-0.15247069472655322,-1.6061338682946031,0.6906849005363445
94758,程則,Cheng Ze,634,cluster1_song_and_before,唐,construction,将作/营缮,0,0,0,0,0,0,,,,0,0,0,0,1,15,0.9523809523809523,0.00017342348946119572,4.9082124996858744e-08,-0.129002870628625,1.4004235158358878,-0.3783777987839873,-0.15243369616711924,-3.174087617753835e-15,-1.9987334503111837e-15
94810,溫彥弘,Wen Yanhong,573,cluster1_song_and_before,隋,works_general,工部,0,0,0,0,0,1,112.3153,37.353817,祁縣,0,0,0,0,0,0,0.0,7.067932822769843e-42,0.0,-0.4666295804567182,-0.9387205953692331,-0.3886753035554917,-0.15247069472655322,-0.8448637796997317,1.5647849917785837
94858,鮑防,Bao Fang,723,cluster1_song_and_before,唐,works_general,工部,0,1,0,0,0,1,112.158699,32.026524,襄陽,0,0,0,0,0,11,0.7636363636363637,3.3822354122231195e-05,4.113398117022508e-06,-0.21903665991611654,0.9368476828879638,-0.3866670066746063,-0.14936997721039222,-0.8798416402851417,0.0662349140949199
94883,竇夢徴,Dou Mengzhi,868,cluster1_song_and_before,後梁,works_general,工部,0,1,0,0,0,1,109.939,34.79724,同州,0,0,0,0,0,0,0.0,7.067932822769843e-42,0.0,-0.4666295804567182,-0.9387205953692331,-0.3886753035554917,-0.15247069472655322,-1.3756259722087993,0.845628252707865
94959,裴皞,Pei Hao,856,cluster1_song_and_before,後梁,works_general,工部,0,1,0,0,0,1,110.332306,34.835129,河東,0,0,0,0,0,0,0.0,7.067932822769843e-42,0.0,-0.4666295804567182,-0.9387205953692331,-0.3886753035554917,-0.15247069472655322,-1.2877784971900827,0.8562863043474794
94978,翟再溫,Zhai Zaiwen,883,cluster1_song_and_before,後唐,works_general,工部,0,0,0,0,0,1,94.6332,40.1371,燉煌,0,0,0,0,0,0,0.0,7.067932822769843e-42,0.0,-0.4666295804567182,-0.9387205953692331,-0.3886753035554917,-0.15247069472655322,-4.794276801693832,2.347713386343256
95071,薛能,Xue Neng,817,cluster1_song_and_before,唐,works_general,工部,0,1,0,0,0,1,111.77903,37.263405,汾州,0,0,0,0,0,36,0.4857142857142857,0.0005365449286764164,0.00015552479636098658,0.3436745231307055,0.2542429013453785,-0.35681644763962017,-0.035234665887470276,-0.964643201900982,1.539352392215628
95556,丁誦,Ding Song,968,cluster1_song_and_before,宋,works_general,工部,0,0,0,0,0,0,,,,0,0,0,0,0,7,1.0,0.001137699742259913,0.0,-0.30907044920360804,1.5173807213961439,-0.32112119908637243,-0.15247069472655322,-3.174087617753835e-15,-1.9987334503111837e-15
95627,何處仁,He Churen,1177,cluster1_song_and_before,宋,military_industrial,军器/制造,0,0,1,0,0,1,119.12091,28.082565,龍泉,0,0,0,1,0,2,0.0,0.00024638107776317567,7.614006124250648e-07,-0.42161268581297245,-0.9387205953692331,-0.37404573790808615,-0.15189674390813085,0.6752138556836949,-1.0431878388550666
95738,劉大辨,Liu Dabian,1121,cluster1_song_and_before,宋,works_general,工部,0,1,0,0,0,1,120.025253,28.897268,永康,0,0,0,0,0,12,1.0,0.006739994993207144,0.0,-0.19652821259424366,1.5173807213961439,0.011530751680158968,-0.15247069472655322,0.8772047968360047,-0.8140145525464072
96368,左瑋,Zuo Wei,994,cluster1_song_and_before,宋,works_general,工部,0,1,0,0,0,0,,,,0,0,0,0,0,0,0.0,7.067932822769843e-42,0.0,-0.4666295804567182,-0.9387205953692331,-0.3886753035554917,-0.15247069472655322,-3.174087617753835e-15,-1.9987334503111837e-15
96663,彭介,Peng Jie,985,cluster1_song_and_before,宋,works_general,工部,0,1,0,0,0,0,,,,0,0,0,0,0,0,0.0,7.067932822769843e-42,0.0,-0.4666295804567182,-0.9387205953692331,-0.3886753035554917,-0.15247069472655322,-3.174087617753835e-15,-1.9987334503111837e-15
97978,王盤,Wang Pan,970,cluster1_song_and_before,宋,works_general,工部,0,1,0,0,0,0,,,,0,0,0,0,0,0,0.0,7.067932822769843e-42,0.0,-0.4666295804567182,-0.9387205953692331,-0.3886753035554917,-0.15247069472655322,-3.174087617753835e-15,-1.9987334503111837e-15
98013,王蒙正,Wang Mengzheng,965,cluster1_song_and_before,宋,works_general,工部,0,0,0,0,0,0,,,,0,0,0,0,0,2,1.0,0.0004155570478156672,0.0,-0.42161268581297245,1.5173807213961439,-0.3640004414822567,-0.15247069472655322,-3.174087617753835e-15,-1.9987334503111837e-15
98334,胡咸秩,Hu Xianzhi,962,cluster1_song_and_before,宋,works_general,工部,0,1,0,0,0,0,,,,0,0,0,0,0,0,0.0,7.067932822769843e-42,0.0,-0.4666295804567182,-0.9387205953692331,-0.3886753035554917,-0.15247069472655322,-3.174087617753835e-15,-1.9987334503111837e-15
99043,黎靖德,Li Jingde,1226,cluster1_song_and_before,宋,military_industrial,军器/制造,0,0,1,0,0,1,103.713741,31.002649,導江,0,0,0,1,0,4,0.16666666666666666,0.0006396903662108052,0.0012511806248646324,-0.3765957911692267,-0.529370375908337,-0.35069189877678025,0.7906808235629601,-2.7660784048885128,-0.22177777091946968
100017,徐愛,Xu Ai,1487,cluster2_yuan_ming,明,works_general,工部,0,1,0,0,0,1,121.152763,30.049067,餘姚,0,0,0,0,0,27,0.8205128205128205,0.0006754381557091453,3.473824412402841e-05,0.14109849723384957,1.0765420235151786,-0.348569273784782,-0.12628468525902817,1.1290415513181373,-0.4900172651950324
100295,卜天璋,Bu Tianzhang,1250,cluster1_song_and_before,元,works_general,工部,0,0,0,0,0,1,112.38263,34.665276,洛陽,0,0,0,0,0,0,0.0,7.067932822769843e-42,0.0,-0.4666295804567182,-0.9387205953692331,-0.3886753035554917,-0.15247069472655322,-0.8298251825437993,0.808507211599097
100686,王宗,Wang Zong,1268,cluster1_song_and_before,元,medical,医学/医官,0,0,0,0,0,1,116.08553314,38.435699463,河間路,0,1,0,0,0,6,1.0,6.412264591952722e-05,0.0,-0.33157889652548095,1.5173807213961439,-0.38486784209586306,-0.15247069472655322,-0.0027574767679690287,1.8691149862003742
100750,王倚,Wang Yi,1240,cluster1_song_and_before,元,works_general,工部,0,0,0,0,0,1,116.368,39.93143,宛平,0,0,0,0,0,1,0.0,0.0006331874533371495,0.0,-0.44412113313484536,-0.9387205953692331,-0.3510780274180226,-0.15247069472655322,0.06033334927451366,2.289859088770888
100816,王善,Wang Shan,1306,cluster2_yuan_ming,元,medical,医学/医官,0,0,0,1,0,1,116.77626,27.910084,金谿,0,1,0,0,0,9,1.0,0.00033723440676678237,0.0,-0.2640535545598623,1.5173807213961439,-0.3686510673716532,-0.15247069472655322,0.15152089828505574,-1.091706179398557
100914,王綱,Wang Gang,1234,cluster1_song_and_before,元,works_general,工部,0,0,0,0,0,1,115.510575,38.230526,安平,0,0,0,0,0,0,0.0,7.067932822769843e-42,0.0,-0.4666295804567182,-0.9387205953692331,-0.3886753035554917,-0.15247069472655322,-0.1311781488158298,1.8114003628602877
100983,王謙,Wang Qian,1314,cluster2_yuan_ming,明,works_general,工部,0,0,0,1,0,1,117.67569,32.530247,定遠,0,0,0,0,0,9,1.0,0.00033723440676678237,0.0,-0.2640535545598623,1.5173807213961439,-0.3686510673716532,-0.15247069472655322,0.35241448866019176,0.20793054464894606
101128,王弘鈞,Wang Hongjun,1272,cluster1_song_and_before,元,astronomical,天文/历算,0,0,0,0,0,1,114.56905365,39.84054184,蔚州,1,0,0,0,0,6,1.0,0.00017980919776010914,0.0,-0.33157889652548095,1.5173807213961439,-0.37799862949220453,-0.15247069472655322,-0.34147311831467186,2.264292546959029
101171,王安貞,Wang Anzhen,1259,cluster1_song_and_before,元,works_general,工部,0,0,0,0,0,1,114.345497,36.098343,安陽,0,0,0,0,0,8,1.0,0.00048056261747729675,0.0,-0.2865620018817352,1.5173807213961439,-0.36014055395580497,-0.15247069472655322,-0.39140596252793847,1.211624266391446
101278,王思廉,Wang Silian,1238,cluster1_song_and_before,元,works_general,工部,0,0,0,0,0,1,114.307724,38.083111,獲鹿,0,0,0,0,0,7,1.0,0.0008067526106520254,0.0,-0.30907044920360804,1.5173807213961439,-0.3407721107214452,-0.15247069472655322,-0.3998428098526221,1.769933006042908
101516,包容德,Bao Rongde,1295,cluster2_yuan_ming,明,medical,医学/医官,0,0,0,1,0,1,119.913009,28.448732,麗水,0,1,0,0,0,2,1.0,0.00027820301691445663,0.0,-0.42161268581297245,1.5173807213961439,-0.37215622126148357,-0.15247069472655322,0.8521343631634929,-0.940186260699858
101668,田忠良,Tian Zhongliang,1243,cluster1_song_and_before,元,astronomical,天文/历算,0,0,0,0,0,1,114.97503662,38.520061493,中山府,1,0,0,0,0,0,0.0,7.067932822769843e-42,0.0,-0.4666295804567182,-0.9387205953692331,-0.3886753035554917,-0.15247069472655322,-0.2507941588909706,1.8928457490118158
101864,宇文公諒,Yuwen Gongliang,1292,cluster2_yuan_ming,元,astronomical,天文/历算,0,1,0,0,0,1,120.099312,30.864964,歸安,1,0,0,0,0,6,1.0,0.00017980919776010914,0.0,-0.33157889652548095,1.5173807213961439,-0.37799862949220453,-0.15247069472655322,0.8937463602812871,-0.2605081105959014
102377,吳元珪,Wu Yuangui,1251,cluster1_song_and_before,元,works_general,工部,0,0,0,0,0,1,114.723068,36.701031,永年,0,0,0,0,0,6,1.0,6.412264591952722e-05,0.0,-0.33157889652548095,1.5173807213961439,-0.38486784209586306,-0.15247069472655322,-0.30707300297407625,1.381158427403242
102569,呂天祺,Lv Tianqi,1268,cluster1_song_and_before,元,construction,将作/营缮,0,0,0,0,0,1,116.06542969,39.807792664,大都路,0,0,0,0,1,0,0.0,7.067932822769843e-42,0.0,-0.4666295804567182,-0.9387205953692331,-0.3886753035554917,-0.15247069472655322,-0.007247714195479424,2.255080310981229
102575,呂合剌,Lv Heci,1238,cluster1_song_and_before,元,works_general,工部,0,0,0,0,0,1,116.06542969,39.807792664,大都路,0,0,0,0,0,0,0.0,7.067932822769843e-42,0.0,-0.4666295804567182,-0.9387205953692331,-0.3886753035554917,-0.15247069472655322,-0.007247714195479424,2.255080310981229
102628,宋超,Song Chao,1257,cluster1_song_and_before,元,medical,医学/医官,0,0,0,0,0,1,113.6968,37.608364,樂平,0,1,0,0,0,12,1.0,0.002833686439961457,0.0,-0.19652821259424366,1.5173807213961439,-0.22041724504733523,-0.15247069472655322,-0.5362966926521038,1.636388229412434
102733,成遵,Cheng Zun,1304,cluster2_yuan_ming,元,works_general,工部,1,1,0,0,0,1,112.080963,32.684826,穰縣,0,0,0,0,0,11,0.6181818181818182,0.0005422144475412667,0.00018413096765148266,-0.21903665991611654,0.5795965822675453,-0.35647980409874624,-0.013671069593769455,-0.8972044857999697,0.25141311120915977
102822,李芳,Li Fang,1256,cluster1_song_and_before,元,medical,医学/医官,0,0,0,0,0,1,119.48600006,31.430706024,溧陽州,0,1,0,0,0,1,0.0,5.2816864614126175e-05,0.0,-0.44412113313484536,-0.9387205953692331,-0.38553915448439624,-0.15247069472655322,0.7567591154189417,-0.10136673166027473
102997,李綱,Li Gang,1221,cluster1_song_and_before,元,medical,医学/医官,0,0,0,0,0,1,114.563645,38.14011,真定,0,1,0,0,0,0,0.0,7.067932822769843e-42,0.0,-0.4666295804567182,-0.9387205953692331,-0.3886753035554917,-0.15247069472655322,-0.3426811757705982,1.7859666381104302
103241,李克忠,Li Kezhong,1244,cluster1_song_and_before,元,works_general,工部,0,0,0,0,0,1,117.06571198,35.067378998,滕州,0,0,0,0,0,14,0.5494505494505495,0.0006551353595561366,9.705615970321856e-05,-0.15151131795049788,0.4107856226337213,-0.3497748090955408,-0.07930886456047004,0.21617189669893278,0.9216174683260575
103247,李克讓,Li Kerang,1260,cluster1_song_and_before,元,medical,医学/医官,0,0,0,0,0,1,116.825432,38.580715,會川,0,1,0,0,0,8,1.0,0.00048056261747729675,0.0,-0.2865620018817352,1.5173807213961439,-0.36014055395580497,-0.15247069472655322,0.16250378703229418,1.9099073819324441
103376,李惟閏,Li Weirun,1289,cluster2_yuan_ming,元,hydraulic,水利/河道,0,0,0,0,0,1,114.3548,36.0976,彰德路,0,0,1,0,0,8,1.0,0.00048056261747729675,0.0,-0.2865620018817352,1.5173807213961439,-0.36014055395580497,-0.15247069472655322,-0.3893280764542469,1.2114152629242594
104049,周繼周,Zhou Jizhou,1297,cluster2_yuan_ming,明,medical,医学/医官,0,0,0,0,0,1,120.618622,31.31271,吳縣,0,1,0,0,0,1,0.0,5.2816864614126175e-05,0.0,-0.44412113313484536,-0.9387205953692331,-0.38553915448439624,-0.15247069472655322,1.0097376552322135,-0.1345586268557452
104161,岳鉉,Yue Xuan,1249,cluster1_song_and_before,元,astronomical,天文/历算,0,0,0,0,0,1,116.06542969,39.807792664,大都路,1,0,0,0,0,5,1.0,0.0001659104321197906,0.0,-0.3540873438473538,1.5173807213961439,-0.37882390757848833,-0.15247069472655322,-0.007247714195479424,2.255080310981229
104911,胡彝,Hu Yi,1281,cluster2_yuan_ming,元,works_general,工部,0,0,0,0,0,1,114.345497,36.098343,安陽,0,0,0,0,0,18,0.5555555555555556,0.0033721861954134243,0.00015266172173800016,-0.06147752866300637,0.42578013616708743,-0.18844231582379792,-0.0373928779984818,-0.39140596252793847,1.211624266391446
105151,倪居敬,Ni Jujing,1309,cluster2_yuan_ming,明,medical,医学/医官,0,0,0,1,0,1,120.16862488,30.294124603,杭州路,0,1,0,0,0,1,0.0,3.7056323637843556e-36,0.0,-0.44412113313484536,-0.9387205953692331,-0.3886753035554917,-0.15247069472655322,0.9092278466920588,-0.4210833638660419
105210,唐仁祖,Tang Renzu,1249,cluster1_song_and_before,元,works_general,工部,0,0,0,0,0,0,,,,0,0,0,0,0,19,0.5730994152046783,0.0035833881759893805,0.00018227289642464638,-0.038969081341133485,0.4688696329524448,-0.17590160747172243,-0.015071700856637917,-3.174087617753835e-15,-1.9987334503111837e-15
105267,夏應祥,Xia Yingxiang,1302,cluster2_yuan_ming,明,military_industrial,军器/制造,0,0,0,1,0,1,120.168625,30.294125,錢塘,0,0,0,1,0,1,0.0,3.7056323637843556e-36,0.0,-0.44412113313484536,-0.9387205953692331,-0.3886753035554917,-0.15247069472655322,0.9092278734948482,-0.4210832521912416
105289,孫拱,Sun Gong,1252,cluster1_song_and_before,元,works_general,工部,0,0,0,0,0,1,113.68489838,39.696331024,渾源州,0,0,0,0,0,12,1.0,0.002833686439961457,0.0,-0.19652821259424366,1.5173807213961439,-0.22041724504733523,-0.15247069472655322,-0.5389549975486252,2.223726516609352
105922,郜文忠,Gao Wenzhong,1263,cluster1_song_and_before,元,medical,医学/医官,0,0,0,0,0,1,114.3548,36.0976,彰德路,0,1,0,0,0,8,1.0,0.00048056261747729675,0.0,-0.2865620018817352,1.5173807213961439,-0.36014055395580497,-0.15247069472655322,-0.3893280764542469,1.2114152629242594
105935,郝彬,Hao Bin,1259,cluster1_song_and_before,元,works_general,工部,0,0,0,0,0,1,116.39524841,39.101539612,霸州,0,0,0,0,0,1,0.0,4.5609363768424254e-05,0.0,-0.44412113313484536,-0.9387205953692331,-0.38596712000728944,-0.15247069472655322,0.0664194603858991,2.056413639946068
105955,郝伯魯,Hao Bolu,1272,cluster1_song_and_before,元,medical,医学/医官,0,0,0,0,0,1,114.97503662,38.520061493,中山府,0,1,0,0,0,6,1.0,6.412264591952722e-05,0.0,-0.33157889652548095,1.5173807213961439,-0.38486784209586306,-0.15247069472655322,-0.2507941588909706,1.8928457490118158
105983,馬亨,Ma Heng,1207,cluster1_song_and_before,元,works_general,工部,0,0,0,0,0,1,114.687309,36.999573,南和,0,0,0,0,0,0,0.0,7.067932822769843e-42,0.0,-0.4666295804567182,-0.9387205953692331,-0.3886753035554917,-0.15247069472655322,-0.31506001018778285,1.4651373144837598
106044,馬曙,Ma Shu,1242,cluster1_song_and_before,元,astronomical,天文/历算,0,0,0,0,0,1,114.374245,36.359043,釜陽,1,0,0,0,0,0,0.0,7.067932822769843e-42,0.0,-0.4666295804567182,-0.9387205953692331,-0.3886753035554917,-0.15247069472655322,-0.3849849081533837,1.2849583227784576
106227,高觿,Gao Xi,1238,cluster1_song_and_before,元,works_general,工部,0,0,0,0,0,1,113.103485,36.183537,上黨,0,0,0,0,0,11,1.0,0.0032057073820515453,0.0,-0.21903665991611654,1.5173807213961439,-0.19832746102687568,-0.15247069472655322,-0.6688174897940943,1.235589059639759
106263,高克恭,Gao Kegong,1248,cluster1_song_and_before,元,works_general,工部,0,0,0,0,0,1,115.98471832,39.710479736,房山,0,0,0,0,0,34,0.3422459893048128,0.006555132362989699,0.0009199490792663705,0.29865762848695976,-0.09812977038001326,0.0005540159297060535,0.5409954232873745,-0.025275128116959124,2.227706502967663
106333,偰哲篤,Xie Zhedu,1285,cluster2_yuan_ming,元,works_general,工部,0,1,0,0,0,1,119.48600006,31.430706024,溧陽州,0,0,0,0,0,19,0.5847953216374269,0.004784992479331182,4.798555553824745e-05,-0.038969081341133485,0.49759596414268314,-0.10455299094021679,-0.11629873948487068,0.7567591154189417,-0.10136673166027473
106418,常中,Chang Zhong,1218,cluster1_song_and_before,元,medical,医学/医官,0,0,0,0,0,1,108.93718719,34.317985535,奉元路,0,1,0,0,0,0,0.0,7.067932822769843e-42,0.0,-0.4666295804567182,-0.9387205953692331,-0.3886753035554917,-0.15247069472655322,-1.599387434784764,0.7108155409317343
106942,張世昌,Zhang Shichang,1272,cluster1_song_and_before,元,construction,将作/营缮,0,0,0,0,0,1,120.618622,31.31271,長洲,0,0,0,0,1,5,1.0,0.0001659104321197906,0.0,-0.3540873438473538,1.5173807213961439,-0.37882390757848833,-0.15247069472655322,1.0097376552322135,-0.1345586268557452
107677,許從宗,Xu Zongzong,1269,cluster1_song_and_before,元,works_general,工部,0,0,0,0,0,1,112.936989,35.089302,河內,0,0,0,0,0,2,1.0,1.0677229477311046e-07,0.0,-0.42161268581297245,1.5173807213961439,-0.3886689636518356,-0.15247069472655322,-0.7060054635364647,0.9277843370059219
107679,許從宣,Xu Zongxuan,1269,cluster1_song_and_before,元,hydraulic,水利/河道,0,0,0,0,0,1,112.936989,35.089302,河內,0,0,1,0,0,2,1.0,1.0677229477311046e-07,0.0,-0.42161268581297245,1.5173807213961439,-0.3886689636518356,-0.15247069472655322,-0.7060054635364647,0.9277843370059219
107822,郭守敬,Guo Shoujing,1231,cluster1_song_and_before,元,hydraulic,水利/河道,0,0,0,1,0,1,114.494263,37.066357,邢臺,0,0,1,0,0,1,0.0,4.958446267944904e-07,0.0,-0.44412113313484536,-0.9387205953692331,-0.38864586139384333,-0.15247069472655322,-0.35817810058676575,1.483923435012147
107845,郭明德,Guo Mingde,1258,cluster1_song_and_before,元,works_general,工部,0,0,0,0,0,1,114.96936,38.176727,無極,0,0,0,0,0,6,1.0,6.412264591952722e-05,0.0,-0.33157889652548095,1.5173807213961439,-0.38486784209586306,-0.15247069472655322,-0.25206206920416435,1.7962668803149688
109309,廉惠山海牙,Lian Huishanhaiya,1291,cluster2_yuan_ming,元,hydraulic,水利/河道,0,1,0,0,0,0,,,,0,0,1,0,0,5,0.5,7.172161845948451e-05,6.293091751350404e-05,-0.3540873438473538,0.2893300630134553,-0.38441663184613356,-0.10503278750461634,-3.174087617753835e-15,-1.9987334503111837e-15
109317,敬鉉,Jing Xuan,1190,cluster1_song_and_before,元,astronomical,天文/历算,0,1,0,0,0,1,115.49347687,39.349040985,易州,1,0,0,0,0,12,1.0,0.007280587430914671,0.0,-0.19652821259424366,1.5173807213961439,0.043629939766084654,-0.15247069472655322,-0.13499712830773286,2.1260349657743944
109504,楊元直,Yang Yuanzhi,1247,cluster1_song_and_before,元,medical,医学/医官,0,0,0,0,0,1,114.34333,34.785477,祥符,0,1,0,0,0,12,1.0,0.002833686439961457,0.0,-0.19652821259424366,1.5173807213961439,-0.22041724504733523,-0.15247069472655322,-0.3918899761925293,0.8423193593235898
109615,楊教化,Yang Jiaohua,1277,cluster1_song_and_before,元,construction,将作/营缮,0,0,0,0,0,0,,,,0,0,0,0,1,11,1.0,0.0032057073820515453,0.0,-0.21903665991611654,1.5173807213961439,-0.19832746102687568,-0.15247069472655322,-3.174087617753835e-15,-1.9987334503111837e-15
109812,葛應雷,Ge Yinglei,1264,cluster1_song_and_before,元,medical,医学/医官,0,0,0,0,0,1,113.57494354,28.709812164,平江州,0,1,0,0,0,12,0.5151515151515151,0.0016385326662044979,0.00035771740453387744,-0.19652821259424366,0.32654371932808224,-0.2913828433418938,0.11717999079394266,-0.5635141323192282,-0.8667452654244221
109996,賈魯,Jia Lu,1297,cluster2_yuan_ming,元,works_general,工部,0,1,0,0,0,1,112.919586,35.792057,高平,0,0,0,0,0,1,0.0,4.368806168409891e-06,0.0,-0.44412113313484536,-0.9387205953692331,-0.3884158934692067,-0.15247069472655322,-0.7098925377426827,1.1254670174671952
110115,靳泰,Jin Tai,1283,cluster2_yuan_ming,元,works_general,工部,0,0,0,0,0,1,115.2183609,36.309688568,大名路,0,0,0,0,0,0,0.0,7.067932822769843e-42,0.0,-0.4666295804567182,-0.9387205953692331,-0.3886753035554917,-0.15247069472655322,-0.1964460848500296,1.2710750826586377
110129,靳德進,Jin Dejin,1253,cluster1_song_and_before,元,astronomical,天文/历算,0,0,0,0,0,1,115.13826,36.24564,大名,1,0,0,0,0,2,1.0,0.00011772121865301168,0.0,-0.42161268581297245,1.5173807213961439,-0.3816852769186563,-0.15247069472655322,-0.21433714629258513,1.2530584301951966
110139,寧玉,Ning Yu,1236,cluster1_song_and_before,元,hydraulic,水利/河道,0,0,0,0,0,1,112.782799,34.903179,河陽,0,0,1,0,0,1,0.0,7.159822566449616e-05,0.0,-0.44412113313484536,-0.9387205953692331,-0.3844239586384794,-0.15247069472655322,-0.7404448114567496,0.8754285465305868
110167,暢篤,Chang Du,1277,cluster1_song_and_before,元,construction,将作/营缮,0,0,0,0,0,1,112.15869904,32.026519775,襄陽路,0,0,0,0,1,3,1.0,6.690837463670508e-05,0.0,-0.3991042384910996,1.5173807213961439,-0.3847024316612882,-0.15247069472655322,-0.8798416313508786,0.06623372561625246
110299,蓋苗,Gai Miao,1288,cluster2_yuan_ming,元,hydraulic,水利/河道,0,1,0,0,0,1,115.218359,36.30969,元城,0,0,1,0,0,0,0.0,7.067932822769843e-42,0.0,-0.4666295804567182,-0.9387205953692331,-0.3886753035554917,-0.15247069472655322,-0.19644650922748982,1.2710754854755502
110321,趙友,Zhao You,1207,cluster1_song_and_before,元,medical,医学/医官,0,0,0,0,0,1,113.02462,34.455818,登封,0,1,0,0,0,0,0.0,7.067932822769843e-42,0.0,-0.4666295804567182,-0.9387205953692331,-0.3886753035554917,-0.15247069472655322,-0.6864325048646794,0.74958736202982
110526,趙公諒,Zhao Gongliang,1294,cluster2_yuan_ming,元,works_general,工部,0,1,0,0,0,1,109.2217,34.3679,臨潼,0,0,0,0,0,0,0.0,7.067932822769843e-42,0.0,-0.4666295804567182,-0.9387205953692331,-0.3886753035554917,-0.15247069472655322,-1.5358396323892276,0.7248563165007313
110845,劉岳,Liu Yue,1239,cluster1_song_and_before,元,medical,医学/医官,0,0,0,0,0,1,116.041122,29.453486,星子,0,1,0,0,0,18,0.6405228758169934,0.0035831573999622534,1.0653512953117864e-05,-0.06147752866300637,0.6344684833432304,-0.17591531044383923,-0.14443997820395904,-0.012676996205003066,-0.6575522503773592
111287,劉事義,Liu Shiyi,1260,cluster1_song_and_before,元,works_general,工部,0,0,0,0,0,1,117.72535,36.884702,鄒平,0,0,0,0,0,1,0.0,2.887252364214231e-05,0.0,-0.44412113313484536,-0.9387205953692331,-0.3869609167045867,-0.15247069472655322,0.3635063754084987,1.4328244783071873
111310,劉秉仁,Liu Bingren,1288,cluster2_yuan_ming,元,works_general,工部,0,0,0,0,0,1,116.82543182,38.580711365,清州,0,0,0,0,0,0,0.0,7.067932822769843e-42,0.0,-0.4666295804567182,-0.9387205953692331,-0.3886753035554917,-0.15247069472655322,0.1625037468281133,1.9099063594188466
111525,歐陽懋,Ouyang Mao,1245,cluster1_song_and_before,元,medical,医学/医官,0,0,0,0,0,0,,,,0,1,0,0,0,12,1.0,0.002833686439961457,0.0,-0.19652821259424366,1.5173807213961439,-0.22041724504733523,-0.15247069472655322,-3.174087617753835e-15,-1.9987334503111837e-15
111765,鄧石,Deng Shi,1311,cluster2_yuan_ming,元,medical,医学/医官,0,0,0,1,0,1,116.77626,27.910084,金谿,0,1,0,0,0,6,1.0,0.00017980919776010914,0.0,-0.33157889652548095,1.5173807213961439,-0.37799862949220453,-0.15247069472655322,0.15152089828505574,-1.091706179398557
112150,蕭泰登,Xiao Taideng,1266,cluster1_song_and_before,元,astronomical,天文/历算,0,0,0,0,0,0,,,,1,0,0,0,0,30,0.4068965517241379,0.00626303141229999,0.0006906077156836795,0.2086238391994682,0.0606585611077133,-0.01679029505627083,0.3681157838723983,-3.174087617753835e-15,-1.9987334503111837e-15
112592,韓公麟,Han Gonglin,1253,cluster1_song_and_before,元,medical,医学/医官,0,0,0,0,0,1,114.563645,38.14011,真定,0,1,0,0,0,6,1.0,6.412264591952722e-05,0.0,-0.33157889652548095,1.5173807213961439,-0.38486784209586306,-0.15247069472655322,-0.3426811757705982,1.7859666381104302
112716,聶輝,Nie Hui,1257,cluster1_song_and_before,元,construction,将作/营缮,0,0,0,0,0,1,113.62226868,37.802036285,平定州,0,0,0,0,1,0,0.0,7.067932822769843e-42,0.0,-0.4666295804567182,-0.9387205953692331,-0.3886753035554917,-0.15247069472655322,-0.5529437518676027,1.6908676090395578
112837,羅璧,Luo Bi,1244,cluster1_song_and_before,元,hydraulic,水利/河道,0,0,0,0,0,1,119.44429016,32.206489563,丹徒,0,0,1,0,0,12,1.0,0.002833686439961457,0.0,-0.19652821259424366,1.5173807213961439,-0.22041724504733523,-0.15247069472655322,0.7474429356548823,0.11685863770351972
112971,嚴壽逸,Yan Shouyi,1278,cluster1_song_and_before,元,medical,医学/医官,0,0,0,0,0,1,115.987564,39.245949,新城,0,1,0,0,0,18,0.6013071895424836,0.007401239095724748,0.0005317887126891787,-0.06147752866300637,0.538150784646549,0.05079396984027894,0.24839655162829585,-0.024639526822516918,2.097035527949159
113460,顧信,Gu Xin,1279,cluster2_yuan_ming,元,military_industrial,军器/制造,0,0,0,0,0,1,120.94823456,31.386108398,崑山州,0,0,0,1,0,0,0.0,7.067932822769843e-42,0.0,-0.4666295804567182,-0.9387205953692331,-0.3886753035554917,-0.15247069472655322,1.0833587826252729,-0.11391189782755783
113924,拜降,Baijiang,1251,cluster1_song_and_before,元,works_general,工部,0,0,0,0,0,0,,,,0,0,0,0,0,15,0.5904761904761905,0.003000648957457583,0.00020442464282048213,-0.129002870628625,0.5115487535779418,-0.21050337855831242,0.0016264903004199467,-3.174087617753835e-15,-1.9987334503111837e-15
114192,不忽木,Buhumu,1255,cluster1_song_and_before,元,works_general,工部,0,0,0,0,0,0,,,,0,0,0,0,0,21,0.5571428571428572,0.008055324113965564,0.0001913955876985452,0.006047813302612277,0.42967870968576266,0.08963209734671139,-0.00819493186351587,-3.174087617753835e-15,-1.9987334503111837e-15
114632,篤爾只,Duerzhi,1291,cluster2_yuan_ming,元,construction,将作/营缮,0,0,0,0,0,0,,,,0,0,0,0,1,0,0.0,7.067932822769843e-42,0.0,-0.4666295804567182,-0.9387205953692331,-0.3886753035554917,-0.15247069472655322,-3.174087617753835e-15,-1.9987334503111837e-15
114900,觀音奴,Guanyinnu,1297,cluster2_yuan_ming,元,hydraulic,水利/河道,0,1,0,0,0,1,112.2250824,22.702915192,新州,0,0,1,0,0,12,0.5606060606060606,0.000595109025197243,3.799853129468855e-05,-0.19652821259424366,0.4381846882719629,-0.35333904059841886,-0.12382705065858779,-0.8650144724485007,-2.5564657151966363
115560,木八剌沙,Mubalasha,1346,cluster2_yuan_ming,元,works_general,工部,0,0,0,0,0,0,,,,0,0,0,0,0,0,0.0,7.067932822769843e-42,0.0,-0.4666295804567182,-0.9387205953692331,-0.3886753035554917,-0.15247069472655322,-3.174087617753835e-15,-1.9987334503111837e-15
115866,烏馬兒,Wumaer,1307,cluster2_yuan_ming,元,construction,将作/营缮,0,1,0,0,0,0,,,,0,0,0,0,1,0,0.0,7.067932822769843e-42,0.0,-0.4666295804567182,-0.9387205953692331,-0.3886753035554917,-0.15247069472655322,-3.174087617753835e-15,-1.9987334503111837e-15
116691,鎖住,Suozhu,1289,cluster2_yuan_ming,元,construction,将作/营缮,0,0,0,0,0,0,,,,0,0,0,0,1,0,0.0,7.067932822769843e-42,0.0,-0.4666295804567182,-0.9387205953692331,-0.3886753035554917,-0.15247069472655322,-3.174087617753835e-15,-1.9987334503111837e-15
116823,泰不華,Taibuhua,1304,cluster2_yuan_ming,元,hydraulic,水利/河道,0,1,0,0,0,0,,,,0,0,1,0,0,44,0.24312896405919662,0.007637206187421464,0.0048132828795303916,0.5237421017056886,-0.3415712265996383,0.06480517593591373,3.475826423666854,-3.174087617753835e-15,-1.9987334503111837e-15
117031,鐵木兒塔識,Tiemuertashi,1302,cluster2_yuan_ming,元,works_general,工部,0,0,0,0,0,0,,,,0,0,0,0,0,8,1.0,0.0016175311939097936,0.0,-0.2865620018817352,1.5173807213961439,-0.2926298645028405,-0.15247069472655322,-3.174087617753835e-15,-1.9987334503111837e-15
117195,託本,Tuoben,1303,cluster2_yuan_ming,元,construction,将作/营缮,0,1,0,0,0,0,,,,0,0,0,0,1,0,0.0,7.067932822769843e-42,0.0,-0.4666295804567182,-0.9387205953692331,-0.3886753035554917,-0.15247069472655322,-3.174087617753835e-15,-1.9987334503111837e-15
117390,月魯不花,Yuelubuhua,1308,cluster2_yuan_ming,元,hydraulic,水利/河道,0,1,0,0,0,0,,,,0,0,1,0,0,2,0.0,6.15394873670333e-05,0.00017164019111401502,-0.42161268581297245,-0.9387205953692331,-0.3850212243602985,-0.023086732386023937,-3.174087617753835e-15,-1.9987334503111837e-15
117417,五十六,Wushiliu,1296,cluster2_yuan_ming,元,construction,将作/营缮,0,0,0,0,0,0,,,,0,0,0,0,1,0,0.0,7.067932822769843e-42,0.0,-0.4666295804567182,-0.9387205953692331,-0.3886753035554917,-0.15247069472655322,-3.174087617753835e-15,-1.9987334503111837e-15
117680,宋淵,Song Yuan,1307,cluster2_yuan_ming,元,medical,医学/医官,0,0,0,0,0,1,119.649918,29.104712,金華,0,1,0,0,0,9,1.0,0.00033723440676678237,0.0,-0.2640535545598623,1.5173807213961439,-0.3686510673716532,-0.15247069472655322,0.7933712625493429,-0.7556612345826669
122198,鍾惺,Zhong Xing,1574,cluster2_yuan_ming,明,hydraulic,水利/河道,0,1,0,0,0,1,113.164116,30.65625,景陵,0,0,1,0,0,22,0.8571428571428571,4.8479222938494645e-05,0.00017181397937405979,0.028556260624485158,1.1665091047153755,-0.385796714091752,-0.022955729189471207,-0.655275158230732,-0.31921867540126675
122531,馬維陛,Ma Weibi,1589,cluster2_yuan_ming,明,works_general,工部,0,1,0,0,0,1,120.578262,30.004515,會稽,0,0,0,0,0,0,0.0,7.067932822769843e-42,0.0,-0.4666295804567182,-0.9387205953692331,-0.3886753035554917,-0.15247069472655322,1.0007229844879177,-0.5025495969179097
122637,楊成,Yang Cheng,1521,cluster2_yuan_ming,明,construction,将作/营缮,0,1,0,0,0,1,120.618622,31.31271,長洲,0,0,0,0,1,44,0.6120507399577167,8.308098626244516e-05,3.9619547040483856e-05,0.5237421017056886,0.5645380329681383,-0.3837421376094204,-0.12260511400816734,1.0097376552322135,-0.1345586268557452
123667,習振翎,Xi Zhenling,1754,cluster3_qing_after,清,works_general,工部,0,1,0,0,0,1,115.14727783,27.553689957,峽江,0,0,0,0,0,0,0.0,7.067932822769843e-42,0.0,-0.4666295804567182,-0.9387205953692331,-0.3886753035554917,-0.15247069472655322,-0.2123229548089892,-1.1919586567493705
123678,文佳成林,Wenjia Chenglin,1828,cluster3_qing_after,清,hydraulic,水利/河道,0,1,0,0,0,0,,,,0,0,1,0,0,0,0.0,7.067932822769843e-42,0.0,-0.4666295804567182,-0.9387205953692331,-0.3886753035554917,-0.15247069472655322,-3.174087617753835e-15,-1.9987334503111837e-15
123816,陳宗濂,Chen Zonglian,1849,cluster3_qing_after,清,works_general,工部,0,1,0,0,0,1,119.32157898,26.073953629,閩縣,0,0,0,0,0,0,0.0,7.067932822769843e-42,0.0,-0.4666295804567182,-0.9387205953692331,-0.3886753035554917,-0.15247069472655322,0.7200345886691597,-1.6082036406982059
123827,愛新覺羅孚會,Aixinjueluo Fuhui,1862,cluster3_qing_after,清,works_general,工部,0,0,0,0,0,0,,,,0,0,0,0,0,0,0.0,7.067932822769843e-42,0.0,-0.4666295804567182,-0.9387205953692331,-0.3886753035554917,-0.15247069472655322,-3.174087617753835e-15,-1.9987334503111837e-15
124068,沈演,Shen Yan,1566,cluster2_yuan_ming,明,works_general,工部,0,1,0,0,0,1,120.099312,30.864964,烏程,0,0,0,0,0,73,0.3184931506849315,0.0003818779138565339,0.001438943913600369,1.176487074040002,-0.15646914859121924,-0.3660002342653555,0.9322185258985456,0.8937463602812871,-0.2605081105959014
124262,屈為經,Qu Weijing,1755,cluster3_qing_after,清,works_general,工部,0,0,0,0,0,1,121.01234436,30.704219818,平湖,0,0,0,0,0,0,0.0,7.067932822769843e-42,0.0,-0.4666295804567182,-0.9387205953692331,-0.3886753035554917,-0.15247069472655322,1.0976781269880707,-0.3057249226659903
124308,李邦華,Li Banghua,1574,cluster2_yuan_ming,明,works_general,工部,0,1,0,0,0,1,115.132248,27.214367,吉水,0,0,0,0,0,77,0.3298017771701982,0.00040202528379388463,0.0013098766113172284,1.2665208633274936,-0.12869401618994789,-0.3648039278208957,0.8349264006124416,-0.21567996592872687,-1.2874090935044358
124331,卓爾康,Zhuo Erkang,1570,cluster2_yuan_ming,明,works_general,工部,0,1,0,0,0,1,120.168625,30.294125,仁和,0,0,0,0,0,33,0.4583333333333333,7.041905226535658e-05,7.347249209432433e-05,0.27614918116508685,0.18699250814823126,-0.3844939753573321,-0.09708645116158156,0.9092278734948482,-0.4210832521912416
124348,薩克達弁塔哈,Sakeda Biantaha,1702,cluster3_qing_after,清,works_general,工部,0,1,0,0,0,0,,,,0,0,0,0,0,0,0.0,7.067932822769843e-42,0.0,-0.4666295804567182,-0.9387205953692331,-0.3886753035554917,-0.15247069472655322,-3.174087617753835e-15,-1.9987334503111837e-15
124364,劉一儒,Liu Yiru,1522,cluster2_yuan_ming,明,works_general,工部,0,1,0,0,0,1,111.287117,30.704229355,夷陵州,0,0,0,0,0,63,0.5591397849462365,0.00014577325691853105,5.962969798918193e-05,0.9514026008212733,0.434583366693128,-0.38001960868197693,-0.10752127729153918,-1.0745151971893374,-0.3057222399391173
124395,王世琇,Wang Shixiu,1579,cluster2_yuan_ming,明,construction,将作/营缮,0,1,0,0,0,1,115.50209,38.855701,清苑,0,0,0,0,1,0,0.0,7.067932822769843e-42,0.0,-0.4666295804567182,-0.9387205953692331,-0.3886753035554917,-0.15247069472655322,-0.13307332922379317,1.9872600433426442
124715,劉應節,Liu Yingjie,1527,cluster2_yuan_ming,明,works_general,工部,0,1,0,0,0,1,119.106499,36.702705,濰縣,0,0,0,0,0,10,1.0,2.4095839032789998e-05,0.0,-0.24154510723798941,1.5173807213961439,-0.38724454571418393,-0.15247069472655322,0.6719950643037151,1.381629318122045
124733,徐栻,Xu Chi,1518,cluster2_yuan_ming,明,works_general,工部,0,1,0,0,0,1,120.733788,31.646582,常熟,0,0,0,0,0,80,0.4506329113924051,0.0002197024725126851,0.00028322456417096434,1.3340462052931121,0.16807949167946842,-0.37562985471785365,0.06102659927416814,1.0354607367717918,-0.040641526456649514
124734,王遴,Wang Lin,1525,cluster2_yuan_ming,明,works_general,工部,0,1,0,0,0,1,116.39524841,39.101539612,霸州,0,0,0,0,0,78,0.43223443223443225,0.0003592292034565047,0.0007266813008332595,1.2890293106493664,0.12289096279309102,-0.3673450647963137,0.39530838574605137,0.0664194603858991,2.056413639946068
124742,畢鏘,Bi Qiang,1517,cluster2_yuan_ming,明,works_general,工部,0,1,0,0,0,1,117.945084,30.374228,石埭,0,0,0,0,0,68,0.4784899034240562,0.00016112543393251384,0.00011960445103195881,1.0639448374306375,0.23649908648952928,-0.37910803023002887,-0.062311754168166374,0.4125854056693165,-0.39855054057341033
124796,李世達,Li Shida,1533,cluster2_yuan_ming,明,hydraulic,水利/河道,0,1,0,0,0,1,108.837563,34.533337,涇陽,0,0,1,0,0,80,0.4443037974683544,0.00019285968476677722,0.0002534505701980918,1.3340462052931121,0.15253454663664948,-0.3772237203225231,0.03858268744960987,-1.6216391511132326,0.7713932029084734
124804,曾同亨,Zeng Tongheng,1533,cluster2_yuan_ming,明,works_general,工部,0,1,0,0,0,1,115.132248,27.214367,吉水,0,0,0,0,0,100,0.3686868686868687,0.00017374244065331985,0.00033447176738982576,1.7842151517305698,-0.033188291713311356,-0.378358860164813,0.09965721468126791,-0.21567996592872687,-1.2874090935044358
124850,袁洪愈,Yuan Hongyu,1516,cluster2_yuan_ming,明,works_general,工部,0,1,0,0,0,1,120.618622,31.31271,吳縣,0,0,0,0,0,56,0.6123376623376623,0.00018684806089895933,3.2726729533436006e-05,0.793843469568163,0.565242743403332,-0.37758067730485395,-0.1278009835476018,1.0097376552322135,-0.1345586268557452
124861,高璐,Gao Lu,1746,cluster3_qing_after,清,works_general,工部,0,0,0,0,0,0,,,,0,0,0,0,0,0,0.0,7.067932822769843e-42,0.0,-0.4666295804567182,-0.9387205953692331,-0.3886753035554917,-0.15247069472655322,-3.174087617753835e-15,-1.9987334503111837e-15
124863,常發祥,Chang Faxiang,1750,cluster3_qing_after,清,hydraulic,水利/河道,0,0,0,0,0,1,118.75231171,39.739654541,灤州,0,0,1,0,0,0,0.0,7.067932822769843e-42,0.0,-0.4666295804567182,-0.9387205953692331,-0.3886753035554917,-0.15247069472655322,0.5928850097654649,2.2359132800867645
124886,吳文華,Wu Wenhua,1521,cluster2_yuan_ming,明,works_general,工部,0,1,0,0,0,1,119.534469,26.198015,連江,0,0,0,0,0,84,0.4569707401032702,0.0002202455319291364,0.00017187603635632445,1.4240799945806037,0.1836458411216577,-0.37559760904600437,-0.022908950062716656,0.7675849711034066,-1.5733055832514693
124891,耿定向,Geng Dingxiang,1524,cluster2_yuan_ming,明,works_general,工部,0,1,0,0,0,1,115.030968,31.180918,麻城,0,0,0,0,0,164,0.2234026634744875,0.001464187025495831,0.008033232136148928,3.224755780330434,-0.390021019440652,-0.3017351034230762,5.903053931704337,-0.2383015182820997,-0.17163128492769408
124912,張端本,Zhang Duanben,1850,cluster3_qing_after,清,works_general,工部,0,0,1,0,0,1,116.36800385,39.931427002,大興,0,0,0,0,0,0,0.0,7.067932822769843e-42,0.0,-0.4666295804567182,-0.9387205953692331,-0.3886753035554917,-0.15247069472655322,0.060334209197267744,2.289858245443304
124932,郝傑,Hao Jie,1530,cluster2_yuan_ming,明,works_general,工部,0,1,0,0,0,1,114.56905365,39.84054184,蔚州,0,0,0,0,0,66,0.46107226107226107,9.707306282823754e-05,6.186233495774702e-05,1.0189279427868918,0.19371959217433693,-0.3829113189259355,-0.1058382949108623,-0.34147311831467186,2.264292546959029
124967,丁賓,Ding Bin,1543,cluster2_yuan_ming,明,works_general,工部,0,1,0,0,0,1,120.917221,30.843824,嘉善,0,0,0,0,0,77,0.36192754613807243,0.00014953250839528552,0.0005540498796124917,1.2665208633274936,-0.04978987272585171,-0.379796392610501,0.26517722499021795,1.0764317005636164,-0.26645472337695764
125004,畢棠,Bi Tang,1828,cluster3_qing_after,清,works_general,工部,0,1,0,0,0,1,115.19208527,38.184902191,深澤,0,0,0,0,0,0,0.0,7.067932822769843e-42,0.0,-0.4666295804567182,-0.9387205953692331,-0.3886753035554917,-0.15247069472655322,-0.20231491916739267,1.7985665347751474
125077,李遷,Li Qian,1511,cluster2_yuan_ming,明,works_general,工部,0,1,0,0,0,1,115.89772,28.674896,新建,0,0,0,0,0,44,0.7230443974630021,0.00016721994166122287,4.574855842034706e-05,0.5237421017056886,0.8371497013194749,-0.3787461517866223,-0.11798500858641252,-0.044706773560632615,-0.876567068031227
125108,喬人傑,Qiao Renjie,1740,cluster3_qing_after,清,hydraulic,水利/河道,0,1,0,0,0,1,112.50899506,37.557182312,徐溝,0,0,1,0,0,0,0.0,7.067932822769843e-42,0.0,-0.4666295804567182,-0.9387205953692331,-0.3886753035554917,-0.15247069472655322,-0.8016007174921902,1.6219909881628198
125133,淩雲翼,Ling Yunyi,1517,cluster2_yuan_ming,明,works_general,工部,0,1,0,0,0,1,121.09863281,31.451000214,太倉州,0,0,0,0,0,0,0.0,7.067932822769843e-42,0.0,-0.4666295804567182,-0.9387205953692331,-0.3886753035554917,-0.15247069472655322,1.1169512183108026,-0.09565804246277254
125136,朱衡,Zhu Heng,1512,cluster2_yuan_ming,明,works_general,工部,0,1,0,0,0,1,114.779678,26.461771,萬安,0,0,0,0,0,116,0.30344827586206896,0.00021967749780130128,0.0009361926950025496,2.144350308880536,-0.1934208854542222,-0.37563133766119905,0.5532400109509235,-0.2944287881367486,-1.4991118840707545
125163,翁大立,Weng Dali,1517,cluster2_yuan_ming,明,hydraulic,水利/河道,0,1,0,0,0,1,121.152763,30.049067,餘姚,0,0,1,0,0,69,0.4620630861040068,0.00020033536656698737,0.0001455299798954628,1.0864532847525106,0.19615315883949175,-0.37677983080532407,-0.04276885091011932,1.1290415513181373,-0.4900172651950324
125165,馮光元,Feng Guangyuan,1843,cluster3_qing_after,清,works_general,工部,0,1,0,0,0,1,119.95230103,31.782783508,陽湖,0,0,0,0,0,0,0.0,7.067932822769843e-42,0.0,-0.4666295804567182,-0.9387205953692331,-0.3886753035554917,-0.15247069472655322,0.8609104958028614,-0.002328488222402521
125185,潘季馴,Pan Jixun,1521,cluster2_yuan_ming,明,hydraulic,水利/河道,0,1,0,0,0,1,120.099312,30.864964,烏程,0,0,1,0,0,116,0.31124437781109443,0.00044572629918737943,0.0022904161893064394,2.144350308880536,-0.17427286919158363,-0.3622090577953171,1.5740661965340246,0.8937463602812871,-0.2605081105959014
125187,吳桂芳,Wu Guifang,1521,cluster2_yuan_ming,明,works_general,工部,0,1,0,0,0,1,115.89772,28.674896,新建,0,0,0,0,0,59,0.4716540035067212,0.0001096040413164451,0.00010289154575035437,0.8613688115337816,0.21970942370128654,-0.38216725702766075,-0.07491009662817646,-0.044706773560632615,-0.876567068031227
125188,傅希摯,Fu Xizhi,1526,cluster2_yuan_ming,明,hydraulic,水利/河道,0,1,0,0,0,1,115.705727,37.726162,衡水,0,0,1,0,0,27,0.7350427350427351,4.691546255349953e-05,6.390597233417645e-06,0.14109849723384957,0.8666188340480526,-0.3858895667386224,-0.14765340347084285,-0.08758966950239044,1.6695244211050968
125234,楚維寧,Chu Weining,1748,cluster3_qing_after,清,construction,将作/营缮,0,1,0,0,0,0,,,,0,0,0,0,1,0,0.0,7.067932822769843e-42,0.0,-0.4666295804567182,-0.9387205953692331,-0.3886753035554917,-0.15247069472655322,-3.174087617753835e-15,-1.9987334503111837e-15
125235,嚴清,Yan Qing,1524,cluster2_yuan_ming,明,works_general,工部,0,1,0,0,0,0,,,,0,0,0,0,0,2,1.0,5.9643051552979565e-06,0.0,-0.42161268581297245,1.5173807213961439,-0.3883211562540725,-0.15247069472655322,-3.174087617753835e-15,-1.9987334503111837e-15
125305,覺羅達椿,Jueluo Dachun,1840,cluster3_qing_after,清,works_general,工部,0,0,0,0,0,0,,,,0,0,0,0,0,0,0.0,7.067932822769843e-42,0.0,-0.4666295804567182,-0.9387205953692331,-0.3886753035554917,-0.15247069472655322,-3.174087617753835e-15,-1.9987334503111837e-15
125306,阿克達春,Akedachun,1833,cluster3_qing_after,清,works_general,工部,0,0,0,0,0,0,,,,0,0,0,0,0,0,0.0,7.067932822769843e-42,0.0,-0.4666295804567182,-0.9387205953692331,-0.3886753035554917,-0.15247069472655322,-3.174087617753835e-15,-1.9987334503111837e-15
125309,張瀚,Zhang Han,1511,cluster2_yuan_ming,明,hydraulic,水利/河道,0,1,0,0,0,1,120.168625,30.294125,仁和,0,0,1,0,0,78,0.33666333666333664,0.00013876936200663396,0.00038890868677505174,1.2890293106493664,-0.11184133088378659,-0.38043548453304216,0.140692267613561,0.9092278734948482,-0.4210832521912416
125334,劉永泰,Liu Yungtai,1687,cluster3_qing_after,清,works_general,工部,0,1,0,0,0,1,123.41880798,41.787513733,奉天省,0,0,0,0,0,0,0.0,7.067932822769843e-42,0.0,-0.4666295804567182,-0.9387205953692331,-0.3886753035554917,-0.15247069472655322,1.6351775618845508,2.811969365467614
125336,楊時喬,Yang Shiqiao,1531,cluster2_yuan_ming,明,works_general,工部,0,1,0,0,0,1,117.96489,28.450691,上饒,0,0,0,0,0,64,0.44742063492063494,9.757275407338591e-05,0.0013351140094551505,0.9739110481431461,0.16018981520733935,-0.382881648360563,0.8539505845699206,0.4170092056881845,-0.9396352004142342
125337,李戴,Li Dai,1544,cluster2_yuan_ming,明,works_general,工部,0,1,0,0,0,1,114.194687,35.142761,延津,0,0,0,0,0,46,0.5835748792270531,8.157598670376342e-05,1.1455784561133011e-05,0.5687589963494343,0.49459843393152775,-0.3838315011678679,-0.14383521845133584,-0.42509036527687116,0.9428221786645065
125397,蔡德晉,Cai Dejin,1699,cluster3_qing_after,清,works_general,工部,0,1,0,0,0,1,120.29766846,31.574613571,無錫,0,0,0,0,0,0,0.0,7.067932822769843e-42,0.0,-0.4666295804567182,-0.9387205953692331,-0.3886753035554917,-0.15247069472655322,0.9380505767556113,-0.06088600988729968
125427,蔣實英,Jiang Shiying,1859,cluster3_qing_after,清,hydraulic,水利/河道,0,0,0,0,0,1,111.06500244,25.931814194,全州,0,0,1,0,0,0,0.0,7.067932822769843e-42,0.0,-0.4666295804567182,-0.9387205953692331,-0.3886753035554917,-0.15247069472655322,-1.1241259411416094,-1.648186998354929
125527,張孔教,Zhang Kongjiao,1581,cluster2_yuan_ming,明,works_general,工部,0,1,0,0,0,1,120.578262,30.004515,會稽,0,0,0,0,0,0,0.0,7.067932822769843e-42,0.0,-0.4666295804567182,-0.9387205953692331,-0.3886753035554917,-0.15247069472655322,1.0007229844879177,-0.5025495969179097
125582,蕭廩,Xiao Lin,1524,cluster2_yuan_ming,明,works_general,工部,0,1,0,0,0,1,114.779678,26.461771,萬安,0,0,0,0,0,73,0.4356925418569254,0.00014163644206080276,0.00010855042562275579,1.176487074040002,0.13138443039041547,-0.3802652436352848,-0.07064438068164733,-0.2944287881367486,-1.4991118840707545
125584,李頤,Li Yi,1539,cluster2_yuan_ming,明,works_general,工部,0,1,0,0,0,1,116.682,28.69155,餘干,0,0,0,0,0,67,0.49389416553595655,0.00020725315251366586,0.00016983987867880937,1.0414363901087647,0.2743335149463668,-0.37636906791492497,-0.02444382453796116,0.13046730897987538,-0.8718823523616097
125601,萬象春,Wan Xiangchun,1549,cluster2_yuan_ming,明,works_general,工部,0,1,0,0,0,1,120.297668,31.574614,無錫,0,0,0,0,0,11,0.7090909090909091,2.0230699417621527e-05,1.974148123518077e-06,-0.21903665991611654,0.8028785201553069,-0.387474049190059,-0.15098256362619678,0.938050474011595,-0.06088588921100437
125694,李化龍,Li Hualong,1552,cluster2_yuan_ming,明,works_general,工部,0,1,0,0,0,1,114.682724,35.19836,長垣,0,0,0,0,0,100,0.35858585858585856,0.0004158848791848149,0.0016695408547681859,1.7842151517305698,-0.05799739592306266,-0.3639809755777328,1.1060446313010923,-0.3160841000134182,0.9584619953160658
126299,丁元薦,Ding Yuanjian,1556,cluster2_yuan_ming,明,works_general,工部,0,1,0,0,0,1,119.901375,31.013893,長興,0,0,0,0,0,70,0.36314699792960664,0.00017073242873111516,0.000416910012536955,1.1089617320743834,-0.04679477557493264,-0.3785375880420313,0.16179992575789617,0.8495358329494412,-0.21861487053582795
126309,丁自申,Ding Zishen,1526,cluster2_yuan_ming,明,works_general,工部,0,1,0,0,0,1,118.589905,24.909641,晉江,0,0,0,0,0,13,0.8974358974358975,2.6785795359312945e-05,3.1161254161836087e-07,-0.17401976527237079,1.2654728940355922,-0.3870848220331903,-0.15223579831279424,0.5566104057685858,-1.9357209709137615
126330,丁璐,Ding Lu,1421,cluster2_yuan_ming,明,works_general,工部,0,1,0,0,0,1,115.785782,28.197754,豐城,0,0,0,0,0,0,0.0,7.067932822769843e-42,0.0,-0.4666295804567182,-0.9387205953692331,-0.3886753035554917,-0.15247069472655322,-0.06970886012591684,-1.0107855503197252
126331,丁懋遜,Ding Maoxun,1550,cluster2_yuan_ming,明,works_general,工部,0,1,0,0,0,1,117.80175781,37.68321991,霑化,0,0,0,0,0,0,0.0,7.067932822769843e-42,0.0,-0.4666295804567182,-0.9387205953692331,-0.3886753035554917,-0.15247069472655322,0.38057256097446773,1.6574449517938716
126376,方九功,Fang Jiugong,1535,cluster2_yuan_ming,明,works_general,工部,0,1,0,0,0,1,112.535469,33.001678,南陽,0,0,0,0,0,1,0.0,3.3515024036010215e-06,0.0,-0.44412113313484536,-0.9387205953692331,-0.38847629872575373,-0.15247069472655322,-0.795687589335495,0.34054254133703526
126387,方弘靜,Fang Hongjing,1516,cluster2_yuan_ming,明,works_general,工部,0,1,0,0,0,1,118.433945,29.86577,歙縣,0,0,0,0,0,85,0.3733893557422969,0.0001517582552240943,0.00018245951268242347,1.4465884419024766,-0.02163850706440189,-0.37966423266687965,-0.014931027796839682,0.521775716737858,-0.541578111123571
126392,方良曙,Fang Liangshu,1515,cluster2_yuan_ming,明,works_general,工部,0,1,0,0,0,1,118.433945,29.86577,歙縣,0,0,0,0,0,18,0.738562091503268,3.158350741086825e-05,7.24420698579437e-07,-0.06147752866300637,0.8752627300849343,-0.3867999444603961,-0.15192461970895174,0.521775716737858,-0.541578111123571
126411,方廉,Fang Lian,1513,cluster2_yuan_ming,明,works_general,工部,0,0,0,0,0,1,119.723953,29.970999,新城,0,0,0,0,0,52,0.5701357466063348,0.00018225752769114248,8.718635844961254e-05,0.7038096802806716,0.4615905626055971,-0.3778532530542989,-0.08674881196099936,0.8099074654371963,-0.5119775379760886
126438,王康,Wang Kang,1397,cluster2_yuan_ming,明,works_general,工部,0,1,0,0,0,1,120.73346,28.852207,仙居,0,0,0,0,0,12,0.5454545454545454,8.737462502239238e-05,4.765552272609142e-05,-0.19652821259424366,0.400971031957336,-0.38348719079826443,-0.11654752126879897,1.0353874758202501,-0.8266900643026602
126521,王如堅,Wang Rujian,1556,cluster2_yuan_ming,明,works_general,工部,0,1,0,0,0,1,114.608452,27.382462,安福,0,0,0,0,0,0,0.0,7.067932822769843e-42,0.0,-0.4666295804567182,-0.9387205953692331,-0.3886753035554917,-0.15247069472655322,-0.33267323840588964,-1.2401245203998144
126609,王昺,Wang Bing,1491,cluster2_yuan_ming,明,works_general,工部,0,0,0,0,0,0,,,,0,0,0,0,0,18,0.5555555555555556,1.7508409138714243e-05,2.4574683832080136e-05,-0.06147752866300637,0.42578013616708743,-0.38763569278991716,-0.13394607093754693,-3.174087617753835e-15,-1.9987334503111837e-15
126657,王純,Wang Chun,1434,cluster2_yuan_ming,明,works_general,工部,0,1,0,0,0,1,120.73346,28.852207,仙居,0,0,0,0,0,19,0.7251461988304093,0.0001261011681139364,1.534120964291251e-05,-0.038969081341133485,0.842311938425543,-0.3811876939797652,-0.14090634911604147,1.0353874758202501,-0.8266900643026602
126692,王莘,Wang Shen,1476,cluster2_yuan_ming,明,works_general,工部,0,1,0,0,0,1,120.26609,31.90877,江陰,0,0,0,0,0,15,1.0,5.6224155139013685e-05,0.0,-0.129002870628625,1.5173807213961439,-0.3853368370789113,-0.15247069472655322,0.9309973205734562,0.03311109945818705
126725,王鈁,Wang Fang,1493,cluster2_yuan_ming,明,works_general,工部,0,1,0,0,0,1,120.578262,30.004515,會稽,0,0,0,0,0,0,0.0,7.067932822769843e-42,0.0,-0.4666295804567182,-0.9387205953692331,-0.3886753035554917,-0.15247069472655322,1.0007229844879177,-0.5025495969179097
126819,王德新,Wang Dexin,1550,cluster2_yuan_ming,明,works_general,工部,0,1,0,0,0,1,114.608452,27.382462,安福,0,0,0,0,0,0,0.0,7.067932822769843e-42,0.0,-0.4666295804567182,-0.9387205953692331,-0.3886753035554917,-0.15247069472655322,-0.33267323840588964,-1.2401245203998144
126879,王繼宗,Wang Jizong,1502,cluster2_yuan_ming,明,works_general,工部,0,1,0,0,0,1,106.080727,30.798986,南充,0,0,0,0,0,0,0.0,7.067932822769843e-42,0.0,-0.4666295804567182,-0.9387205953692331,-0.3886753035554917,-0.15247069472655322,-2.237396555375292,-0.27906750596338253
126955,尤魯,You Lu,1502,cluster2_yuan_ming,明,works_general,工部,0,1,0,0,0,1,120.297668,31.574614,無錫,0,0,0,0,0,0,0.0,7.067932822769843e-42,0.0,-0.4666295804567182,-0.9387205953692331,-0.3886753035554917,-0.15247069472655322,0.938050474011595,-0.06088588921100437
127066,史琳,Shi Lin,1438,cluster2_yuan_ming,明,works_general,工部,0,1,0,0,0,1,121.152763,30.049067,餘姚,0,0,0,0,0,23,1.0,0.0001289558860135651,0.0,0.05106470794635804,1.5173807213961439,-0.381018187119512,-0.15247069472655322,1.1290415513181373,-0.4900172651950324
127166,江一麟,Jiang Yilin,1523,cluster2_yuan_ming,明,works_general,工部,0,1,0,0,0,1,117.844589,29.244728,婺源,0,0,0,0,0,46,0.5371980676328503,9.47460027282453e-05,4.590928169308307e-05,0.5687589963494343,0.38069228590762644,-0.3830494946284179,-0.11786385389803823,0.3901391882152088,-0.7162751922386555
127171,江治,Jiang Zhi,1517,cluster2_yuan_ming,明,works_general,工部,0,1,0,0,0,1,116.259071,28.364485,進賢,0,0,0,0,0,25,0.8733333333333333,0.0006865440475820928,1.2712423422361119e-05,0.0960816025901038,1.2062745546058626,-0.3479098303904137,-0.14288795246403116,0.036003342596983685,-0.9638846659489437
127192,安希范,An Xifan,1564,cluster2_yuan_ming,明,works_general,工部,0,1,0,0,0,1,120.297668,31.574614,無錫,0,0,0,0,0,73,0.3907914764079148,0.00041205190944597423,0.0005710007637115132,1.176487074040002,0.021102864416932113,-0.3642085688772182,0.2779549580821697,0.938050474011595,-0.06088588921100437
127385,朱維京,Zhu Weijing,1549,cluster2_yuan_ming,明,works_general,工部,0,1,0,0,0,1,114.779678,26.461771,萬安,0,0,0,0,0,24,0.6340579710144928,4.270526192068656e-05,4.881453122759114e-06,0.07357315526823092,0.6185900221450458,-0.38613955917759407,-0.1487910102487925,-0.2944287881367486,-1.4991118840707545
127417,朱爵,Zhu Jue,1556,cluster2_yuan_ming,明,works_general,工部,0,1,0,0,0,1,115.00592804,35.754283905,開州,0,0,0,0,0,0,0.0,7.067932822769843e-42,0.0,-0.4666295804567182,-0.9387205953692331,-0.3886753035554917,-0.15247069472655322,-0.24389435759950062,1.1148415695245721
127467,仲本,Zhong Ben,1460,cluster2_yuan_ming,明,medical,医学/医官,0,1,0,0,0,1,119.310043,33.235947,寶應,0,1,0,0,0,14,0.42857142857142855,3.6590829021059483e-05,0.0014426227547351352,-0.15151131795049788,0.11389425467307121,-0.3865026207337568,0.9349916703453564,0.7174579518650762,0.4064416439673733
127474,仰儒,Yang Ru,1463,cluster2_yuan_ming,明,works_general,工部,0,1,0,0,0,1,119.9406,30.27177,餘杭,0,0,0,0,0,0,0.0,7.067932822769843e-42,0.0,-0.4666295804567182,-0.9387205953692331,-0.3886753035554917,-0.15247069472655322,0.8582969939986224,-0.42737164049400994
127476,全元立,Quan Yuanli,1498,cluster2_yuan_ming,明,works_general,工部,0,1,0,0,0,1,121.542656,29.866316,鄞縣,0,0,0,0,0,49,0.4770408163265306,0.00010039312181135805,7.285560727099047e-05,0.6362843383150529,0.23293998176118905,-0.3827141811372394,-0.09755146464258876,1.2161267103990354,-0.541424523111345
127501,汪大受,Wang Dashou,1499,cluster2_yuan_ming,明,works_general,工部,0,1,0,0,0,1,117.844589,29.244728,婺源,0,0,0,0,0,2,1.0,5.187797535589334e-07,0.0,-0.42161268581297245,1.5173807213961439,-0.38864449955653957,-0.15247069472655322,0.3901391882152088,-0.7162751922386555
127541,汪應蛟,Wang Yingjiao,1544,cluster2_yuan_ming,明,works_general,工部,0,1,0,0,0,1,117.844589,29.244728,婺源,0,0,0,0,0,27,0.6951566951566952,0.00029239734894728346,3.5626951966624244e-05,0.14109849723384957,0.7686546789633937,-0.37131339309391254,-0.1256147690739444,0.3901391882152088,-0.7162751922386555
127611,沈暉,Shen Hui,1446,cluster2_yuan_ming,明,works_general,工部,0,1,0,0,0,1,119.814385,31.363638,宜興,0,0,0,0,0,15,0.6190476190476191,0.00011062597842429616,3.3233788446488587e-06,-0.129002870628625,0.5817230769140955,-0.3821065766534106,-0.1499655010391742,0.8301060458323416,-0.12023274720987676
127625,沈儆炌,Shen Jingkai,1554,cluster2_yuan_ming,明,works_general,工部,0,0,0,0,0,1,120.099312,30.864964,歸安,0,0,0,0,0,47,0.5235892691951897,0.0002895354177666237,0.00036101324620900195,0.5912674436713072,0.3472676981452936,-0.3714833282629033,0.1196644267084389,0.8937463602812871,-0.2605081105959014
127627,沈節甫,Shen Jiefu,1533,cluster2_yuan_ming,明,works_general,工部,0,1,0,0,0,1,120.099312,30.864964,烏程,0,0,0,0,0,56,0.4941558441558442,9.526332933875292e-05,2.637690784023309e-05,0.793843469568163,0.27497622414924217,-0.3830187769138991,-0.13258753782425547,0.8937463602812871,-0.2605081105959014
127641,沈鎜,Shen Pan,1505,cluster2_yuan_ming,明,works_general,工部,0,1,0,0,0,1,120.753204,30.767469,秀水,0,0,0,0,0,0,0.0,7.067932822769843e-42,0.0,-0.4666295804567182,-0.9387205953692331,-0.3886753035554917,-0.15247069472655322,1.039797427732425,-0.2879331348669096
127713,杜拯,Du Zheng,1508,cluster2_yuan_ming,明,works_general,工部,0,1,0,0,0,1,115.785782,28.197754,豐城,0,0,0,0,0,3,1.0,3.629774418562988e-06,0.0,-0.3991042384910996,1.5173807213961439,-0.3884597755465077,-0.15247069472655322,-0.06970886012591684,-1.0107855503197252
127823,李孟暘,Li Mengyang,1432,cluster2_yuan_ming,明,works_general,工部,0,1,0,0,0,1,115.06597137,34.430503845,睢州,0,0,0,0,0,10,0.6666666666666666,6.664193584100609e-05,4.387119371718236e-06,-0.24154510723798941,0.6986802824743514,-0.3847182522100417,-0.14916364359890244,-0.23048328598550194,0.742466573114746
127845,李春,Li Chun,1409,cluster2_yuan_ming,明,works_general,工部,0,0,0,0,0,1,115.15681458,36.713916779,邱縣,0,0,0,0,0,2,1.0,2.1055900741705357e-06,0.0,-0.42161268581297245,1.5173807213961439,-0.3885502782552687,-0.15247069472655322,-0.21019285913949634,1.384783154843889
127866,李重,Li Zhong,1469,cluster2_yuan_ming,明,works_general,工部,0,1,0,0,0,1,119.437187,32.39127,江都,0,0,0,0,0,32,0.8145161290322581,9.408958860919646e-05,8.514481978072503e-06,0.25364073384321395,1.0618135416735337,-0.3830884710527996,-0.146052399521625,0.7458563982751986,0.16883676960292385
127867,李香,Li Xiang,1494,cluster2_yuan_ming,明,works_general,工部,0,1,0,0,0,1,114.693603,27.767023,分宜,0,0,0,0,0,5,1.0,2.5664078029065577e-05,0.0,-0.3540873438473538,1.5173807213961439,-0.38715142713724154,-0.15247069472655322,-0.31365420400184235,-1.131948770272291
127868,李浩,Li Hao,1406,cluster2_yuan_ming,明,works_general,工部,1,0,0,0,0,1,113.688919,31.263714,安陸,0,0,0,0,0,3,1.0,0.0009282599724440478,0.0,-0.3991042384910996,1.5173807213961439,-0.33355727124546847,-0.15247069472655322,-0.5380569656980839,-0.14834104122758232
127882,李時珍,Li Shizhen,1518,cluster2_yuan_ming,明,medical,医学/医官,0,0,0,0,0,1,115.34519958,30.062501907,蘄州,0,1,0,0,0,1,0.0,1.1480147916551138e-11,0.0,-0.44412113313484536,-0.9387205953692331,-0.38867530287382585,-0.15247069472655322,-0.16811583366467459,-0.4862380698460017
127906,李堂,Li Tang,1462,cluster2_yuan_ming,明,works_general,工部,0,1,0,0,0,1,121.542656,29.866316,鄞縣,0,0,0,0,0,50,0.2873469387755102,0.00017382761443115685,0.00024394362104062953,0.6587927856369258,-0.23296740067420235,-0.37835380273351343,0.03141626131259079,1.2161267103990354,-0.541424523111345
127920,李善,Li Shan,1444,cluster2_yuan_ming,明,works_general,工部,0,1,0,0,0,1,106.85295868,34.891407013,隴州,0,0,0,0,0,7,0.9047619047619048,2.6946030919851554e-05,1.1976489366462746e-05,-0.30907044920360804,1.2834663102756316,-0.38707530759858666,-0.14344270635678474,-2.064913544138595,0.8721171251326374
127947,李滄,Li Cang,1466,cluster2_yuan_ming,明,works_general,工部,0,0,0,0,0,1,120.025253,28.897268,永康,0,0,0,0,0,9,0.8333333333333334,6.347646629287007e-05,5.144672434788728e-07,-0.2640535545598623,1.1080305019352477,-0.3849062108186319,-0.1520828845637721,0.8772047968360047,-0.8140145525464072
127951,李愷,Li Kai,1502,cluster2_yuan_ming,明,works_general,工部,0,1,0,0,0,1,118.802818,25.022078,惠安,0,0,0,0,0,16,0.6166666666666667,4.3953950961336414e-05,1.016981014692671e-05,-0.10649442330675213,0.5758752166360828,-0.38606541477308365,-0.1448045978495913,0.604165920936571,-1.9040928109675153
128027,李蕡,Li Fen,1385,cluster2_yuan_ming,明,works_general,工部,0,1,0,0,0,1,120.618622,31.31271,長洲,0,0,0,0,0,0,0.0,7.067932822769843e-42,0.0,-0.4666295804567182,-0.9387205953692331,-0.3886753035554917,-0.15247069472655322,1.0097376552322135,-0.1345586268557452
128088,車純,Che Chun,1480,cluster2_yuan_ming,明,works_general,工部,0,1,0,0,0,1,120.973587,29.952654,上虞,0,0,0,0,0,0,0.0,7.067932822769843e-42,0.0,-0.4666295804567182,-0.9387205953692331,-0.3886753035554917,-0.15247069472655322,1.0890214164004066,-0.5171379264088455
128139,吳之甲,Wu Zhijia,1580,cluster2_yuan_ming,明,construction,将作/营缮,0,1,0,0,0,1,116.259071,28.364485,進賢,0,0,0,0,1,7,0.42857142857142855,7.667094433478328e-06,2.0940594109966867e-05,-0.30907044920360804,0.11389425467307121,-0.3882200483777899,-0.13668548135591257,0.036003342596983685,-0.9638846659489437
128145,吳仁度,Wu Rendu,1532,cluster2_yuan_ming,明,works_general,工部,0,1,0,0,0,1,116.77626,27.910084,金谿,0,0,0,0,0,0,0.0,7.067932822769843e-42,0.0,-0.4666295804567182,-0.9387205953692331,-0.3886753035554917,-0.15247069472655322,0.15152089828505574,-1.091706179398557
128170,吳自新,Wu Zixin,1541,cluster2_yuan_ming,明,hydraulic,水利/河道,0,1,0,0,0,1,117.706978,29.854147,祁門,0,0,1,0,0,55,0.48282828282828283,9.914438329108725e-05,9.954476944198961e-05,0.7713350222462901,0.24715458585687816,-0.38278832847974065,-0.07743292753994119,0.3594028686960566,-0.5448476229662493
128187,吳昊,Wu Hao,1447,cluster2_yuan_ming,明,astronomical,天文/历算,0,0,0,0,0,1,116.351341,27.984781,臨川,1,0,0,0,0,12,1.0,5.186716701883755e-05,0.0,-0.19652821259424366,1.5173807213961439,-0.38559554543552604,-0.15247069472655322,0.0566124523486191,-1.0706941578797973
128191,吳洪,Wu Hong,1448,cluster2_yuan_ming,明,works_general,工部,0,1,0,0,0,1,120.637787,31.167065,吳江,0,0,0,0,0,27,0.452991452991453,0.00010475985753579224,6.132954611952022e-05,0.14109849723384957,0.17387230880653592,-0.3824548939893566,-0.10623991606109046,1.0140182836963958,-0.17552808846865717
128229,吳傑,Wu Jie,1467,cluster2_yuan_ming,明,medical,医学/医官,0,0,0,0,0,1,119.952301,31.782784,武進,0,1,0,0,0,15,0.8095238095238095,4.273434364062122e-05,7.62690050809783e-07,-0.129002870628625,1.0495518991551196,-0.38613783236912813,-0.1518957719175596,0.8609104891021656,-0.002328349824414023
128233,吳源,Wu Yuan,1508,cluster2_yuan_ming,明,works_general,工部,0,1,0,0,0,1,120.168625,30.294125,錢塘,0,0,0,0,0,11,0.8363636363636363,6.485235955516784e-06,1.7256904100769912e-05,-0.21903665991611654,1.115473233198173,-0.3882902245307082,-0.13946228092908206,0.9092278734948482,-0.4210832521912416
128242,吳瑞,Wu Rui,1445,cluster2_yuan_ming,明,works_general,工部,0,1,0,0,0,1,120.94823456,31.386108398,崑山,0,0,0,0,0,1,0.0,3.7056323637843556e-36,0.0,-0.44412113313484536,-0.9387205953692331,-0.3886753035554917,-0.15247069472655322,1.0833587826252729,-0.11391189782755783
128270,吳誾,Wu Yin,1486,cluster2_yuan_ming,明,hydraulic,水利/河道,0,1,0,0,0,1,119.952301,31.782784,武進,0,0,1,0,0,3,1.0,4.464134099775324e-06,0.0,-0.3991042384910996,1.5173807213961439,-0.388410233106639,-0.15247069472655322,0.8609104891021656,-0.002328349824414023
128301,呂本,Lv Ben,1504,cluster2_yuan_ming,明,works_general,工部,0,1,0,0,0,1,121.152763,30.049067,餘姚,0,0,0,0,0,95,0.3717805151175812,0.00023852243724964057,0.0016123635208237044,1.6716729151212053,-0.02558998264123181,-0.37451236667006693,1.0629438285474382,1.1290415513181373,-0.4900172651950324
128304,呂光洵,Lv Guangxun,1518,cluster2_yuan_ming,明,works_general,工部,0,1,0,0,0,1,120.902107,29.494654,新昌,0,0,0,0,0,78,0.3852813852813853,0.0002367715869176336,0.0004854898468535169,1.2890293106493664,0.007569522345565779,-0.3746163283058525,0.2134960386726135,1.0730558895222577,-0.6459718267742123
128334,呂夔,Lv Kui,1472,cluster2_yuan_ming,明,works_general,工部,0,1,0,0,0,1,118.191361,28.438469,永豐,0,0,0,0,0,15,1.0,5.6224155139013685e-05,0.0,-0.129002870628625,1.5173807213961439,-0.3853368370789113,-0.15247069472655322,0.46759298909083696,-0.9430732089955993
128366,余禎,Yu Zhen,1484,cluster2_yuan_ming,明,works_general,工部,0,1,0,0,0,1,115.377151,28.70723,奉新,0,0,0,0,0,0,0.0,7.067932822769843e-42,0.0,-0.4666295804567182,-0.9387205953692331,-0.3886753035554917,-0.15247069472655322,-0.16097927442006013,-0.867471619702813
128375,余懋學,Yu Maoxue,1538,cluster2_yuan_ming,明,works_general,工部,0,1,0,0,0,1,117.844589,29.244728,婺源,0,0,0,0,0,12,0.6818181818181818,3.296810571591071e-05,7.527025561607735e-07,-0.19652821259424366,0.7358939387889782,-0.3867177300631591,-0.1519033005833293,0.3901391882152088,-0.7162751922386555
128406,何廷仁,He Tingren,1486,cluster2_yuan_ming,明,works_general,工部,0,1,0,0,0,1,115.409363,25.954086,雩都,0,0,0,0,0,50,0.4922448979591837,0.0007238746216761859,0.0004299233195501407,0.6587927856369258,0.27028274667935653,-0.34569322313581835,0.1716094768519131,-0.153784512923152,-1.641922012251958
128412,何其高,He Qigao,1502,cluster2_yuan_ming,明,works_general,工部,0,1,0,0,0,1,105.967034,31.58316,閬中,0,0,0,0,0,4,0.8333333333333334,4.528396555021361e-06,4.5576258925654546e-08,-0.3765957911692267,1.1080305019352477,-0.3884064173436096,-0.15243633892136454,-2.2627906327026213,-0.05848192739327008
128432,何詔,He Zhao,1460,cluster2_yuan_ming,明,works_general,工部,0,1,0,0,0,1,120.578262,30.004515,山陰,0,0,0,0,0,33,0.5643939393939394,0.00014079629172249973,3.526844814968287e-05,0.27614918116508685,0.44748810235061987,-0.38031512991161526,-0.1258850125644056,1.0007229844879177,-0.5025495969179097
128441,何喬遠,He Qiaoyuan,1558,cluster2_yuan_ming,明,works_general,工部,0,1,0,0,0,1,118.589905,24.909641,晉江,0,0,0,0,0,107,0.32604478927878683,0.00048154516567601696,0.001335635434228969,1.94177428298368,-0.13792155909711493,-0.36008221240820965,0.8543436393833722,0.5566104057685858,-1.9357209709137615
128508,孟洋,Meng Yang,1483,cluster2_yuan_ming,明,hydraulic,水利/河道,0,1,0,0,0,1,114.06924,32.13112,信陽衛,0,0,1,0,0,31,0.6623655913978495,0.000143819826133674,4.564947983062734e-05,0.2311322865213411,0.6881164058431025,-0.38013559909879047,-0.1180596949430161,-0.45310977560540266,0.09565742641504228
128522,孟鑑,Meng Jian,1403,cluster2_yuan_ming,明,works_general,工部,0,1,0,0,0,1,115.459084,38.457569,博野,0,0,0,0,0,0,0.0,7.067932822769843e-42,0.0,-0.4666295804567182,-0.9387205953692331,-0.3886753035554917,-0.15247069472655322,-0.14267900142471068,1.8752668153507994
128594,林廷選,Lin Tingxuan,1450,cluster2_yuan_ming,明,works_general,工部,0,1,0,0,0,1,119.518837,25.959837,長樂,0,0,0,0,0,32,0.6673387096774194,0.00014867555221431472,4.962121496575971e-06,0.25364073384321395,0.7003308881979842,-0.3798472767807477,-0.14873020168308157,0.7640934613641902,-1.6403042747825232
128649,林㙱,Lin Hao,1444,cluster2_yuan_ming,明,works_general,工部,0,1,0,0,0,1,119.321577,26.073954,閩縣,0,0,0,0,0,14,1.0,6.501207425197482e-05,0.0,-0.15151131795049788,1.5173807213961439,-0.3848150298007942,-0.15247069472655322,0.7200341464231732,-1.6082035363371199
128665,來天球,Lai Tianqiu,1460,cluster2_yuan_ming,明,works_general,工部,0,1,0,0,0,1,120.258934,30.161488,蕭山,0,0,0,0,0,2,1.0,2.1427950769615937e-06,0.0,-0.42161268581297245,1.5173807213961439,-0.38854806910416145,-0.15247069472655322,0.9293989810331625,-0.4583936059963978
128669,來斯行,Lai Sixing,1577,cluster2_yuan_ming,明,works_general,工部,0,1,0,0,0,1,120.258934,30.161488,蕭山,0,0,0,0,0,20,0.6631578947368421,4.599714934749606e-05,2.353701510908149e-05,-0.016460634019260605,0.6900623831172799,-0.3859440941538528,-0.13472827521095757,0.9293989810331625,-0.4583936059963978
128745,金鉉,Jin Xuan,1610,cluster2_yuan_ming,明,hydraulic,水利/河道,0,0,0,0,0,1,116.36800385,39.931427002,大興,0,0,1,0,0,1,0.0,9.042446007776422e-07,0.0,-0.44412113313484536,-0.9387205953692331,-0.388621611503048,-0.15247069472655322,0.060334209197267744,2.289858245443304
128797,周汝登,Zhou Rudeng,1547,cluster2_yuan_ming,明,works_general,工部,0,1,0,0,0,1,120.815277,29.58749,嵊縣,0,0,0,0,0,71,0.36257545271629776,0.0007580947576821782,0.003027150825032722,1.1314701793962563,-0.04819854852593152,-0.3436613068429445,2.1294235737607474,1.0536618394546882,-0.6198573639481882
128809,周宏,Zhou Hong,1445,cluster2_yuan_ming,明,works_general,工部,0,1,0,0,0,1,120.084801,30.553133,德清,0,0,0,0,0,0,0.0,7.067932822769843e-42,0.0,-0.4666295804567182,-0.9387205953692331,-0.3886753035554917,-0.15247069472655322,0.8905052332453495,-0.3482251498640958
128917,周賢,Zhou Xian,1407,cluster2_yuan_ming,明,works_general,工部,0,1,0,0,0,1,120.618622,31.31271,長洲,0,0,0,0,0,5,1.0,2.89073428795453e-05,0.0,-0.3540873438473538,1.5173807213961439,-0.38695884921497264,-0.15247069472655322,1.0097376552322135,-0.1345586268557452
128918,周賢宣,Zhou Xianxuan,1523,cluster2_yuan_ming,明,construction,将作/营缮,0,1,0,0,0,1,114.779678,26.461771,萬安,0,0,0,0,1,2,1.0,2.222914720969054e-06,0.0,-0.42161268581297245,1.5173807213961439,-0.388543311776195,-0.15247069472655322,-0.2944287881367486,-1.4991118840707545
128945,洪文衡,Hong Wenheng,1560,cluster2_yuan_ming,明,works_general,工部,0,1,0,0,0,1,118.433945,29.86577,歙縣,0,0,0,0,0,57,0.4642857142857143,0.00036228618940841893,0.00034111026650521123,0.816351916890036,0.20161215884326333,-0.36716354770468984,0.10466137666668611,0.521775716737858,-0.541578111123571
128956,洪遠,Hong Yuan,1450,cluster2_yuan_ming,明,works_general,工部,0,1,0,0,0,1,118.433945,29.86577,歙縣,0,0,0,0,0,43,0.5492801771871539,0.00018825789086461612,0.0001452142188980782,0.5012336543838156,0.4103671710932552,-0.3774969647071922,-0.04300687446817443,0.521775716737858,-0.541578111123571
128987,施邦曜,Shi Bangyao,1585,cluster2_yuan_ming,明,construction,将作/营缮,0,1,0,0,0,1,121.152763,30.049067,餘姚,0,0,0,0,1,32,0.5665322580645161,0.0006954609127118042,0.0005889555699007608,0.25364073384321395,0.45274002965308724,-0.3473803665818757,0.29148945692386563,1.1290415513181373,-0.4900172651950324
129043,胡訓,Hu Xun,1474,cluster2_yuan_ming,明,works_general,工部,0,1,0,0,0,1,115.89772,28.674896,南昌,0,0,0,0,0,16,0.5,2.2735757395842826e-05,7.241609624274765e-06,-0.10649442330675213,0.2893300630134553,-0.38732530436567697,-0.1470119024656567,-0.044706773560632615,-0.876567068031227
129045,胡桂芳,Hu Guifang,1544,cluster2_yuan_ming,明,works_general,工部,0,1,0,0,0,1,116.77626,27.910084,金谿,0,0,0,0,0,57,0.4899749373433584,0.0003279914519658172,0.0006470553812053917,0.816351916890036,0.2647074934218225,-0.36919989366653083,0.33528563163702946,0.15152089828505574,-1.091706179398557
129167,范瑟,Fan Se,1504,cluster2_yuan_ming,明,works_general,工部,0,1,0,0,0,1,117.00148773,36.650131226,歷城,0,0,0,0,0,2,1.0,1.940064352013898e-06,0.0,-0.42161268581297245,1.5173807213961439,-0.38856010680801556,-0.15247069472655322,0.20182698917788935,1.3668404876387532
129169,范嵩,Fan Song,1472,cluster2_yuan_ming,明,works_general,工部,0,1,0,0,0,1,118.32378387,27.038864136,甌寧,0,0,0,0,0,14,0.5824175824175825,1.4364717267888643e-05,8.159971865140593e-06,-0.15151131795049788,0.4917559957138986,-0.3878223582880025,-0.14631963252109448,0.4971705057425824,-1.3367774744966026
129178,范檟,Fan Jia,1517,cluster2_yuan_ming,明,works_general,工部,0,1,0,0,0,1,120.578262,30.004515,會稽,0,0,0,0,0,4,1.0,2.6089246452517574e-05,0.0,-0.3765957911692267,1.5173807213961439,-0.3871261815728559,-0.15247069472655322,1.0007229844879177,-0.5025495969179097
129193,柴昇,Chai Sheng,1457,cluster2_yuan_ming,明,works_general,工部,0,1,0,0,0,1,111.838593,33.050232,內鄉,0,0,0,0,0,3,1.0,2.016201275766698e-06,0.0,-0.3991042384910996,1.5173807213961439,-0.38855558596520434,-0.15247069472655322,-0.9513394151432426,0.3542006225561191
129216,俞諮伯,Yu Zibo,1502,cluster2_yuan_ming,明,works_general,工部,0,1,0,0,0,1,121.012344,30.70422,平湖,0,0,0,0,0,21,0.5142857142857142,3.9120579032387716e-05,2.0643052408264494e-05,0.006047813302612277,0.324417224681532,-0.3863524097508426,-0.1369097710405018,1.097678046579709,-0.305724871469986
129305,姚文灝,Yao Wenhao,1455,cluster2_yuan_ming,明,hydraulic,水利/河道,0,1,0,0,0,1,117.202271,28.287901,貴溪,0,0,1,0,0,13,0.6794871794871795,8.068210271754832e-05,3.434541842690732e-05,-0.17401976527237079,0.7301687608944205,-0.38388457802984216,-0.12658080089996768,0.2466732495845473,-0.9854274943890766
129342,姚繼巖,Yao Jiyan,1475,cluster2_yuan_ming,明,works_general,工部,0,1,0,0,0,1,116.65880585,39.905921936,通州,0,0,0,0,0,19,1.0,7.281791051536237e-05,0.0,-0.038969081341133485,1.5173807213961439,-0.38435153643886527,-0.15247069472655322,0.12528674343369478,2.282683753889033
129359,衷貞吉,Zhong Zhenji,1529,cluster2_yuan_ming,明,works_general,工部,0,1,0,0,0,1,115.89772,28.674896,南昌,0,0,0,0,0,52,0.48642533936651583,0.0003247754684973087,0.000506524128970011,0.7038096802806716,0.25598932115691175,-0.36939085168043617,0.22935187492842807,-0.044706773560632615,-0.876567068031227
129381,高翀,Gao Chong,1490,cluster2_yuan_ming,明,works_general,工部,0,1,0,0,0,1,115.147278,27.553688,峽江,0,0,0,0,0,2,1.0,8.320076444214824e-06,0.0,-0.42161268581297245,1.5173807213961439,-0.3881812757444393,-0.15247069472655322,-0.2123229168383725,-1.1919592072470624
129408,高濟,Gao Ji,1445,cluster2_yuan_ming,明,works_general,工部,0,1,0,0,0,1,119.437187,32.39127,江都,0,0,0,0,0,13,0.717948717948718,0.0017219053492317621,0.00034328038222803005,-0.17401976527237079,0.8246341961546272,-0.28643235708450315,0.10629722995450533,0.7458563982751986,0.16883676960292385
129417,高鏊,Gao Ao,1486,cluster2_yuan_ming,明,medical,医学/医官,0,0,0,0,0,1,121.249023,31.385845,嘉定,0,1,0,0,0,11,1.0,4.056807991654507e-05,0.0,-0.21903665991611654,1.5173807213961439,-0.3862664603370252,-0.15247069472655322,1.1505418537424623,-0.11398599082251111
129465,唐維城,Tang Weicheng,1535,cluster2_yuan_ming,明,works_general,工部,0,1,0,0,0,1,119.011101,25.433954,莆田,0,0,0,0,0,10,1.0,2.4095839032789994e-05,0.0,-0.24154510723798941,1.5173807213961439,-0.38724454571418393,-0.15247069472655322,0.6506872952337401,-1.788233440777808
129514,夏英,Xia Ying,1451,cluster2_yuan_ming,明,works_general,工部,0,1,0,0,0,1,115.985679,29.722364,德化,0,0,0,0,0,15,0.9428571428571428,8.115019086644264e-05,3.712843569489252e-07,-0.129002870628625,1.3770320747238367,-0.38385678398670703,-0.15219081714691807,-0.025060553937308976,-0.5819177493676674
129518,夏從壽,Xia Congshou,1463,cluster2_yuan_ming,明,works_general,工部,0,1,0,0,0,1,120.26609,31.90877,江陰,0,0,0,0,0,27,0.5811965811965812,0.00011430317600650528,3.061808081993264e-05,0.14109849723384957,0.48875709300722536,-0.38188823276143724,-0.12939050243572806,0.9309973205734562,0.03311109945818705
129554,馬坤,Ma Kun,1493,cluster2_yuan_ming,明,works_general,工部,0,1,0,0,0,1,116.65880585,39.905921936,通州,0,0,0,0,0,3,1.0,4.551860948125794e-06,0.0,-0.3991042384910996,1.5173807213961439,-0.3884050240796365,-0.15247069472655322,0.12528674343369478,2.282683753889033
129574,馬軾,Ma Shi,1405,cluster2_yuan_ming,明,astronomical,天文/历算,0,0,0,0,0,1,121.249023,31.385845,嘉定,1,0,0,0,0,0,0.0,7.067932822769843e-42,0.0,-0.4666295804567182,-0.9387205953692331,-0.3886753035554917,-0.15247069472655322,1.1505418537424623,-0.11398599082251111
129759,孫偉,Sun Wei,1472,cluster2_yuan_ming,明,works_general,工部,0,1,0,0,0,1,115.398987,28.015566,清江,0,0,0,0,0,10,1.0,6.386089766528629e-05,0.0,-0.24154510723798941,1.5173807213961439,-0.3848833841305975,-0.15247069472655322,-0.1561020605852615,-1.062034438179475
129768,孫植,Sun Zhi,1505,cluster2_yuan_ming,明,works_general,工部,0,1,0,0,0,1,121.227638,31.009476,華亭,0,0,0,0,0,34,0.750445632798574,8.582067343900538e-05,1.5794722982601777e-05,0.29865762848695976,0.904449911508171,-0.3835794610201031,-0.14056448656926587,1.1457653737160332,-0.2198573581731944
129857,倪思益,Ni Siyi,1556,cluster2_yuan_ming,明,works_general,工部,0,1,0,0,0,1,119.321577,26.073954,侯官,0,0,0,0,0,25,1.0,3.822808786983798e-05,0.0,0.0960816025901038,1.5173807213961439,-0.3864054039100159,-0.15247069472655322,0.7200341464231732,-1.6082035363371199
129885,徐日久,Xu Rijiu,1580,cluster2_yuan_ming,明,works_general,工部,0,1,0,0,0,1,118.867645,28.956821,西安,0,0,0,0,0,10,0.5555555555555556,1.0130466056201135e-05,2.04782359505127e-06,-0.24154510723798941,0.42578013616708743,-0.38807377879736693,-0.15092702637485486,0.6186454566238925,-0.7972624886414752
129902,徐如珂,Xu Ruke,1562,cluster2_yuan_ming,明,works_general,工部,0,0,0,0,0,1,120.618622,31.31271,吳縣,0,0,0,0,0,11,1.0,2.512009134521895e-05,0.0,-0.21903665991611654,1.5173807213961439,-0.3871837278681861,-0.15247069472655322,1.0097376552322135,-0.1345586268557452
129906,徐良彥,Xu Liangyan,1568,cluster2_yuan_ming,明,works_general,工部,0,1,0,0,0,1,115.89772,28.674896,新建,0,0,0,0,0,24,0.7789855072463768,0.00028462633726913906,3.2021854149016555e-05,0.07357315526823092,0.9745467347197381,-0.3717748186486844,-0.1283323251267539,-0.044706773560632615,-0.876567068031227
129935,徐待聘,Xu Daipin,1555,cluster2_yuan_ming,明,works_general,工部,0,1,0,0,0,1,120.733788,31.646582,常熟,0,0,0,0,0,12,0.8939393939393939,2.717177566719854e-05,2.8633103643629444e-07,-0.19652821259424366,1.2568851271937551,-0.38706190337277985,-0.1522548557450492,1.0354607367717918,-0.040641526456649514
129973,徐瑤,Xu Yao,1450,cluster2_yuan_ming,明,works_general,工部,0,1,0,0,0,1,120.618622,31.31271,吳縣,0,0,0,0,0,18,1.0,3.541366919163764e-05,0.0,-0.06147752866300637,1.5173807213961439,-0.3865725178912754,-0.15247069472655322,1.0097376552322135,-0.1345586268557452
129979,徐標,Xu Biao,1590,cluster2_yuan_ming,明,hydraulic,水利/河道,0,1,0,0,0,1,116.5778656,35.410430908,濟寧州,0,0,1,0,0,12,0.6666666666666666,1.552525013294868e-05,4.5531642852249895e-06,-0.19652821259424366,0.6986802824743514,-0.3877534484030003,-0.14903847740853315,0.10720820766286163,1.018116847350269
130079,章格,Zhang Ge,1426,cluster2_yuan_ming,明,works_general,工部,0,1,0,0,0,1,120.733788,31.646582,常熟,0,0,0,0,0,1,0.0,4.3005634840802864e-05,0.0,-0.44412113313484536,-0.9387205953692331,-0.38612172369528575,-0.15247069472655322,1.0354607367717918,-0.040641526456649514
130131,許紳,Xu Shen,1478,cluster2_yuan_ming,明,medical,医学/医官,0,0,0,0,0,1,118.76898956,32.052562714,南京,0,1,0,0,0,0,0.0,7.067932822769843e-42,0.0,-0.4666295804567182,-0.9387205953692331,-0.3886753035554917,-0.15247069472655322,0.5966101169625081,0.07355951908425971
130144,許應元,Xu Yingyuan,1506,cluster2_yuan_ming,明,works_general,工部,0,1,0,0,0,1,111.222092,26.332001,東安,0,0,0,0,0,32,0.5745967741935484,4.9806584956409696e-05,0.00017838710160861495,0.25364073384321395,0.47254729833667897,-0.38571789825915936,-0.018000848901028446,-1.0890389574754533,-1.53561576016336
130150,郭子章,Guo Zizhang,1542,cluster2_yuan_ming,明,works_general,工部,0,1,0,0,0,1,114.89487457,26.792102814,泰和,0,0,0,0,0,67,0.37946630483943916,0.00013659886881207394,0.0003710002584691383,1.0414363901087647,-0.006712904384994674,-0.38056436363757945,0.12719272884894134,-0.26869887858714564,-1.406190626401787
130195,郭鋆,Guo Yun,1498,cluster2_yuan_ming,明,works_general,工部,0,1,0,0,0,1,112.919586,35.792057,高平,0,0,0,0,0,8,0.6785714285714286,2.4635156649039298e-05,2.124869610554535e-05,-0.2865620018817352,0.7279195838644156,-0.3872125222221879,-0.13645323122420253,-0.7098925377426827,1.1254670174671952
130203,郭應奎,Guo Yingkui,1499,cluster2_yuan_ming,明,works_general,工部,0,1,0,0,0,1,114.89487457,26.792102814,泰和,0,0,0,0,0,38,0.5732574679943101,0.00015396162008221391,3.0812194480482326e-05,0.38869141777445126,0.46925782661717785,-0.37953340171537275,-0.1292441777644297,-0.26869887858714564,-1.406190626401787
130204,郭鎜,Guo Pan,1499,cluster2_yuan_ming,明,works_general,工部,0,1,0,0,0,1,112.919586,35.792057,高平,0,0,0,0,0,3,0.6666666666666666,3.6540065662967707e-06,6.420307779092205e-08,-0.3991042384910996,0.6986802824743514,-0.38845833669495594,-0.152422297853157,-0.7098925377426827,1.1254670174671952
130210,康太和,Kang Taihe,1505,cluster2_yuan_ming,明,works_general,工部,0,1,0,0,0,1,119.011101,25.433954,莆田,0,0,0,0,0,10,0.4,1.5402643067438668e-05,2.4492091036080884e-05,-0.24154510723798941,0.043719931336917706,-0.3877607285404605,-0.13400833015048422,0.6506872952337401,-1.788233440777808
130253,曹三暘,Cao Sanyang,1516,cluster2_yuan_ming,明,works_general,工部,0,1,0,0,0,1,119.814385,31.363638,宜興,0,0,0,0,0,27,0.7150997150997151,8.784567638784104e-05,9.533674309771569e-06,0.14109849723384957,0.8176367565057231,-0.383459220805858,-0.14528412292273263,0.8301060458323416,-0.12023274720987676
130290,曹嗣榮,Cao Sirong,1489,cluster2_yuan_ming,明,works_general,工部,0,1,0,0,0,1,121.227638,31.009476,華亭,0,0,0,0,0,5,1.0,8.14727128123356e-06,0.0,-0.3540873438473538,1.5173807213961439,-0.3881915365343465,-0.15247069472655322,1.1457653737160332,-0.2198573581731944
130294,曹璜,Cao Huang,1556,cluster2_yuan_ming,明,works_general,工部,0,1,0,0,0,1,118.478098,36.69748,益都,0,0,0,0,0,11,0.8909090909090909,2.1816926974642766e-05,0.0,-0.21903665991611654,1.24944239593083,-0.38737986249200634,-0.15247069472655322,0.5316375789126077,1.3801595427303213
130301,敖英,Ao Ying,1491,cluster2_yuan_ming,明,works_general,工部,0,1,0,0,0,1,115.398987,28.015566,清江,0,0,0,0,0,34,0.5721925133689839,7.922664143940836e-05,5.15458067231915e-05,0.29865762848695976,0.4666421901596188,-0.38397100011431845,-0.1136149892382304,-0.1561020605852615,-1.062034438179475
130364,張汝蘊,Zhang Ruyun,1550,cluster2_yuan_ming,明,works_general,工部,0,1,0,0,0,1,117.46158,36.75417,章丘,0,0,0,0,0,3,1.0,8.068672722290198e-06,0.0,-0.3991042384910996,1.5173807213961439,-0.38819620354363266,-0.15247069472655322,0.3045916156903987,1.3961062541096076
130374,張羽,Zhang Yu,1470,cluster2_yuan_ming,明,works_general,工部,0,0,0,0,0,1,107.035187,33.076485,南鄭,0,0,0,0,0,19,1.0,7.281791051536237e-05,0.0,-0.038969081341133485,1.5173807213961439,-0.38435153643886527,-0.15247069472655322,-2.024211653526955,0.36158550549562046
130478,張恕,Zhang Shu,1451,cluster2_yuan_ming,明,works_general,工部,0,1,0,0,0,1,116.39524841,39.101539612,霸州,0,0,0,0,0,1,0.0,9.590688871779186e-07,0.0,-0.44412113313484536,-0.9387205953692331,-0.3886183561576934,-0.15247069472655322,0.0664194603858991,2.056413639946068
130491,張祥,Zhang xiang,1496,cluster2_yuan_ming,明,works_general,工部,0,1,0,0,0,1,119.952301,31.782784,武進,0,0,0,0,0,4,1.0,4.945852150658515e-06,0.0,-0.3765957911692267,1.5173807213961439,-0.388381629749949,-0.15247069472655322,0.8609104891021656,-0.002328349824414023
130526,張琮,Zhang Cong,1463,cluster2_yuan_ming,明,works_general,工部,0,1,0,0,0,1,118.76899,32.052563,江寧,0,0,0,0,0,27,0.7122507122507122,0.00012061418465981578,9.539163649076366e-06,0.14109849723384957,0.8106393168568188,-0.3815134989700553,-0.14527998500803282,0.5966102152393962,0.07355959953512392
130557,張瑋,Zhang Wei,1453,cluster2_yuan_ming,明,works_general,工部,0,1,0,0,0,1,120.61862183,31.312709808,蘇州府,0,0,0,0,0,11,0.7454545454545455,6.366699832911601e-05,8.912576145820592e-06,-0.21903665991611654,0.8921912953104115,-0.38489489744604055,-0.14575231245883624,1.0097376172615966,-0.134558680864716
130564,張達,Zhang Da,1434,cluster2_yuan_ming,明,works_general,工部,0,1,0,0,0,1,114.89487457,26.792102814,泰和,0,0,0,0,0,8,1.0,1.3912881206847863e-05,0.0,-0.2865620018817352,1.5173807213961439,-0.38784918731796236,-0.15247069472655322,-0.26869887858714564,-1.406190626401787
130655,張穆,Zhang Mu,1409,cluster2_yuan_ming,明,works_general,工部,0,1,0,0,0,1,120.94823456,31.386108398,崑山,0,0,0,0,0,1,0.0,3.7056323637843556e-36,0.0,-0.44412113313484536,-0.9387205953692331,-0.3886753035554917,-0.15247069472655322,1.0833587826252729,-0.11391189782755783
130719,陰武卿,Yin Wuqing,1527,cluster2_yuan_ming,明,works_general,工部,0,1,0,0,0,1,105.053894,29.580755,內江,0,0,0,0,0,52,0.6568627450980392,0.0001832680663628696,3.032555113756371e-05,0.7038096802806716,0.6746008578001811,-0.3777932494940763,-0.12961101401382322,-2.466746441509476,-0.6217518973957005
130733,陸化淳,Lu Huachun,1562,cluster2_yuan_ming,明,works_general,工部,0,1,0,0,0,1,120.733788,31.646582,常熟,0,0,0,0,0,24,0.7934782608695652,4.493931094453519e-05,2.4883346775327755e-06,0.07357315526823092,1.0101424059772073,-0.38600690626792,-0.15059496504972786,1.0354607367717918,-0.040641526456649514
130865,陳政,Chen Zheng,1439,cluster2_yuan_ming,明,works_general,工部,0,1,0,0,0,1,114.7789,28.393312,新昌,0,0,0,0,0,4,1.0,3.745663200098437e-06,0.0,-0.3765957911692267,1.5173807213961439,-0.3884528943259502,-0.15247069472655322,-0.29460255954009745,-0.9557757252375183
130897,陳明,Chen Ming,1434,cluster2_yuan_ming,明,works_general,工部,0,1,0,0,0,1,118.478098,36.69748,益都,0,0,0,0,0,23,1.0,0.0001289558860135651,0.0,0.05106470794635804,1.5173807213961439,-0.381018187119512,-0.15247069472655322,0.5316375789126077,1.3801595427303213
130912,陳紹儒,Chen Shaoru,1506,cluster2_yuan_ming,明,works_general,工部,0,1,0,0,0,1,113.256066,23.134624,南海,0,0,0,0,0,34,0.7843137254901961,9.513568937069428e-05,5.649907361200188e-06,0.29865762848695976,0.9876333785643958,-0.3830263558940258,-0.14821174234189047,-0.6347375225781599,-2.4350274410553188
130917,陳琦,Chen Qi,1439,cluster2_yuan_ming,明,medical,医学/医官,0,1,0,0,0,1,120.618622,31.31271,吳縣,0,1,0,0,0,35,0.5529411764705883,0.00014296783527329584,6.7608512847034e-05,0.3211660758088326,0.4193589562539754,-0.38018618843923846,-0.10150677291240665,1.0097376552322135,-0.1345586268557452
130921,陳堯,Chen Yao,1502,cluster2_yuan_ming,明,works_general,工部,0,1,0,0,0,1,116.65880585,39.905921936,通州,0,0,0,0,0,54,0.6282320055904962,0.00018931129639569917,8.639213339538092e-05,0.7488265749244173,0.6042808607957382,-0.377434415807292,-0.0873475061470152,0.12528674343369478,2.282683753889033
130934,陳雍,Chen Yong,1451,cluster2_yuan_ming,明,works_general,工部,0,1,0,0,0,1,121.152763,30.049067,餘姚,0,0,0,0,0,26,0.9261538461538461,3.826508924781325e-05,4.508628007917466e-05,0.11859004991197668,1.3360070856965467,-0.38640320684970164,-0.11848424012068808,1.1290415513181373,-0.4900172651950324
130981,陳鳳梧,Chen Fengwu,1475,cluster2_yuan_ming,明,works_general,工部,0,1,0,0,0,1,114.89487457,26.792102814,泰和,0,0,0,0,0,37,0.5690690690690691,0.00015333076062540974,0.0003555228989027794,0.36618297045257836,0.45897069450175465,-0.3795708607602044,0.11552575216785385,-0.26869887858714564,-1.406190626401787
131062,畢亨,Bi Heng,1445,cluster2_yuan_ming,明,works_general,工部,0,1,0,0,0,1,117.943075,36.949595,新城,0,0,0,0,0,26,0.8461538461538461,0.0001310625069462522,4.921929713988968e-06,0.11859004991197668,1.1395189803553165,-0.38089310060918125,-0.14876049862024346,0.4121366823411377,1.4510786667272972
131066,畢懋良,Bi Maoliang,1562,cluster2_yuan_ming,明,works_general,工部,0,1,0,0,0,1,118.433945,29.86577,歙縣,0,0,0,0,0,32,0.7439516129032258,4.442908727073056e-05,1.2274155389554176e-05,0.25364073384321395,0.8884999406921056,-0.38603720222570437,-0.1432183229575835,0.521775716737858,-0.541578111123571
131078,崔文奎,Cui Wenkui,1451,cluster2_yuan_ming,明,works_general,工部,0,0,0,0,0,1,117.755882,35.90966,新泰,0,0,0,0,0,15,1.0,5.6224155139013685e-05,0.0,-0.129002870628625,1.5173807213961439,-0.3853368370789113,-0.15247069472655322,0.37032589788532555,1.1585483562983494
131106,莫如忠,Mo Ruzhong,1509,cluster2_yuan_ming,明,works_general,工部,0,1,0,0,0,1,121.227638,31.009476,華亭,0,0,0,0,0,103,0.32876451551494384,0.00025661150890506735,0.0012135327720387407,1.8517404936961885,-0.13124163590724836,-0.3734382774433851,0.7623015241657035,1.1457653737160332,-0.2198573581731944
131110,莫驄,Mo Cong,1454,cluster2_yuan_ming,明,works_general,工部,0,1,0,0,0,1,120.297668,31.574614,無錫,0,0,0,0,0,0,0.0,7.067932822769843e-42,0.0,-0.4666295804567182,-0.9387205953692331,-0.3886753035554917,-0.15247069472655322,0.938050474011595,-0.06088588921100437
131161,馮貫,Feng Guan,1433,cluster2_yuan_ming,明,works_general,工部,0,1,0,0,0,1,115.5747,38.490063,蠡縣,0,0,0,0,0,4,1.0,3.745663200098437e-06,0.0,-0.3765957911692267,1.5173807213961439,-0.3884528943259502,-0.15247069472655322,-0.11685540943332497,1.884407271155324
131183,游居敬,You Jujing,1509,cluster2_yuan_ming,明,works_general,工部,0,1,0,0,0,1,118.169182,26.642174,南平,0,0,0,0,0,26,0.9292307692307692,5.436620448430582e-05,1.7402114099301093e-05,0.11859004991197668,1.343564320517363,-0.3854471580959288,-0.13935282029017523,0.4626391639561084,-1.448365110866358
131229,曾于拱,Zeng Yugong,1521,cluster2_yuan_ming,明,works_general,工部,0,1,0,0,0,1,114.89487457,26.792102814,泰和,0,0,0,0,0,51,0.6047058823529412,0.00012366903458552688,2.109120486380696e-05,0.6813012329587987,0.5464983185335949,-0.38133210871096196,-0.13657194957774077,-0.26869887858714564,-1.406190626401787
131238,曾如春,Zeng Ruchun,1535,cluster2_yuan_ming,明,works_general,工部,0,1,0,0,0,1,116.351341,27.984781,臨川,0,0,0,0,0,28,0.5952380952380952,5.323324214818205e-05,1.558749429257769e-05,0.16360694455572244,0.5232444741339675,-0.38551443090365745,-0.14072069747098961,0.0566124523486191,-1.0706941578797973
131243,曾直,Zeng Zhi,1467,cluster2_yuan_ming,明,works_general,工部,0,1,0,0,0,1,115.132248,27.214367,吉水,0,0,0,0,0,22,0.7186147186147186,8.054651722497063e-05,7.248487588984491e-06,0.028556260624485158,0.8262699612673581,-0.38389262879771163,-0.14700671779229316,-0.21567996592872687,-1.2874090935044358
131285,項德禎,Xiang Dezhen,1556,cluster2_yuan_ming,明,works_general,工部,0,1,0,0,0,1,120.753204,30.767469,嘉興,0,0,0,0,0,35,0.6319327731092437,5.800037852091e-05,1.2320254510798318e-05,0.3211660758088326,0.6133703207715764,-0.3852313688473173,-0.1431835730139469,1.039797427732425,-0.2879331348669096
131290,閔如霖,Min Rulin,1503,cluster2_yuan_ming,明,works_general,工部,0,1,0,0,0,1,120.099312,30.864964,烏程,0,0,0,0,0,12,0.6515151515151515,1.937897293539764e-05,3.073824941556588e-07,-0.19652821259424366,0.6614666261597245,-0.38752462283231454,-0.15223898696166524,0.8937463602812871,-0.2605081105959014
131339,彭禮,Peng Li,1442,cluster2_yuan_ming,明,works_general,工部,0,1,0,0,0,1,114.608452,27.382462,安福,0,0,0,0,0,3,0.3333333333333333,3.560372936163422e-06,0.00017164019111401502,-0.3991042384910996,-0.12002015644744085,-0.38846389645364876,-0.023086732386023937,-0.33267323840588964,-1.2401245203998144
131350,盛俌,Sheng Fu,1441,cluster2_yuan_ming,明,medical,医学/医官,0,0,0,0,0,1,120.61862183,31.312709808,蘇州府,0,1,0,0,0,10,1.0,9.400837772540636e-05,0.0,-0.24154510723798941,1.5173807213961439,-0.3830932931761805,-0.15247069472655322,1.0097376172615966,-0.134558680864716
131352,盛寅,Sheng Yin,1374,cluster2_yuan_ming,明,medical,医学/医官,0,0,0,0,0,1,120.637787,31.167065,吳江,0,1,0,0,0,1,0.0,3.7056323637843556e-36,0.0,-0.44412113313484536,-0.9387205953692331,-0.3886753035554917,-0.15247069472655322,1.0140182836963958,-0.17552808846865717
131392,黃承玄,Huang Chengxuan,1556,cluster2_yuan_ming,明,hydraulic,水利/河道,0,1,0,0,0,1,120.753204,30.767469,嘉興,0,0,1,0,0,104,0.3037714712471994,0.0004255778938597727,0.003093155408121206,1.8742489410180614,-0.19262708484323088,-0.36340542571896944,2.179178438499566,1.039797427732425,-0.2879331348669096
131629,程文德,Cheng Wende,1497,cluster2_yuan_ming,明,works_general,工部,0,1,0,0,0,1,120.025253,28.897268,永康,0,0,0,0,0,108,0.3236413984077535,0.000798573510343407,0.002197740568308672,1.9642827303055528,-0.14382453058016173,-0.34125776768012067,1.504206456928542,0.8772047968360047,-0.8140145525464072
131640,程宗,Cheng Zong,1426,cluster2_yuan_ming,明,works_general,工部,0,1,0,0,0,1,120.733788,31.646582,常熟,0,0,0,0,0,13,0.5256410256410257,6.931833034469895e-05,9.410119762835545e-05,-0.17401976527237079,0.35230701985359325,-0.3845593338002125,-0.08153634228191942,1.0354607367717918,-0.040641526456649514
131642,程金,Cheng Jin,1523,cluster2_yuan_ming,明,works_general,工部,0,1,0,0,0,1,118.433945,29.86577,歙縣,0,0,0,0,0,12,1.0,2.263072191946764e-05,0.0,-0.19652821259424366,1.5173807213961439,-0.3873315411408826,-0.15247069472655322,0.521775716737858,-0.541578111123571
131720,雷禮,Lei Li,1505,cluster2_yuan_ming,明,works_general,工部,0,1,0,0,0,1,115.785782,28.197754,豐城,0,0,0,0,0,99,0.2896310039167182,0.00047422156686383364,0.002174638241718049,1.761706704408697,-0.2273575052733035,-0.3605170715726016,1.4867917096355014,-0.06970886012591684,-1.0107855503197252
131724,楊一魁,Yang Yikui,1534,cluster2_yuan_ming,明,works_general,工部,0,1,0,0,0,1,111.042419,35.062,安邑,0,0,0,0,0,49,0.5289115646258503,8.755282705286261e-05,3.666901414863346e-05,0.6362843383150529,0.3603397949607536,-0.38347660955425444,-0.12482925297052774,-1.1291701006032933,0.9201043738011708
131786,楊其休,Yang Qixiu,1550,cluster2_yuan_ming,明,works_general,工部,0,1,0,0,0,1,117.69149,37.187836,青城,0,0,0,0,0,0,0.0,7.067932822769843e-42,0.0,-0.4666295804567182,-0.9387205953692331,-0.3886753035554917,-0.15247069472655322,0.3559435223014166,1.5180950799520676
131890,楊麒,Yang Qi,1491,cluster2_yuan_ming,明,works_general,工部,0,1,0,0,0,1,117.96489,28.450691,上饒,0,0,0,0,0,49,0.4226190476190476,0.00012869674543474247,0.00015024192221903116,0.6362843383150529,0.09927460397803926,-0.3810335743162246,-0.03921694523938778,0.4170092056881845,-0.9396352004142342
131944,萬燝,Wan Jing,1576,cluster2_yuan_ming,明,construction,将作/营缮,0,1,0,0,0,1,115.89772,28.674896,南昌,0,0,0,0,1,27,0.6267806267806267,0.0002764297369666488,0.00018751600542852795,0.14109849723384957,0.6007161273896925,-0.37226151471844543,-0.01111939683330529,-0.044706773560632615,-0.876567068031227
131961,葉茂才,Ye Maocai,1558,cluster2_yuan_ming,明,works_general,工部,0,1,0,0,0,1,120.297668,31.574614,無錫,0,0,0,0,0,42,0.5087108013937283,0.0003577049350636115,0.0002371133855391424,0.47872520706194277,0.310724673786673,-0.3674355724956896,0.026267566667323647,0.938050474011595,-0.06088588921100437
131967,葉逢春,Ye Fengchun,1532,cluster2_yuan_ming,明,works_general,工部,0,1,0,0,0,1,121.152763,30.049067,餘姚,0,0,0,0,0,4,0.6666666666666666,4.626043434706444e-06,1.8463662441091405e-07,-0.3765957911692267,0.6986802824743514,-0.38840061928699915,-0.15233151393268193,1.1290415513181373,-0.4900172651950324
131975,葉夢熊,Ye Mengxiong,1535,cluster2_yuan_ming,明,works_general,工部,0,1,0,0,0,1,114.402401,23.091892,歸善,0,0,0,0,0,55,0.49427609427609426,9.136853515662704e-05,3.33262261415705e-05,0.7713350222462901,0.27527157062792956,-0.3832500412126344,-0.12734907746391175,-0.37869608086209766,-2.447047812737442
132008,董越,Dong Yue,1431,cluster2_yuan_ming,明,works_general,工部,0,1,0,0,0,1,116.010101,26.466515,寧都,0,0,0,0,0,36,0.5126984126984127,0.0018061922511338673,0.000613609003657484,0.3436745231307055,0.3205186511628568,-0.28142758652424715,0.31007344313386564,-0.019605740039460588,-1.4977774124040872
132010,董裕,Dong Yu,1537,cluster2_yuan_ming,明,works_general,工部,0,1,0,0,0,1,118.400307,37.049801,樂安,0,0,0,0,0,13,0.8333333333333334,2.1937802015685587e-05,5.166012671277848e-07,-0.17401976527237079,1.1080305019352477,-0.38737268519834356,-0.15208127591702314,0.5142624487870026,1.4792662864216466
132051,鄒廸光,Zou Diguang,1544,cluster2_yuan_ming,明,works_general,工部,0,1,0,0,0,1,120.297668,31.574614,無錫,0,0,0,0,0,89,0.3442288049029622,0.0004532788599843047,0.0012134429127425232,1.5366222311899682,-0.09325977437849561,-0.361760603372649,0.7622337873977455,0.938050474011595,-0.06088588921100437
132261,熊汝達,Xiong Ruda,1519,cluster2_yuan_ming,明,works_general,工部,0,1,0,0,0,1,116.259071,28.364485,進賢,0,0,0,0,0,24,0.7246376811594203,5.350158561738174e-05,6.443150441758533e-05,0.07357315526823092,0.8410629675042284,-0.38549849725958724,-0.10390163122806932,0.036003342596983685,-0.9638846659489437
132281,熊鍊,Xiong Lian,1398,cluster2_yuan_ming,明,hydraulic,水利/河道,0,1,0,0,0,1,116.259071,28.364485,進賢,0,0,1,0,0,4,1.0,2.154105620639743e-06,0.0,-0.3765957911692267,1.5173807213961439,-0.38854739750899375,-0.15247069472655322,0.036003342596983685,-0.9638846659489437
132341,潘禮,Pan Li,1430,cluster2_yuan_ming,明,works_general,工部,0,1,0,0,0,1,115.60745,34.38505,歸德衛,0,0,0,0,0,0,0.0,7.067932822769843e-42,0.0,-0.4666295804567182,-0.9387205953692331,-0.3886753035554917,-0.15247069472655322,-0.1095404821073694,0.7296805553462907
132345,潘鑑,Pan Jian,1482,cluster2_yuan_ming,明,works_general,工部,0,1,0,0,0,1,117.844589,29.244728,婺源,0,0,0,0,0,43,0.42967884828349945,0.00010276517769528996,0.0001390691805351201,0.5012336543838156,0.11661418968610049,-0.3825733336842273,-0.04763906117790571,0.3901391882152088,-0.7162751922386555
132352,鄭之文,Zheng Zhiwen,1580,cluster2_yuan_ming,明,works_general,工部,0,1,0,0,0,1,116.627449,27.559717,南城,0,0,0,0,0,25,0.7566666666666667,5.262144269332956e-05,1.1294474617419888e-05,0.0960816025901038,0.9197294009832355,-0.38555075820756035,-0.14395681537771463,0.11828298529870547,-1.1902632692878865
132380,鄭宣化,Zheng Xuanhua,1535,cluster2_yuan_ming,明,construction,将作/营缮,0,1,0,0,0,1,118.76898956,32.052562714,南京,0,0,0,0,1,8,1.0,2.1148734632281136e-05,0.0,-0.2865620018817352,1.5173807213961439,-0.3874195382813422,-0.15247069472655322,0.5966101169625081,0.07355951908425971
132395,鄭普,Zheng Pu,1495,cluster2_yuan_ming,明,works_general,工部,0,1,0,0,0,1,118.537849,24.953764,南安,0,0,0,0,0,10,0.8222222222222222,1.3509186143077076e-05,5.415027271893687e-07,-0.24154510723798941,1.0807404873045212,-0.3878731578415537,-0.1520625049662923,0.5449833567035451,-1.9233093154862047
132452,歐陽席,Ouyang Xi,1481,cluster2_yuan_ming,明,works_general,工部,0,0,0,0,0,1,114.89487457,26.792102814,泰和,0,0,0,0,0,17,1.0,4.471915013873964e-05,0.0,-0.08398597598487925,1.5173807213961439,-0.38601997893157836,-0.15247069472655322,-0.26869887858714564,-1.406190626401787
132539,蔣用文,Jiang Yongwen,1351,cluster2_yuan_ming,明,medical,医学/医官,0,0,0,0,0,1,119.162735,31.946535,句容,0,1,0,0,0,12,0.7272727272727273,2.5937969296908185e-05,0.0001911691401399665,-0.19652821259424366,0.8475349077328592,-0.38713516407710913,-0.008365630125974622,0.6845557437877614,0.04373427030381615
132558,蔣恭,Jiang Gong,1457,cluster2_yuan_ming,明,works_general,工部,0,1,0,0,0,1,106.55870819,29.560045242,巴縣,0,0,0,0,0,0,0.0,7.067932822769843e-42,0.0,-0.4666295804567182,-0.9387205953692331,-0.3886753035554917,-0.15247069472655322,-2.130636321237137,-0.6275774845109029
132570,蔣敵,Jiang Di,1424,cluster2_yuan_ming,明,medical,医学/医官,0,1,0,0,0,1,118.76899,32.052563,江寧,0,1,0,0,0,1,0.0,3.7056323637843556e-36,0.0,-0.44412113313484536,-0.9387205953692331,-0.3886753035554917,-0.15247069472655322,0.5966102152393962,0.07355959953512392
132583,蔡汝楠,Cai Runan,1516,cluster2_yuan_ming,明,works_general,工部,0,1,0,0,0,1,120.084801,30.553133,德清,0,0,0,0,0,106,0.3047619047619048,0.0003441373348301936,0.001120966545040042,1.919265835661807,-0.19019447978359436,-0.3682411867096323,0.6925242467677258,0.8905052332453495,-0.3482251498640958
132642,劉一焜,Liu Yikun,1562,cluster2_yuan_ming,明,works_general,工部,0,1,0,0,0,1,115.89772,28.674896,南昌,0,0,0,0,0,62,0.4357482813326282,0.0001791977755273087,0.0002540732236685801,0.9288941534994003,0.13152133219008497,-0.37803493439749286,0.03905204939015525,-0.044706773560632615,-0.876567068031227
132680,劉日升,Liu Risheng,1546,cluster2_yuan_ming,明,works_general,工部,0,1,0,0,0,1,114.971275,27.103239,廬陵,0,0,0,0,0,71,0.40080482897384306,0.0001374073766460533,0.0005705564952344451,1.1314701793962563,0.045696672839344525,-0.38051635622345087,0.2776200643982779,-0.251634341392583,-1.318669036036756
132724,劉志選,Liu Zhixuan,1553,cluster2_yuan_ming,明,works_general,工部,0,1,0,0,0,1,121.444199,29.979195,慈溪,0,0,0,0,0,2,1.0,3.102253989090799e-06,0.0,-0.42161268581297245,1.5173807213961439,-0.38849109854754077,-0.15247069472655322,1.1941356936133336,-0.5096720300123445
132741,劉伯淵,Liu Boyuan,1541,cluster2_yuan_ming,明,works_general,工部,0,1,0,0,0,1,121.444199,29.979195,慈溪,0,0,0,0,0,2,1.0,3.5736730789350004e-06,0.0,-0.42161268581297245,1.5173807213961439,-0.38846310672046974,-0.15247069472655322,1.1941356936133336,-0.5096720300123445
132768,劉采,Liu Cai,1500,cluster2_yuan_ming,明,works_general,工部,0,1,0,0,0,1,115.030968,31.180918,麻城,0,0,0,0,0,23,0.4308300395256917,3.040958479488747e-05,4.937718161248005e-05,0.05106470794635804,0.11944163201189767,-0.38686964939931184,-0.11524971888886702,-0.2383015182820997,-0.17163128492769408
132775,劉宣,Liu Xuan,1425,cluster2_yuan_ming,明,works_general,工部,0,1,0,0,0,1,114.608452,27.382462,安福,0,0,0,0,0,35,0.5378151260504201,0.0001384189979813073,0.0002135174530819622,0.3211660758088326,0.382207843899541,-0.380456288377053,0.00848073471022388,-0.33267323840588964,-1.2401245203998144
132785,劉俊,Liu Jun,1415,cluster2_yuan_ming,明,works_general,工部,0,1,0,0,0,1,107.140381,34.38187,寶雞,0,0,0,0,0,0,0.0,7.067932822769843e-42,0.0,-0.4666295804567182,-0.9387205953692331,-0.3886753035554917,-0.15247069472655322,-2.0007158835994185,0.7287860317586009
132794,劉浩,Liu Hao,1457,cluster2_yuan_ming,明,works_general,工部,0,1,0,0,0,1,114.608452,27.382462,安福,0,0,0,0,0,12,1.0,5.186716701883755e-05,0.0,-0.19652821259424366,1.5173807213961439,-0.38559554543552604,-0.15247069472655322,-0.33267323840588964,-1.2401245203998144
132917,劉慤,Liu Que,1514,cluster2_yuan_ming,明,works_general,工部,0,1,0,0,0,1,114.779678,26.461771,萬安,0,0,0,0,0,22,0.5194805194805194,7.031716331295453e-05,0.00021195862067374368,0.028556260624485158,0.3371761925608327,-0.38450002529887567,0.00730567243436002,-0.2944287881367486,-1.4991118840707545
132983,諸壽賢,Zhu Shouxian,1556,cluster2_yuan_ming,明,works_general,工部,0,1,0,0,0,1,120.94823456,31.386108398,崑山,0,0,0,0,0,23,0.7272727272727273,4.225924808664225e-05,2.387565343411675e-06,0.05106470794635804,0.8475349077328592,-0.38616604249654063,-0.15067092590508688,1.0833587826252729,-0.11391189782755783
132984,諸觀,Zhu Guan,1436,cluster2_yuan_ming,明,works_general,工部,0,1,0,0,0,1,121.152763,30.049067,餘姚,0,0,0,0,0,5,1.0,5.973626566025397e-05,0.0,-0.3540873438473538,1.5173807213961439,-0.38512829569294976,-0.15247069472655322,1.1290415513181373,-0.4900172651950324
133063,盧勳,Lu Xun,1502,cluster2_yuan_ming,明,works_general,工部,0,1,0,0,0,1,120.058441,28.648392,縉雲,0,0,0,0,0,52,0.45475113122171945,0.00010189484702657572,8.482914647611037e-05,0.7038096802806716,0.17819425682497672,-0.3826250120020937,-0.08852570013170558,0.8846175543350531,-0.8840225564488767
133090,錢士鰲,Qian Shiao,1556,cluster2_yuan_ming,明,works_general,工部,0,1,0,0,0,1,120.168625,30.294125,錢塘,0,0,0,0,0,7,0.7619047619047619,6.452131258886343e-06,3.2457123019523286e-06,-0.30907044920360804,0.9325946935948635,-0.38829219021466815,-0.15002404679684403,0.9092278734948482,-0.4210832521912416
133122,錢喜起,Qian Xiqi,1610,cluster2_yuan_ming,明,works_general,工部,0,1,0,0,0,1,120.168625,30.294125,錢塘,0,0,0,0,0,0,0.0,7.067932822769843e-42,0.0,-0.4666295804567182,-0.9387205953692331,-0.3886753035554917,-0.15247069472655322,0.9092278734948482,-0.4210832521912416
133146,謝一夔,Xie Yikui,1425,cluster2_yuan_ming,明,works_general,工部,0,1,0,0,0,1,115.89772,28.674896,新建,0,0,0,0,0,11,0.6909090909090909,7.72081542689343e-05,1.439607018176316e-06,-0.21903665991611654,0.7582221325777546,-0.38409085343599797,-0.15138550565157044,-0.044706773560632615,-0.876567068031227
133164,謝廷[⿱艹氵臣],Xie Tingmou,1502,cluster2_yuan_ming,明,works_general,工部,0,1,0,0,0,1,104.98831177,29.188720703,富順,0,0,0,0,0,18,0.5490196078431373,2.574495323731973e-05,1.5390162547721776e-05,-0.06147752866300637,0.4097271863843073,-0.38714662494553453,-0.14086944796397916,-2.481394662771285,-0.7320298614994223
133233,韓邦憲,Han Bangxian,1541,cluster2_yuan_ming,明,works_general,工部,0,1,0,0,0,1,118.861511,31.32163,高淳,0,0,0,0,0,1,0.0,4.911195551401184e-07,0.0,-0.44412113313484536,-0.9387205953692331,-0.38864614195818936,-0.15247069472655322,0.617275387487482,-0.13204946006260318
133248,韓重,Han Zhong,1442,cluster2_yuan_ming,明,works_general,工部,0,1,0,0,0,1,111.21614838,35.616409302,絳州,0,0,0,0,0,0,0.0,7.067932822769843e-42,0.0,-0.4666295804567182,-0.9387205953692331,-0.3886753035554917,-0.15247069472655322,-1.0903665039900512,1.07605789514506
133281,薛三才,Xue Sancai,1556,cluster2_yuan_ming,明,works_general,工部,0,1,0,0,0,1,121.542656,29.866316,鄞縣,0,0,0,0,0,42,0.5040650406504065,6.759327669548753e-05,5.5436837201376864e-05,0.47872520706194277,0.2993142147076234,-0.38466176368580096,-0.11068189450332085,1.2161267103990354,-0.541424523111345
133351,蕭鼎,Xiao Ding,1434,cluster2_yuan_ming,明,works_general,工部,0,1,0,0,0,1,116.636658,23.667706,海陽,0,0,0,0,0,24,0.9202898550724637,0.0001289727183469328,8.494166228259315e-05,0.07357315526823092,1.321604529480063,-0.3810171876526364,-0.0884408846769208,0.1203398758557964,-2.285073219931802
133356,蕭禎,Xiao Zhen,1432,cluster2_yuan_ming,明,works_general,工部,0,1,0,0,0,1,114.89487457,26.792102814,泰和,0,0,0,0,0,26,0.8061538461538461,0.0001390384573971056,4.4026621448441686e-05,0.11859004991197668,1.0412749276847013,-0.38041950624154325,-0.11928302058977702,-0.26869887858714564,-1.406190626401787
133366,繆昌,Miao Chang,1448,cluster2_yuan_ming,明,works_general,工部,0,1,0,0,0,1,120.297668,31.574614,無錫,0,0,0,0,0,0,0.0,7.067932822769843e-42,0.0,-0.4666295804567182,-0.9387205953692331,-0.3886753035554917,-0.15247069472655322,0.938050474011595,-0.06088588921100437
133370,繆國維,Miao Guowei,1566,cluster2_yuan_ming,明,construction,将作/营缮,0,1,0,0,0,1,120.618622,31.31271,吳縣,0,0,0,0,1,2,1.0,2.306253501302053e-06,0.0,-0.42161268581297245,1.5173807213961439,-0.3885383633030049,-0.15247069472655322,1.0097376552322135,-0.1345586268557452
133391,顏容暄,Yan Rongxuan,1580,cluster2_yuan_ming,明,works_general,工部,0,1,0,0,0,1,117.610733,24.117096,漳浦,0,0,0,0,0,0,0.0,7.067932822769843e-42,0.0,-0.4666295804567182,-0.9387205953692331,-0.3886753035554917,-0.15247069472655322,0.33790591662012315,-2.158661284374613
133408,戴思恭,Dai Sigong,1324,cluster2_yuan_ming,明,medical,医学/医官,0,0,0,0,0,1,119.883675,29.458708,浦江,0,1,0,0,0,15,0.42857142857142855,0.0003750454173422487,0.00020424617291410705,-0.129002870628625,0.11389425467307121,-0.3664059328571422,0.0014919580355961886,0.8455824218450297,-0.6560833188758135
133415,戴祥,Dai Xiang,1481,cluster2_yuan_ming,明,works_general,工部,0,1,0,0,0,1,118.58410645,30.077772141,績溪,0,0,0,0,0,3,1.0,6.293980228002402e-05,0.0,-0.3991042384910996,1.5173807213961439,-0.38493807674550345,-0.15247069472655322,0.5553152615900822,-0.48194260302130365
133425,戴縉,Dai Jin,1436,cluster2_yuan_ming,明,works_general,工部,0,1,0,0,0,1,113.256066,23.134624,南海,0,0,0,0,0,10,1.0,2.0533372449291885e-05,0.0,-0.24154510723798941,1.5173807213961439,-0.38745607713219354,-0.15247069472655322,-0.6347375225781599,-2.4350274410553188
133464,魏有本,Wei Youben,1483,cluster2_yuan_ming,明,works_general,工部,0,1,0,0,0,1,121.152763,30.049067,餘姚,0,0,0,0,0,36,0.5761904761904761,8.945401237078203e-05,1.2620352126965996e-05,0.3436745231307055,0.47646159190986487,-0.3833637213581766,-0.14295735665741227,1.1290415513181373,-0.4900172651950324
133473,魏尚純,Wei Shangchun,1502,cluster2_yuan_ming,明,works_general,工部,0,1,0,0,0,1,117.157007,35.085022,滕縣,0,0,0,0,0,0,0.0,7.067932822769843e-42,0.0,-0.4666295804567182,-0.9387205953692331,-0.3886753035554917,-0.15247069472655322,0.23656323827211534,0.9265803870199745
133599,嚴時泰,Yan Shitai,1479,cluster2_yuan_ming,明,works_general,工部,0,1,0,0,0,1,121.152763,30.049067,餘姚,0,0,0,0,0,8,0.42857142857142855,1.0002608229438703e-05,0.00026935621472244485,-0.2865620018817352,0.11389425467307121,-0.3880813707134635,0.050572509290193336,1.1290415513181373,-0.4900172651950324
133629,顧玉柱,Gu Yuzhu,1505,cluster2_yuan_ming,明,works_general,工部,0,1,0,0,0,1,120.733788,31.646582,常熟,0,0,0,0,0,11,1.0,2.1329522341834173e-05,0.0,-0.21903665991611654,1.5173807213961439,-0.38740880350540424,-0.15247069472655322,1.0354607367717918,-0.040641526456649514
133631,顧可學,Gu Kexue,1475,cluster2_yuan_ming,明,construction,将作/营缮,0,1,0,0,0,1,119.95230103,31.782783508,常州府,0,0,0,0,1,0,0.0,7.067932822769843e-42,0.0,-0.4666295804567182,-0.9387205953692331,-0.3886753035554917,-0.15247069472655322,0.8609104958028614,-0.002328488222402521
133642,顧其志,Gu Qizhi,1541,cluster2_yuan_ming,明,works_general,工部,0,1,0,0,0,1,120.618622,31.31271,長洲,0,0,0,0,0,20,1.0,4.61388531446639e-05,0.0,-0.016460634019260605,1.5173807213961439,-0.3859356800945347,-0.15247069472655322,1.0097376552322135,-0.1345586268557452
133691,饒位,Rao Wei,1550,cluster2_yuan_ming,明,works_general,工部,0,1,0,0,0,1,116.259071,28.364485,進賢,0,0,0,0,0,1,0.0,1.2342962812159482e-07,0.0,-0.44412113313484536,-0.9387205953692331,-0.3886679745760756,-0.15247069472655322,0.036003342596983685,-0.9638846659489437
133692,饒伸,Rao Shen,1553,cluster2_yuan_ming,明,works_general,工部,0,1,0,0,0,1,116.259071,28.364485,進賢,0,0,0,0,0,9,0.5555555555555556,1.5311019602589872e-05,0.00017165426613515382,-0.2640535545598623,0.42578013616708743,-0.3877661689399669,-0.023076122505009792,0.036003342596983685,-0.9638846659489437
133711,龔情,Gong Qing,1523,cluster2_yuan_ming,明,works_general,工部,0,1,0,0,0,1,121.486763,31.224427,上海,0,0,0,0,0,0,0.0,7.067932822769843e-42,0.0,-0.4666295804567182,-0.9387205953692331,-0.3886753035554917,-0.15247069472655322,1.2036426422149225,-0.1593923456897098
133712,龔理,Gong Li,1406,cluster2_yuan_ming,明,works_general,工部,0,1,0,0,0,1,120.94823456,31.386108398,崑山,0,0,0,0,0,0,0.0,7.067932822769843e-42,0.0,-0.4666295804567182,-0.9387205953692331,-0.3886753035554917,-0.15247069472655322,1.0833587826252729,-0.11391189782755783
133718,龔輝,Gong Hui,1493,cluster2_yuan_ming,明,works_general,工部,0,1,0,0,0,1,121.152763,30.049067,餘姚,0,0,0,0,0,11,0.8181818181818182,7.6285216579916105e-06,1.7803969830153793e-06,-0.21903665991611654,1.0708168456206208,-0.38822233874422674,-0.15112861502653333,1.1290415513181373,-0.4900172651950324
134432,樓釐,Lou Li,1304,cluster2_yuan_ming,元,medical,医学/医官,0,0,0,1,0,1,120.071625,29.300087,義烏,0,1,0,0,0,9,1.0,0.00033723440676678237,0.0,-0.2640535545598623,1.5173807213961439,-0.3686510673716532,-0.15247069472655322,0.8875622872164389,-0.700702886801261
138722,屈突通,Qutu Tong,557,cluster1_song_and_before,隋,works_general,工部,0,0,0,0,0,1,108.90698242,34.246421814,長安,0,0,0,0,0,2,1.0,8.214785971249928e-33,0.0,-0.42161268581297245,1.5173807213961439,-0.3886753035554917,-0.15247069472655322,-1.6061338682946031,0.6906849005363445
140346,韋頊,Wei Xu,636,cluster1_song_and_before,周,works_general,工部,0,0,0,0,0,1,109.045278,34.156564,杜陵,0,0,0,0,0,0,0.0,7.067932822769843e-42,0.0,-0.4666295804567182,-0.9387205953692331,-0.3886753035554917,-0.15247069472655322,-1.5752446433419,0.6654081916806119
142232,孟公行,Meng Gongxing,558,cluster1_song_and_before,隋,construction,将作/营缮,0,0,0,0,0,1,116.9605,37.4701,平昌,0,0,0,0,1,0,0.0,7.067932822769843e-42,0.0,-0.4666295804567182,-0.9387205953692331,-0.3886753035554917,-0.15247069472655322,0.19267211082045616,1.5974950189318289
144863,羅讓,Luo Rang,808,cluster1_song_and_before,唐,works_general,工部,0,0,0,0,0,1,115.218359,36.30969,貴鄉,0,0,0,0,0,0,0.0,7.067932822769843e-42,0.0,-0.4666295804567182,-0.9387205953692331,-0.3886753035554917,-0.15247069472655322,-0.19644650922748982,1.2710754854755502
144915,龔某某,Gong Moumou,770,cluster1_song_and_before,唐,construction,将作/营缮,0,0,0,0,0,1,112.785721,34.840869,河陽,0,0,0,0,1,0,0.0,7.067932822769843e-42,0.0,-0.4666295804567182,-0.9387205953692331,-0.3886753035554917,-0.15247069472655322,-0.7397921635896829,0.8579009475529307
144924,程惟誠,Cheng Weicheng,734,cluster1_song_and_before,唐,works_general,工部,0,0,0,0,0,1,108.937189,34.317987,萬年,0,0,0,0,0,0,0.0,7.067932822769843e-42,0.0,-0.4666295804567182,-0.9387205953692331,-0.3886753035554917,-0.15247069472655322,-1.5993870305093911,0.7108159530314385
144930,孫拙,Sun Zhuo,858,cluster1_song_and_before,唐,works_general,工部,0,0,0,0,0,1,112.38263,34.665276,河南,0,0,0,0,0,0,0.0,7.067932822769843e-42,0.0,-0.4666295804567182,-0.9387205953692331,-0.3886753035554917,-0.15247069472655322,-0.8298251825437993,0.808507211599097
144933,李宗師,Li Zongshi,797,cluster1_song_and_before,唐,works_general,工部,0,0,0,0,0,1,112.38263,34.665276,河南,0,0,0,0,0,0,0.0,7.067932822769843e-42,0.0,-0.4666295804567182,-0.9387205953692331,-0.3886753035554917,-0.15247069472655322,-0.8298251825437993,0.808507211599097
144968,張仁憲,Zhang Renxian,714,cluster1_song_and_before,唐,works_general,工部,0,0,0,0,0,1,116.464562,38.864807,文安,0,0,0,0,0,0,0.0,7.067932822769843e-42,0.0,-0.4666295804567182,-0.9387205953692331,-0.3886753035554917,-0.15247069472655322,0.0819011053798302,1.989821531326763
145255,李良,Li Liang,783,cluster1_song_and_before,唐,works_general,工部,0,0,0,0,0,1,109.46991,36.591808,膚施,0,0,0,0,0,0,0.0,7.067932822769843e-42,0.0,-0.4666295804567182,-0.9387205953692331,-0.3886753035554917,-0.15247069472655322,-1.4804003007380573,1.3504343551333586
145267,盧虔,Lu Qian,734,cluster1_song_and_before,唐,works_general,工部,0,0,0,0,0,1,110.662392,35.576092,龍門,0,0,0,0,0,0,0.0,7.067932822769843e-42,0.0,-0.4666295804567182,-0.9387205953692331,-0.3886753035554917,-0.15247069472655322,-1.2140516238674615,1.064716770103863
145498,王用,Wang Yong,770,cluster1_song_and_before,唐,works_general,工部,0,0,0,0,0,1,108.937189,34.317987,萬年,0,0,0,0,0,0,0.0,7.067932822769843e-42,0.0,-0.4666295804567182,-0.9387205953692331,-0.3886753035554917,-0.15247069472655322,-1.5993870305093911,0.7108159530314385
145504,支謨,Zhi Mo,829,cluster1_song_and_before,唐,works_general,工部,0,0,0,0,0,1,112.38263,34.665276,河南,0,0,0,0,0,0,0.0,7.067932822769843e-42,0.0,-0.4666295804567182,-0.9387205953692331,-0.3886753035554917,-0.15247069472655322,-0.8298251825437993,0.808507211599097
145600,任佶,Ren Ji,717,cluster1_song_and_before,唐,works_general,工部,0,0,0,0,0,1,108.937189,34.317987,萬年,0,0,0,0,0,0,0.0,7.067932822769843e-42,0.0,-0.4666295804567182,-0.9387205953692331,-0.3886753035554917,-0.15247069472655322,-1.5993870305093911,0.7108159530314385
145610,程懷信,Cheng Huaixin,759,cluster1_song_and_before,唐,works_general,工部,0,0,0,0,0,1,117.02410126,38.209125519,滄州,0,0,0,0,0,0,0.0,7.067932822769843e-42,0.0,-0.4666295804567182,-0.9387205953692331,-0.3886753035554917,-0.15247069472655322,0.2068778694384499,1.805380477626827
145621,崔備,Cui Bei,747,cluster1_song_and_before,唐,works_general,工部,0,0,0,0,0,1,112.38263,34.665276,洛陽,0,0,0,0,0,10,0.5555555555555556,3.9757230490315574e-05,1.3572848971944185e-06,-0.24154510723798941,0.42578013616708743,-0.3863146067897434,-0.1514475608271781,-0.8298251825437993,0.808507211599097
145634,史用誠,Shi Yongcheng,772,cluster1_song_and_before,唐,works_general,工部,0,0,0,0,0,1,108.937189,34.317987,萬年,0,0,0,0,0,0,0.0,7.067932822769843e-42,0.0,-0.4666295804567182,-0.9387205953692331,-0.3886753035554917,-0.15247069472655322,-1.5993870305093911,0.7108159530314385
145644,盧涗,Lu Shui,710,cluster1_song_and_before,唐,works_general,工部,0,0,0,0,0,1,112.38263,34.665276,河南府,0,0,0,0,0,0,0.0,7.067932822769843e-42,0.0,-0.4666295804567182,-0.9387205953692331,-0.3886753035554917,-0.15247069472655322,-0.8298251825437993,0.808507211599097
145710,崔淙,Cui Cong,745,cluster1_song_and_before,唐,works_general,工部,0,0,0,0,0,0,,,,0,0,0,0,0,0,0.0,7.067932822769843e-42,0.0,-0.4666295804567182,-0.9387205953692331,-0.3886753035554917,-0.15247069472655322,-3.174087617753835e-15,-1.9987334503111837e-15
145751,韋渢,Wei Feng,735,cluster1_song_and_before,唐,works_general,工部,0,0,0,0,0,1,108.937189,34.317987,萬年,0,0,0,0,0,0,0.0,7.067932822769843e-42,0.0,-0.4666295804567182,-0.9387205953692331,-0.3886753035554917,-0.15247069472655322,-1.5993870305093911,0.7108159530314385
145811,趙憬,Zhao Jing,737,cluster1_song_and_before,唐,works_general,工部,0,0,0,0,0,1,114.971275,27.103239,吉州,0,0,0,0,0,8,1.0,2.1016499457208996e-05,0.0,-0.2865620018817352,1.5173807213961439,-0.3874273901147386,-0.15247069472655322,-0.251634341392583,-1.318669036036756
145987,李彙,Li Hui,757,cluster1_song_and_before,唐,works_general,工部,0,0,0,0,0,1,108.9805,34.9129,華原,0,0,0,0,0,2,1.0,0.00012079087551016343,0.0,-0.42161268581297245,1.5173807213961439,-0.381503007456592,-0.15247069472655322,-1.5897132345578018,0.8781630320010051
145995,張誠,Zhang Cheng,714,cluster1_song_and_before,唐,works_general,工部,0,0,0,0,0,1,112.395023,34.397707,伊闕,0,0,0,0,0,0,0.0,7.067932822769843e-42,0.0,-0.4666295804567182,-0.9387205953692331,-0.3886753035554917,-0.15247069472655322,-0.8270571247010358,0.7332409280033302
146000,李建,Li Jian,764,cluster1_song_and_before,唐,works_general,工部,0,0,0,0,0,1,107.38591766,34.522518158,岐州,0,0,0,0,0,18,1.0,0.00048458039602140705,0.0,-0.06147752866300637,1.5173807213961439,-0.359901987116576,-0.15247069472655322,-1.9458736599732127,0.7683498980781296
146006,李從易,Li Congyi,779,cluster1_song_and_before,唐,works_general,工部,0,0,0,0,0,1,108.798811,34.794427,三原,0,0,0,0,0,0,0.0,7.067932822769843e-42,0.0,-0.4666295804567182,-0.9387205953692331,-0.3886753035554917,-0.15247069472655322,-1.6302946645097367,0.8448369650185021
146010,韋正貫,Wei Zhengguan,784,cluster1_song_and_before,唐,works_general,工部,0,0,0,0,0,1,108.937189,34.317987,萬年,0,0,0,0,0,0,0.0,7.067932822769843e-42,0.0,-0.4666295804567182,-0.9387205953692331,-0.3886753035554917,-0.15247069472655322,-1.5993870305093911,0.7108159530314385
146094,馮昭泰,Feng Zhaotai,645,cluster1_song_and_before,唐,works_general,工部,0,0,0,0,0,1,108.906976,34.246423,長安,0,0,0,0,0,0,0.0,7.067932822769843e-42,0.0,-0.4666295804567182,-0.9387205953692331,-0.3886753035554917,-0.15247069472655322,-1.6061353022437168,0.6906852341542608
146100,薛丹,Xue Dan,745,cluster1_song_and_before,唐,works_general,工部,0,0,0,0,0,1,112.804997,34.720623,偃師,0,0,0,0,0,0,0.0,7.067932822769843e-42,0.0,-0.4666295804567182,-0.9387205953692331,-0.3886753035554917,-0.15247069472655322,-0.7354867425473871,0.8240761414757838
146136,裴虬,Pei Qiu,723,cluster1_song_and_before,唐,works_general,工部,0,0,0,0,0,1,112.38263,34.665276,河南,0,0,0,0,0,0,0.0,7.067932822769843e-42,0.0,-0.4666295804567182,-0.9387205953692331,-0.3886753035554917,-0.15247069472655322,-0.8298251825437993,0.808507211599097
146140,裴伷先,Pei Zhouxian,664,cluster1_song_and_before,唐,works_general,工部,0,0,0,0,0,1,108.937189,34.317987,萬年,0,0,0,0,0,0,0.0,7.067932822769843e-42,0.0,-0.4666295804567182,-0.9387205953692331,-0.3886753035554917,-0.15247069472655322,-1.5993870305093911,0.7108159530314385
146148,韋向,Wei Xiang,718,cluster1_song_and_before,唐,works_general,工部,0,0,0,0,0,1,108.906976,34.246423,長安,0,0,0,0,0,1,0.0,3.7056323637843556e-36,0.0,-0.44412113313484536,-0.9387205953692331,-0.3886753035554917,-0.15247069472655322,-1.6061353022437168,0.6906852341542608
146238,李懷讓,Li Huairang,700,cluster1_song_and_before,唐,works_general,工部,0,0,0,0,0,1,108.907,34.24642,京兆府,0,0,0,0,0,0,0.0,7.067932822769843e-42,0.0,-0.4666295804567182,-0.9387205953692331,-0.3886753035554917,-0.15247069472655322,-1.606129941686288,0.6906843902640838
146626,李弘節,Li Hongjie,595,cluster1_song_and_before,唐,works_general,工部,0,0,0,0,0,1,112.38263,34.665276,河南,0,0,0,0,0,1,0.0,1.21904963336619e-06,0.0,-0.44412113313484536,-0.9387205953692331,-0.3886029190736935,-0.15247069472655322,-0.8298251825437993,0.808507211599097
147490,薛獻,Xue Xian,565,cluster1_song_and_before,隋,works_general,工部,0,0,0,0,0,1,108.907,34.24642,京兆府,0,0,0,0,0,1,0.0,3.7056323637843556e-36,0.0,-0.44412113313484536,-0.9387205953692331,-0.3886753035554917,-0.15247069472655322,-1.606129941686288,0.6906843902640838
147585,翟道生干,Zhai Daoshenggan,566,cluster1_song_and_before,唐,construction,将作/营缮,0,0,0,0,0,1,112.38263,34.665276,洛陽,0,0,0,0,1,0,0.0,7.067932822769843e-42,0.0,-0.4666295804567182,-0.9387205953692331,-0.3886753035554917,-0.15247069472655322,-0.8298251825437993,0.808507211599097
148359,朱某(朱信子),Zhu Mou (Zhuxinzi),631,cluster1_song_and_before,唐,construction,将作/营缮,0,0,0,0,0,1,112.395023,34.397707,伊闕,0,0,0,0,1,0,0.0,7.067932822769843e-42,0.0,-0.4666295804567182,-0.9387205953692331,-0.3886753035554917,-0.15247069472655322,-0.8270571247010358,0.7332409280033302
148891,王遊藝,Wang Youyi,638,cluster1_song_and_before,唐,construction,将作/营缮,0,0,0,0,0,1,112.56482697,37.873748779,太原,0,0,0,0,1,0,0.0,7.067932822769843e-42,0.0,-0.4666295804567182,-0.9387205953692331,-0.3886753035554917,-0.15247069472655322,-0.7891302941603019,1.7110400987927203
148892,某行莊(某旦父),Mou Xingzhuang (Moudanfu),586,cluster1_song_and_before,唐,works_general,工部,0,0,0,0,0,1,112.38263,34.665276,河南,0,0,0,0,0,0,0.0,7.067932822769843e-42,0.0,-0.4666295804567182,-0.9387205953692331,-0.3886753035554917,-0.15247069472655322,-0.8298251825437993,0.808507211599097
149033,斐悌,Fei Ti,631,cluster1_song_and_before,唐,construction,将作/营缮,0,0,0,0,0,1,111.318657,35.426205,聞喜,0,0,0,0,1,0,0.0,7.067932822769843e-42,0.0,-0.4666295804567182,-0.9387205953692331,-0.3886753035554917,-0.15247069472655322,-1.0674705313004598,1.0225540477805797
149212,爾朱義琛,Erzhu Yichen,591,cluster1_song_and_before,唐,works_general,工部,0,0,0,0,0,1,112.38263,34.665276,洛陽,0,0,0,0,0,0,0.0,7.067932822769843e-42,0.0,-0.4666295804567182,-0.9387205953692331,-0.3886753035554917,-0.15247069472655322,-0.8298251825437993,0.808507211599097
149302,樊叡,Fan Rui,612,cluster1_song_and_before,唐,hydraulic,水利/河道,0,0,0,0,0,1,112.38263,34.665276,河南府,0,0,1,0,0,0,0.0,7.067932822769843e-42,0.0,-0.4666295804567182,-0.9387205953692331,-0.3886753035554917,-0.15247069472655322,-0.8298251825437993,0.808507211599097
149416,鄭植,Zheng Zhi,600,cluster1_song_and_before,唐,construction,将作/营缮,0,0,0,0,0,1,113.39922,34.8904,榮澤,0,0,0,0,1,0,0.0,7.067932822769843e-42,0.0,-0.4666295804567182,-0.9387205953692331,-0.3886753035554917,-0.15247069472655322,-0.6027631376493038,0.871833855673012
151811,盧義恭,Lu Yigong,582,cluster1_song_and_before,隋,works_general,工部,0,0,0,0,0,1,112.38263,34.665276,河南府,0,0,0,0,0,0,0.0,7.067932822769843e-42,0.0,-0.4666295804567182,-0.9387205953692331,-0.3886753035554917,-0.15247069472655322,-0.8298251825437993,0.808507211599097
155515,韋縝,Wei Zhen,767,cluster1_song_and_before,唐,works_general,工部,0,0,0,0,0,1,112.5121,37.709,晉陽,0,0,0,0,0,0,0.0,7.067932822769843e-42,0.0,-0.4666295804567182,-0.9387205953692331,-0.3886753035554917,-0.15247069472655322,-0.8009072087761152,1.6646968066988297
155914,崔珪璋,Cui Guizhang,712,cluster1_song_and_before,唐,works_general,工部,0,0,0,0,0,1,115.586137,37.083669,清河,0,0,0,0,0,0,0.0,7.067932822769843e-42,0.0,-0.4666295804567182,-0.9387205953692331,-0.3886753035554917,-0.15247069472655322,-0.11430088046151203,1.4887932439272669
156680,李正叔,Li Zhengshu,761,cluster1_song_and_before,唐,works_general,工部,0,0,0,0,0,1,113.038399,22.526581,新會,0,0,0,0,0,0,0.0,7.067932822769843e-42,0.0,-0.4666295804567182,-0.9387205953692331,-0.3886753035554917,-0.15247069472655322,-0.6833548748303478,-2.6060679460331766
156713,崔衍,Cui Yan,746,cluster1_song_and_before,唐,works_general,工部,0,0,0,0,0,1,114.6254,35.62207,滑州,0,0,0,0,0,18,1.0,0.00048458039602140705,0.0,-0.06147752866300637,1.5173807213961439,-0.359901987116576,-0.15247069472655322,-0.32888779143427693,1.0776502309575717
156814,鄭□易,Zheng Mou Yi,758,cluster1_song_and_before,唐,works_general,工部,0,0,0,0,0,1,113.34937,34.71853,榮陽,0,0,0,0,0,0,0.0,7.067932822769843e-42,0.0,-0.4666295804567182,-0.9387205953692331,-0.3886753035554917,-0.15247069472655322,-0.61389746214393,0.823487387428917
156830,裴譔,Pei Zhuan,795,cluster1_song_and_before,唐,works_general,工部,0,0,0,0,0,1,111.318657,35.426205,聞喜,0,0,0,0,0,6,0.8,4.055232376185524e-05,1.063446041598606e-07,-0.33157889652548095,1.0261604580430685,-0.38626739590278164,-0.15239053118111298,-1.0674705313004598,1.0225540477805797
158002,楊玄珪,Yang Xuangui,662,cluster1_song_and_before,唐,works_general,工部,0,0,0,0,0,1,110.865379,34.527512,弘農,0,0,0,0,0,0,0.0,7.067932822769843e-42,0.0,-0.4666295804567182,-0.9387205953692331,-0.3886753035554917,-0.15247069472655322,-1.1687131459097784,0.769754649481337
158369,張伯禽,Zhang Boqin,732,cluster1_song_and_before,唐,construction,将作/营缮,0,0,0,0,0,1,108.937189,34.317987,萬年,0,0,0,0,1,0,0.0,7.067932822769843e-42,0.0,-0.4666295804567182,-0.9387205953692331,-0.3886753035554917,-0.15247069472655322,-1.5993870305093911,0.7108159530314385
159865,崔授,Cui Shou,768,cluster1_song_and_before,唐,works_general,工部,0,0,0,0,0,0,,,,0,0,0,0,0,0,0.0,7.067932822769843e-42,0.0,-0.4666295804567182,-0.9387205953692331,-0.3886753035554917,-0.15247069472655322,-3.174087617753835e-15,-1.9987334503111837e-15
160060,閻濟美,Yan Jimei,757,cluster1_song_and_before,唐,works_general,工部,0,0,0,0,0,0,,,,0,0,0,0,0,0,0.0,7.067932822769843e-42,0.0,-0.4666295804567182,-0.9387205953692331,-0.3886753035554917,-0.15247069472655322,-3.174087617753835e-15,-1.9987334503111837e-15
161691,張守瑜,Zhang Shouyu,682,cluster1_song_and_before,唐,works_general,工部,0,0,0,0,0,1,108.937189,34.317987,萬年,0,0,0,0,0,0,0.0,7.067932822769843e-42,0.0,-0.4666295804567182,-0.9387205953692331,-0.3886753035554917,-0.15247069472655322,-1.5993870305093911,0.7108159530314385
163926,閻毗,Yan Pi,562,cluster1_song_and_before,隋,construction,将作/营缮,0,0,0,0,0,0,,,,0,0,0,0,1,1,0.0,3.7056323637843556e-36,0.0,-0.44412113313484536,-0.9387205953692331,-0.3886753035554917,-0.15247069472655322,-3.174087617753835e-15,-1.9987334503111837e-15
163927,閻立德,Yan Lide,592,cluster1_song_and_before,唐,works_general,工部,0,0,0,0,0,0,,,,0,0,0,0,0,1,0.0,3.7056323637843556e-36,0.0,-0.44412113313484536,-0.9387205953692331,-0.3886753035554917,-0.15247069472655322,-3.174087617753835e-15,-1.9987334503111837e-15
168914,崔潔,Cui Jie,836,cluster1_song_and_before,唐,works_general,工部,0,0,0,0,0,0,,,,0,0,0,0,0,0,0.0,7.067932822769843e-42,0.0,-0.4666295804567182,-0.9387205953692331,-0.3886753035554917,-0.15247069472655322,-3.174087617753835e-15,-1.9987334503111837e-15
170052,李景温,Li Jingwen,785,cluster1_song_and_before,唐,works_general,工部,0,0,0,0,0,1,112.38263,34.665276,河南,0,0,0,0,0,0,0.0,7.067932822769843e-42,0.0,-0.4666295804567182,-0.9387205953692331,-0.3886753035554917,-0.15247069472655322,-0.8298251825437993,0.808507211599097
170360,羅邮,Luo You,693,cluster1_song_and_before,唐,works_general,工部,0,0,0,0,0,1,115.218359,36.30969,貴鄉,0,0,0,0,0,0,0.0,7.067932822769843e-42,0.0,-0.4666295804567182,-0.9387205953692331,-0.3886753035554917,-0.15247069472655322,-0.19644650922748982,1.2710754854755502
170688,裴弘策,Pei Hongce,589,cluster1_song_and_before,唐,construction,将作/营缮,0,0,0,0,0,1,111.318657,35.426205,聞喜,0,0,0,0,1,0,0.0,7.067932822769843e-42,0.0,-0.4666295804567182,-0.9387205953692331,-0.3886753035554917,-0.15247069472655322,-1.0674705313004598,1.0225540477805797
170806,裴常憲,Pei Changxian,758,cluster1_song_and_before,唐,construction,将作/营缮,0,0,0,0,0,1,112.395023,34.397707,伊闕,0,0,0,0,1,0,0.0,7.067932822769843e-42,0.0,-0.4666295804567182,-0.9387205953692331,-0.3886753035554917,-0.15247069472655322,-0.8270571247010358,0.7332409280033302
170856,裴興,Pei Xing,705,cluster1_song_and_before,唐,works_general,工部,0,0,0,0,0,1,112.38263,34.665276,洛陽,0,0,0,0,0,0,0.0,7.067932822769843e-42,0.0,-0.4666295804567182,-0.9387205953692331,-0.3886753035554917,-0.15247069472655322,-0.8298251825437993,0.808507211599097
170883,裴澡,Pei Zao,747,cluster1_song_and_before,唐,works_general,工部,0,0,0,0,0,1,108.937189,34.317987,萬年,0,0,0,0,0,0,0.0,7.067932822769843e-42,0.0,-0.4666295804567182,-0.9387205953692331,-0.3886753035554917,-0.15247069472655322,-1.5993870305093911,0.7108159530314385
171262,裴思猷,Pei Siyou,785,cluster1_song_and_before,唐,works_general,工部,0,0,0,0,0,1,108.937189,34.317987,萬年,0,0,0,0,0,0,0.0,7.067932822769843e-42,0.0,-0.4666295804567182,-0.9387205953692331,-0.3886753035554917,-0.15247069472655322,-1.5993870305093911,0.7108159530314385
171972,竇德洽,Dou Deqia,586,cluster1_song_and_before,唐,construction,将作/营缮,0,0,0,0,0,1,108.937189,34.317987,萬年,0,0,0,0,1,0,0.0,7.067932822769843e-42,0.0,-0.4666295804567182,-0.9387205953692331,-0.3886753035554917,-0.15247069472655322,-1.5993870305093911,0.7108159530314385
172145,竇鋼,Dou Gang,697,cluster1_song_and_before,唐,construction,将作/营缮,0,0,0,0,0,1,108.70994568,34.339054108,咸陽,0,0,0,0,1,0,0.0,7.067932822769843e-42,0.0,-0.4666295804567182,-0.9387205953692331,-0.3886753035554917,-0.15247069472655322,-1.6501433166501307,0.7167420615315653
172204,竇璡,Dou Jin,539,cluster1_song_and_before,南北朝,construction,将作/营缮,0,0,0,0,0,1,109.579855,27.714187,盧陽,0,0,0,0,1,1,0.0,3.7056323637843556e-36,0.0,-0.44412113313484536,-0.9387205953692331,-0.3886753035554917,-0.15247069472655322,-1.4558433637960013,-1.1468113640707722
172213,竇克順,Dou Keshun,671,cluster1_song_and_before,唐,construction,将作/营缮,0,0,0,0,0,0,,,,0,0,0,0,1,0,0.0,7.067932822769843e-42,0.0,-0.4666295804567182,-0.9387205953692331,-0.3886753035554917,-0.15247069472655322,-3.174087617753835e-15,-1.9987334503111837e-15
172491,楊恕,Yang Shu,695,cluster1_song_and_before,唐,works_general,工部,0,0,0,0,0,1,110.089363,34.56831,華陰,0,0,0,0,0,0,0.0,7.067932822769843e-42,0.0,-0.4666295804567182,-0.9387205953692331,-0.3886753035554917,-0.15247069472655322,-1.3420414098419906,0.7812309932959781
172661,楊昉,Yang Fang,605,cluster1_song_and_before,唐,works_general,工部,0,0,0,0,0,1,108.906976,34.246423,長安,0,0,0,0,0,0,0.0,7.067932822769843e-42,0.0,-0.4666295804567182,-0.9387205953692331,-0.3886753035554917,-0.15247069472655322,-1.6061353022437168,0.6906852341542608
172665,楊維友,Yang Weiyou,705,cluster1_song_and_before,唐,works_general,工部,0,0,0,0,0,1,108.906976,34.246423,長安,0,0,0,0,0,0,0.0,7.067932822769843e-42,0.0,-0.4666295804567182,-0.9387205953692331,-0.3886753035554917,-0.15247069472655322,-1.6061353022437168,0.6906852341542608
172770,楊緘,Yang Jian,605,cluster1_song_and_before,唐,construction,将作/营缮,0,0,0,0,0,1,108.906976,34.246423,長安,0,0,0,0,1,0,0.0,7.067932822769843e-42,0.0,-0.4666295804567182,-0.9387205953692331,-0.3886753035554917,-0.15247069472655322,-1.6061353022437168,0.6906852341542608
172819,楊弘暕,Yang Honglan,601,cluster1_song_and_before,唐,works_general,工部,0,0,0,0,0,1,113.39922,34.8904,榮澤,0,0,0,0,0,0,0.0,7.067932822769843e-42,0.0,-0.4666295804567182,-0.9387205953692331,-0.3886753035554917,-0.15247069472655322,-0.6027631376493038,0.871833855673012
172898,高少逸,Gao Shaoyi,773,cluster1_song_and_before,唐,works_general,工部,0,0,0,0,0,1,112.395023,34.397707,伊闕,0,0,0,0,0,0,0.0,7.067932822769843e-42,0.0,-0.4666295804567182,-0.9387205953692331,-0.3886753035554917,-0.15247069472655322,-0.8270571247010358,0.7332409280033302
173236,杜楚客,Du Chuke,581,cluster1_song_and_before,唐,works_general,工部,0,0,0,0,0,1,108.906976,34.246423,長安,0,0,0,0,0,0,0.0,7.067932822769843e-42,0.0,-0.4666295804567182,-0.9387205953692331,-0.3886753035554917,-0.15247069472655322,-1.6061353022437168,0.6906852341542608
173426,李咸,Li Xian,629,cluster1_song_and_before,唐,works_general,工部,0,0,0,0,0,1,112.38263,34.665276,河南,0,0,0,0,0,5,1.0,2.388861741355814e-05,0.0,-0.3540873438473538,1.5173807213961439,-0.3872568500774477,-0.15247069472655322,-0.8298251825437993,0.808507211599097
173428,李義琛,Li Yichen,615,cluster1_song_and_before,唐,works_general,工部,0,0,0,0,0,1,112.38263,34.665276,河南府,0,0,0,0,0,0,0.0,7.067932822769843e-42,0.0,-0.4666295804567182,-0.9387205953692331,-0.3886753035554917,-0.15247069472655322,-0.8298251825437993,0.808507211599097
173450,李回,Li Hui,737,cluster1_song_and_before,唐,works_general,工部,0,0,0,0,0,1,112.38263,34.665276,河南府,0,0,0,0,0,2,0.0,5.48707648222967e-06,2.6177133331657995e-07,-0.42161268581297245,-0.9387205953692331,-0.38834949304139743,-0.1522733690762388,-0.8298251825437993,0.808507211599097
173725,李舒,Li Shu,711,cluster1_song_and_before,唐,works_general,工部,0,0,0,0,0,1,108.906976,34.246423,長安,0,0,0,0,0,0,0.0,7.067932822769843e-42,0.0,-0.4666295804567182,-0.9387205953692331,-0.3886753035554917,-0.15247069472655322,-1.6061353022437168,0.6906852341542608
173840,李思冲,Li Sichong,671,cluster1_song_and_before,唐,works_general,工部,0,0,0,0,0,1,115.770905,33.879292,譙縣,0,0,0,0,0,0,0.0,7.067932822769843e-42,0.0,-0.4666295804567182,-0.9387205953692331,-0.3886753035554917,-0.15247069472655322,-0.0730317356626574,0.5874124859554885
174003,李元恭,Li Yuangong,623,cluster1_song_and_before,唐,works_general,工部,0,0,0,0,0,1,114.376983,37.662655,贊皇,0,0,0,0,0,0,0.0,7.067932822769843e-42,0.0,-0.4666295804567182,-0.9387205953692331,-0.3886753035554917,-0.15247069472655322,-0.38437335789327914,1.651660109946792
175676,王鼎,Wang Ding,600,cluster1_song_and_before,唐,works_general,工部,0,0,0,0,0,1,112.38263,34.665276,洛陽,0,0,0,0,0,0,0.0,7.067932822769843e-42,0.0,-0.4666295804567182,-0.9387205953692331,-0.3886753035554917,-0.15247069472655322,-0.8298251825437993,0.808507211599097
175863,王遵,Wang Zun,567,cluster1_song_and_before,唐,works_general,工部,0,0,0,0,0,1,108.906976,34.246423,長安,0,0,0,0,0,0,0.0,7.067932822769843e-42,0.0,-0.4666295804567182,-0.9387205953692331,-0.3886753035554917,-0.15247069472655322,-1.6061353022437168,0.6906852341542608
175881,王仁皎,Wang Renjiao,651,cluster1_song_and_before,唐,construction,将作/营缮,0,0,0,0,1,1,108.937189,34.317987,萬年,0,0,0,0,1,0,0.0,7.067932822769843e-42,0.0,-0.4666295804567182,-0.9387205953692331,-0.3886753035554917,-0.15247069472655322,-1.5993870305093911,0.7108159530314385
175932,王儼,Wang Yan,638,cluster1_song_and_before,唐,works_general,工部,0,0,0,0,0,1,108.937189,34.317987,萬年,0,0,0,0,0,0,0.0,7.067932822769843e-42,0.0,-0.4666295804567182,-0.9387205953692331,-0.3886753035554917,-0.15247069472655322,-1.5993870305093911,0.7108159530314385
176041,温無隱,Wen Wuyin,569,cluster1_song_and_before,唐,works_general,工部,0,0,0,0,0,1,113.075463,34.938118,溫縣,0,0,0,0,0,0,0.0,7.067932822769843e-42,0.0,-0.4666295804567182,-0.9387205953692331,-0.3886753035554917,-0.15247069472655322,-0.6750763873064003,0.8852567728294203
176640,張承纘,Zhang Chengzuan,642,cluster1_song_and_before,唐,construction,将作/营缮,0,0,0,0,0,1,120.618622,31.31271,吳縣,0,0,0,0,1,0,0.0,7.067932822769843e-42,0.0,-0.4666295804567182,-0.9387205953692331,-0.3886753035554917,-0.15247069472655322,1.0097376552322135,-0.1345586268557452
176985,崔照,Cui Zhao,753,cluster1_song_and_before,唐,construction,将作/营缮,0,0,0,0,0,1,112.38263,34.665276,河南府,0,0,0,0,1,0,0.0,7.067932822769843e-42,0.0,-0.4666295804567182,-0.9387205953692331,-0.3886753035554917,-0.15247069472655322,-0.8298251825437993,0.808507211599097
177021,崔柅,Cui Ni,872,cluster1_song_and_before,唐,works_general,工部,0,0,0,0,0,1,109.7598877,34.519626617,華州,0,0,0,0,0,0,0.0,7.067932822769843e-42,0.0,-0.4666295804567182,-0.9387205953692331,-0.3886753035554917,-0.15247069472655322,-1.415631879313686,0.7675365170626363
177068,崔侁,Cui Shen,711,cluster1_song_and_before,唐,works_general,工部,0,0,0,0,0,1,112.38263,34.665276,河南府,0,0,0,0,0,0,0.0,7.067932822769843e-42,0.0,-0.4666295804567182,-0.9387205953692331,-0.3886753035554917,-0.15247069472655322,-0.8298251825437993,0.808507211599097
177514,崔眾,Cui Zhong,695,cluster1_song_and_before,唐,works_general,工部,0,0,0,0,0,1,114.434503,35.397076,靈昌,0,0,0,0,0,2,1.0,9.961269043141234e-06,0.0,-0.42161268581297245,1.5173807213961439,-0.38808382534328023,-0.15247069472655322,-0.3715258885867407,1.014360155457996
177865,崔宥,Cui You,695,cluster1_song_and_before,唐,works_general,工部,0,0,0,0,0,1,115.510575,38.230526,安平,0,0,0,0,0,0,0.0,7.067932822769843e-42,0.0,-0.4666295804567182,-0.9387205953692331,-0.3886753035554917,-0.15247069472655322,-0.1311781488158298,1.8114003628602877
178038,崔抗,Cui Kang,727,cluster1_song_and_before,唐,construction,将作/营缮,0,0,0,0,0,1,110.865379,34.527512,虢州,0,0,0,0,1,0,0.0,7.067932822769843e-42,0.0,-0.4666295804567182,-0.9387205953692331,-0.3886753035554917,-0.15247069472655322,-1.1687131459097784,0.769754649481337
178095,柳幹,Liu Gan,611,cluster1_song_and_before,唐,works_general,工部,0,0,0,0,0,1,112.38263,34.665276,河南府,0,0,0,0,0,0,0.0,7.067932822769843e-42,0.0,-0.4666295804567182,-0.9387205953692331,-0.3886753035554917,-0.15247069472655322,-0.8298251825437993,0.808507211599097
178163,柳肅,Liu Su,524,cluster1_song_and_before,南北朝,works_general,工部,0,0,0,0,0,1,110.855438,34.911781,解縣,0,0,0,0,0,0,0.0,7.067932822769843e-42,0.0,-0.4666295804567182,-0.9387205953692331,-0.3886753035554917,-0.15247069472655322,-1.1709335334684754,0.8778482609649588
179521,陸審傳,Lu Shenchuan,783,cluster1_song_and_before,唐,works_general,工部,0,0,0,0,0,1,120.618622,31.31271,吳縣,0,0,0,0,0,0,0.0,7.067932822769843e-42,0.0,-0.4666295804567182,-0.9387205953692331,-0.3886753035554917,-0.15247069472655322,1.0097376552322135,-0.1345586268557452
179558,陸包,Lu Bao,709,cluster1_song_and_before,唐,works_general,工部,0,0,0,0,0,1,108.907,34.24642,京兆府,0,0,0,0,0,0,0.0,7.067932822769843e-42,0.0,-0.4666295804567182,-0.9387205953692331,-0.3886753035554917,-0.15247069472655322,-1.606129941686288,0.6906843902640838
179754,姜還,Jiang Hai,742,cluster1_song_and_before,唐,construction,将作/营缮,0,0,0,0,0,0,,,,0,0,0,0,1,0,0.0,7.067932822769843e-42,0.0,-0.4666295804567182,-0.9387205953692331,-0.3886753035554917,-0.15247069472655322,-3.174087617753835e-15,-1.9987334503111837e-15
179779,陸桂,Lu Gui,778,cluster1_song_and_before,唐,works_general,工部,0,0,0,0,0,1,106.694038,38.810596,靈武,0,0,0,0,0,0,0.0,7.067932822769843e-42,0.0,-0.4666295804567182,-0.9387205953692331,-0.3886753035554917,-0.15247069472655322,-2.1004095204681112,1.974572154530459
179905,韋正己,Wei Zhengji,640,cluster1_song_and_before,唐,works_general,工部,0,0,0,0,0,1,108.906976,34.246423,長安,0,0,0,0,0,0,0.0,7.067932822769843e-42,0.0,-0.4666295804567182,-0.9387205953692331,-0.3886753035554917,-0.15247069472655322,-1.6061353022437168,0.6906852341542608
180193,薛孝廉,Xue Xiaolian,628,cluster1_song_and_before,唐,works_general,工部,0,0,0,0,0,1,108.907,34.24642,京兆府,0,0,0,0,0,1,0.0,3.7056323637843556e-36,0.0,-0.44412113313484536,-0.9387205953692331,-0.3886753035554917,-0.15247069472655322,-1.606129941686288,0.6906843902640838
180456,薛弘悌,Xue Hongti,687,cluster1_song_and_before,唐,works_general,工部,0,0,0,0,0,1,112.38263,34.665276,河南,0,0,0,0,0,0,0.0,7.067932822769843e-42,0.0,-0.4666295804567182,-0.9387205953692331,-0.3886753035554917,-0.15247069472655322,-0.8298251825437993,0.808507211599097
180633,薛季連,Xue Jilian,714,cluster1_song_and_before,唐,works_general,工部,0,0,0,0,0,1,110.483235,35.312033,寶鼎,0,0,0,0,0,0,0.0,7.067932822769843e-42,0.0,-0.4666295804567182,-0.9387205953692331,-0.3886753035554917,-0.15247069472655322,-1.2540675150105616,0.9904378380152628
180730,韋文恪,Wei Wenke,742,cluster1_song_and_before,唐,construction,将作/营缮,0,0,0,0,0,1,108.937189,34.317987,萬年,0,0,0,0,1,0,0.0,7.067932822769843e-42,0.0,-0.4666295804567182,-0.9387205953692331,-0.3886753035554917,-0.15247069472655322,-1.5993870305093911,0.7108159530314385
180734,韋發,Wei Fa,807,cluster1_song_and_before,唐,works_general,工部,0,0,0,0,0,1,113.02048,34.69476,鞏州,0,0,0,0,0,1,0.0,2.3756478423316417e-07,0.0,-0.44412113313484536,-0.9387205953692331,-0.3886611974819328,-0.15247069472655322,-0.6873572010213026,0.8168009642592999
180800,韋蘭,Wei Lan,668,cluster1_song_and_before,唐,construction,将作/营缮,0,0,0,0,0,1,108.906976,34.246423,長安,0,0,0,0,1,0,0.0,7.067932822769843e-42,0.0,-0.4666295804567182,-0.9387205953692331,-0.3886753035554917,-0.15247069472655322,-1.6061353022437168,0.6906852341542608
180905,韋珣,Wei Xun,763,cluster1_song_and_before,唐,construction,将作/营缮,0,0,0,0,0,1,108.906976,34.246423,長安,0,0,0,0,1,0,0.0,7.067932822769843e-42,0.0,-0.4666295804567182,-0.9387205953692331,-0.3886753035554917,-0.15247069472655322,-1.6061353022437168,0.6906852341542608
181054,韋琡,Wei Chu,821,cluster1_song_and_before,唐,works_general,工部,0,0,0,0,0,1,108.937189,34.317987,萬年,0,0,0,0,0,0,0.0,7.067932822769843e-42,0.0,-0.4666295804567182,-0.9387205953692331,-0.3886753035554917,-0.15247069472655322,-1.5993870305093911,0.7108159530314385
181499,武士彠,Wu Shiyue,559,cluster1_song_and_before,唐,works_general,工部,0,0,0,0,0,1,112.02419281,37.436981201,文水,0,0,0,0,0,0,0.0,7.067932822769843e-42,0.0,-0.4666295804567182,-0.9387205953692331,-0.3886753035554917,-0.15247069472655322,-0.9098844801245725,1.5881788092143907
181728,袁倜,Yuan Ti,689,cluster1_song_and_before,唐,works_general,工部,0,0,0,0,0,1,112.38263,34.665276,河南,0,0,0,0,0,0,0.0,7.067932822769843e-42,0.0,-0.4666295804567182,-0.9387205953692331,-0.3886753035554917,-0.15247069472655322,-0.8298251825437993,0.808507211599097
181775,姚璹,Yao Shu,631,cluster1_song_and_before,唐,works_general,工部,0,0,0,0,0,1,108.937189,34.317987,咸寧,0,0,0,0,0,0,0.0,7.067932822769843e-42,0.0,-0.4666295804567182,-0.9387205953692331,-0.3886753035554917,-0.15247069472655322,-1.5993870305093911,0.7108159530314385
181784,姚喬栵,Yao Qiaoli,702,cluster1_song_and_before,唐,construction,将作/营缮,0,0,0,0,0,1,108.937189,34.317987,咸寧,0,0,0,0,1,0,0.0,7.067932822769843e-42,0.0,-0.4666295804567182,-0.9387205953692331,-0.3886753035554917,-0.15247069472655322,-1.5993870305093911,0.7108159530314385
181803,唐防,Tang Fang,604,cluster1_song_and_before,唐,works_general,工部,0,0,0,0,0,1,108.937189,34.317987,萬年,0,0,0,0,0,0,0.0,7.067932822769843e-42,0.0,-0.4666295804567182,-0.9387205953692331,-0.3886753035554917,-0.15247069472655322,-1.5993870305093911,0.7108159530314385
182284,朱密,Zhu Mi,952,cluster1_song_and_before,宋,works_general,工部,0,0,0,0,0,1,119.569855,31.995802,丹陽,0,0,0,0,0,1,0.0,3.7056323637843556e-36,0.0,-0.44412113313484536,-0.9387205953692331,-0.3886753035554917,-0.15247069472655322,0.775488666320394,0.05759291608831527
182286,朱岳,Zhu Yue,952,cluster1_song_and_before,宋,works_general,工部,0,0,0,0,0,1,119.569855,31.995802,丹陽,0,0,0,0,0,1,0.0,3.7056323637843556e-36,0.0,-0.44412113313484536,-0.9387205953692331,-0.3886753035554917,-0.15247069472655322,0.775488666320394,0.05759291608831527
183058,鄭越客,Zheng Yueke,663,cluster1_song_and_before,唐,works_general,工部,0,0,0,0,0,1,113.39922,34.8904,榮澤,0,0,0,0,0,0,0.0,7.067932822769843e-42,0.0,-0.4666295804567182,-0.9387205953692331,-0.3886753035554917,-0.15247069472655322,-0.6027631376493038,0.871833855673012
184058,源弼,Yuan Bi,629,cluster1_song_and_before,唐,works_general,工部,0,0,0,0,0,1,114.5545,36.24,臨漳,0,0,0,0,0,2,1.0,1.5124663002148345e-05,0.0,-0.42161268581297245,1.5173807213961439,-0.3877772343843783,-0.15247069472655322,-0.3447237715078746,1.2514719166623132
184075,牛遼允,Niu Liaoyun,480,cluster1_song_and_before,南北朝,works_general,工部,0,0,0,0,0,1,107.6253,35.0716,鶉觚,0,0,0,0,0,0,0.0,7.067932822769843e-42,0.0,-0.4666295804567182,-0.9387205953692331,-0.3886753035554917,-0.15247069472655322,-1.8924060440887087,0.9228048223677808
184204,齊玘,Qi Qi,707,cluster1_song_and_before,唐,works_general,工部,0,0,0,0,0,1,115.919899,38.682152,高陽,0,0,0,0,0,2,1.0,2.4297770944129037e-06,0.0,-0.42161268581297245,1.5173807213961439,-0.38853102874415474,-0.15247069472655322,-0.03975294842590404,1.9384412778961173
184374,元孝節,Yuan Xiaojie,651,cluster1_song_and_before,唐,works_general,工部,0,0,0,0,0,1,112.38263,34.665276,洛陽,0,0,0,0,0,0,0.0,7.067932822769843e-42,0.0,-0.4666295804567182,-0.9387205953692331,-0.3886753035554917,-0.15247069472655322,-0.8298251825437993,0.808507211599097
184580,蔣曙,Jiang Shu,839,cluster1_song_and_before,唐,works_general,工部,0,1,0,0,0,1,119.814385,31.363638,義興,0,0,0,0,0,0,0.0,7.067932822769843e-42,0.0,-0.4666295804567182,-0.9387205953692331,-0.3886753035554917,-0.15247069472655322,0.8301060458323416,-0.12023274720987676
186447,元佑,Yuan You,770,cluster1_song_and_before,唐,works_general,工部,0,0,0,0,0,1,112.38263,34.665276,河南,0,0,0,0,0,0,0.0,7.067932822769843e-42,0.0,-0.4666295804567182,-0.9387205953692331,-0.3886753035554917,-0.15247069472655322,-0.8298251825437993,0.808507211599097
187226,李哲,Li Zhe,589,cluster1_song_and_before,唐,works_general,工部,0,0,0,0,0,1,105.5689,34.9478,成紀,0,0,0,0,0,0,0.0,7.067932822769843e-42,0.0,-0.4666295804567182,-0.9387205953692331,-0.3886753035554917,-0.15247069472655322,-2.3517164731909452,0.8879802877275365
187371,李岫,Li Xiu,716,cluster1_song_and_before,唐,construction,将作/营缮,0,0,0,0,0,1,108.937189,34.317987,萬年,0,0,0,0,1,2,1.0,1.9221791239385573e-05,0.0,-0.42161268581297245,1.5173807213961439,-0.3875339559351699,-0.15247069472655322,-1.5993870305093911,0.7108159530314385
187418,李珍,Li Zhen,671,cluster1_song_and_before,唐,works_general,工部,0,0,0,0,0,1,108.906976,34.246423,長安,0,0,0,0,0,0,0.0,7.067932822769843e-42,0.0,-0.4666295804567182,-0.9387205953692331,-0.3886753035554917,-0.15247069472655322,-1.6061353022437168,0.6906852341542608
187492,李話,Li Hua,779,cluster1_song_and_before,唐,construction,将作/营缮,0,0,0,0,0,1,108.906976,34.246423,長安,0,0,0,0,1,0,0.0,7.067932822769843e-42,0.0,-0.4666295804567182,-0.9387205953692331,-0.3886753035554917,-0.15247069472655322,-1.6061353022437168,0.6906852341542608
188652,李己,Li Ji,703,cluster1_song_and_before,唐,hydraulic,水利/河道,0,0,0,0,0,1,108.906976,34.246423,長安,0,0,1,0,0,0,0.0,7.067932822769843e-42,0.0,-0.4666295804567182,-0.9387205953692331,-0.3886753035554917,-0.15247069472655322,-1.6061353022437168,0.6906852341542608
189466,馮定,Feng Ding,783,cluster1_song_and_before,唐,works_general,工部,0,0,0,0,0,1,120.227981,29.260567,東陽,0,0,0,0,0,1,0.0,4.143285740708879e-06,0.0,-0.44412113313484536,-0.9387205953692331,-0.3884292843754071,-0.15247069472655322,0.9224854254447556,-0.7118197334004733
189511,高瑀,Gao Yu,771,cluster1_song_and_before,唐,works_general,工部,0,0,0,0,0,1,116.258102,37.688007,蓨縣,0,0,0,0,0,20,0.8526315789473684,0.000493384582625433,1.4263687165682934e-05,-0.016460634019260605,1.155428948399141,-0.35937921391067496,-0.14171859551771518,0.035786910090756505,1.6587915445364483
189545,衛洙,Wei Zhu,786,cluster1_song_and_before,唐,works_general,工部,0,0,0,0,0,0,,,,0,0,0,0,0,0,0.0,7.067932822769843e-42,0.0,-0.4666295804567182,-0.9387205953692331,-0.3886753035554917,-0.15247069472655322,-3.174087617753835e-15,-1.9987334503111837e-15
189661,庾簡休,Yu Jianxiu,772,cluster1_song_and_before,唐,works_general,工部,0,0,0,0,0,1,108.907,34.24642,京兆府,0,0,0,0,0,0,0.0,7.067932822769843e-42,0.0,-0.4666295804567182,-0.9387205953692331,-0.3886753035554917,-0.15247069472655322,-1.606129941686288,0.6906843902640838
189929,楊某,Yang Mou,718,cluster1_song_and_before,唐,works_general,工部,0,0,0,0,0,1,110.089363,34.56831,華陰,0,0,0,0,0,0,0.0,7.067932822769843e-42,0.0,-0.4666295804567182,-0.9387205953692331,-0.3886753035554917,-0.15247069472655322,-1.3420414098419906,0.7812309932959781
190364,劉公濟,Liu Gongji,731,cluster1_song_and_before,唐,works_general,工部,0,0,0,0,0,1,112.38263,34.665276,洛陽,0,0,0,0,0,0,0.0,7.067932822769843e-42,0.0,-0.4666295804567182,-0.9387205953692331,-0.3886753035554917,-0.15247069472655322,-0.8298251825437993,0.808507211599097
190438,張元亮,Zhang Yuanliang,748,cluster1_song_and_before,唐,construction,将作/营缮,0,0,0,0,0,1,112.804997,34.720623,偃師,0,0,0,0,1,0,0.0,7.067932822769843e-42,0.0,-0.4666295804567182,-0.9387205953692331,-0.3886753035554917,-0.15247069472655322,-0.7354867425473871,0.8240761414757838
191194,辛京杲,Xin Jinggao,710,cluster1_song_and_before,唐,works_general,工部,0,0,0,0,0,1,108.937189,34.317987,萬年,0,0,0,0,0,0,0.0,7.067932822769843e-42,0.0,-0.4666295804567182,-0.9387205953692331,-0.3886753035554917,-0.15247069472655322,-1.5993870305093911,0.7108159530314385
191343,吳凑,Wu Cou,727,cluster1_song_and_before,唐,works_general,工部,0,0,0,0,0,1,108.937189,34.317987,萬年,0,0,0,0,0,0,0.0,7.067932822769843e-42,0.0,-0.4666295804567182,-0.9387205953692331,-0.3886753035554917,-0.15247069472655322,-1.5993870305093911,0.7108159530314385
191756,韋訥,Wei Ne,768,cluster1_song_and_before,唐,construction,将作/营缮,0,0,0,0,0,1,108.937189,34.317987,萬年,0,0,0,0,1,0,0.0,7.067932822769843e-42,0.0,-0.4666295804567182,-0.9387205953692331,-0.3886753035554917,-0.15247069472655322,-1.5993870305093911,0.7108159530314385
192165,栢季纂,Bai Jizuan,581,cluster1_song_and_before,唐,works_general,工部,0,0,0,0,0,1,108.937189,34.317987,萬年,0,0,0,0,0,0,0.0,7.067932822769843e-42,0.0,-0.4666295804567182,-0.9387205953692331,-0.3886753035554917,-0.15247069472655322,-1.5993870305093911,0.7108159530314385
192167,康復,Kang Fu,735,cluster1_song_and_before,唐,works_general,工部,0,0,0,0,0,0,,,,0,0,0,0,0,0,0.0,7.067932822769843e-42,0.0,-0.4666295804567182,-0.9387205953692331,-0.3886753035554917,-0.15247069472655322,-3.174087617753835e-15,-1.9987334503111837e-15
192955,蘇晟,Su Sheng,773,cluster1_song_and_before,唐,construction,将作/营缮,0,0,0,0,0,0,,,,0,0,0,0,1,0,0.0,7.067932822769843e-42,0.0,-0.4666295804567182,-0.9387205953692331,-0.3886753035554917,-0.15247069472655322,-3.174087617753835e-15,-1.9987334503111837e-15
193353,薛腴,Xue Yu,702,cluster1_song_and_before,唐,construction,将作/营缮,0,0,0,0,0,0,,,,0,0,0,0,1,0,0.0,7.067932822769843e-42,0.0,-0.4666295804567182,-0.9387205953692331,-0.3886753035554917,-0.15247069472655322,-3.174087617753835e-15,-1.9987334503111837e-15
194490,韋慎知,Wei Shenzhi,640,cluster1_song_and_before,唐,construction,将作/营缮,0,0,0,0,0,1,108.906976,34.246423,長安,0,0,0,0,1,1,0.0,3.7056323637843556e-36,0.0,-0.44412113313484536,-0.9387205953692331,-0.3886753035554917,-0.15247069472655322,-1.6061353022437168,0.6906852341542608
194500,盧寔,Lu Shi,733,cluster1_song_and_before,唐,works_general,工部,0,0,0,0,0,1,108.906976,34.246423,長安,0,0,0,0,0,0,0.0,7.067932822769843e-42,0.0,-0.4666295804567182,-0.9387205953692331,-0.3886753035554917,-0.15247069472655322,-1.6061353022437168,0.6906852341542608
194998,李忠臣,Li Zhongchen,716,cluster1_song_and_before,唐,works_general,工部,1,0,0,0,0,1,116.326,39.8768,薊縣,0,0,0,0,0,11,0.7818181818181819,0.00015392433549148548,2.9371523213060056e-06,-0.21903665991611654,0.9815040704655162,-0.37953561559223636,-0.15025664216193085,0.050952373772522465,2.274491848646522
195641,丘行淹,Qiu Xingyan,610,cluster1_song_and_before,唐,works_general,工部,0,0,0,0,0,0,,,,0,0,0,0,0,0,0.0,7.067932822769843e-42,0.0,-0.4666295804567182,-0.9387205953692331,-0.3886753035554917,-0.15247069472655322,-3.174087617753835e-15,-1.9987334503111837e-15
195771,慕容忠,Murong Zhong,639,cluster1_song_and_before,唐,works_general,工部,0,0,0,0,0,1,108.907,34.24642,京兆府,0,0,0,0,0,0,0.0,7.067932822769843e-42,0.0,-0.4666295804567182,-0.9387205953692331,-0.3886753035554917,-0.15247069472655322,-1.606129941686288,0.6906843902640838
195881,趙國珍,Zhao Guozhen,705,cluster1_song_and_before,唐,works_general,工部,0,0,0,0,0,0,,,,0,0,0,0,0,0,0.0,7.067932822769843e-42,0.0,-0.4666295804567182,-0.9387205953692331,-0.3886753035554917,-0.15247069472655322,-3.174087617753835e-15,-1.9987334503111837e-15
198031,黃載,Huang Zai,1329,cluster2_yuan_ming,明,works_general,工部,0,1,0,0,0,1,115.377151,28.70723,奉新,0,0,0,0,0,0,0.0,7.067932822769843e-42,0.0,-0.4666295804567182,-0.9387205953692331,-0.3886753035554917,-0.15247069472655322,-0.16097927442006013,-0.867471619702813
198038,周子諒,Zhou Ziliang,1325,cluster2_yuan_ming,明,works_general,工部,0,1,0,0,0,1,116.577203,37.331113,陵縣,0,0,0,0,0,0,0.0,7.067932822769843e-42,0.0,-0.4666295804567182,-0.9387205953692331,-0.3886753035554917,-0.15247069472655322,0.10706021160649012,1.558398430918551
198269,李清,Li Qing,1434,cluster2_yuan_ming,明,works_general,工部,0,1,0,0,0,1,121.486763,31.224427,上海,0,0,0,0,0,0,0.0,7.067932822769843e-42,0.0,-0.4666295804567182,-0.9387205953692331,-0.3886753035554917,-0.15247069472655322,1.2036426422149225,-0.1593923456897098
198297,黃會,Huang Hui,1421,cluster2_yuan_ming,明,works_general,工部,0,1,0,0,0,1,116.351341,27.984781,臨川,0,0,0,0,0,0,0.0,7.067932822769843e-42,0.0,-0.4666295804567182,-0.9387205953692331,-0.3886753035554917,-0.15247069472655322,0.0566124523486191,-1.0706941578797973
198316,塗淮,Tu Huai,1420,cluster2_yuan_ming,明,works_general,工部,0,1,0,0,0,1,115.356644,28.861025,靖安,0,0,0,0,0,0,0.0,7.067932822769843e-42,0.0,-0.4666295804567182,-0.9387205953692331,-0.3886753035554917,-0.15247069472655322,-0.16555964738718582,-0.8242095897755379
198471,李述,Li Shu,1428,cluster2_yuan_ming,明,works_general,工部,0,1,0,0,0,1,115.785782,28.197754,豐城,0,0,0,0,0,0,0.0,7.067932822769843e-42,0.0,-0.4666295804567182,-0.9387205953692331,-0.3886753035554917,-0.15247069472655322,-0.06970886012591684,-1.0107855503197252
198585,倪顒,Ni Yu,1429,cluster2_yuan_ming,明,works_general,工部,0,1,0,0,0,1,120.932022,30.517859,海鹽,0,0,0,0,0,0,0.0,7.067932822769843e-42,0.0,-0.4666295804567182,-0.9387205953692331,-0.3886753035554917,-0.15247069472655322,1.0797376010018311,-0.3581476105660339
199054,畢瑜,Bi Yu,1436,cluster2_yuan_ming,明,works_general,工部,0,1,0,0,0,1,117.202271,28.287901,貴溪,0,0,0,0,0,0,0.0,7.067932822769843e-42,0.0,-0.4666295804567182,-0.9387205953692331,-0.3886753035554917,-0.15247069472655322,0.2466732495845473,-0.9854274943890766
199311,鄭齡,Zheng Ling,1440,cluster2_yuan_ming,明,works_general,工部,0,1,0,0,0,1,117.421311,28.401876,弋陽,0,0,0,0,0,0,0.0,7.067932822769843e-42,0.0,-0.4666295804567182,-0.9387205953692331,-0.3886753035554917,-0.15247069472655322,0.2955972703930268,-0.9533667000787214
199453,馬鉉,Ma Xuan,1443,cluster2_yuan_ming,明,works_general,工部,0,1,0,0,0,1,114.23687,26.945564,永新,0,0,0,0,0,0,0.0,7.067932822769843e-42,0.0,-0.4666295804567182,-0.9387205953692331,-0.3886753035554917,-0.15247069472655322,-0.41566851552448003,-1.3630224972597011
199466,彭載,Peng Zai,1441,cluster2_yuan_ming,明,works_general,工部,0,1,0,0,0,1,115.89772,28.674896,南昌,0,0,0,0,0,4,1.0,2.0333168385418967e-05,0.0,-0.3765957911692267,1.5173807213961439,-0.38746796480847895,-0.15247069472655322,-0.044706773560632615,-0.876567068031227
199565,吳郁,Wu Yu,1440,cluster2_yuan_ming,明,works_general,工部,0,1,0,0,0,1,118.17577362,29.781190872,休寧,0,0,0,0,0,0,0.0,7.067932822769843e-42,0.0,-0.4666295804567182,-0.9387205953692331,-0.3886753035554917,-0.15247069472655322,0.46411144552130795,-0.5653699428915662
199949,吳湜,Wu Shi,1434,cluster2_yuan_ming,明,works_general,工部,0,1,0,0,0,1,118.433945,29.86577,歙縣,0,0,0,0,0,0,0.0,7.067932822769843e-42,0.0,-0.4666295804567182,-0.9387205953692331,-0.3886753035554917,-0.15247069472655322,0.521775716737858,-0.541578111123571
200035,丁鍊,Ding Lian,1434,cluster2_yuan_ming,明,construction,将作/营缮,0,1,0,1,0,1,115.785782,28.197754,豐城,0,0,0,0,1,0,0.0,7.067932822769843e-42,0.0,-0.4666295804567182,-0.9387205953692331,-0.3886753035554917,-0.15247069472655322,-0.06970886012591684,-1.0107855503197252
200211,江潭,Jiang Tan,1448,cluster2_yuan_ming,明,works_general,工部,0,1,0,0,0,1,115.785782,28.197754,豐城,0,0,0,0,0,0,0.0,7.067932822769843e-42,0.0,-0.4666295804567182,-0.9387205953692331,-0.3886753035554917,-0.15247069472655322,-0.06970886012591684,-1.0107855503197252
200321,汪僎,Wang Zhuan,1460,cluster2_yuan_ming,明,works_general,工部,0,1,0,0,0,1,117.421311,28.401876,弋陽,0,0,0,0,0,2,1.0,4.935997887743191e-05,0.0,-0.42161268581297245,1.5173807213961439,-0.3857444167443055,-0.15247069472655322,0.2955972703930268,-0.9533667000787214
200381,謝緝,Xie Ji,1442,cluster2_yuan_ming,明,works_general,工部,0,1,0,0,0,1,115.831779,27.426289,樂安,0,0,0,0,0,0,0.0,7.067932822769843e-42,0.0,-0.4666295804567182,-0.9387205953692331,-0.3886753035554917,-0.15247069472655322,-0.059435128455319904,-1.2277961288030612
200449,仲棐,Zhong Fei,1466,cluster2_yuan_ming,明,medical,医学/医官,0,1,0,0,0,1,119.310043,33.235947,寶應,0,1,0,0,0,2,1.0,2.972617954036658e-07,0.0,-0.42161268581297245,1.5173807213961439,-0.3886576528049154,-0.15247069472655322,0.7174579518650762,0.4064416439673733
200451,汪璿,Wang Xuan,1445,cluster2_yuan_ming,明,works_general,工部,0,1,0,0,0,1,117.930214,29.933117,黟縣,0,0,0,0,0,0,0.0,7.067932822769843e-42,0.0,-0.4666295804567182,-0.9387205953692331,-0.3886753035554917,-0.15247069472655322,0.40926409362849536,-0.5226336205386231
200601,曹忠,Cao Zhong,1454,cluster2_yuan_ming,明,works_general,工部,0,1,0,0,0,1,120.26609,31.90877,江陰,0,0,0,0,0,1,0.0,3.7056323637843556e-36,0.0,-0.44412113313484536,-0.9387205953692331,-0.3886753035554917,-0.15247069472655322,0.9309973205734562,0.03311109945818705
201095,周臣,Zhou Chen,1472,cluster2_yuan_ming,明,works_general,工部,0,1,0,0,0,1,114.375885,27.794266,宜春,0,0,0,0,0,0,0.0,7.067932822769843e-42,0.0,-0.4666295804567182,-0.9387205953692331,-0.3886753035554917,-0.15247069472655322,-0.3846186033956881,-1.1242854035743566
201228,楊瑋,Yang Wei,1462,cluster2_yuan_ming,明,works_general,工部,0,1,0,0,0,1,121.227638,31.009476,華亭,0,0,0,0,0,1,0.0,3.7056323637843556e-36,0.0,-0.44412113313484536,-0.9387205953692331,-0.3886753035554917,-0.15247069472655322,1.1457653737160332,-0.2198573581731944
201309,汪彬,Wang Bin,1467,cluster2_yuan_ming,明,works_general,工部,0,1,0,0,0,1,117.706978,29.854147,祁門,0,0,0,0,0,0,0.0,7.067932822769843e-42,0.0,-0.4666295804567182,-0.9387205953692331,-0.3886753035554917,-0.15247069472655322,0.3594028686960566,-0.5448476229662493
201315,廖俊,Liao Jun,1476,cluster2_yuan_ming,明,works_general,工部,0,1,0,0,0,1,115.393806,27.759735,新淦,0,0,0,0,0,0,0.0,7.067932822769843e-42,0.0,-0.4666295804567182,-0.9387205953692331,-0.3886753035554917,-0.15247069472655322,-0.1572592709204016,-1.1339988608091092
201462,李汛,Li Xun,1475,cluster2_yuan_ming,明,works_general,工部,0,1,0,0,0,1,117.706978,29.854147,祁門,0,0,0,0,0,0,0.0,7.067932822769843e-42,0.0,-0.4666295804567182,-0.9387205953692331,-0.3886753035554917,-0.15247069472655322,0.3594028686960566,-0.5448476229662493
201490,李緋,Li Fei,1472,cluster2_yuan_ming,明,hydraulic,水利/河道,0,1,0,0,0,1,115.04457855,32.130298615,光州,0,0,1,0,0,0,0.0,7.067932822769843e-42,0.0,-0.4666295804567182,-0.9387205953692331,-0.3886753035554917,-0.15247069472655322,-0.2352615126602287,0.09542637350401205
201883,林文沛,Lin Wenpei,1481,cluster2_yuan_ming,明,works_general,工部,0,1,0,0,0,1,119.518837,25.959837,長樂,0,0,0,0,0,0,0.0,7.067932822769843e-42,0.0,-0.4666295804567182,-0.9387205953692331,-0.3886753035554917,-0.15247069472655322,0.7640934613641902,-1.6403042747825232
202129,蔣泮,Jiang Pan,1485,cluster2_yuan_ming,明,works_general,工部,0,1,0,0,0,1,120.73346,28.852207,仙居,0,0,0,0,0,3,1.0,9.415314629101815e-06,0.0,-0.3991042384910996,1.5173807213961439,-0.3881162429137089,-0.15247069472655322,1.0353874758202501,-0.8266900643026602
202418,程烈,Cheng Lie,1497,cluster2_yuan_ming,明,works_general,工部,0,1,0,0,0,1,118.433945,29.86577,歙縣,0,0,0,0,0,0,0.0,7.067932822769843e-42,0.0,-0.4666295804567182,-0.9387205953692331,-0.3886753035554917,-0.15247069472655322,0.521775716737858,-0.541578111123571
202429,周志偉,Zhou Zhiwei,1502,cluster2_yuan_ming,明,works_general,工部,0,1,0,0,0,1,115.549904,28.842564,安義,0,0,0,0,0,0,0.0,7.067932822769843e-42,0.0,-0.4666295804567182,-0.9387205953692331,-0.3886753035554917,-0.15247069472655322,-0.12239375868445475,-0.8294026086284753
202454,孫世祐,Sun Shiyou,1505,cluster2_yuan_ming,明,works_general,工部,0,1,0,0,0,1,115.785782,28.197754,豐城,0,0,0,0,0,0,0.0,7.067932822769843e-42,0.0,-0.4666295804567182,-0.9387205953692331,-0.3886753035554917,-0.15247069472655322,-0.06970886012591684,-1.0107855503197252
202569,周如底,Zhou Rudi,1496,cluster2_yuan_ming,明,works_general,工部,0,1,0,0,0,1,121.152763,30.049067,餘姚,0,0,0,0,0,1,0.0,2.068225876096241e-06,0.0,-0.44412113313484536,-0.9387205953692331,-0.38855249685904114,-0.15247069472655322,1.1290415513181373,-0.4900172651950324
202619,賈士元,Jia Shiyuan,1503,cluster2_yuan_ming,明,works_general,工部,0,1,0,0,0,1,107.38591766,34.522518158,鳳翔府,0,0,0,0,0,0,0.0,7.067932822769843e-42,0.0,-0.4666295804567182,-0.9387205953692331,-0.3886753035554917,-0.15247069472655322,-1.9458736599732127,0.7683498980781296
202627,楊伊志,Yang Yizhi,1501,cluster2_yuan_ming,明,works_general,工部,0,1,0,0,0,1,120.618622,31.31271,吳縣,0,0,0,0,0,10,1.0,6.386089766528629e-05,0.0,-0.24154510723798941,1.5173807213961439,-0.3848833841305975,-0.15247069472655322,1.0097376552322135,-0.1345586268557452
202628,唐國相,Tang Guoxiang,1505,cluster2_yuan_ming,明,works_general,工部,0,1,0,0,0,1,121.486763,31.224427,上海,0,0,0,0,0,0,0.0,7.067932822769843e-42,0.0,-0.4666295804567182,-0.9387205953692331,-0.3886753035554917,-0.15247069472655322,1.2036426422149225,-0.1593923456897098
202638,劉儒,Liu Ru,1498,cluster2_yuan_ming,明,works_general,工部,0,1,0,0,0,1,117.943075,36.949595,新城,0,0,0,0,0,2,1.0,5.110303970683669e-06,0.0,-0.42161268581297245,1.5173807213961439,-0.388371864963145,-0.15247069472655322,0.4121366823411377,1.4510786667272972
202645,王椿,Wang Chun,1505,cluster2_yuan_ming,明,works_general,工部,0,1,0,0,0,1,120.168625,30.294125,錢塘,0,0,0,0,0,0,0.0,7.067932822769843e-42,0.0,-0.4666295804567182,-0.9387205953692331,-0.3886753035554917,-0.15247069472655322,0.9092278734948482,-0.4210832521912416
202650,呂瑚,Lv Hu,1489,cluster2_yuan_ming,明,works_general,工部,0,1,0,0,0,1,118.191361,28.438469,永豐,0,0,0,0,0,1,0.0,7.865529494999088e-07,0.0,-0.44412113313484536,-0.9387205953692331,-0.3886285997740393,-0.15247069472655322,0.46759298909083696,-0.9430732089955993
202656,叚承恩,Xia Chengen,1503,cluster2_yuan_ming,明,works_general,工部,0,1,0,0,0,1,107.9305,35.50143,寧州,0,0,0,0,0,0,0.0,7.067932822769843e-42,0.0,-0.4666295804567182,-0.9387205953692331,-0.3886753035554917,-0.15247069472655322,-1.8242376221075753,1.0437145939705017
202665,李乗雲,Li Shengyun,1507,cluster2_yuan_ming,明,works_general,工部,0,1,0,0,0,1,113.46705627,34.162490845,鈞州,0,0,0,0,0,14,1.0,3.972579464849278e-05,0.0,-0.15151131795049788,1.5173807213961439,-0.3863164733807812,-0.15247069472655322,-0.5876114617679599,0.667075393772775
202666,周鎬,Zhou Hao,1511,cluster2_yuan_ming,明,works_general,工部,0,1,0,0,0,1,121.444199,29.979195,慈溪,0,0,0,0,0,0,0.0,7.067932822769843e-42,0.0,-0.4666295804567182,-0.9387205953692331,-0.3886753035554917,-0.15247069472655322,1.1941356936133336,-0.5096720300123445
202673,鄭汝舟,Zheng Ruzhou,1496,cluster2_yuan_ming,明,works_general,工部,0,1,0,0,0,1,119.011101,25.433954,莆田,0,0,0,0,0,0,0.0,7.067932822769843e-42,0.0,-0.4666295804567182,-0.9387205953692331,-0.3886753035554917,-0.15247069472655322,0.6506872952337401,-1.788233440777808
202676,何思,He Si,1508,cluster2_yuan_ming,明,works_general,工部,0,1,0,0,0,1,116.092705,38.97588,雄縣,0,0,0,0,0,0,0.0,7.067932822769843e-42,0.0,-0.4666295804567182,-0.9387205953692331,-0.3886753035554917,-0.15247069472655322,-0.0011555947926427145,2.0210660025391696
202684,賈樞,Jia Shu,1498,cluster2_yuan_ming,明,works_general,工部,0,1,0,0,0,1,117.157547,37.308677673,商河,0,0,0,0,0,0,0.0,7.067932822769843e-42,0.0,-0.4666295804567182,-0.9387205953692331,-0.3886753035554917,-0.15247069472655322,0.236683850814284,1.5520874468936974
202697,趙愈和,Zhao Yuhe,1502,cluster2_yuan_ming,明,works_general,工部,0,1,0,0,0,1,116.041122,29.453486,星子,0,0,0,0,0,0,0.0,7.067932822769843e-42,0.0,-0.4666295804567182,-0.9387205953692331,-0.3886753035554917,-0.15247069472655322,-0.012676996205003066,-0.6575522503773592
202698,廖希顏,Liao Xiyan,1509,cluster2_yuan_ming,明,works_general,工部,0,1,0,0,0,1,113.5521698,26.80197525,茶陵州,0,0,0,0,0,0,0.0,7.067932822769843e-42,0.0,-0.4666295804567182,-0.9387205953692331,-0.3886753035554917,-0.15247069472655322,-0.5686007965341986,-1.4034135424804164
202708,應鳴鳳,Ying Mingfeng,1510,cluster2_yuan_ming,明,works_general,工部,0,1,0,0,0,1,118.867645,28.956821,西安,0,0,0,0,0,0,0.0,7.067932822769843e-42,0.0,-0.4666295804567182,-0.9387205953692331,-0.3886753035554917,-0.15247069472655322,0.6186454566238925,-0.7972624886414752
202712,楊登,Yang Deng,1495,cluster2_yuan_ming,明,works_general,工部,0,1,0,0,0,1,108.937189,34.317987,咸寧,0,0,0,0,0,0,0.0,7.067932822769843e-42,0.0,-0.4666295804567182,-0.9387205953692331,-0.3886753035554917,-0.15247069472655322,-1.5993870305093911,0.7108159530314385
202715,張遜,Zhang Xun,1508,cluster2_yuan_ming,明,works_general,工部,0,1,0,0,0,1,119.43733,32.79071,高郵衛,0,0,0,0,0,0,0.0,7.067932822769843e-42,0.0,-0.4666295804567182,-0.9387205953692331,-0.3886753035554917,-0.15247069472655322,0.7458883382632191,0.2811979337119677
202717,陳豪,Chen Hao,1499,cluster2_yuan_ming,明,works_general,工部,0,1,0,0,0,1,119.518837,25.959837,長樂,0,0,0,0,0,0,0.0,7.067932822769843e-42,0.0,-0.4666295804567182,-0.9387205953692331,-0.3886753035554917,-0.15247069472655322,0.7640934613641902,-1.6403042747825232
202726,高尚志,Gao Shangzhi,1512,cluster2_yuan_ming,明,works_general,工部,0,1,0,0,0,1,115.435004,36.472101,冠縣,0,0,0,0,0,0,0.0,7.067932822769843e-42,0.0,-0.4666295804567182,-0.9387205953692331,-0.3886753035554917,-0.15247069472655322,-0.14805742737918495,1.316761167991357
202727,嚴寬,Yan Kuan,1493,cluster2_yuan_ming,明,works_general,工部,0,1,0,0,0,1,119.44429,32.20649,丹徒,0,0,0,0,0,13,1.0,1.9697432347082284e-05,0.0,-0.17401976527237079,1.5173807213961439,-0.38750571341397944,-0.15247069472655322,0.747442899917833,0.11685876063019002
202729,陳文浩,Chen Wenhao,1487,cluster2_yuan_ming,明,works_general,工部,0,1,0,0,0,1,119.321577,26.073954,閩縣,0,0,0,0,0,0,0.0,7.067932822769843e-42,0.0,-0.4666295804567182,-0.9387205953692331,-0.3886753035554917,-0.15247069472655322,0.7200341464231732,-1.6082035363371199
202739,賈文元,Jia Wenyuan,1492,cluster2_yuan_ming,明,works_general,工部,0,1,0,0,0,1,114.690201,38.621449,曲陽,0,0,0,0,0,0,0.0,7.067932822769843e-42,0.0,-0.4666295804567182,-0.9387205953692331,-0.3886753035554917,-0.15247069472655322,-0.3144140630175023,1.9213657227566427
202747,張壽,Zhang Shou,1505,cluster2_yuan_ming,明,works_general,工部,0,1,0,0,0,1,110.164879,36.045174,宜川,0,0,0,0,0,0,0.0,7.067932822769843e-42,0.0,-0.4666295804567182,-0.9387205953692331,-0.3886753035554917,-0.15247069472655322,-1.3251744158894125,1.196668000783311
202748,趙允亨,Zhao Yunheng,1506,cluster2_yuan_ming,明,works_general,工部,0,1,0,0,0,1,115.657387,39.019436,安肅,0,0,0,0,0,0,0.0,7.067932822769843e-42,0.0,-0.4666295804567182,-0.9387205953692331,-0.3886753035554917,-0.15247069472655322,-0.09838672559206188,2.0333181627232615
202753,王獻芝,Wang Xianzhi,1500,cluster2_yuan_ming,明,works_general,工部,0,1,0,0,0,1,118.433945,29.86577,歙縣,0,0,0,0,0,17,1.0,4.471915013873964e-05,0.0,-0.08398597598487925,1.5173807213961439,-0.38601997893157836,-0.15247069472655322,0.521775716737858,-0.541578111123571
202761,胡汝翼,Hu Ruyi,1487,cluster2_yuan_ming,明,works_general,工部,0,1,0,0,0,1,104.7492981,31.459007263,綿州,0,0,0,0,0,1,0.0,2.3368924392737473e-06,0.0,-0.44412113313484536,-0.9387205953692331,-0.3885365440303623,-0.15247069472655322,-2.5347799337929717,-0.09340568579664464
202762,黃德純,Huang Dechun,1499,cluster2_yuan_ming,明,works_general,工部,0,1,0,0,0,1,119.011101,25.433954,莆田,0,0,0,0,0,2,1.0,5.022397013359818e-07,0.0,-0.42161268581297245,1.5173807213961439,-0.3886454816684047,-0.15247069472655322,0.6506872952337401,-1.788233440777808
202776,王繼芳,Wang Jifang,1494,cluster2_yuan_ming,明,works_general,工部,0,1,0,0,0,1,116.301171,39.435631,固安,0,0,0,0,0,0,0.0,7.067932822769843e-42,0.0,-0.4666295804567182,-0.9387205953692331,-0.3886753035554917,-0.15247069472655322,0.04540665375492957,2.1503924534712184
202782,范愛,Fan Ai,1500,cluster2_yuan_ming,明,works_general,工部,0,1,0,0,0,1,116.484373,35.728807,汶上,0,0,0,0,0,0,0.0,7.067932822769843e-42,0.0,-0.4666295804567182,-0.9387205953692331,-0.3886753035554917,-0.15247069472655322,0.08632602218149639,1.1076749995673938
202783,何城,He Cheng,1500,cluster2_yuan_ming,明,works_general,工部,0,1,0,0,0,1,110.25407,37.50098,綏德衛,0,0,0,0,0,13,1.0,2.0036173901525046e-05,0.0,-0.17401976527237079,1.5173807213961439,-0.38748559968668667,-0.15247069472655322,-1.3052530209846969,1.606181461821091
202789,王梴,Wang Chan,1493,cluster2_yuan_ming,明,works_general,工部,0,1,0,0,0,1,121.86618,29.474428,象山,0,0,0,0,0,0,0.0,7.067932822769843e-42,0.0,-0.4666295804567182,-0.9387205953692331,-0.3886753035554917,-0.15247069472655322,1.2883879179777533,-0.6516613343479897
202792,朱默,Zhu Mo,1500,cluster2_yuan_ming,明,works_general,工部,0,1,0,0,0,1,121.119434,31.44651,太倉衛,0,0,0,0,0,0,0.0,7.067932822769843e-42,0.0,-0.4666295804567182,-0.9387205953692331,-0.3886753035554917,-0.15247069472655322,1.1215973005441897,-0.09692112495861367
202793,羅大用,Luo Dayong,1501,cluster2_yuan_ming,明,works_general,工部,0,1,0,0,0,1,113.746399,31.025822,雲夢,0,0,0,0,0,0,0.0,7.067932822769843e-42,0.0,-0.4666295804567182,-0.9387205953692331,-0.3886753035554917,-0.15247069472655322,-0.5252184306539311,-0.21525928189508836
202795,王玉汝,Wang Yuru,1488,cluster2_yuan_ming,明,works_general,工部,0,1,0,0,0,1,113.749817,23.046623,東莞,0,0,0,0,0,0,0.0,7.067932822769843e-42,0.0,-0.4666295804567182,-0.9387205953692331,-0.3886753035554917,-0.15247069472655322,-0.5244549979333175,-2.4597818342126385
202802,李大魁,Li Dakui,1499,cluster2_yuan_ming,明,works_general,工部,0,1,0,0,0,1,112.158699,32.026524,襄陽,0,0,0,0,0,0,0.0,7.067932822769843e-42,0.0,-0.4666295804567182,-0.9387205953692331,-0.3886753035554917,-0.15247069472655322,-0.8798416402851417,0.0662349140949199
202803,王良柱,Wang Liangzhu,1501,cluster2_yuan_ming,明,works_general,工部,0,1,0,0,0,1,118.537849,24.953764,南安,0,0,0,0,0,0,0.0,7.067932822769843e-42,0.0,-0.4666295804567182,-0.9387205953692331,-0.3886753035554917,-0.15247069472655322,0.5449833567035451,-1.9233093154862047
202804,閔旦,Min Dan,1499,cluster2_yuan_ming,明,works_general,工部,0,1,0,0,0,1,117.236359,29.382742,浮梁,0,0,0,0,0,1,0.0,3.7056323637843556e-36,0.0,-0.44412113313484536,-0.9387205953692331,-0.3886753035554917,-0.15247069472655322,0.2542870279872101,-0.6774523059394721
203489,雷夢麟,Lei Menglin,1514,cluster2_yuan_ming,明,works_general,工部,0,1,0,0,0,1,116.259071,28.364485,進賢,0,0,0,0,0,0,0.0,7.067932822769843e-42,0.0,-0.4666295804567182,-0.9387205953692331,-0.3886753035554917,-0.15247069472655322,0.036003342596983685,-0.9638846659489437
203523,陸夢豹,Lu Mengbao,1505,cluster2_yuan_ming,明,works_general,工部,0,1,0,0,0,1,115.785782,28.197754,豐城,0,0,0,0,0,0,0.0,7.067932822769843e-42,0.0,-0.4666295804567182,-0.9387205953692331,-0.3886753035554917,-0.15247069472655322,-0.06970886012591684,-1.0107855503197252
203549,尚薰,Shang Xun,1503,cluster2_yuan_ming,明,works_general,工部,0,1,0,0,0,1,108.105102,34.332054,武功,0,0,0,0,0,0,0.0,7.067932822769843e-42,0.0,-0.4666295804567182,-0.9387205953692331,-0.3886753035554917,-0.15247069472655322,-1.7852391200933213,0.7147729540716989
203551,陳絳,Chen Jiang,1513,cluster2_yuan_ming,明,works_general,工部,0,1,0,0,0,1,120.973587,29.952654,上虞,0,0,0,0,0,0,0.0,7.067932822769843e-42,0.0,-0.4666295804567182,-0.9387205953692331,-0.3886753035554917,-0.15247069472655322,1.0890214164004066,-0.5171379264088455
203745,胡朝臣,Hu Chaochen,1514,cluster2_yuan_ming,明,hydraulic,水利/河道,0,1,0,0,0,1,120.578262,30.004515,會稽,0,0,1,0,0,0,0.0,7.067932822769843e-42,0.0,-0.4666295804567182,-0.9387205953692331,-0.3886753035554917,-0.15247069472655322,1.0007229844879177,-0.5025495969179097
203852,徐鷁,Xu Yi,1507,cluster2_yuan_ming,明,works_general,工部,0,1,0,0,0,1,120.932022,30.517859,海鹽,0,0,0,0,0,1,0.0,1.1304754264262904e-34,0.0,-0.44412113313484536,-0.9387205953692331,-0.3886753035554917,-0.15247069472655322,1.0797376010018311,-0.3581476105660339
203868,王大猷,Wang Dayou,1515,cluster2_yuan_ming,明,works_general,工部,0,1,0,0,0,1,120.932022,30.517859,海鹽,0,0,0,0,0,0,0.0,7.067932822769843e-42,0.0,-0.4666295804567182,-0.9387205953692331,-0.3886753035554917,-0.15247069472655322,1.0797376010018311,-0.3581476105660339
203878,卜大有,Bu Dayou,1512,cluster2_yuan_ming,明,hydraulic,水利/河道,0,1,0,0,0,1,120.753204,30.767469,秀水,0,0,1,0,0,0,0.0,7.067932822769843e-42,0.0,-0.4666295804567182,-0.9387205953692331,-0.3886753035554917,-0.15247069472655322,1.039797427732425,-0.2879331348669096
203941,許嶽,Xu Yue,1519,cluster2_yuan_ming,明,works_general,工部,0,1,0,0,0,1,120.168625,30.294125,錢塘,0,0,0,0,0,0,0.0,7.067932822769843e-42,0.0,-0.4666295804567182,-0.9387205953692331,-0.3886753035554917,-0.15247069472655322,0.9092278734948482,-0.4210832521912416
203953,李伸,Li Shen,1523,cluster2_yuan_ming,明,works_general,工部,0,1,0,0,0,1,115.89772,28.674896,南昌,0,0,0,0,0,0,0.0,7.067932822769843e-42,0.0,-0.4666295804567182,-0.9387205953692331,-0.3886753035554917,-0.15247069472655322,-0.044706773560632615,-0.876567068031227
203966,陳瑞龍,Chen Ruilong,1516,cluster2_yuan_ming,明,works_general,工部,0,1,0,0,0,1,116.594063,23.260954,潮陽,0,0,0,0,0,0,0.0,7.067932822769843e-42,0.0,-0.4666295804567182,-0.9387205953692331,-0.3886753035554917,-0.15247069472655322,0.1108260032008626,-2.3994912256990806
204208,徐用光,Xu Yongguang,1526,cluster2_yuan_ming,明,works_general,工部,0,1,0,0,0,1,119.478851,29.204453,蘭溪,0,0,0,0,0,31,0.7462365591397849,6.180672513857905e-05,0.0003494735661388118,0.2311322865213411,0.8941120001524567,-0.3850053563701193,0.11096570922314168,0.755162325973176,-0.7276044178657622
204235,葉可成,Ye Kecheng,1523,cluster2_yuan_ming,明,works_general,工部,0,1,0,0,0,1,120.637787,31.167065,吳江,0,0,0,0,0,2,1.0,1.6087400596528008e-07,0.0,-0.42161268581297245,1.5173807213961439,-0.38866575121140506,-0.15247069472655322,1.0140182836963958,-0.17552808846865717
204487,應存性,Ying Cunxing,1517,cluster2_yuan_ming,明,works_general,工部,0,1,0,0,0,1,120.957687,28.130676,樂清,0,0,0,0,0,4,1.0,1.3794485264639138e-07,0.0,-0.3765957911692267,1.5173807213961439,-0.38866711269401877,-0.15247069472655322,1.085470047103227,-1.029654372085463
204735,程道東,Cheng Daodong,1530,cluster2_yuan_ming,明,works_general,工部,0,1,0,0,0,1,118.433945,29.86577,歙縣,0,0,0,0,0,0,0.0,7.067932822769843e-42,0.0,-0.4666295804567182,-0.9387205953692331,-0.3886753035554917,-0.15247069472655322,0.521775716737858,-0.541578111123571
204893,李輔,Li Fu,1531,cluster2_yuan_ming,明,works_general,工部,0,1,0,0,0,1,116.259071,28.364485,進賢,0,0,0,0,0,0,0.0,7.067932822769843e-42,0.0,-0.4666295804567182,-0.9387205953692331,-0.3886753035554917,-0.15247069472655322,0.036003342596983685,-0.9638846659489437
205059,李寅賓,Li Yinbin,1530,cluster2_yuan_ming,明,works_general,工部,0,1,0,0,0,1,117.844589,29.244728,婺源,0,0,0,0,0,1,0.0,8.731594206411923e-07,0.0,-0.44412113313484536,-0.9387205953692331,-0.38862345727256736,-0.15247069472655322,0.3901391882152088,-0.7162751922386555
205282,熊子臣,Xiong Zichen,1540,cluster2_yuan_ming,明,works_general,工部,0,1,0,0,0,1,114.7789,28.393312,新昌,0,0,0,0,0,0,0.0,7.067932822769843e-42,0.0,-0.4666295804567182,-0.9387205953692331,-0.3886753035554917,-0.15247069472655322,-0.29460255954009745,-0.9557757252375183
205459,高克謙,Gao Keqian,1523,cluster2_yuan_ming,明,works_general,工部,0,1,0,0,0,1,120.578262,30.004515,山陰,0,0,0,0,0,0,0.0,7.067932822769843e-42,0.0,-0.4666295804567182,-0.9387205953692331,-0.3886753035554917,-0.15247069472655322,1.0007229844879177,-0.5025495969179097
205466,金學曾,Jin Xueceng,1542,cluster2_yuan_ming,明,works_general,工部,0,1,0,0,0,1,120.168625,30.294125,錢塘,0,0,0,0,0,0,0.0,7.067932822769843e-42,0.0,-0.4666295804567182,-0.9387205953692331,-0.3886753035554917,-0.15247069472655322,0.9092278734948482,-0.4210832521912416
205509,來經濟,Lai Jingji,1530,cluster2_yuan_ming,明,works_general,工部,0,1,0,0,0,1,120.258934,30.161488,蕭山,0,0,0,0,0,1,0.0,4.0151797510724186e-07,0.0,-0.44412113313484536,-0.9387205953692331,-0.38865146230262937,-0.15247069472655322,0.9293989810331625,-0.4583936059963978
205521,劉應麒,Liu Yingqi,1544,cluster2_yuan_ming,明,works_general,工部,0,1,0,0,0,1,116.663833,28.994167,鄱陽,0,0,0,0,0,11,1.0,2.0332364150879072e-05,0.0,-0.21903665991611654,1.5173807213961439,-0.3874680125621543,-0.15247069472655322,0.126409590362144,-0.7867571811239099
205533,陳所敏,Chen Suomin,1533,cluster2_yuan_ming,明,works_general,工部,0,1,0,0,0,1,116.77626,27.910084,金谿,0,0,0,0,0,0,0.0,7.067932822769843e-42,0.0,-0.4666295804567182,-0.9387205953692331,-0.3886753035554917,-0.15247069472655322,0.15152089828505574,-1.091706179398557
205693,張試,Zhang Shi,1536,cluster2_yuan_ming,明,works_general,工部,0,1,0,0,0,1,120.258934,30.161488,蕭山,0,0,0,0,0,0,0.0,7.067932822769843e-42,0.0,-0.4666295804567182,-0.9387205953692331,-0.3886753035554917,-0.15247069472655322,0.9293989810331625,-0.4583936059963978
205763,陳以朝,Chen Yichao,1540,cluster2_yuan_ming,明,works_general,工部,0,1,0,0,0,1,114.559631,29.038708,寧州,0,0,0,0,0,0,0.0,7.067932822769843e-42,0.0,-0.4666295804567182,-0.9387205953692331,-0.3886753035554917,-0.15247069472655322,-0.3435777290007166,-0.7742279436650154
205784,熊惟學,Xiong Weixue,1538,cluster2_yuan_ming,明,works_general,工部,0,1,0,0,0,1,115.89772,28.674896,南昌,0,0,0,0,0,0,0.0,7.067932822769843e-42,0.0,-0.4666295804567182,-0.9387205953692331,-0.3886753035554917,-0.15247069472655322,-0.044706773560632615,-0.876567068031227
205934,范梅,Fan Mei,1544,cluster2_yuan_ming,明,works_general,工部,0,1,0,0,0,1,115.785782,28.197754,豐城,0,0,0,0,0,0,0.0,7.067932822769843e-42,0.0,-0.4666295804567182,-0.9387205953692331,-0.3886753035554917,-0.15247069472655322,-0.06970886012591684,-1.0107855503197252
206262,宋希堯,Song Xiyao,1552,cluster2_yuan_ming,明,construction,将作/营缮,0,1,0,0,0,1,114.693603,27.767023,分宜,0,0,0,0,1,0,0.0,7.067932822769843e-42,0.0,-0.4666295804567182,-0.9387205953692331,-0.3886753035554917,-0.15247069472655322,-0.31365420400184235,-1.131948770272291
206434,羅用敬,Luo Yongjing,1540,cluster2_yuan_ming,明,works_general,工部,0,1,0,0,0,1,115.89772,28.674896,南昌,0,0,0,0,0,0,0.0,7.067932822769843e-42,0.0,-0.4666295804567182,-0.9387205953692331,-0.3886753035554917,-0.15247069472655322,-0.044706773560632615,-0.876567068031227
206508,徐秉正,Xu Bingzheng,1550,cluster2_yuan_ming,明,works_general,工部,0,1,0,0,0,1,115.89772,28.674896,南昌,0,0,0,0,0,0,0.0,7.067932822769843e-42,0.0,-0.4666295804567182,-0.9387205953692331,-0.3886753035554917,-0.15247069472655322,-0.044706773560632615,-0.876567068031227
206683,余繼善,Yu Jishan,1546,cluster2_yuan_ming,明,works_general,工部,0,1,0,0,0,1,115.89772034,28.67489624,南昌府,0,0,0,0,0,0,0.0,7.067932822769843e-42,0.0,-0.4666295804567182,-0.9387205953692331,-0.3886753035554917,-0.15247069472655322,-0.04470669761940243,-0.8765670005200132
206740,陳所學,Chen Suoxue,1559,cluster2_yuan_ming,明,works_general,工部,0,1,0,0,0,1,113.164116,30.65625,景陵,0,0,0,0,0,48,0.475177304964539,0.0002951595747798586,0.0005217497174994116,0.6137758909931801,0.22836300905119425,-0.3711493782088512,0.24082906427501757,-0.655275158230732,-0.31921867540126675
206888,羅朝國,Luo Chaoguo,1556,cluster2_yuan_ming,明,works_general,工部,0,1,0,0,0,1,115.89772,28.674896,新建,0,0,0,0,0,0,0.0,7.067932822769843e-42,0.0,-0.4666295804567182,-0.9387205953692331,-0.3886753035554917,-0.15247069472655322,-0.044706773560632615,-0.876567068031227
206991,楊耿光,Yang Gengguang,1549,cluster2_yuan_ming,明,works_general,工部,0,1,0,0,0,1,119.94828033,36.788230896,平度州,0,0,0,0,0,0,0.0,7.067932822769843e-42,0.0,-0.4666295804567182,-0.9387205953692331,-0.3886753035554917,-0.15247069472655322,0.8600124460837938,1.4056874726284265
206994,韓文,Han Wen,1549,cluster2_yuan_ming,明,works_general,工部,0,1,0,0,0,1,120.297668,31.574614,無錫,0,0,0,0,0,0,0.0,7.067932822769843e-42,0.0,-0.4666295804567182,-0.9387205953692331,-0.3886753035554917,-0.15247069472655322,0.938050474011595,-0.06088588921100437
207016,宋應和,Song Yinghe,1553,cluster2_yuan_ming,明,works_general,工部,0,1,0,0,0,1,115.377151,28.70723,奉新,0,0,0,0,0,0,0.0,7.067932822769843e-42,0.0,-0.4666295804567182,-0.9387205953692331,-0.3886753035554917,-0.15247069472655322,-0.16097927442006013,-0.867471619702813
207017,劉道亨,Liu Daoheng,1553,cluster2_yuan_ming,明,works_general,工部,0,1,0,0,0,1,115.987564,39.245949,新城,0,0,0,0,0,3,1.0,5.574286808480023e-06,0.0,-0.3991042384910996,1.5173807213961439,-0.3883443146843394,-0.15247069472655322,-0.024639526822516918,2.097035527949159
207018,黃之俊,Huang Zhijun,1553,cluster2_yuan_ming,明,works_general,工部,0,1,0,0,0,1,115.398987,28.015566,清江,0,0,0,0,0,0,0.0,7.067932822769843e-42,0.0,-0.4666295804567182,-0.9387205953692331,-0.3886753035554917,-0.15247069472655322,-0.1561020605852615,-1.062034438179475
207022,楊伯柯,Yang Boke,1553,cluster2_yuan_ming,明,works_general,工部,0,1,0,0,0,1,119.14457,33.526625,大河衛,0,0,0,0,0,0,0.0,7.067932822769843e-42,0.0,-0.4666295804567182,-0.9387205953692331,-0.3886753035554917,-0.15247069472655322,0.6804984718831513,0.4882084135970768
207023,高環,Gao Huan,1553,cluster2_yuan_ming,明,works_general,工部,0,1,0,0,0,1,113.1128,36.1829,長治,0,0,0,0,0,0,0.0,7.067932822769843e-42,0.0,-0.4666295804567182,-0.9387205953692331,-0.3886753035554917,-0.15247069472655322,-0.6667369234416914,1.235409873625494
207035,梁賛化,Liang Zanhua,1554,cluster2_yuan_ming,明,works_general,工部,0,1,0,0,0,1,114.070267,35.410385,汲縣,0,0,0,0,0,0,0.0,7.067932822769843e-42,0.0,-0.4666295804567182,-0.9387205953692331,-0.3886753035554917,-0.15247069472655322,-0.4528803884187213,1.018103933580185
207057,林欲廈,Lin Yusha,1555,cluster2_yuan_ming,明,works_general,工部,0,1,0,0,0,1,118.589905,24.909641,晉江,0,0,0,0,0,19,1.0,3.060654307012183e-05,0.0,-0.038969081341133485,1.5173807213961439,-0.3868579544508057,-0.15247069472655322,0.5566104057685858,-1.9357209709137615
207062,劉曰梧,Liu Yuewu,1555,cluster2_yuan_ming,明,works_general,工部,0,1,0,0,0,1,115.89772,28.674896,南昌,0,0,0,0,0,31,0.524731182795699,4.706328819460531e-05,2.9671432188635277e-05,0.2311322865213411,0.3500723536431368,-0.385880789177697,-0.13010409492281713,-0.044706773560632615,-0.876567068031227
207080,楊光訓,Yang Guangxun,1556,cluster2_yuan_ming,明,works_general,工部,0,1,0,0,0,1,109.501236,34.502998,渭南,0,0,0,0,0,19,1.0,3.060654307012183e-05,0.0,-0.038969081341133485,1.5173807213961439,-0.3868579544508057,-0.15247069472655322,-1.473403433152928,0.7628589415478062
207085,陸應川,Lu Yingchuan,1556,cluster2_yuan_ming,明,works_general,工部,0,1,0,0,0,1,115.785782,28.197754,豐城,0,0,0,0,0,11,1.0,1.800632439392588e-05,0.0,-0.21903665991611654,1.5173807213961439,-0.3876061276789147,-0.15247069472655322,-0.06970886012591684,-1.0107855503197252
207091,蕭奇烋,Xiao Qixiu,1557,cluster2_yuan_ming,明,works_general,工部,0,1,0,0,0,1,119.011101,25.433954,莆田,0,0,0,0,0,0,0.0,7.067932822769843e-42,0.0,-0.4666295804567182,-0.9387205953692331,-0.3886753035554917,-0.15247069472655322,0.6506872952337401,-1.788233440777808
207092,江鍾廉,Jiang Zhonglian,1557,cluster2_yuan_ming,明,works_general,工部,0,1,0,0,0,1,106.080727,30.798986,南充,0,0,0,0,0,0,0.0,7.067932822769843e-42,0.0,-0.4666295804567182,-0.9387205953692331,-0.3886753035554917,-0.15247069472655322,-2.237396555375292,-0.27906750596338253
207097,鄭舉,Zheng Ju,1557,cluster2_yuan_ming,明,works_general,工部,0,1,0,0,0,1,104.077995,30.650385,成都,0,0,0,0,0,0,0.0,7.067932822769843e-42,0.0,-0.4666295804567182,-0.9387205953692331,-0.3886753035554917,-0.15247069472655322,-2.6847198846384606,-0.32086848069743024
207100,延論,Yan Lun,1557,cluster2_yuan_ming,明,works_general,工部,0,1,0,0,0,1,114.97504425,38.520061493,定州,0,0,0,0,0,14,1.0,2.0625094140762934e-05,0.0,-0.15151131795049788,1.5173807213961439,-0.3874506309002067,-0.15247069472655322,-0.25079245468042133,1.8928457490118158
207106,曾礪,Zeng Li,1557,cluster2_yuan_ming,明,works_general,工部,0,1,0,0,0,1,117.576309,37.640835,陽信,0,0,0,0,0,0,0.0,7.067932822769843e-42,0.0,-0.4666295804567182,-0.9387205953692331,-0.3886753035554917,-0.15247069472655322,0.3302170904134435,1.645522215392268
207126,崔邦亮,Cui Bangliang,1558,cluster2_yuan_ming,明,works_general,工部,0,1,0,0,0,1,115.088844,35.298492,東明,0,0,0,0,0,0,0.0,7.067932822769843e-42,0.0,-0.4666295804567182,-0.9387205953692331,-0.3886753035554917,-0.15247069472655322,-0.22537453404035784,0.9866287990527147
207133,洪澄源,Hong Chengyuan,1558,cluster2_yuan_ming,明,works_general,工部,0,1,0,0,0,1,118.589905,24.909641,晉江,0,0,0,0,0,0,0.0,7.067932822769843e-42,0.0,-0.4666295804567182,-0.9387205953692331,-0.3886753035554917,-0.15247069472655322,0.5566104057685858,-1.9357209709137615
207150,葉重第,Ye Zhongdi,1559,cluster2_yuan_ming,明,works_general,工部,0,1,0,0,0,1,120.637787,31.167065,吳江,0,0,0,0,0,6,0.4666666666666667,1.4381719226853831e-05,0.00014028262312624395,-0.33157889652548095,0.20746001912127612,-0.38782134874913254,-0.046724356938220545,1.0140182836963958,-0.17552808846865717
207180,彭應捷,Peng Yingjie,1560,cluster2_yuan_ming,明,works_general,工部,0,1,0,0,0,1,114.898773,32.009701,光山,0,0,0,0,0,0,0.0,7.067932822769843e-42,0.0,-0.4666295804567182,-0.9387205953692331,-0.3886753035554917,-0.15247069472655322,-0.26782813867461497,0.06150265927866037
207181,韓擢,Han Zhuo,1560,cluster2_yuan_ming,明,works_general,工部,0,1,0,0,0,1,114.273606,23.172247,博羅,0,0,0,0,0,0,0.0,7.067932822769843e-42,0.0,-0.4666295804567182,-0.9387205953692331,-0.3886753035554917,-0.15247069472655322,-0.40746328895207096,-2.424444214344738
207182,許子偉,Xu Ziwei,1560,cluster2_yuan_ming,明,works_general,工部,0,1,0,0,0,1,118.76899,32.052563,江寧,0,0,0,0,0,4,1.0,9.948822213879022e-06,0.0,-0.3765957911692267,1.5173807213961439,-0.38808456440858285,-0.15247069472655322,0.5966102152393962,0.07355959953512392
207183,周應鏊,Zhou Yingao,1560,cluster2_yuan_ming,明,works_general,工部,0,1,0,0,0,1,114.89487457,26.792102814,泰和,0,0,0,0,0,63,0.5197132616487455,0.00013062621458945645,0.00011199746232334299,0.9514026008212733,0.33774783090667965,-0.3809190066882241,-0.06804597255963038,-0.26869887858714564,-1.406190626401787
207190,吳洪績,Wu Hongji,1560,cluster2_yuan_ming,明,works_general,工部,0,1,0,0,0,1,119.011101,25.433954,莆田,0,0,0,0,0,0,0.0,7.067932822769843e-42,0.0,-0.4666295804567182,-0.9387205953692331,-0.3886753035554917,-0.15247069472655322,0.6506872952337401,-1.788233440777808
207197,王希夔,Wang Xikui,1560,cluster2_yuan_ming,明,works_general,工部,0,1,0,0,0,1,117.653053,24.511744,龍溪,0,0,0,0,0,0,0.0,7.067932822769843e-42,0.0,-0.4666295804567182,-0.9387205953692331,-0.3886753035554917,-0.15247069472655322,0.3473583662211776,-2.0476480941750683
207207,吳鴻洙,Wu Hongzhu,1561,cluster2_yuan_ming,明,works_general,工部,0,1,0,0,0,1,117.660569,36.204097,萊蕪,0,0,0,0,0,0,0.0,7.067932822769843e-42,0.0,-0.4666295804567182,-0.9387205953692331,-0.3886753035554917,-0.15247069472655322,0.34903711412291377,1.2413725203199149
207222,陳鳴華,Chen Minghua,1561,cluster2_yuan_ming,明,works_general,工部,0,1,0,0,0,1,118.589905,24.909641,晉江,0,0,0,0,0,45,0.6070707070707071,0.00027228303227359385,0.00027873057954169977,0.5462505490275614,0.552306567636819,-0.3725077369083888,0.057638992127742594,0.5566104057685858,-1.9357209709137615
207227,張濤,Zhang Tao,1561,cluster2_yuan_ming,明,works_general,工部,0,1,0,0,0,1,114.365593,30.875669,黃陂,0,0,0,0,0,9,0.7777777777777778,2.191160979504764e-05,1.6520582663838894e-06,-0.2640535545598623,0.9715804287816157,-0.3873742404347065,-0.1512253579372217,-0.38691738910679335,-0.2574968291474058
207229,陳義,Chen Yi,1561,cluster2_yuan_ming,明,works_general,工部,0,1,0,0,0,1,118.589905,24.909641,晉江,0,0,0,0,0,0,0.0,7.067932822769843e-42,0.0,-0.4666295804567182,-0.9387205953692331,-0.3886753035554917,-0.15247069472655322,0.5566104057685858,-1.9357209709137615
207237,張令聞,Zhang Lingwen,1562,cluster2_yuan_ming,明,works_general,工部,0,1,0,0,0,1,120.26609,31.90877,江陰,0,0,0,0,0,0,0.0,7.067932822769843e-42,0.0,-0.4666295804567182,-0.9387205953692331,-0.3886753035554917,-0.15247069472655322,0.9309973205734562,0.03311109945818705
207242,聶世潤,Nie Shirun,1562,cluster2_yuan_ming,明,works_general,工部,0,1,0,0,0,1,105.46331787,32.033401489,劍州,0,0,0,0,0,0,0.0,7.067932822769843e-42,0.0,-0.4666295804567182,-0.9387205953692331,-0.3886753035554917,-0.15247069472655322,-2.3752989344999462,0.06816952923157829
207277,沈思充,Shen Sichong,1566,cluster2_yuan_ming,明,works_general,工部,0,1,0,0,0,1,120.54274,30.641678,桐鄉,0,0,0,0,0,0,0.0,7.067932822769843e-42,0.0,-0.4666295804567182,-0.9387205953692331,-0.3886753035554917,-0.15247069472655322,0.9927889127788292,-0.32331773128800095
207279,趙標,Zhao Biao,1566,cluster2_yuan_ming,明,works_general,工部,0,1,0,0,0,1,110.85543823,34.911781311,解州,0,0,0,0,0,26,0.68,4.3059804484616573e-05,7.686054470045972e-06,0.11859004991197668,0.7314283000312233,-0.3861185072211658,-0.14667687583340655,-1.1709334820964672,0.8778483484482408
207411,吳士奇,Wu Shiqi,1566,cluster2_yuan_ming,明,works_general,工部,0,1,0,0,0,1,118.433945,29.86577,歙縣,0,0,0,0,0,5,1.0,2.623591786756759e-05,0.0,-0.3540873438473538,1.5173807213961439,-0.38711747254733103,-0.15247069472655322,0.521775716737858,-0.541578111123571
207460,徐應鶴,Xu Yinghe,1567,cluster2_yuan_ming,明,works_general,工部,0,1,0,0,0,1,116.259071,28.364485,進賢,0,0,0,0,0,0,0.0,7.067932822769843e-42,0.0,-0.4666295804567182,-0.9387205953692331,-0.3886753035554917,-0.15247069472655322,0.036003342596983685,-0.9638846659489437
207468,王演疇,Wang Yanchou,1565,cluster2_yuan_ming,明,works_general,工部,0,1,0,0,0,1,116.551216,29.896095,彭澤,0,0,0,0,0,5,1.0,0.0002034480381966685,0.0,-0.3540873438473538,1.5173807213961439,-0.37659500722082373,-0.15247069472655322,0.10125584469291293,-0.5330477879170655
207478,趙應選,Zhao Yingxuan,1564,cluster2_yuan_ming,明,construction,将作/营缮,0,1,0,0,0,1,120.902107,29.494654,新昌,0,0,0,0,1,0,0.0,7.067932822769843e-42,0.0,-0.4666295804567182,-0.9387205953692331,-0.3886753035554917,-0.15247069472655322,1.0730558895222577,-0.6459718267742123
207526,張鶴鳴,Zhang Heming,1559,cluster2_yuan_ming,明,works_general,工部,0,1,0,0,0,1,115.80901,32.90306,潁州,0,0,0,0,0,0,0.0,7.067932822769843e-42,0.0,-0.4666295804567182,-0.9387205953692331,-0.3886753035554917,-0.15247069472655322,-0.06452073396019606,0.3128016208430809
207539,陳民志,Chen Minzhi,1566,cluster2_yuan_ming,明,hydraulic,水利/河道,0,1,0,0,0,1,113.319191,32.723171,泌陽,0,0,1,0,0,0,0.0,7.067932822769843e-42,0.0,-0.4666295804567182,-0.9387205953692331,-0.3886753035554917,-0.15247069472655322,-0.6206381397552273,0.2621994341556881
207647,鄒之麟,Zou Zhilin,1575,cluster2_yuan_ming,明,hydraulic,水利/河道,0,1,0,0,0,1,119.952301,31.782784,武進,0,0,1,0,0,4,1.0,3.5723926219737102e-06,0.0,-0.3765957911692267,1.5173807213961439,-0.3884631827511834,-0.15247069472655322,0.8609104891021656,-0.002328349824414023
207661,李篤培,Li Dupei,1576,cluster2_yuan_ming,明,works_general,工部,0,1,0,0,0,1,120.38838200000001,37.35215,招遠,0,0,0,0,0,0,0.0,7.067932822769843e-42,0.0,-0.4666295804567182,-0.9387205953692331,-0.3886753035554917,-0.15247069472655322,0.958312040956539,1.5643160701368615
207685,李純元,Li Chunyuan,1578,cluster2_yuan_ming,明,hydraulic,水利/河道,0,1,0,0,0,1,113.164116,30.65625,景陵,0,0,1,0,0,1,0.0,3.907697813322323e-07,0.0,-0.44412113313484536,-0.9387205953692331,-0.3886521005066987,-0.15247069472655322,-0.655275158230732,-0.31921867540126675
207713,余合中,Yu Hezhong,1580,cluster2_yuan_ming,明,works_general,工部,0,1,0,0,0,1,117.787499,30.953846,銅陵,0,0,0,0,0,0,0.0,7.067932822769843e-42,0.0,-0.4666295804567182,-0.9387205953692331,-0.3886753035554917,-0.15247069472655322,0.3773877622292879,-0.23550589502325003
207715,吳瑞徵,Wu Ruizheng,1581,cluster2_yuan_ming,明,construction,将作/营缮,0,1,0,0,0,1,120.637787,31.167065,吳江,0,0,0,0,1,19,1.0,3.060654307012183e-05,0.0,-0.038969081341133485,1.5173807213961439,-0.3868579544508057,-0.15247069472655322,1.0140182836963958,-0.17552808846865717
207731,徐爾恆,Xu Erheng,1582,cluster2_yuan_ming,明,works_general,工部,0,1,0,0,0,1,115.701523,36.846214,臨清,0,0,0,0,0,0,0.0,7.067932822769843e-42,0.0,-0.4666295804567182,-0.9387205953692331,-0.3886753035554917,-0.15247069472655322,-0.08852866047882814,1.4219979299288872
207750,郭忠寧,Guo Zhongning,1583,cluster2_yuan_ming,明,works_general,工部,0,1,0,0,0,1,120.618622,31.31271,吳縣,0,0,0,0,0,0,0.0,7.067932822769843e-42,0.0,-0.4666295804567182,-0.9387205953692331,-0.3886753035554917,-0.15247069472655322,1.0097376552322135,-0.1345586268557452
207765,顧起鳳,Gu Qifeng,1584,cluster2_yuan_ming,明,works_general,工部,0,1,0,0,0,1,120.94823456,31.386108398,崑山,0,0,0,0,0,14,1.0,3.972579464849278e-05,0.0,-0.15151131795049788,1.5173807213961439,-0.3863164733807812,-0.15247069472655322,1.0833587826252729,-0.11391189782755783
207770,趙琦,Zhao Qi,1584,cluster2_yuan_ming,明,construction,将作/营缮,0,1,0,0,0,1,107.9305,35.50143,寧州,0,0,0,0,1,0,0.0,7.067932822769843e-42,0.0,-0.4666295804567182,-0.9387205953692331,-0.3886753035554917,-0.15247069472655322,-1.8242376221075753,1.0437145939705017
207775,葉官,Ye Guan,1584,cluster2_yuan_ming,明,construction,将作/营缮,0,1,0,0,0,1,119.649918,29.104712,金華,0,0,0,0,1,5,1.0,8.696180409214641e-06,0.0,-0.3540873438473538,1.5173807213961439,-0.3881589435195129,-0.15247069472655322,0.7933712625493429,-0.7556612345826669
207776,孫枝芳,Sun Zhifang,1584,cluster2_yuan_ming,明,construction,将作/营缮,0,1,0,0,0,1,120.637787,31.167065,吳江,0,0,0,0,1,0,0.0,7.067932822769843e-42,0.0,-0.4666295804567182,-0.9387205953692331,-0.3886753035554917,-0.15247069472655322,1.0140182836963958,-0.17552808846865717
207783,何應瑞,He Yingrui,1584,cluster2_yuan_ming,明,works_general,工部,0,1,0,0,0,1,115.44412994,35.25025177,曹州,0,0,0,0,0,31,0.567741935483871,0.0002820780664137326,0.0001749786365806456,0.2311322865213411,0.455711119955626,-0.37192612935852054,-0.020570181339751123,-0.14601908881793393,0.9730589803072497
207817,史孔吉,Shi Kongji,1586,cluster2_yuan_ming,明,works_general,工部,0,1,0,0,0,1,119.486,31.430706,溧陽,0,0,0,0,0,6,1.0,6.6390782734514245e-06,0.0,-0.33157889652548095,1.5173807213961439,-0.3882810897127668,-0.15247069472655322,0.7567591020175503,-0.10136673841139571
207824,胡一鴻,Hu Yihong,1586,cluster2_yuan_ming,明,hydraulic,水利/河道,0,1,0,0,0,1,121.152763,30.049067,餘姚,0,0,1,0,0,6,1.0,6.6390782734514245e-06,0.0,-0.33157889652548095,1.5173807213961439,-0.3882810897127668,-0.15247069472655322,1.1290415513181373,-0.4900172651950324
208217,李方,Li Fang,1515,cluster2_yuan_ming,明,medical,医学/医官,0,0,0,0,0,1,121.486763,31.224427,上海,0,1,0,0,0,0,0.0,7.067932822769843e-42,0.0,-0.4666295804567182,-0.9387205953692331,-0.3886753035554917,-0.15247069472655322,1.2036426422149225,-0.1593923456897098
208239,諸餘齡,Zhu Yuling,1512,cluster2_yuan_ming,明,medical,医学/医官,0,0,0,0,0,1,120.168625,30.294125,仁和,0,1,0,0,0,0,0.0,7.067932822769843e-42,0.0,-0.4666295804567182,-0.9387205953692331,-0.3886753035554917,-0.15247069472655322,0.9092278734948482,-0.4210832521912416
208864,郭子立,Guo Zili,1537,cluster2_yuan_ming,明,medical,医学/医官,0,0,0,0,0,1,120.418739,30.530447,崇德,0,1,0,0,0,0,0.0,7.067932822769843e-42,0.0,-0.4666295804567182,-0.9387205953692331,-0.3886753035554917,-0.15247069472655322,0.9650924760354411,-0.35460664738306685
209394,陳冠,Chen Guan,1503,cluster2_yuan_ming,明,works_general,工部,0,0,0,0,0,1,115.89772,28.674896,南昌,0,0,0,0,0,0,0.0,7.067932822769843e-42,0.0,-0.4666295804567182,-0.9387205953692331,-0.3886753035554917,-0.15247069472655322,-0.044706773560632615,-0.876567068031227
210050,馮淮,Feng Huai,1510,cluster2_yuan_ming,明,works_general,工部,0,0,0,0,0,1,120.618622,31.31271,長洲,0,0,0,0,0,0,0.0,7.067932822769843e-42,0.0,-0.4666295804567182,-0.9387205953692331,-0.3886753035554917,-0.15247069472655322,1.0097376552322135,-0.1345586268557452
210623,劉勳,Liu Xun,1512,cluster2_yuan_ming,明,works_general,工部,0,0,0,0,0,1,112.892959,30.420952,潛江,0,0,0,0,0,0,0.0,7.067932822769843e-42,0.0,-0.4666295804567182,-0.9387205953692331,-0.3886753035554917,-0.15247069472655322,-0.7158398528543832,-0.3854072323623371
210680,王雲鴈,Wang Yunyan,1538,cluster2_yuan_ming,明,medical,医学/医官,0,0,0,0,0,1,116.121414,34.237991,夏邑,0,1,0,0,0,0,0.0,7.067932822769843e-42,0.0,-0.4666295804567182,-0.9387205953692331,-0.3886753035554917,-0.15247069472655322,0.0052567486760885795,0.688313340163255
212887,蔣三益,Jiang Sanyi,1537,cluster2_yuan_ming,明,works_general,工部,0,0,0,0,0,1,103.830605,30.702269,溫江,0,0,0,0,0,0,0.0,7.067932822769843e-42,0.0,-0.4666295804567182,-0.9387205953692331,-0.3886753035554917,-0.15247069472655322,-2.7399760639107815,-0.3062736813818039
213162,孫甸,Sun Dian,1542,cluster2_yuan_ming,明,medical,医学/医官,0,0,0,0,0,1,120.705841,36.971165,萊陽,0,1,0,0,0,0,0.0,7.067932822769843e-42,0.0,-0.4666295804567182,-0.9387205953692331,-0.3886753035554917,-0.15247069472655322,1.0292185910014557,1.4571462371003991
214218,楊楠,Yang Nan,1535,cluster2_yuan_ming,明,medical,医学/医官,0,0,0,0,0,1,115.64607,34.44766,商丘,0,1,0,0,0,0,0.0,7.067932822769843e-42,0.0,-0.4666295804567182,-0.9387205953692331,-0.3886753035554917,-0.15247069472655322,-0.10091445177673046,0.7472925433416522
214533,沈汝材,Shen Rucai,1547,cluster2_yuan_ming,明,medical,医学/医官,0,0,0,0,0,1,117.610733,24.117096,漳浦,0,1,0,0,0,0,0.0,7.067932822769843e-42,0.0,-0.4666295804567182,-0.9387205953692331,-0.3886753035554917,-0.15247069472655322,0.33790591662012315,-2.158661284374613
214618,葉選,Ye Xuan,1542,cluster2_yuan_ming,明,works_general,工部,0,0,0,0,0,1,121.152763,30.049067,餘姚,0,0,0,0,0,0,0.0,7.067932822769843e-42,0.0,-0.4666295804567182,-0.9387205953692331,-0.3886753035554917,-0.15247069472655322,1.1290415513181373,-0.4900172651950324
214897,閻蘭,Yan Lan,1542,cluster2_yuan_ming,明,medical,医学/医官,0,0,0,0,0,1,119.752564,36.385406,高密,0,1,0,0,0,0,0.0,7.067932822769843e-42,0.0,-0.4666295804567182,-0.9387205953692331,-0.3886753035554917,-0.15247069472655322,0.816297919963091,1.2923741483577864
215205,董懋,Dong Mao,1515,cluster2_yuan_ming,明,works_general,工部,0,0,0,0,0,1,115.398987,28.015566,清江,0,0,0,0,0,0,0.0,7.067932822769843e-42,0.0,-0.4666295804567182,-0.9387205953692331,-0.3886753035554917,-0.15247069472655322,-0.1561020605852615,-1.062034438179475
215365,郝鉞,Hao Yue,1514,cluster2_yuan_ming,明,medical,医学/医官,0,0,0,0,0,1,112.564827,37.873753,陽曲,0,1,0,0,0,1,0.0,3.7056323637843556e-36,0.0,-0.44412113313484536,-0.9387205953692331,-0.3886753035554917,-0.15247069472655322,-0.7891302874596061,1.7110412861461988
215368,郝國奇,Hao Guoqi,1546,cluster2_yuan_ming,明,medical,医学/医官,0,0,0,0,0,1,112.564827,37.873753,陽曲,0,1,0,0,0,1,0.0,3.7056323637843556e-36,0.0,-0.44412113313484536,-0.9387205953692331,-0.3886753035554917,-0.15247069472655322,-0.7891302874596061,1.7110412861461988
216949,丁此召,Ding Cizhao,1549,cluster2_yuan_ming,明,works_general,工部,0,1,0,0,0,1,115.89772,28.674896,新建,0,0,0,0,0,0,0.0,7.067932822769843e-42,0.0,-0.4666295804567182,-0.9387205953692331,-0.3886753035554917,-0.15247069472655322,-0.044706773560632615,-0.876567068031227
221049,章蕃,Zhang Fan,1416,cluster2_yuan_ming,明,works_general,工部,0,0,0,0,0,1,119.478851,29.204453,蘭溪,0,0,0,0,0,8,1.0,6.19885488811695e-05,0.0,-0.2865620018817352,1.5173807213961439,-0.38499456007682176,-0.15247069472655322,0.755162325973176,-0.7276044178657622
221093,章憼,Zhang Jing,1438,cluster2_yuan_ming,明,works_general,工部,0,0,0,0,0,1,119.478851,29.204453,蘭溪,0,0,0,0,0,8,1.0,6.19885488811695e-05,0.0,-0.2865620018817352,1.5173807213961439,-0.38499456007682176,-0.15247069472655322,0.755162325973176,-0.7276044178657622
221806,郝操,Hao Cao,1551,cluster2_yuan_ming,明,medical,医学/医官,0,0,0,0,0,1,113.812805,36.068802,林縣,0,1,0,0,0,0,0.0,7.067932822769843e-42,0.0,-0.4666295804567182,-0.9387205953692331,-0.3886753035554917,-0.15247069472655322,-0.5103862149590451,1.2033144798178794
222027,翟觀,Zhai Guan,1406,cluster2_yuan_ming,明,medical,医学/医官,0,0,0,0,0,1,112.38263,34.665276,洛陽,0,1,0,0,0,0,0.0,7.067932822769843e-42,0.0,-0.4666295804567182,-0.9387205953692331,-0.3886753035554917,-0.15247069472655322,-0.8298251825437993,0.808507211599097
222076,朱儒,Zhu Ru,1531,cluster2_yuan_ming,明,medical,医学/医官,0,0,0,0,0,1,120.753204,30.767469,秀水,0,1,0,0,0,1,0.0,1.2052278136484851e-06,0.0,-0.44412113313484536,-0.9387205953692331,-0.38860373978290036,-0.15247069472655322,1.039797427732425,-0.2879331348669096
222143,劉志伊,Liu Zhiyi,1524,cluster2_yuan_ming,明,works_general,工部,0,0,0,0,0,1,121.444199,29.979195,慈溪,0,0,0,0,0,2,1.0,3.102253989090799e-06,0.0,-0.42161268581297245,1.5173807213961439,-0.38849109854754077,-0.15247069472655322,1.1941356936133336,-0.5096720300123445
222297,陸夢熊,Lu Mengxiong,1552,cluster2_yuan_ming,明,works_general,工部,0,0,0,0,0,1,121.152763,30.049067,餘姚,0,0,0,0,0,0,0.0,7.067932822769843e-42,0.0,-0.4666295804567182,-0.9387205953692331,-0.3886753035554917,-0.15247069472655322,1.1290415513181373,-0.4900172651950324
222736,詹思謙,Zhan Siqian,1551,cluster2_yuan_ming,明,works_general,工部,0,0,0,0,0,1,118.502663,28.903732,常山,0,0,0,0,0,0,0.0,7.067932822769843e-42,0.0,-0.4666295804567182,-0.9387205953692331,-0.3886753035554917,-0.15247069472655322,0.5371243327984734,-0.812196250511556
223051,周瀅,Zhou Ying,1528,cluster2_yuan_ming,明,medical,医学/医官,0,0,0,0,0,1,120.025253,28.897268,永康,0,1,0,0,0,0,0.0,7.067932822769843e-42,0.0,-0.4666295804567182,-0.9387205953692331,-0.3886753035554917,-0.15247069472655322,0.8772047968360047,-0.8140145525464072
223591,葛昕,Ge Xin,1543,cluster2_yuan_ming,明,works_general,工部,0,0,0,0,0,1,116.95788,37.463477,德平,0,0,0,0,0,0,0.0,7.067932822769843e-42,0.0,-0.4666295804567182,-0.9387205953692331,-0.3886753035554917,-0.15247069472655322,0.19208691663438113,1.5956319907175922
223954,沈橋,Shen Qiao,1551,cluster2_yuan_ming,明,works_general,工部,0,0,0,0,0,1,114.34333,34.785477,祥符,0,0,0,0,0,0,0.0,7.067932822769843e-42,0.0,-0.4666295804567182,-0.9387205953692331,-0.3886753035554917,-0.15247069472655322,-0.3918899761925293,0.8423193593235898
224234,張時用,Zhang Shiyong,1521,cluster2_yuan_ming,明,works_general,工部,0,0,0,0,0,1,115.393806,27.759735,新淦,0,0,0,0,0,0,0.0,7.067932822769843e-42,0.0,-0.4666295804567182,-0.9387205953692331,-0.3886753035554917,-0.15247069472655322,-0.1572592709204016,-1.1339988608091092
224589,徐袍,Xu Pao,1523,cluster2_yuan_ming,明,works_general,工部,0,1,0,0,0,1,119.478851,29.204453,蘭溪,0,0,0,0,0,33,0.5928030303030303,0.0009551675747750063,0.0003071205449570162,0.27614918116508685,0.5172637079405452,-0.331959557093518,0.07903961043458334,0.755162325973176,-0.7276044178657622
224851,何雲鳳,He Yunfeng,1523,cluster2_yuan_ming,明,medical,医学/医官,0,0,0,0,0,1,121.249023,31.385845,嘉定,0,1,0,0,0,2,1.0,8.214785971249928e-33,0.0,-0.42161268581297245,1.5173807213961439,-0.3886753035554917,-0.15247069472655322,1.1505418537424623,-0.11398599082251111
224855,何惠,He Hui,1551,cluster2_yuan_ming,明,medical,医学/医官,0,0,0,0,0,1,121.249023,31.385845,嘉定,0,1,0,0,0,2,1.0,8.214785971249928e-33,0.0,-0.42161268581297245,1.5173807213961439,-0.3886753035554917,-0.15247069472655322,1.1505418537424623,-0.11398599082251111
224856,何卿遷,He Qingqian,1551,cluster2_yuan_ming,明,medical,医学/医官,0,0,0,0,0,1,121.249023,31.385845,嘉定,0,1,0,0,0,2,1.0,8.214785971249928e-33,0.0,-0.42161268581297245,1.5173807213961439,-0.3886753035554917,-0.15247069472655322,1.1505418537424623,-0.11398599082251111
225781,陳鑑,Chen Jian,1411,cluster2_yuan_ming,明,medical,医学/医官,0,0,0,0,0,1,113.34333,27.004034,攸縣,0,1,0,0,0,0,0.0,7.067932822769843e-42,0.0,-0.4666295804567182,-0.9387205953692331,-0.3886753035554917,-0.15247069472655322,-0.6152465357637399,-1.3465750777086902
225844,閔仕朝,Min Shichao,1469,cluster2_yuan_ming,明,works_general,工部,0,0,0,0,0,1,117.236359,29.382742,浮梁,0,0,0,0,0,1,0.0,3.7056323637843556e-36,0.0,-0.44412113313484536,-0.9387205953692331,-0.3886753035554917,-0.15247069472655322,0.2542870279872101,-0.6774523059394721
225917,陸大治,Lu Dazhi,1551,cluster2_yuan_ming,明,medical,医学/医官,0,0,0,0,0,1,121.09863281,31.451000214,太倉州,0,1,0,0,0,0,0.0,7.067932822769843e-42,0.0,-0.4666295804567182,-0.9387205953692331,-0.3886753035554917,-0.15247069472655322,1.1169512183108026,-0.09565804246277254
228669,周泉,Zhou Quan,1529,cluster2_yuan_ming,明,medical,医学/医官,0,0,0,0,0,1,120.94823456,31.386108398,崑山,0,1,0,0,0,0,0.0,7.067932822769843e-42,0.0,-0.4666295804567182,-0.9387205953692331,-0.3886753035554917,-0.15247069472655322,1.0833587826252729,-0.11391189782755783
228829,王衣,Wang Yi,1529,cluster2_yuan_ming,明,medical,医学/医官,0,0,0,0,0,1,114.5443,35.66838,濬縣,0,1,0,0,0,0,0.0,7.067932822769843e-42,0.0,-0.4666295804567182,-0.9387205953692331,-0.3886753035554917,-0.15247069472655322,-0.3470020084155004,1.0906770823242091
230970,蘇起,Su Qi,1372,cluster2_yuan_ming,明,works_general,工部,0,0,0,0,0,1,115.510575,38.230526,安平,0,0,0,0,0,0,0.0,7.067932822769843e-42,0.0,-0.4666295804567182,-0.9387205953692331,-0.3886753035554917,-0.15247069472655322,-0.1311781488158298,1.8114003628602877
231275,鄒希魯,Zou Xilu,1372,cluster2_yuan_ming,明,medical,医学/医官,0,0,0,0,0,1,115.030968,31.180918,麻城,0,1,0,0,0,0,0.0,7.067932822769843e-42,0.0,-0.4666295804567182,-0.9387205953692331,-0.3886753035554917,-0.15247069472655322,-0.2383015182820997,-0.17163128492769408
232978,岳和聲,Yue Hesheng,1572,cluster2_yuan_ming,明,hydraulic,水利/河道,0,1,0,0,0,1,120.54274,30.641678,桐鄉,0,0,1,0,0,1,0.0,1.43617275985499e-06,0.0,-0.44412113313484536,-0.9387205953692331,-0.3885900267807407,-0.15247069472655322,0.9927889127788292,-0.32331773128800095
234365,余啟,Yu Qi,1578,cluster2_yuan_ming,明,hydraulic,水利/河道,0,0,0,0,0,1,117.787499,30.953846,銅陵,0,0,1,0,0,0,0.0,7.067932822769843e-42,0.0,-0.4666295804567182,-0.9387205953692331,-0.3886753035554917,-0.15247069472655322,0.3773877622292879,-0.23550589502325003
235073,陳伯英,Chen Boying,1583,cluster2_yuan_ming,明,works_general,工部,0,1,0,0,0,1,118.589905,24.909641,晉江,0,0,0,0,0,0,0.0,7.067932822769843e-42,0.0,-0.4666295804567182,-0.9387205953692331,-0.3886753035554917,-0.15247069472655322,0.5566104057685858,-1.9357209709137615
236313,潘諫,Pan Jian,1556,cluster2_yuan_ming,明,works_general,工部,0,0,0,0,0,1,121.152763,30.049067,餘姚,0,0,0,0,0,1,0.0,3.7056323637843556e-36,0.0,-0.44412113313484536,-0.9387205953692331,-0.3886753035554917,-0.15247069472655322,1.1290415513181373,-0.4900172651950324
236325,潘同春,Pan Tongchun,1607,cluster2_yuan_ming,明,works_general,工部,0,1,0,0,0,1,121.152763,30.049067,餘姚,0,0,0,0,0,1,0.0,3.7056323637843556e-36,0.0,-0.44412113313484536,-0.9387205953692331,-0.3886753035554917,-0.15247069472655322,1.1290415513181373,-0.4900172651950324
236700,劉公弼,Liu Gongbi,1372,cluster2_yuan_ming,明,works_general,工部,0,0,0,0,0,1,118.478098,36.69748,益都,0,0,0,0,0,0,0.0,7.067932822769843e-42,0.0,-0.4666295804567182,-0.9387205953692331,-0.3886753035554917,-0.15247069472655322,0.5316375789126077,1.3801595427303213
237822,蕭傑,Xiao Jie,1410,cluster2_yuan_ming,明,medical,医学/医官,0,0,0,0,0,1,105.053894,29.580755,內江,0,1,0,0,0,0,0.0,7.067932822769843e-42,0.0,-0.4666295804567182,-0.9387205953692331,-0.3886753035554917,-0.15247069472655322,-2.466746441509476,-0.6217518973957005
239199,羅綬,Luo Shou,1413,cluster2_yuan_ming,明,medical,医学/医官,0,0,0,0,0,1,117.91131592,31.29851532,無為州,0,1,0,0,0,0,0.0,7.067932822769843e-42,0.0,-0.4666295804567182,-0.9387205953692331,-0.3886753035554917,-0.15247069472655322,0.4050430834971939,-0.1385515438619421
239548,毛永震,Mao Yongzhen,1391,cluster2_yuan_ming,明,works_general,工部,0,0,0,0,0,1,112.559288,29.518757,華容,0,0,0,0,0,0,0.0,7.067932822769843e-42,0.0,-0.4666295804567182,-0.9387205953692331,-0.3886753035554917,-0.15247069472655322,-0.7903674594430709,-0.6391917317949405
239805,宋玹,Song Xuan,1416,cluster2_yuan_ming,明,works_general,工部,0,0,0,0,0,1,108.937189,34.317987,咸寧,0,0,0,0,0,0,0.0,7.067932822769843e-42,0.0,-0.4666295804567182,-0.9387205953692331,-0.3886753035554917,-0.15247069472655322,-1.5993870305093911,0.7108159530314385
240087,高清,Gao Qing,1390,cluster2_yuan_ming,明,medical,医学/医官,0,0,0,0,0,1,115.259262,36.974178,威縣,0,1,0,0,0,0,0.0,7.067932822769843e-42,0.0,-0.4666295804567182,-0.9387205953692331,-0.3886753035554917,-0.15247069472655322,-0.18731055587134857,1.4579937841348996
240649,蔣彥升,Jiang Yansheng,1389,cluster2_yuan_ming,明,medical,医学/医官,0,0,0,0,0,1,118.76899,32.052563,江寧,0,1,0,0,0,1,0.0,3.7056323637843556e-36,0.0,-0.44412113313484536,-0.9387205953692331,-0.3886753035554917,-0.15247069472655322,0.5966102152393962,0.07355959953512392
240709,翟通,Zhai Tong,1405,cluster2_yuan_ming,明,medical,医学/医官,0,0,0,0,0,1,112.38263,34.665276,洛陽,0,1,0,0,0,0,0.0,7.067932822769843e-42,0.0,-0.4666295804567182,-0.9387205953692331,-0.3886753035554917,-0.15247069472655322,-0.8298251825437993,0.808507211599097
240767,王孟宜,Wang Mengyi,1394,cluster2_yuan_ming,明,astronomical,天文/历算,0,0,0,0,0,1,116.36800385,39.931427002,大興,1,0,0,0,0,0,0.0,7.067932822769843e-42,0.0,-0.4666295804567182,-0.9387205953692331,-0.3886753035554917,-0.15247069472655322,0.060334209197267744,2.289858245443304
241142,張時達,Zhang Shida,1431,cluster2_yuan_ming,明,works_general,工部,0,0,0,0,0,1,114.89487457,26.792102814,泰和,0,0,0,0,0,0,0.0,7.067932822769843e-42,0.0,-0.4666295804567182,-0.9387205953692331,-0.3886753035554917,-0.15247069472655322,-0.26869887858714564,-1.406190626401787
241438,吳泰,Wu Tai,1396,cluster2_yuan_ming,明,medical,医学/医官,0,0,0,0,0,1,121.227638,31.009476,華亭,0,1,0,0,0,0,0.0,7.067932822769843e-42,0.0,-0.4666295804567182,-0.9387205953692331,-0.3886753035554917,-0.15247069472655322,1.1457653737160332,-0.2198573581731944
242056,韓肅,Han Su,1411,cluster2_yuan_ming,明,medical,医学/医官,0,0,0,0,0,1,111.682915,36.259399,洪洞,0,1,0,0,0,3,1.0,5.043008696981789e-05,0.0,-0.3991042384910996,1.5173807213961439,-0.3856808760831089,-0.15247069472655322,-0.9861111176241715,1.2569287918439458
242554,蔣讓,Jiang Rang,1437,cluster2_yuan_ming,明,medical,医学/医官,0,0,0,0,0,1,119.162735,31.946535,句容,0,1,0,0,0,0,0.0,7.067932822769843e-42,0.0,-0.4666295804567182,-0.9387205953692331,-0.3886753035554917,-0.15247069472655322,0.6845557437877614,0.04373427030381615
242643,李宗善,Li Zongshan,1407,cluster2_yuan_ming,明,astronomical,天文/历算,0,0,0,0,0,1,116.584183,34.703617,豐縣,1,0,0,0,0,0,0.0,7.067932822769843e-42,0.0,-0.4666295804567182,-0.9387205953692331,-0.3886753035554917,-0.15247069472655322,0.10861924039229687,0.8192924093587234
243454,李昇,Li Sheng,1408,cluster2_yuan_ming,明,medical,医学/医官,0,0,0,0,0,1,117.034676,30.512295,懷寧,0,1,0,0,0,0,0.0,7.067932822769843e-42,0.0,-0.4666295804567182,-0.9387205953692331,-0.3886753035554917,-0.15247069472655322,0.20923980698321218,-0.35971274554776506
243972,李宗政,Li Zongzheng,1409,cluster2_yuan_ming,明,works_general,工部,0,0,0,0,0,1,116.822527,35.555646,滋陽,0,0,0,0,0,0,0.0,7.067932822769843e-42,0.0,-0.4666295804567182,-0.9387205953692331,-0.3886753035554917,-0.15247069472655322,0.16185493622673702,1.0589653772504344
244025,王致中,Wang Zhizhong,1409,cluster2_yuan_ming,明,medical,医学/医官,0,0,0,0,0,1,112.559288,29.518757,華容,0,1,0,0,0,0,0.0,7.067932822769843e-42,0.0,-0.4666295804567182,-0.9387205953692331,-0.3886753035554917,-0.15247069472655322,-0.7903674594430709,-0.6391917317949405
244515,陳駿,Chen Jun,1440,cluster2_yuan_ming,明,medical,医学/医官,0,0,0,0,0,1,113.256066,23.134624,南海,0,1,0,0,0,1,0.0,3.7056323637843556e-36,0.0,-0.44412113313484536,-0.9387205953692331,-0.3886753035554917,-0.15247069472655322,-0.6347375225781599,-2.4350274410553188
245493,林鈍,Lin Dun,1408,cluster2_yuan_ming,明,works_general,工部,0,0,0,0,0,1,119.321577,26.073954,閩縣,0,0,0,0,0,1,0.0,3.7056323637843556e-36,0.0,-0.44412113313484536,-0.9387205953692331,-0.3886753035554917,-0.15247069472655322,0.7200341464231732,-1.6082035363371199
245497,林清源,Lin Qingyuan,1436,cluster2_yuan_ming,明,works_general,工部,0,0,0,0,0,1,119.321577,26.073954,閩縣,0,0,0,0,0,1,0.0,3.7056323637843556e-36,0.0,-0.44412113313484536,-0.9387205953692331,-0.3886753035554917,-0.15247069472655322,0.7200341464231732,-1.6082035363371199
246035,項備,Xiang Bei,1400,cluster2_yuan_ming,明,works_general,工部,0,0,0,0,0,1,120.630691,27.790512,瑞安,0,0,0,0,0,0,0.0,7.067932822769843e-42,0.0,-0.4666295804567182,-0.9387205953692331,-0.3886753035554917,-0.15247069472655322,1.0124333455496777,-1.1253413914825916
246368,孟鑑,Meng Jian,1414,cluster2_yuan_ming,明,works_general,工部,0,0,0,0,0,1,115.50209045,38.855701447,保定府,0,0,0,0,0,0,0.0,7.067932822769843e-42,0.0,-0.4666295804567182,-0.9387205953692331,-0.3886753035554917,-0.15247069472655322,-0.13307322871334099,1.98726016908228
246821,李綸,Li Lun,1409,cluster2_yuan_ming,明,medical,医学/医官,0,0,0,0,0,1,112.8391571,35.504318237,澤州,0,1,0,0,0,0,0.0,7.067932822769843e-42,0.0,-0.4666295804567182,-0.9387205953692331,-0.3886753035554917,-0.15247069472655322,-0.72785686013678,1.0445270455816145
246846,胡思弘,Hu Sihong,1413,cluster2_yuan_ming,明,works_general,工部,0,0,0,0,0,1,117.776588,28.208446,鉛山,0,0,0,0,0,0,0.0,7.067932822769843e-42,0.0,-0.4666295804567182,-0.9387205953692331,-0.3886753035554917,-0.15247069472655322,0.37495071880780795,-1.0077779257286632
247474,張聰,Zhang Cong,1397,cluster2_yuan_ming,明,medical,医学/医官,0,0,0,0,0,1,107.140381,34.38187,寶雞,0,1,0,0,0,1,0.0,3.7056323637843556e-36,0.0,-0.44412113313484536,-0.9387205953692331,-0.3886753035554917,-0.15247069472655322,-2.0007158835994185,0.7287860317586009
247478,張輔,Zhang Fu,1425,cluster2_yuan_ming,明,medical,医学/医官,0,0,0,0,0,1,107.140381,34.38187,寶雞,0,1,0,0,0,1,0.0,3.7056323637843556e-36,0.0,-0.44412113313484536,-0.9387205953692331,-0.3886753035554917,-0.15247069472655322,-2.0007158835994185,0.7287860317586009
248149,劉昭,Liu Zhao,1416,cluster2_yuan_ming,明,works_general,工部,0,0,0,0,0,1,108.07798767,35.039661407,邠州,0,0,0,0,0,0,0.0,7.067932822769843e-42,0.0,-0.4666295804567182,-0.9387205953692331,-0.3886753035554917,-0.15247069472655322,-1.7912952835572005,0.9138206007337809
248749,向銘,Xiang Ming,1414,cluster2_yuan_ming,明,medical,医学/医官,0,0,0,0,0,1,107.245957,31.925125,通江,0,1,0,0,0,1,0.0,3.7056323637843556e-36,0.0,-0.44412113313484536,-0.9387205953692331,-0.3886753035554917,-0.15247069472655322,-1.9771347914661286,0.03771170740682391
248752,向濬,Xiang Xun,1442,cluster2_yuan_ming,明,medical,医学/医官,0,0,0,0,0,1,107.245957,31.925125,通江,0,1,0,0,0,1,0.0,3.7056323637843556e-36,0.0,-0.44412113313484536,-0.9387205953692331,-0.3886753035554917,-0.15247069472655322,-1.9771347914661286,0.03771170740682391
249095,樂鐩,Yue Sui,1436,cluster2_yuan_ming,明,medical,医学/医官,0,0,0,0,0,1,121.711716,29.953701,定海,0,1,0,0,0,0,0.0,7.067932822769843e-42,0.0,-0.4666295804567182,-0.9387205953692331,-0.3886753035554917,-0.15247069472655322,1.2538873703601447,-0.5168434087370496
249950,張聰,Zhang Cong,1409,cluster2_yuan_ming,明,medical,医学/医官,0,0,0,0,0,1,114.607079,36.341301,臨漳,0,1,0,0,0,1,0.0,3.7056323637843556e-36,0.0,-0.44412113313484536,-0.9387205953692331,-0.3886753035554917,-0.15247069472655322,-0.33297990696218116,1.2799675562712913
249956,張旭,Zhang Xu,1437,cluster2_yuan_ming,明,medical,医学/医官,0,0,0,0,0,1,114.607079,36.341301,臨漳,0,1,0,0,0,1,0.0,3.7056323637843556e-36,0.0,-0.44412113313484536,-0.9387205953692331,-0.3886753035554917,-0.15247069472655322,-0.33297990696218116,1.2799675562712913
250074,滑志鏞,Hua Zhiyong,1414,cluster2_yuan_ming,明,medical,医学/医官,0,0,0,0,0,1,121.152763,30.049067,餘姚,0,1,0,0,0,1,0.0,3.7056323637843556e-36,0.0,-0.44412113313484536,-0.9387205953692331,-0.3886753035554917,-0.15247069472655322,1.1290415513181373,-0.4900172651950324
250083,滑思傑,Hua Sijie,1442,cluster2_yuan_ming,明,medical,医学/医官,0,0,0,0,0,1,121.152763,30.049067,餘姚,0,1,0,0,0,1,0.0,3.7056323637843556e-36,0.0,-0.44412113313484536,-0.9387205953692331,-0.3886753035554917,-0.15247069472655322,1.1290415513181373,-0.4900172651950324
251622,朱信,Zhu Xin,1392,cluster2_yuan_ming,明,works_general,工部,0,0,0,0,0,1,121.227638,31.009476,華亭,0,0,0,0,0,0,0.0,7.067932822769843e-42,0.0,-0.4666295804567182,-0.9387205953692331,-0.3886753035554917,-0.15247069472655322,1.1457653737160332,-0.2198573581731944
253611,汪某清,Wang Mouqing,1417,cluster2_yuan_ming,明,medical,医学/医官,0,0,0,0,0,1,118.58410645,30.077772141,績溪,0,1,0,0,0,0,0.0,7.067932822769843e-42,0.0,-0.4666295804567182,-0.9387205953692331,-0.3886753035554917,-0.15247069472655322,0.5553152615900822,-0.48194260302130365
253840,趙怡,Zhao Yi,1443,cluster2_yuan_ming,明,medical,医学/医官,0,0,0,0,0,1,113.380028,36.504337,黎城,0,1,0,0,0,0,0.0,7.067932822769843e-42,0.0,-0.4666295804567182,-0.9387205953692331,-0.3886753035554917,-0.15247069472655322,-0.6070497967405953,1.3258290492406533
255042,尚綗,Shang Jiong,1453,cluster2_yuan_ming,明,works_general,工部,0,0,0,0,0,1,120.753204,30.767469,嘉興,0,0,0,0,0,0,0.0,7.067932822769843e-42,0.0,-0.4666295804567182,-0.9387205953692331,-0.3886753035554917,-0.15247069472655322,1.039797427732425,-0.2879331348669096
258078,仲蘭,Zhong Lan,1436,cluster2_yuan_ming,明,medical,医学/医官,0,0,0,0,0,1,119.310043,33.235947,寶應,0,1,0,0,0,2,1.0,2.972617954036658e-07,0.0,-0.42161268581297245,1.5173807213961439,-0.3886576528049154,-0.15247069472655322,0.7174579518650762,0.4064416439673733
258578,戴冕,Dai Mian,1434,cluster2_yuan_ming,明,medical,医学/医官,0,0,0,0,0,1,116.5672,30.630346,潛山,0,1,0,0,0,0,0.0,7.067932822769843e-42,0.0,-0.4666295804567182,-0.9387205953692331,-0.3886753035554917,-0.15247069472655322,0.10482597594109985,-0.32650538578350374
260290,曹暠,Cao Hao,1424,cluster2_yuan_ming,明,works_general,工部,0,0,0,0,0,1,120.26609,31.90877,江陰,0,0,0,0,0,1,0.0,3.7056323637843556e-36,0.0,-0.44412113313484536,-0.9387205953692331,-0.3886753035554917,-0.15247069472655322,0.9309973205734562,0.03311109945818705
260984,李昂,Li Ang,1469,cluster2_yuan_ming,明,medical,医学/医官,0,0,0,0,0,1,119.752564,36.385406,高密,0,1,0,0,0,1,0.0,6.754628445252483e-06,0.0,-0.44412113313484536,-0.9387205953692331,-0.38827422859810945,-0.15247069472655322,0.816297919963091,1.2923741483577864
261518,官毅,Guan Yi,1452,cluster2_yuan_ming,明,medical,医学/医官,0,0,0,0,0,1,119.94828033,36.788230896,平度州,0,1,0,0,0,0,0.0,7.067932822769843e-42,0.0,-0.4666295804567182,-0.9387205953692331,-0.3886753035554917,-0.15247069472655322,0.8600124460837938,1.4056874726284265
261873,方彬,Fang Bin,1453,cluster2_yuan_ming,明,works_general,工部,0,0,0,0,0,1,119.011101,25.433954,莆田,0,0,0,0,0,0,0.0,7.067932822769843e-42,0.0,-0.4666295804567182,-0.9387205953692331,-0.3886753035554917,-0.15247069472655322,0.6506872952337401,-1.788233440777808
262480,寧得中,Ning Dezhong,1394,cluster2_yuan_ming,明,medical,医学/医官,0,0,0,0,0,1,119.44429,32.20649,丹徒,0,1,0,0,0,0,0.0,7.067932822769843e-42,0.0,-0.4666295804567182,-0.9387205953692331,-0.3886753035554917,-0.15247069472655322,0.747442899917833,0.11685876063019002
263110,呂錡,Lv Yi,1456,cluster2_yuan_ming,明,medical,医学/医官,0,0,0,0,0,1,115.03542328,38.032493591,晉州,0,1,0,0,0,0,0.0,7.067932822769843e-42,0.0,-0.4666295804567182,-0.9387205953692331,-0.3886753035554917,-0.15247069472655322,-0.23730640226937283,1.7556944946283672
263208,臧麟,Zang Lin,1454,cluster2_yuan_ming,明,works_general,工部,0,0,0,0,0,1,116.986059,35.597553,曲阜,0,0,0,0,0,0,0.0,7.067932822769843e-42,0.0,-0.4666295804567182,-0.9387205953692331,-0.3886753035554917,-0.15247069472655322,0.198380881126537,1.070753679133864
263711,楊珪,Yang Gui,1449,cluster2_yuan_ming,明,medical,医学/医官,0,0,0,0,0,1,113.789421,34.994549,原武,0,1,0,0,0,0,0.0,7.067932822769843e-42,0.0,-0.4666295804567182,-0.9387205953692331,-0.3886753035554917,-0.15247069472655322,-0.5156091847480568,0.9011306283567512
264201,高淮,Gao Huai,1447,cluster2_yuan_ming,明,medical,医学/医官,0,0,0,0,0,1,119.437187,32.39127,江都,0,1,0,0,0,2,1.0,1.3986653832249526e-05,0.0,-0.42161268581297245,1.5173807213961439,-0.3878448068619789,-0.15247069472655322,0.7458563982751986,0.16883676960292385
265720,胡瑛,Hu Ying,1433,cluster2_yuan_ming,明,medical,医学/医官,0,0,0,0,0,1,110.31812,19.70247,定安,0,1,0,0,0,0,0.0,7.067932822769843e-42,0.0,-0.4666295804567182,-0.9387205953692331,-0.3886753035554917,-0.15247069472655322,-1.290947033344162,-3.4004811233142624
265743,李倫,Li Lun,1458,cluster2_yuan_ming,明,astronomical,天文/历算,0,0,0,0,0,1,118.76899,32.052563,上元,1,0,0,0,0,0,0.0,7.067932822769843e-42,0.0,-0.4666295804567182,-0.9387205953692331,-0.3886753035554917,-0.15247069472655322,0.5966102152393962,0.07355959953512392
265747,孫端,Sun Duan,1390,cluster2_yuan_ming,明,military_industrial,军器/制造,0,0,0,0,0,1,117.622918,36.991348,齊東,0,0,0,1,0,0,0.0,7.067932822769843e-42,0.0,-0.4666295804567182,-0.9387205953692331,-0.3886753035554917,-0.15247069472655322,0.34062751629849886,1.4628236489149724
266171,王拳,Wang Quan,1400,cluster2_yuan_ming,明,medical,医学/医官,0,0,0,0,0,1,121.227638,31.009476,華亭,0,1,0,0,0,0,0.0,7.067932822769843e-42,0.0,-0.4666295804567182,-0.9387205953692331,-0.3886753035554917,-0.15247069472655322,1.1457653737160332,-0.2198573581731944
266367,李耑,Li Zhuan,1456,cluster2_yuan_ming,明,medical,医学/医官,0,0,0,0,0,1,117.879116,33.132603,五河,0,1,0,0,0,0,0.0,7.067932822769843e-42,0.0,-0.4666295804567182,-0.9387205953692331,-0.3886753035554917,-0.15247069472655322,0.3978510201475233,0.3773713151478133
266607,程昂,Cheng Ang,1461,cluster2_yuan_ming,明,medical,医学/医官,0,0,0,0,0,1,117.706978,29.854147,祁門,0,1,0,0,0,0,0.0,7.067932822769843e-42,0.0,-0.4666295804567182,-0.9387205953692331,-0.3886753035554917,-0.15247069472655322,0.3594028686960566,-0.5448476229662493
267294,胡睿,Hu Rui,1430,cluster2_yuan_ming,明,works_general,工部,0,0,0,0,0,1,114.682724,35.19836,長垣,0,0,0,0,0,0,0.0,7.067932822769843e-42,0.0,-0.4666295804567182,-0.9387205953692331,-0.3886753035554917,-0.15247069472655322,-0.3160841000134182,0.9584619953160658
267301,孫善,Sun Shan,1436,cluster2_yuan_ming,明,medical,医学/医官,0,0,0,0,0,1,120.827072,37.302383,棲霞,0,1,0,0,0,0,0.0,7.067932822769843e-42,0.0,-0.4666295804567182,-0.9387205953692331,-0.3886753035554917,-0.15247069472655322,1.056296330074832,1.5503167759895173
268124,費傑,Fei Jie,1420,cluster2_yuan_ming,明,medical,医学/医官,0,0,0,0,0,1,120.578262,30.004515,山陰,0,1,0,0,0,0,0.0,7.067932822769843e-42,0.0,-0.4666295804567182,-0.9387205953692331,-0.3886753035554917,-0.15247069472655322,1.0007229844879177,-0.5025495969179097
268529,李勳,Li Xun,1465,cluster2_yuan_ming,明,astronomical,天文/历算,0,0,0,0,0,1,120.94823456,31.386108398,崑山,1,0,0,0,0,0,0.0,7.067932822769843e-42,0.0,-0.4666295804567182,-0.9387205953692331,-0.3886753035554917,-0.15247069472655322,1.0833587826252729,-0.11391189782755783
269125,楊雲,Yang Yun,1432,cluster2_yuan_ming,明,works_general,工部,0,0,0,0,0,1,121.227638,31.009476,華亭,0,0,0,0,0,1,0.0,3.7056323637843556e-36,0.0,-0.44412113313484536,-0.9387205953692331,-0.3886753035554917,-0.15247069472655322,1.1457653737160332,-0.2198573581731944
269496,張珷,Zhang Wu,1429,cluster2_yuan_ming,明,medical,医学/医官,0,0,0,0,0,1,118.998154,32.690521,天長,0,1,0,0,0,0,0.0,7.067932822769843e-42,0.0,-0.4666295804567182,-0.9387205953692331,-0.3886753035554917,-0.15247069472655322,0.6477954978569724,0.253015096061955
269784,康澤,Kang Ze,1473,cluster2_yuan_ming,明,medical,医学/医官,0,0,0,0,0,1,108.105102,34.332054,武功,0,1,0,0,0,6,1.0,1.0807914305383721e-05,0.0,-0.33157889652548095,1.5173807213961439,-0.3880335534126738,-0.15247069472655322,-1.7852391200933213,0.7147729540716989
270167,韓士明,Han Shiming,1469,cluster2_yuan_ming,明,medical,医学/医官,0,0,0,0,0,1,111.682915,36.259399,洪洞,0,1,0,0,0,0,0.0,7.067932822769843e-42,0.0,-0.4666295804567182,-0.9387205953692331,-0.3886753035554917,-0.15247069472655322,-0.9861111176241715,1.2569287918439458
272267,高恮,Gao Quan,1442,cluster2_yuan_ming,明,works_general,工部,0,0,0,0,0,1,120.94823456,31.386108398,崑山,0,0,0,0,0,0,0.0,7.067932822769843e-42,0.0,-0.4666295804567182,-0.9387205953692331,-0.3886753035554917,-0.15247069472655322,1.0833587826252729,-0.11391189782755783
272619,李鋒,Li Feng,1470,cluster2_yuan_ming,明,medical,医学/医官,0,0,0,0,0,1,120.705841,36.971165,萊陽,0,1,0,0,0,0,0.0,7.067932822769843e-42,0.0,-0.4666295804567182,-0.9387205953692331,-0.3886753035554917,-0.15247069472655322,1.0292185910014557,1.4571462371003991
274121,高銓,Gao Quan,1459,cluster2_yuan_ming,明,works_general,工部,0,0,0,0,0,1,119.437187,32.39127,江都,0,0,0,0,0,2,1.0,1.3986653832249526e-05,0.0,-0.42161268581297245,1.5173807213961439,-0.3878448068619789,-0.15247069472655322,0.7458563982751986,0.16883676960292385
275293,屠奎,Tu Kui,1473,cluster2_yuan_ming,明,works_general,工部,0,0,0,0,0,1,121.012344,30.70422,平湖,0,0,0,0,0,0,0.0,7.067932822769843e-42,0.0,-0.4666295804567182,-0.9387205953692331,-0.3886753035554917,-0.15247069472655322,1.097678046579709,-0.305724871469986
277139,張王忽,Zhang Wang?Hu,1441,cluster2_yuan_ming,明,works_general,工部,0,0,0,0,0,0,,,,0,0,0,0,0,0,0.0,7.067932822769843e-42,0.0,-0.4666295804567182,-0.9387205953692331,-0.3886753035554917,-0.15247069472655322,-3.174087617753835e-15,-1.9987334503111837e-15
277629,張繪,Zhang Hui,1462,cluster2_yuan_ming,明,medical,医学/医官,0,0,0,0,0,1,120.168625,30.294125,仁和,0,1,0,0,0,0,0.0,7.067932822769843e-42,0.0,-0.4666295804567182,-0.9387205953692331,-0.3886753035554917,-0.15247069472655322,0.9092278734948482,-0.4210832521912416
278021,傅浚,Fu Xun,1451,cluster2_yuan_ming,明,works_general,工部,0,0,0,0,0,1,118.537849,24.953764,南安,0,0,0,0,0,0,0.0,7.067932822769843e-42,0.0,-0.4666295804567182,-0.9387205953692331,-0.3886753035554917,-0.15247069472655322,0.5449833567035451,-1.9233093154862047
278849,鄭汜,Zheng Si,1483,cluster2_yuan_ming,明,medical,医学/医官,0,0,0,0,0,1,118.191361,28.438469,永豐,0,1,0,0,0,0,0.0,7.067932822769843e-42,0.0,-0.4666295804567182,-0.9387205953692331,-0.3886753035554917,-0.15247069472655322,0.46759298909083696,-0.9430732089955993
279518,高魁,Gao Kui,1454,cluster2_yuan_ming,明,works_general,工部,0,0,0,0,0,1,113.719086,34.397324,新鄭,0,0,0,0,0,0,0.0,7.067932822769843e-42,0.0,-0.4666295804567182,-0.9387205953692331,-0.3886753035554917,-0.15247069472655322,-0.5313189683654979,0.7331331913573916
281306,朱稷,Zhu Ji,1451,cluster2_yuan_ming,明,works_general,工部,0,0,0,0,0,1,120.733788,31.646582,常熟,0,0,0,0,0,0,0.0,7.067932822769843e-42,0.0,-0.4666295804567182,-0.9387205953692331,-0.3886753035554917,-0.15247069472655322,1.0354607367717918,-0.040641526456649514
282018,王格,Wang Ge,1446,cluster2_yuan_ming,明,works_general,工部,0,0,0,0,0,1,120.26609,31.90877,江陰,0,0,0,0,0,0,0.0,7.067932822769843e-42,0.0,-0.4666295804567182,-0.9387205953692331,-0.3886753035554917,-0.15247069472655322,0.9309973205734562,0.03311109945818705
283643,張澤,Zhang Ze,1389,cluster2_yuan_ming,明,medical,医学/医官,0,0,0,0,0,1,108.906976,34.246423,長安,0,1,0,0,0,1,0.0,3.7056323637843556e-36,0.0,-0.44412113313484536,-0.9387205953692331,-0.3886753035554917,-0.15247069472655322,-1.6061353022437168,0.6906852341542608
283976,張瓉,Zhang Zan,1417,cluster2_yuan_ming,明,medical,医学/医官,0,0,0,0,0,1,108.906976,34.246423,長安,0,1,0,0,0,1,0.0,3.7056323637843556e-36,0.0,-0.44412113313484536,-0.9387205953692331,-0.3886753035554917,-0.15247069472655322,-1.6061353022437168,0.6906852341542608
287788,王觀,Wang Guan,1471,cluster2_yuan_ming,明,medical,医学/医官,0,0,0,0,0,1,120.618622,31.31271,長洲,0,1,0,0,0,0,0.0,7.067932822769843e-42,0.0,-0.4666295804567182,-0.9387205953692331,-0.3886753035554917,-0.15247069472655322,1.0097376552322135,-0.1345586268557452
288722,丁栝,Ding Gua,1489,cluster2_yuan_ming,明,medical,医学/医官,0,0,0,0,0,1,117.034676,30.512295,懷寧,0,1,0,0,0,0,0.0,7.067932822769843e-42,0.0,-0.4666295804567182,-0.9387205953692331,-0.3886753035554917,-0.15247069472655322,0.20923980698321218,-0.35971274554776506
288868,徐惪,Xu De,1474,cluster2_yuan_ming,明,works_general,工部,0,0,0,0,0,1,121.152763,30.049067,餘姚,0,0,0,0,0,0,0.0,7.067932822769843e-42,0.0,-0.4666295804567182,-0.9387205953692331,-0.3886753035554917,-0.15247069472655322,1.1290415513181373,-0.4900172651950324
290765,黃珂,Huang Ke,1472,cluster2_yuan_ming,明,works_general,工部,0,0,0,0,0,1,105.812285,30.194462,遂寧,0,0,0,0,0,0,0.0,7.067932822769843e-42,0.0,-0.4666295804567182,-0.9387205953692331,-0.3886753035554917,-0.15247069472655322,-2.2973548369397054,-0.4491181277635419
292092,張翼翶,Zhang Yiao,1493,cluster2_yuan_ming,明,medical,医学/医官,0,0,0,0,0,1,117.537746,32.865348,鳳陽,0,1,0,0,0,0,0.0,7.067932822769843e-42,0.0,-0.4666295804567182,-0.9387205953692331,-0.3886753035554917,-0.15247069472655322,0.3216037914066997,0.3021933587239116
292308,王山,Wang Shan,1472,cluster2_yuan_ming,明,medical,医学/医官,0,0,0,0,0,1,121.486763,31.224427,上海,0,1,0,0,0,0,0.0,7.067932822769843e-42,0.0,-0.4666295804567182,-0.9387205953692331,-0.3886753035554917,-0.15247069472655322,1.2036426422149225,-0.1593923456897098
292584,吳傑,Wu Jie,1472,cluster2_yuan_ming,明,medical,医学/医官,0,0,0,0,0,1,119.952301,31.782784,武進,0,1,0,0,0,1,0.0,3.7056323637843556e-36,0.0,-0.44412113313484536,-0.9387205953692331,-0.3886753035554917,-0.15247069472655322,0.8609104891021656,-0.002328349824414023
292592,吳希曾,Wu XiZeng,1500,cluster2_yuan_ming,明,medical,医学/医官,0,1,0,0,0,1,119.952301,31.782784,武進,0,1,0,0,0,1,0.0,3.7056323637843556e-36,0.0,-0.44412113313484536,-0.9387205953692331,-0.3886753035554917,-0.15247069472655322,0.8609104891021656,-0.002328349824414023
292633,胡應相,Hu Yingxiang,1475,cluster2_yuan_ming,明,medical,医学/医官,0,0,0,0,0,1,110.396965,28.458191,沅陵,0,1,0,0,0,0,0.0,7.067932822769843e-42,0.0,-0.4666295804567182,-0.9387205953692331,-0.3886753035554917,-0.15247069472655322,-1.2733364854047697,-0.9375254749715699
293621,陶埜,Tao Ye,1470,cluster2_yuan_ming,明,medical,医学/医官,0,0,0,0,0,1,116.551216,29.896095,彭澤,0,1,0,0,0,1,0.0,3.7056323637843556e-36,0.0,-0.44412113313484536,-0.9387205953692331,-0.3886753035554917,-0.15247069472655322,0.10125584469291293,-0.5330477879170655
293627,陶欽時,Tao Qinshi,1498,cluster2_yuan_ming,明,medical,医学/医官,0,0,0,0,0,1,116.551216,29.896095,彭澤,0,1,0,0,0,1,0.0,3.7056323637843556e-36,0.0,-0.44412113313484536,-0.9387205953692331,-0.3886753035554917,-0.15247069472655322,0.10125584469291293,-0.5330477879170655
293642,劉廷重,Liu Tingzhong,1458,cluster2_yuan_ming,明,works_general,工部,0,0,0,0,0,1,115.89772,28.674896,南昌,0,0,0,0,0,0,0.0,7.067932822769843e-42,0.0,-0.4666295804567182,-0.9387205953692331,-0.3886753035554917,-0.15247069472655322,-0.044706773560632615,-0.876567068031227
294567,雷瀛,Lei Ying,1535,cluster2_yuan_ming,明,works_general,工部,0,0,0,0,0,1,115.785782,28.197754,豐城,0,0,0,0,0,10,1.0,2.0533372449291885e-05,0.0,-0.24154510723798941,1.5173807213961439,-0.38745607713219354,-0.15247069472655322,-0.06970886012591684,-1.0107855503197252
294830,周復吳,Zhou Fuwu,1494,cluster2_yuan_ming,明,medical,医学/医官,0,0,0,0,0,1,120.94823456,31.386108398,崑山,0,1,0,0,0,3,1.0,3.406919415136126e-06,0.0,-0.3991042384910996,1.5173807213961439,-0.3884730081856863,-0.15247069472655322,1.0833587826252729,-0.11391189782755783
295716,陳澐,Chen Yun,1468,cluster2_yuan_ming,明,medical,医学/医官,0,0,0,0,0,1,120.637787,31.167065,吳江,0,1,0,0,0,0,0.0,7.067932822769843e-42,0.0,-0.4666295804567182,-0.9387205953692331,-0.3886753035554917,-0.15247069472655322,1.0140182836963958,-0.17552808846865717
296107,林庭木昂,Lin Tingmu?Ang,1504,cluster2_yuan_ming,明,works_general,工部,0,0,0,0,0,1,119.321577,26.073954,閩縣,0,0,0,0,0,2,1.0,9.973144231295968e-07,0.0,-0.42161268581297245,1.5173807213961439,-0.38861608522201924,-0.15247069472655322,0.7200341464231732,-1.6082035363371199
298129,林庭木昂,Lin Tingmu?Ang,1503,cluster2_yuan_ming,明,works_general,工部,0,0,0,0,0,1,119.321577,26.073954,閩縣,0,0,0,0,0,0,0.0,7.067932822769843e-42,0.0,-0.4666295804567182,-0.9387205953692331,-0.3886753035554917,-0.15247069472655322,0.7200341464231732,-1.6082035363371199
298392,盧志,Lu Zhi,1474,cluster2_yuan_ming,明,medical,医学/医官,0,0,0,0,0,1,120.94823456,31.386108398,崑山,0,1,0,0,0,0,0.0,7.067932822769843e-42,0.0,-0.4666295804567182,-0.9387205953692331,-0.3886753035554917,-0.15247069472655322,1.0833587826252729,-0.11391189782755783
298672,吳洲,Wu Zhou,1510,cluster2_yuan_ming,明,medical,医学/医官,0,0,0,0,0,1,120.168625,30.294125,錢塘,0,1,0,0,0,1,0.0,5.900619509591884e-07,0.0,-0.44412113313484536,-0.9387205953692331,-0.38864026697668475,-0.15247069472655322,0.9092278734948482,-0.4210832521912416
299005,沈經,Shen Jing,1471,cluster2_yuan_ming,明,medical,医学/医官,0,0,0,0,0,1,120.637787,31.167065,吳江,0,1,0,0,0,0,0.0,7.067932822769843e-42,0.0,-0.4666295804567182,-0.9387205953692331,-0.3886753035554917,-0.15247069472655322,1.0140182836963958,-0.17552808846865717
299719,劉錄,Liu Lu,1478,cluster2_yuan_ming,明,works_general,工部,0,0,0,0,0,1,116.663833,28.994167,鄱陽,0,0,0,0,0,0,0.0,7.067932822769843e-42,0.0,-0.4666295804567182,-0.9387205953692331,-0.3886753035554917,-0.15247069472655322,0.126409590362144,-0.7867571811239099
302480,陸傑,Lu Jie,1509,cluster2_yuan_ming,明,works_general,工部,0,0,0,0,0,1,121.012344,30.70422,平湖,0,0,0,0,0,1,0.0,2.1977877570904855e-06,0.0,-0.44412113313484536,-0.9387205953692331,-0.3885448037599582,-0.15247069472655322,1.097678046579709,-0.305724871469986
303081,陳禮,Chen Li,1397,cluster2_yuan_ming,明,medical,医学/医官,0,0,0,0,0,1,113.256066,23.134624,南海,0,1,0,0,0,1,0.0,3.7056323637843556e-36,0.0,-0.44412113313484536,-0.9387205953692331,-0.3886753035554917,-0.15247069472655322,-0.6347375225781599,-2.4350274410553188
303538,杜琇,Du Xiu,1497,cluster2_yuan_ming,明,medical,医学/医官,0,0,0,0,0,1,117.276459,31.864456,合肥,0,1,0,0,0,0,0.0,7.067932822769843e-42,0.0,-0.4666295804567182,-0.9387205953692331,-0.3886753035554917,-0.15247069472655322,0.26324362602601775,0.020645716356023556
304921,徐翼,Xu Yi,1514,cluster2_yuan_ming,明,medical,医学/医官,0,0,0,0,0,1,117.034592,30.124186,建德,0,1,0,0,0,0,0.0,7.067932822769843e-42,0.0,-0.4666295804567182,-0.9387205953692331,-0.3886753035554917,-0.15247069472655322,0.20922104503220795,-0.46888653645803213
305371,許龜年,Xu Guinian,1485,cluster2_yuan_ming,明,works_general,工部,0,0,0,0,0,1,111.222092,26.332001,東安,0,0,0,0,0,1,0.0,3.7056323637843556e-36,0.0,-0.44412113313484536,-0.9387205953692331,-0.3886753035554917,-0.15247069472655322,-1.0890389574754533,-1.53561576016336
305376,許應元,Xu Yingyuan,1513,cluster2_yuan_ming,明,works_general,工部,0,0,0,0,0,1,111.222092,26.332001,東安,0,0,0,0,0,1,0.0,3.7056323637843556e-36,0.0,-0.44412113313484536,-0.9387205953692331,-0.3886753035554917,-0.15247069472655322,-1.0890389574754533,-1.53561576016336
305789,陸階,Lu Jie,1487,cluster2_yuan_ming,明,medical,医学/医官,0,0,0,0,0,1,120.099312,30.864964,歸安,0,1,0,0,0,2,1.0,4.417088567719273e-06,0.0,-0.42161268581297245,1.5173807213961439,-0.3884130265666964,-0.15247069472655322,0.8937463602812871,-0.2605081105959014
306526,任琦,Ren Qi,1517,cluster2_yuan_ming,明,medical,医学/医官,0,0,0,0,0,1,113.1128,36.1829,長治,0,1,0,0,0,0,0.0,7.067932822769843e-42,0.0,-0.4666295804567182,-0.9387205953692331,-0.3886753035554917,-0.15247069472655322,-0.6667369234416914,1.235409873625494
306782,趙世美,Zhao Shimei,1514,cluster2_yuan_ming,明,medical,医学/医官,0,0,0,0,0,1,121.152763,30.049067,餘姚,0,1,0,0,0,3,0.6666666666666666,6.070700234807703e-06,8.151893760722973e-08,-0.3991042384910996,0.6986802824743514,-0.3883148387486277,-0.1524092449979963,1.1290415513181373,-0.4900172651950324
307461,叚鍊,Xia Lian,1508,cluster2_yuan_ming,明,works_general,工部,0,0,0,0,0,1,104.428528,31.649504,安縣,0,0,0,0,0,0,0.0,7.067932822769843e-42,0.0,-0.4666295804567182,-0.9387205953692331,-0.3886753035554917,-0.15247069472655322,-2.606426039742286,-0.039819577424187035
307518,朱寅,Zhu Yin,1472,cluster2_yuan_ming,明,works_general,工部,0,0,0,0,0,1,120.733788,31.646582,常熟,0,0,0,0,0,0,0.0,7.067932822769843e-42,0.0,-0.4666295804567182,-0.9387205953692331,-0.3886753035554917,-0.15247069472655322,1.0354607367717918,-0.040641526456649514
307591,徐綬,Xu Shou,1481,cluster2_yuan_ming,明,medical,医学/医官,0,0,0,0,0,1,113.81974792,34.031391144,許州,0,1,0,0,0,0,0.0,7.067932822769843e-42,0.0,-0.4666295804567182,-0.9387205953692331,-0.3886753035554917,-0.15247069472655322,-0.508835468234467,0.6301974771427228
308709,徐椅,Xu Yi,1487,cluster2_yuan_ming,明,medical,医学/医官,0,0,0,0,0,1,117.202271,28.287901,貴溪,0,1,0,0,0,0,0.0,7.067932822769843e-42,0.0,-0.4666295804567182,-0.9387205953692331,-0.3886753035554917,-0.15247069472655322,0.2466732495845473,-0.9854274943890766
311406,阮子游,Ruan Ziyou,1395,cluster2_yuan_ming,明,construction,将作/营缮,0,0,0,0,0,0,,,,0,0,0,0,1,0,0.0,7.067932822769843e-42,0.0,-0.4666295804567182,-0.9387205953692331,-0.3886753035554917,-0.15247069472655322,-3.174087617753835e-15,-1.9987334503111837e-15
312399,張湧,Zhang Yong,1477,cluster2_yuan_ming,明,works_general,工部,0,0,0,0,0,1,121.425552,29.283617,寧海,0,0,0,0,0,0,0.0,7.067932822769843e-42,0.0,-0.4666295804567182,-0.9387205953692331,-0.3886753035554917,-0.15247069472655322,1.189970763847009,-0.7053358438733522
313691,劉术,Liu Shu,1490,cluster2_yuan_ming,明,works_general,工部,0,0,0,0,0,1,120.932022,30.517859,海鹽,0,0,0,0,0,0,0.0,7.067932822769843e-42,0.0,-0.4666295804567182,-0.9387205953692331,-0.3886753035554917,-0.15247069472655322,1.0797376010018311,-0.3581476105660339
314124,紀鶴,Ji He,1490,cluster2_yuan_ming,明,medical,医学/医官,0,0,0,0,0,1,116.27578735,37.151123047,恩縣,0,1,0,0,0,0,0.0,7.067932822769843e-42,0.0,-0.4666295804567182,-0.9387205953692331,-0.3886753035554917,-0.15247069472655322,0.03973704902157096,1.5077678464828095
314532,王滔,Wang Tao,1485,cluster2_yuan_ming,明,medical,医学/医官,0,0,0,0,0,1,120.099312,30.864964,烏程,0,1,0,0,0,0,0.0,7.067932822769843e-42,0.0,-0.4666295804567182,-0.9387205953692331,-0.3886753035554917,-0.15247069472655322,0.8937463602812871,-0.2605081105959014
315004,陸佐,Lu Zuo,1527,cluster2_yuan_ming,明,works_general,工部,0,0,0,0,0,1,119.172379,29.034788,龍游,0,0,0,0,0,0,0.0,7.067932822769843e-42,0.0,-0.4666295804567182,-0.9387205953692331,-0.3886753035554917,-0.15247069472655322,0.6867097944482681,-0.7753306268297149
315065,葉正英,Ye Zhengying,1484,cluster2_yuan_ming,明,works_general,工部,0,0,0,0,0,0,,,,0,0,0,0,0,0,0.0,7.067932822769843e-42,0.0,-0.4666295804567182,-0.9387205953692331,-0.3886753035554917,-0.15247069472655322,-3.174087617753835e-15,-1.9987334503111837e-15
315746,徐朝,Xu Chao,1493,cluster2_yuan_ming,明,medical,医学/医官,0,0,0,0,0,1,120.637787,31.167065,吳江,0,1,0,0,0,0,0.0,7.067932822769843e-42,0.0,-0.4666295804567182,-0.9387205953692331,-0.3886753035554917,-0.15247069472655322,1.0140182836963958,-0.17552808846865717
316401,葉允,Ye Yun,1521,cluster2_yuan_ming,明,medical,医学/医官,0,0,0,0,0,1,120.637787,31.167065,吳江,0,1,0,0,0,5,0.4,5.576804418657878e-06,3.661902050876297e-05,-0.3540873438473538,0.043719931336917706,-0.38834416519419307,-0.12486693863829755,1.0140182836963958,-0.17552808846865717
316873,周宗仁,Zhou Zongren,1426,cluster2_yuan_ming,明,medical,医学/医官,0,0,0,0,0,1,114.962959,30.093138,大冶,0,1,0,0,0,0,0.0,7.067932822769843e-42,0.0,-0.4666295804567182,-0.9387205953692331,-0.3886753035554917,-0.15247069472655322,-0.25349177454197896,-0.47762023719721153
317774,孫愚,Sun Yu,1401,cluster2_yuan_ming,明,medical,医学/医官,0,0,0,0,0,1,120.168625,30.294125,仁和,0,1,0,0,0,0,0.0,7.067932822769843e-42,0.0,-0.4666295804567182,-0.9387205953692331,-0.3886753035554917,-0.15247069472655322,0.9092278734948482,-0.4210832521912416
318298,吳大田,Wu Datian,1489,cluster2_yuan_ming,明,works_general,工部,0,0,0,0,0,1,119.011101,25.433954,莆田,0,0,0,0,0,0,0.0,7.067932822769843e-42,0.0,-0.4666295804567182,-0.9387205953692331,-0.3886753035554917,-0.15247069472655322,0.6506872952337401,-1.788233440777808
320598,章汝植,Zhang Ruzhi,1518,cluster2_yuan_ming,明,medical,医学/医官,0,0,0,0,0,1,116.351341,27.984781,臨川,0,1,0,0,0,0,0.0,7.067932822769843e-42,0.0,-0.4666295804567182,-0.9387205953692331,-0.3886753035554917,-0.15247069472655322,0.0566124523486191,-1.0706941578797973
320629,盛文剛,Sheng Wengang,1427,cluster2_yuan_ming,明,medical,医学/医官,0,0,0,0,0,1,120.637787,31.167065,吳江,0,1,0,0,0,1,0.0,3.7056323637843556e-36,0.0,-0.44412113313484536,-0.9387205953692331,-0.3886753035554917,-0.15247069472655322,1.0140182836963958,-0.17552808846865717
320636,何廷銑,He Tingxi,1515,cluster2_yuan_ming,明,medical,医学/医官,0,0,0,0,0,1,117.483398,27.337692,邵武,0,1,0,0,0,0,0.0,7.067932822769843e-42,0.0,-0.4666295804567182,-0.9387205953692331,-0.3886753035554917,-0.15247069472655322,0.30946480910712254,-1.2527181748088918
321474,童信,Tong Xin,1403,cluster2_yuan_ming,明,works_general,工部,0,0,0,0,0,1,120.025253,28.897268,永康,0,0,0,0,0,0,0.0,7.067932822769843e-42,0.0,-0.4666295804567182,-0.9387205953692331,-0.3886753035554917,-0.15247069472655322,0.8772047968360047,-0.8140145525464072
322068,李鏞,Li Yong,1497,cluster2_yuan_ming,明,works_general,工部,0,0,0,0,0,1,118.73851,36.879799,壽光,0,0,0,0,0,1,0.0,3.7056323637843556e-36,0.0,-0.44412113313484536,-0.9387205953692331,-0.3886753035554917,-0.15247069472655322,0.5898023073036662,1.4314452804611366
322072,李時濟,Li Shiji,1525,cluster2_yuan_ming,明,works_general,工部,0,0,0,0,0,1,118.73851,36.879799,壽光,0,0,0,0,0,1,0.0,3.7056323637843556e-36,0.0,-0.44412113313484536,-0.9387205953692331,-0.3886753035554917,-0.15247069472655322,0.5898023073036662,1.4314452804611366
322438,王士嘉,Wang Shijia,1372,cluster2_yuan_ming,明,works_general,工部,0,0,0,0,0,1,115.886307,37.14809,武城,0,0,0,0,0,0,0.0,7.067932822769843e-42,0.0,-0.4666295804567182,-0.9387205953692331,-0.3886753035554917,-0.15247069472655322,-0.04725594197501986,1.5069146602928514
322993,陸夢韓,Lu Menghan,1527,cluster2_yuan_ming,明,works_general,工部,0,0,0,0,0,1,121.012344,30.70422,平湖,0,0,0,0,0,0,0.0,7.067932822769843e-42,0.0,-0.4666295804567182,-0.9387205953692331,-0.3886753035554917,-0.15247069472655322,1.097678046579709,-0.305724871469986
323235,陳煥,Chen Huan,1480,cluster2_yuan_ming,明,works_general,工部,0,1,0,0,0,1,120.618622,31.31271,吳縣,0,0,0,0,0,1,0.0,1.9224602529298347e-06,0.0,-0.44412113313484536,-0.9387205953692331,-0.3885611521006393,-0.15247069472655322,1.0097376552322135,-0.1345586268557452
323457,楊兆,Yang Zhao,1527,cluster2_yuan_ming,明,works_general,工部,0,0,0,0,0,1,109.46991,36.591808,膚施,0,0,0,0,0,0,0.0,7.067932822769843e-42,0.0,-0.4666295804567182,-0.9387205953692331,-0.3886753035554917,-0.15247069472655322,-1.4804003007380573,1.3504343551333586
323678,徐卿麟,Xu Qinglin,1528,cluster2_yuan_ming,明,medical,医学/医官,0,0,0,0,0,1,120.297668,31.574614,無錫,0,1,0,0,0,0,0.0,7.067932822769843e-42,0.0,-0.4666295804567182,-0.9387205953692331,-0.3886753035554917,-0.15247069472655322,0.938050474011595,-0.06088588921100437
324355,楊廷秀,Yang Tingxiu,1531,cluster2_yuan_ming,明,astronomical,天文/历算,0,0,0,0,0,1,121.542656,29.866316,鄞縣,1,0,0,0,0,0,0.0,7.067932822769843e-42,0.0,-0.4666295804567182,-0.9387205953692331,-0.3886753035554917,-0.15247069472655322,1.2161267103990354,-0.541424523111345
325065,嚴元,Yan Yuan,1506,cluster2_yuan_ming,明,medical,医学/医官,0,0,0,0,0,1,119.9406,30.27177,餘杭,0,1,0,0,0,0,0.0,7.067932822769843e-42,0.0,-0.4666295804567182,-0.9387205953692331,-0.3886753035554917,-0.15247069472655322,0.8582969939986224,-0.42737164049400994
326723,陳端郎,Chen Duanlang,1502,cluster2_yuan_ming,明,medical,医学/医官,0,0,0,0,0,1,118.537849,24.953764,南安,0,1,0,0,0,0,0.0,7.067932822769843e-42,0.0,-0.4666295804567182,-0.9387205953692331,-0.3886753035554917,-0.15247069472655322,0.5449833567035451,-1.9233093154862047
328159,王籥,Wang Yue,1530,cluster2_yuan_ming,明,medical,医学/医官,0,0,0,0,0,1,111.287117,30.704229355,夷陵州,0,1,0,0,0,0,0.0,7.067932822769843e-42,0.0,-0.4666295804567182,-0.9387205953692331,-0.3886753035554917,-0.15247069472655322,-1.0745151971893374,-0.3057222399391173
328395,朱朋信,Zhu Pengxin,1532,cluster2_yuan_ming,明,medical,医学/医官,0,0,0,0,0,1,120.973587,29.952654,上虞,0,1,0,0,0,0,0.0,7.067932822769843e-42,0.0,-0.4666295804567182,-0.9387205953692331,-0.3886753035554917,-0.15247069472655322,1.0890214164004066,-0.5171379264088455
328753,孫讓,Sun Rang,1401,cluster2_yuan_ming,明,medical,医学/医官,0,0,0,0,0,1,118.76899,32.052563,上元,0,1,0,0,0,0,0.0,7.067932822769843e-42,0.0,-0.4666295804567182,-0.9387205953692331,-0.3886753035554917,-0.15247069472655322,0.5966102152393962,0.07355959953512392
329165,郭崇登,Guo Chongdeng,1531,cluster2_yuan_ming,明,medical,医学/医官,0,0,0,0,0,1,114.803101,36.552029,肥鄉,0,1,0,0,0,0,0.0,7.067932822769843e-42,0.0,-0.4666295804567182,-0.9387205953692331,-0.3886753035554917,-0.15247069472655322,-0.28919710744191346,1.3392446526821922
329208,潘瑾,Pan Jin,1437,cluster2_yuan_ming,明,medical,医学/医官,0,0,0,0,0,1,119.649918,29.104712,金華,0,1,0,0,0,0,0.0,7.067932822769843e-42,0.0,-0.4666295804567182,-0.9387205953692331,-0.3886753035554917,-0.15247069472655322,0.7933712625493429,-0.7556612345826669
329344,王利,Wang Li,1494,cluster2_yuan_ming,明,works_general,工部,0,0,0,0,0,1,117.67569,32.530247,定遠,0,0,0,0,0,0,0.0,7.067932822769843e-42,0.0,-0.4666295804567182,-0.9387205953692331,-0.3886753035554917,-0.15247069472655322,0.35241448866019176,0.20793054464894606
329721,安盡善,An Jinshan,1530,cluster2_yuan_ming,明,medical,医学/医官,0,0,0,0,0,1,112.94904327,39.060390472,代州,0,1,0,0,0,0,0.0,7.067932822769843e-42,0.0,-0.4666295804567182,-0.9387205953692331,-0.3886753035554917,-0.15247069472655322,-0.7033130632611205,2.044838521599167
330535,葉選,Ye Xuan,1502,cluster2_yuan_ming,明,works_general,工部,0,0,0,0,0,1,121.152763,30.049067,餘姚,0,0,0,0,0,1,0.0,1.7308913887502018e-07,0.0,-0.44412113313484536,-0.9387205953692331,-0.3886650259037215,-0.15247069472655322,1.1290415513181373,-0.4900172651950324
331377,翟觀,Zhai Guan,1403,cluster2_yuan_ming,明,medical,医学/医官,0,0,0,0,0,1,112.38263,34.665276,洛陽,0,1,0,0,0,0,0.0,7.067932822769843e-42,0.0,-0.4666295804567182,-0.9387205953692331,-0.3886753035554917,-0.15247069472655322,-0.8298251825437993,0.808507211599097
331799,王熠,Wang Yi,1500,cluster2_yuan_ming,明,medical,医学/医官,0,0,0,0,0,1,121.249023,31.385845,嘉定,0,1,0,0,0,0,0.0,7.067932822769843e-42,0.0,-0.4666295804567182,-0.9387205953692331,-0.3886753035554917,-0.15247069472655322,1.1505418537424623,-0.11398599082251111
332839,許某,Xu Mou,1505,cluster2_yuan_ming,明,works_general,工部,0,0,0,0,0,1,110.94149,34.684616,靈寶,0,0,0,0,0,0,0.0,7.067932822769843e-42,0.0,-0.4666295804567182,-0.9387205953692331,-0.3886753035554917,-0.15247069472655322,-1.1517132548042546,0.8139474902739139
333313,暴孟珠,Bao Mengzhu,1526,cluster2_yuan_ming,明,medical,医学/医官,0,0,0,0,0,1,112.882446,36.321949,屯留,0,1,0,0,0,0,0.0,7.067932822769843e-42,0.0,-0.4666295804567182,-0.9387205953692331,-0.3886753035554917,-0.15247069472655322,-0.7181880003651561,1.2745239020357646
333574,李方至,Li Fangzhi,1515,cluster2_yuan_ming,明,works_general,工部,0,0,0,0,0,1,112.226486,30.057533,公安,0,0,0,0,0,0,0.0,7.067932822769843e-42,0.0,-0.4666295804567182,-0.9387205953692331,-0.3886753035554917,-0.15247069472655322,-0.864700969181489,-0.4876358071153533
333923,江曉,Jiang Xiao,1498,cluster2_yuan_ming,明,works_general,工部,0,0,0,0,0,1,120.168625,30.294125,仁和,0,0,0,0,0,0,0.0,7.067932822769843e-42,0.0,-0.4666295804567182,-0.9387205953692331,-0.3886753035554917,-0.15247069472655322,0.9092278734948482,-0.4210832521912416
333980,袁一龍,Yuan Yilong,1538,cluster2_yuan_ming,明,medical,医学/医官,0,0,0,0,0,1,120.618622,31.31271,長洲,0,1,0,0,0,0,0.0,7.067932822769843e-42,0.0,-0.4666295804567182,-0.9387205953692331,-0.3886753035554917,-0.15247069472655322,1.0097376552322135,-0.1345586268557452
335498,徐養正,Xu Yangzheng,1511,cluster2_yuan_ming,明,works_general,工部,0,0,0,0,0,1,117.863052,30.636639,青陽,0,0,0,0,0,0,0.0,7.067932822769843e-42,0.0,-0.4666295804567182,-0.9387205953692331,-0.3886753035554917,-0.15247069472655322,0.3942630203745714,-0.3247351854887457
335657,謝萬鍾,Xie Wanzhong,1536,cluster2_yuan_ming,明,medical,医学/医官,0,0,0,0,0,1,114.68074,37.126076,任縣,0,1,0,0,0,0,0.0,7.067932822769843e-42,0.0,-0.4666295804567182,-0.9387205953692331,-0.3886753035554917,-0.15247069472655322,-0.3165272394276059,1.5007221941735414
336714,張棠,Zhang Tang,1508,cluster2_yuan_ming,明,medical,医学/医官,0,0,0,0,0,1,121.152763,30.049067,餘姚,0,1,0,0,0,0,0.0,7.067932822769843e-42,0.0,-0.4666295804567182,-0.9387205953692331,-0.3886753035554917,-0.15247069472655322,1.1290415513181373,-0.4900172651950324
337590,何瞻,He Zhan,1504,cluster2_yuan_ming,明,medical,医学/医官,0,0,0,0,0,1,120.258934,30.161488,蕭山,0,1,0,0,0,0,0.0,7.067932822769843e-42,0.0,-0.4666295804567182,-0.9387205953692331,-0.3886753035554917,-0.15247069472655322,0.9293989810331625,-0.4583936059963978
337874,施教,Shi Jiao,1511,cluster2_yuan_ming,明,medical,医学/医官,0,0,0,0,0,1,120.297668,31.574614,無錫,0,1,0,0,0,1,0.0,3.6527141247767836e-06,0.0,-0.44412113313484536,-0.9387205953692331,-0.3884584134372863,-0.15247069472655322,0.938050474011595,-0.06088588921100437
338693,程奎,Cheng Kui,1550,cluster2_yuan_ming,明,works_general,工部,0,1,0,0,0,1,118.433945,29.86577,歙縣,0,0,0,0,0,0,0.0,7.067932822769843e-42,0.0,-0.4666295804567182,-0.9387205953692331,-0.3886753035554917,-0.15247069472655322,0.521775716737858,-0.541578111123571
338940,方文瑞,Fang Wenrui,1664,cluster3_qing_after,清,works_general,工部,0,1,0,0,0,1,114.31919098,30.541385651,江夏,0,0,0,0,0,0,0.0,7.067932822769843e-42,0.0,-0.4666295804567182,-0.9387205953692331,-0.3886753035554917,-0.15247069472655322,-0.3972815846511483,-0.3515296406733168
338944,方謙,Fang Qian,1469,cluster2_yuan_ming,明,works_general,工部,0,1,0,0,0,1,118.362618,31.334949,蕪湖,0,0,0,0,0,12,0.5909090909090909,3.2867049494881726e-05,6.4720419348253005e-06,-0.19652821259424366,0.512612000901217,-0.38672373055894815,-0.14759200970221925,0.5058443634133231,-0.12830286897315626
339168,商周祚,Shang Zhouzuo,1571,cluster2_yuan_ming,明,works_general,工部,0,1,0,0,0,1,120.578262,30.004515,會稽,0,0,0,0,0,8,1.0,0.0002220576856654501,0.0,-0.2865620018817352,1.5173807213961439,-0.37549000734911564,-0.15247069472655322,1.0007229844879177,-0.5025495969179097
339480,孫寘,Sun Zhi,1028,cluster1_song_and_before,宋,construction,将作/营缮,0,0,0,0,0,1,113.467056,34.162491,陽翟,0,0,0,0,1,6,1.0,0.004767923386250854,0.0,-0.33157889652548095,1.5173807213961439,-0.10556651608600888,-0.15247069472655322,-0.5876115220742312,0.6670754373737681
339894,文祥,Wenxiang,1815,cluster3_qing_after,清,works_general,工部,0,1,0,0,0,0,,,,0,0,0,0,0,0,0.0,7.067932822769843e-42,0.0,-0.4666295804567182,-0.9387205953692331,-0.3886753035554917,-0.15247069472655322,-3.174087617753835e-15,-1.9987334503111837e-15
339907,文蔚,Wenwei,1790,cluster3_qing_after,清,works_general,工部,0,1,0,0,0,0,,,,0,0,0,0,0,3,1.0,4.770783148136985e-29,0.0,-0.3991042384910996,1.5173807213961439,-0.3886753035554917,-0.15247069472655322,-3.174087617753835e-15,-1.9987334503111837e-15
339918,文輅,Wenlu,1826,cluster3_qing_after,清,works_general,工部,0,1,0,0,0,0,,,,0,0,0,0,0,0,0.0,7.067932822769843e-42,0.0,-0.4666295804567182,-0.9387205953692331,-0.3886753035554917,-0.15247069472655322,-3.174087617753835e-15,-1.9987334503111837e-15
340087,龍文,Long Wen,1406,cluster2_yuan_ming,明,works_general,工部,0,1,0,0,0,1,114.89487457,26.792102814,泰和,0,0,0,0,0,0,0.0,7.067932822769843e-42,0.0,-0.4666295804567182,-0.9387205953692331,-0.3886753035554917,-0.15247069472655322,-0.26869887858714564,-1.406190626401787
340613,謝莘,Xie Shen,1693,cluster3_qing_after,清,works_general,工部,0,1,0,0,0,1,116.83252716,26.832490921,建寧,0,0,0,0,0,0,0.0,7.067932822769843e-42,0.0,-0.4666295804567182,-0.9387205953692331,-0.3886753035554917,-0.15247069472655322,0.16408853755949956,-1.3948295841459266
341270,許翼權,Xu Yiquan,1643,cluster2_yuan_ming,清,works_general,工部,0,1,0,0,0,1,120.16862488,30.294124603,仁和,0,0,0,0,0,0,0.0,7.067932822769843e-42,0.0,-0.4666295804567182,-0.9387205953692331,-0.3886753035554917,-0.15247069472655322,0.9092278466920588,-0.4210833638660419
341395,許如蘭,Xu Rulan,1586,cluster2_yuan_ming,明,works_general,工部,0,1,0,0,0,1,117.276459,31.864456,合肥,0,0,0,0,0,0,0.0,7.067932822769843e-42,0.0,-0.4666295804567182,-0.9387205953692331,-0.3886753035554917,-0.15247069472655322,0.26324362602601775,0.020645716356023556
341488,麟魁,Linkui,1796,cluster3_qing_after,清,works_general,工部,0,1,0,0,0,0,,,,0,0,0,0,0,0,0.0,7.067932822769843e-42,0.0,-0.4666295804567182,-0.9387205953692331,-0.3886753035554917,-0.15247069472655322,-3.174087617753835e-15,-1.9987334503111837e-15
341729,王三才,Wang Sancai,1571,cluster2_yuan_ming,明,construction,将作/营缮,0,1,0,0,0,1,120.258934,30.161488,蕭山,0,0,0,0,1,0,0.0,7.067932822769843e-42,0.0,-0.4666295804567182,-0.9387205953692331,-0.3886753035554917,-0.15247069472655322,0.9293989810331625,-0.4583936059963978
342107,王舜鼎,Wang Shunding,1568,cluster2_yuan_ming,明,works_general,工部,0,1,0,0,0,1,120.578262,30.004515,會稽,0,0,0,0,0,0,0.0,7.067932822769843e-42,0.0,-0.4666295804567182,-0.9387205953692331,-0.3886753035554917,-0.15247069472655322,1.0007229844879177,-0.5025495969179097
343269,王懿,Wang Yi,1658,cluster3_qing_after,清,works_general,工部,0,1,0,0,0,1,120.00730133,36.30002594,膠州,0,0,0,0,0,0,0.0,7.067932822769843e-42,0.0,-0.4666295804567182,-0.9387205953692331,-0.3886753035554917,-0.15247069472655322,0.8731951735862465,1.2683570170406906
343459,王思沂,Wang Siyi,1823,cluster3_qing_after,清,works_general,工部,0,1,0,0,0,1,120.09931183,30.864963531,歸安,0,0,0,0,0,0,0.0,7.067932822769843e-42,0.0,-0.4666295804567182,-0.9387205953692331,-0.3886753035554917,-0.15247069472655322,0.8937463223106735,-0.2605082425240657
343989,聶心湯,Nie Xintang,1574,cluster2_yuan_ming,明,works_general,工部,0,1,0,0,0,1,115.393806,27.759735,新淦,0,0,0,0,0,0,0.0,7.067932822769843e-42,0.0,-0.4666295804567182,-0.9387205953692331,-0.3886753035554917,-0.15247069472655322,-0.1572592709204016,-1.1339988608091092
343996,聶遜,Nie Xun,1391,cluster2_yuan_ming,明,works_general,工部,0,1,0,0,0,1,115.785782,28.197754,豐城,0,0,0,0,0,0,0.0,7.067932822769843e-42,0.0,-0.4666295804567182,-0.9387205953692331,-0.3886753035554917,-0.15247069472655322,-0.06970886012591684,-1.0107855503197252
344047,丁雲錦,Ding Yunjin,1739,cluster3_qing_after,清,works_general,工部,0,1,0,0,0,1,120.637787,31.167065,吳江,0,0,0,0,0,0,0.0,7.067932822769843e-42,0.0,-0.4666295804567182,-0.9387205953692331,-0.3886753035554917,-0.15247069472655322,1.0140182836963958,-0.17552808846865717
344250,夏謐,Xia Mi,1493,cluster2_yuan_ming,明,works_general,工部,0,1,0,0,0,1,116.259071,28.364485,進賢,0,0,0,0,0,0,0.0,7.067932822769843e-42,0.0,-0.4666295804567182,-0.9387205953692331,-0.3886753035554917,-0.15247069472655322,0.036003342596983685,-0.9638846659489437
344944,張應曾,Zhang Yingceng,1731,cluster3_qing_after,清,works_general,工部,0,1,0,0,0,1,120.25893402,30.161487579,蕭山,0,0,0,0,0,0,0.0,7.067932822769843e-42,0.0,-0.4666295804567182,-0.9387205953692331,-0.3886753035554917,-0.15247069472655322,0.9293989855002941,-0.4583937244223191
344980,張文淵,Zhang Wenyuan,1469,cluster2_yuan_ming,明,works_general,工部,0,1,0,0,0,1,120.973587,29.952654,上虞,0,0,0,0,0,0,0.0,7.067932822769843e-42,0.0,-0.4666295804567182,-0.9387205953692331,-0.3886753035554917,-0.15247069472655322,1.0890214164004066,-0.5171379264088455
345783,張儉,Zhang Jian,1484,cluster2_yuan_ming,明,hydraulic,水利/河道,0,1,0,0,0,1,120.73346,28.852207,仙居,0,0,1,0,0,5,0.6,6.838575918072399e-06,0.0002464780433920804,-0.3540873438473538,0.534940194689993,-0.3882692439821004,0.03332673230395256,1.0353874758202501,-0.8266900643026602
345868,張安茂,Zhang Anmao,1617,cluster2_yuan_ming,清,works_general,工部,0,1,0,0,0,1,106.651955,35.218842,華亭,0,0,0,0,0,0,0.0,7.067932822769843e-42,0.0,-0.4666295804567182,-0.9387205953692331,-0.3886753035554917,-0.15247069472655322,-2.1098090345645475,0.9642235148516195
346344,張茂頤,Zhang Maoyi,1592,cluster2_yuan_ming,明,works_general,工部,0,1,0,0,0,1,114.931137,27.804075,新喻,0,0,0,0,0,0,0.0,7.067932822769843e-42,0.0,-0.4666295804567182,-0.9387205953692331,-0.3886753035554917,-0.15247069472655322,-0.260599426980652,-1.1215261639920773
347187,張悅,Zhang Yue,1430,cluster2_yuan_ming,明,works_general,工部,0,1,0,0,0,1,121.227638,31.009476,華亭,0,0,0,0,0,2,0.0,7.770742539862265e-06,7.038326121387645e-08,-0.42161268581297245,-0.9387205953692331,-0.38821389398155814,-0.15241763917377624,1.1457653737160332,-0.2198573581731944
347346,孔昭銘,Kong Zhaoming,1769,cluster3_qing_after,清,works_general,工部,0,1,0,0,0,1,115.98756409,39.245948792,新城,0,0,0,0,0,0,0.0,7.067932822769843e-42,0.0,-0.4666295804567182,-0.9387205953692331,-0.3886753035554917,-0.15247069472655322,-0.02463950672042648,2.0970354694394393
347502,孫允恭,Sun Yungong,1619,cluster2_yuan_ming,清,hydraulic,水利/河道,0,1,0,0,0,1,119.44429016,32.206489563,丹徒,0,0,1,0,0,0,0.0,7.067932822769843e-42,0.0,-0.4666295804567182,-0.9387205953692331,-0.3886753035554917,-0.15247069472655322,0.7474429356548823,0.11685863770351972
347693,孫如洵,Sun Ruxun,1583,cluster2_yuan_ming,明,works_general,工部,0,1,0,0,0,1,121.152763,30.049067,餘姚,0,0,0,0,0,4,1.0,7.339691563808887e-05,0.0,-0.3765957911692267,1.5173807213961439,-0.38431715639016184,-0.15247069472655322,1.1290415513181373,-0.4900172651950324
348253,胥庭清,Xu Tingqing,1617,cluster2_yuan_ming,清,works_general,工部,0,1,0,0,0,1,118.76898956,32.052562714,江寧,0,0,0,0,0,0,0.0,7.067932822769843e-42,0.0,-0.4666295804567182,-0.9387205953692331,-0.3886753035554917,-0.15247069472655322,0.5966101169625081,0.07355951908425971
348533,邵輔忠,Shao Fuzhong,1565,cluster2_yuan_ming,明,works_general,工部,0,1,0,0,0,1,121.711716,29.953701,定海,0,0,0,0,0,0,0.0,7.067932822769843e-42,0.0,-0.4666295804567182,-0.9387205953692331,-0.3886753035554917,-0.15247069472655322,1.2538873703601447,-0.5168434087370496
348839,毛堪,Mao Kan,1568,cluster2_yuan_ming,明,works_general,工部,0,1,0,0,0,1,120.618622,31.31271,吳縣,0,0,0,0,0,0,0.0,7.067932822769843e-42,0.0,-0.4666295804567182,-0.9387205953692331,-0.3886753035554917,-0.15247069472655322,1.0097376552322135,-0.1345586268557452
349606,熊守謙,Xiong Shouqian,1796,cluster3_qing_after,清,hydraulic,水利/河道,0,1,0,0,0,1,115.89772034,28.67489624,新建,0,0,1,0,0,0,0.0,7.067932822769843e-42,0.0,-0.4666295804567182,-0.9387205953692331,-0.3886753035554917,-0.15247069472655322,-0.04470669761940243,-0.8765670005200132
349683,熊尚文,Xiong Shangwen,1565,cluster2_yuan_ming,明,works_general,工部,0,1,0,0,0,1,115.785782,28.197754,豐城,0,0,0,0,0,0,0.0,7.067932822769843e-42,0.0,-0.4666295804567182,-0.9387205953692331,-0.3886753035554917,-0.15247069472655322,-0.06970886012591684,-1.0107855503197252
350382,魁齡,Kui Kuiling,1822,cluster3_qing_after,清,works_general,工部,0,1,0,0,0,0,,,,0,0,0,0,0,0,0.0,7.067932822769843e-42,0.0,-0.4666295804567182,-0.9387205953692331,-0.3886753035554917,-0.15247069472655322,-3.174087617753835e-15,-1.9987334503111837e-15
350434,德興,De Dexing,1787,cluster3_qing_after,清,works_general,工部,0,1,0,0,0,0,,,,0,0,0,0,0,1,0.0,3.7056323637843556e-36,0.0,-0.44412113313484536,-0.9387205953692331,-0.3886753035554917,-0.15247069472655322,-3.174087617753835e-15,-1.9987334503111837e-15
350443,儲龍光,Chu Longguang,1694,cluster3_qing_after,清,works_general,工部,0,1,0,0,0,1,119.81438446,31.363637924,宜興,0,0,0,0,0,0,0.0,7.067932822769843e-42,0.0,-0.4666295804567182,-0.9387205953692331,-0.3886753035554917,-0.15247069472655322,0.830105925219799,-0.12023276858842868
350670,朱廷煥,Zhu Tinghuan,1604,cluster2_yuan_ming,明,hydraulic,水利/河道,0,1,0,0,0,1,116.079254,34.797901,單縣,0,0,1,0,0,0,0.0,7.067932822769843e-42,0.0,-0.4666295804567182,-0.9387205953692331,-0.3886753035554917,-0.15247069472655322,-0.00415996387543266,0.8458141898435454
350697,朱壬林,Zhu Renlin,1781,cluster3_qing_after,清,works_general,工部,0,1,0,0,0,1,121.01234436,30.704219818,平湖,0,0,0,0,0,0,0.0,7.067932822769843e-42,0.0,-0.4666295804567182,-0.9387205953692331,-0.3886753035554917,-0.15247069472655322,1.0976781269880707,-0.3057249226659903
350897,朱淥,Zhu Lu,1769,cluster3_qing_after,清,works_general,工部,0,1,0,0,0,1,112.94273376,39.440437317,山陰,0,0,0,0,0,0,0.0,7.067932822769843e-42,0.0,-0.4666295804567182,-0.9387205953692331,-0.3886753035554917,-0.15247069472655322,-0.7047223337073025,2.151744454705939
351406,魏夢龍,Wei Menglong,1718,cluster3_qing_after,清,works_general,工部,0,1,0,0,0,1,120.16862488,30.294124603,仁和,0,0,0,0,0,0,0.0,7.067932822769843e-42,0.0,-0.4666295804567182,-0.9387205953692331,-0.3886753035554917,-0.15247069472655322,0.9092278466920588,-0.4210833638660419
351442,魏睦庭,Wei Muting,1810,cluster3_qing_after,清,works_general,工部,0,1,0,0,0,1,116.5778656,35.410430908,濟寧直隸州,0,0,0,0,0,0,0.0,7.067932822769843e-42,0.0,-0.4666295804567182,-0.9387205953692331,-0.3886753035554917,-0.15247069472655322,0.10720820766286163,1.018116847350269
351444,魏時應,Wei Shiying,1565,cluster2_yuan_ming,明,works_general,工部,0,1,0,0,0,1,115.89772,28.674896,南昌,0,0,0,0,0,26,0.7876923076923077,6.341783988087323e-05,6.789892300296124e-06,0.11859004991197668,0.9959315187598022,-0.38490969192582886,-0.14735241115919107,-0.044706773560632615,-0.876567068031227
351578,吳元龍,Wu Yuanlong,1649,cluster3_qing_after,清,works_general,工部,0,1,0,0,0,1,106.651955,35.218842,華亭,0,0,0,0,0,0,0.0,7.067932822769843e-42,0.0,-0.4666295804567182,-0.9387205953692331,-0.3886753035554917,-0.15247069472655322,-2.1098090345645475,0.9642235148516195
351761,吳卜雄,Wu Buxiong,1670,cluster3_qing_after,清,works_general,工部,0,1,0,0,0,1,120.08480072,30.553133011,德清,0,0,0,0,0,0,0.0,7.067932822769843e-42,0.0,-0.4666295804567182,-0.9387205953692331,-0.3886753035554917,-0.15247069472655322,0.8905051707055139,-0.3482251467698316
352434,程文彝,Cheng Wenyi,1634,cluster2_yuan_ming,清,works_general,工部,0,1,0,0,0,1,121.22763824,31.009475708,婁縣,0,0,0,0,0,0,0.0,7.067932822769843e-42,0.0,-0.4666295804567182,-0.9387205953692331,-0.3886753035554917,-0.15247069472655322,1.1457654273216087,-0.21985744031183813
352439,程誥,Cheng Gao,1469,cluster2_yuan_ming,明,works_general,工部,0,1,0,0,0,1,113.6968,37.608364,樂平,0,0,0,0,0,0,0.0,7.067932822769843e-42,0.0,-0.4666295804567182,-0.9387205953692331,-0.3886753035554917,-0.15247069472655322,-0.5362966926521038,1.636388229412434
352590,程葆,Cheng Bao,1803,cluster3_qing_after,清,works_general,工部,0,1,0,0,0,1,118.4339447,29.86577034,歙縣,0,0,0,0,0,0,0.0,7.067932822769843e-42,0.0,-0.4666295804567182,-0.9387205953692331,-0.3886753035554917,-0.15247069472655322,0.521775649730891,-0.5415780154826844
352672,穆彰阿,Mu Muzhanga,1775,cluster3_qing_after,清,works_general,工部,1,1,0,0,0,0,,,,0,0,0,0,0,7,0.2857142857142857,8.410570302394391e-29,5.104540999673309e-06,-0.30907044920360804,-0.2369773620076969,-0.3886753035554917,-0.14862284454542224,-3.174087617753835e-15,-1.9987334503111837e-15
352717,黎祖壽,Li Zushou,1583,cluster2_yuan_ming,明,works_general,工部,0,1,0,0,0,1,115.398987,28.015566,清江,0,0,0,0,0,0,0.0,7.067932822769843e-42,0.0,-0.4666295804567182,-0.9387205953692331,-0.3886753035554917,-0.15247069472655322,-0.1561020605852615,-1.062034438179475
353177,烏拉布,Wu Wulabu,1844,cluster3_qing_after,清,works_general,工部,0,1,0,0,0,0,,,,0,0,0,0,0,0,0.0,7.067932822769843e-42,0.0,-0.4666295804567182,-0.9387205953692331,-0.3886753035554917,-0.15247069472655322,-3.174087617753835e-15,-1.9987334503111837e-15
353180,鄔璉,Wu Lian,1514,cluster2_yuan_ming,明,works_general,工部,0,1,0,0,0,1,120.902107,29.494654,新昌,0,0,0,0,0,0,0.0,7.067932822769843e-42,0.0,-0.4666295804567182,-0.9387205953692331,-0.3886753035554917,-0.15247069472655322,1.0730558895222577,-0.6459718267742123
353200,鄒奕孝,Zou Yixiao,1727,cluster3_qing_after,清,works_general,工部,0,1,0,0,0,1,120.29766846,31.574613571,無錫,0,0,0,0,0,0,0.0,7.067932822769843e-42,0.0,-0.4666295804567182,-0.9387205953692331,-0.3886753035554917,-0.15247069472655322,0.9380505767556113,-0.06088600988729968
353629,徐璂,Xu Qi,1787,cluster3_qing_after,清,works_general,工部,0,1,0,0,0,1,118.4339447,29.86577034,歙縣,0,0,0,0,0,0,0.0,7.067932822769843e-42,0.0,-0.4666295804567182,-0.9387205953692331,-0.3886753035554917,-0.15247069472655322,0.521775649730891,-0.5415780154826844
353801,徐準,Xu Zhun,1750,cluster3_qing_after,清,works_general,工部,0,1,0,0,0,1,106.93160248,27.69562149,遵義,0,0,0,0,0,0,0.0,7.067932822769843e-42,0.0,-0.4666295804567182,-0.9387205953692331,-0.3886753035554917,-0.15247069472655322,-2.0473479355389896,-1.1520337812445103
354192,宜振,Yi Yizhen,1815,cluster3_qing_after,清,works_general,工部,0,1,0,0,0,0,,,,0,0,0,0,0,0,0.0,7.067932822769843e-42,0.0,-0.4666295804567182,-0.9387205953692331,-0.3886753035554917,-0.15247069472655322,-3.174087617753835e-15,-1.9987334503111837e-15
354247,甯之鳳,Ning Zhifeng,1616,cluster2_yuan_ming,清,works_general,工部,0,1,0,0,0,1,116.79001617,35.764396667,寧陽,0,0,0,0,0,0,0.0,7.067932822769843e-42,0.0,-0.4666295804567182,-0.9387205953692331,-0.3886753035554917,-0.15247069472655322,0.15459342908913418,1.1176862563628396
354269,甯曾綸,Ning Cenglun,1810,cluster3_qing_after,清,hydraulic,水利/河道,0,1,0,0,0,1,118.91828156,39.424880981,樂亭,0,0,1,0,0,0,0.0,7.067932822769843e-42,0.0,-0.4666295804567182,-0.9387205953692331,-0.3886753035554917,-0.15247069472655322,0.6299554644540138,2.1473685083254286
354486,宋劭穀,Song Shaogu,1781,cluster3_qing_after,清,works_general,工部,0,1,0,0,0,1,105.92786407,26.243244171,安順府直轄地方,0,0,0,0,0,0,0.0,7.067932822769843e-42,0.0,-0.4666295804567182,-0.9387205953692331,-0.3886753035554917,-0.15247069472655322,-2.2715394935060664,-1.560582765543561
354554,宋良翰,Song Lianghan,1577,cluster2_yuan_ming,明,works_general,工部,0,1,0,0,0,1,115.785782,28.197754,豐城,0,0,0,0,0,0,0.0,7.067932822769843e-42,0.0,-0.4666295804567182,-0.9387205953692331,-0.3886753035554917,-0.15247069472655322,-0.06970886012591684,-1.0107855503197252
354805,江起鵬,Jiang Qipeng,1565,cluster2_yuan_ming,明,works_general,工部,0,1,0,0,0,1,117.844589,29.244728,婺源,0,0,0,0,0,0,0.0,7.067932822769843e-42,0.0,-0.4666295804567182,-0.9387205953692331,-0.3886753035554917,-0.15247069472655322,0.3901391882152088,-0.7162751922386555
354979,汪潤,Wang Run,1802,cluster3_qing_after,清,works_general,工部,0,1,0,0,0,1,114.61572266,31.287647247,黃安,0,0,0,0,0,0,0.0,7.067932822769843e-42,0.0,-0.4666295804567182,-0.9387205953692331,-0.3886753035554917,-0.15247069472655322,-0.3310492888024769,-0.14160869721138677
355067,汪起鳳,Wang Qifeng,1571,cluster2_yuan_ming,明,works_general,工部,0,1,0,0,0,1,120.618622,31.31271,長洲,0,0,0,0,0,5,1.0,2.623591786756759e-05,0.0,-0.3540873438473538,1.5173807213961439,-0.38711747254733103,-0.15247069472655322,1.0097376552322135,-0.1345586268557452
355121,汪全德,Wang Quande,1775,cluster3_qing_after,清,works_general,工部,0,1,0,0,0,1,119.17762756,32.267543793,儀徵,0,0,0,0,0,0,0.0,7.067932822769843e-42,0.0,-0.4666295804567182,-0.9387205953692331,-0.3886753035554917,-0.15247069472655322,0.6878820947525708,0.13403299269195784
355834,潘鵬雲,Pan Pengyun,1652,cluster3_qing_after,清,works_general,工部,0,1,0,0,0,1,117.21652985,37.737892151,樂陵,0,0,0,0,0,0,0.0,7.067932822769843e-42,0.0,-0.4666295804567182,-0.9387205953692331,-0.3886753035554917,-0.15247069472655322,0.24985805726399027,1.6728240741732279
356108,梁知先,Liang Zhixian,1616,cluster2_yuan_ming,清,works_general,工部,0,1,0,0,0,1,117.72651672,36.885692596,鄒平,0,0,0,0,0,0,0.0,7.067932822769843e-42,0.0,-0.4666295804567182,-0.9387205953692331,-0.3886753035554917,-0.15247069472655322,0.3637669699736818,1.4331031297184678
356391,沈孝徵,Shen Xiaozheng,1568,cluster2_yuan_ming,明,works_general,工部,0,1,0,0,0,1,120.932022,30.517859,海鹽,0,0,0,0,0,0,0.0,7.067932822769843e-42,0.0,-0.4666295804567182,-0.9387205953692331,-0.3886753035554917,-0.15247069472655322,1.0797376010018311,-0.3581476105660339
356623,洪承龍,Hong Chenglong,1634,cluster2_yuan_ming,清,works_general,工部,0,1,0,0,0,1,118.58990479,24.909641266,晉江,0,0,0,0,0,0,0.0,7.067932822769843e-42,0.0,-0.4666295804567182,-0.9387205953692331,-0.3886753035554917,-0.15247069472655322,0.5566103588637091,-1.9357208960888321
356636,洪佐聖,Hong Zuosheng,1571,cluster2_yuan_ming,明,works_general,工部,0,1,0,0,0,1,118.433945,29.86577,歙縣,0,0,0,0,0,0,0.0,7.067932822769843e-42,0.0,-0.4666295804567182,-0.9387205953692331,-0.3886753035554917,-0.15247069472655322,0.521775716737858,-0.541578111123571
357008,祁文友,Qi Wenyou,1628,cluster2_yuan_ming,清,works_general,工部,0,1,0,0,0,1,113.74981689,23.04662323,東莞,0,0,0,0,0,0,0.0,7.067932822769843e-42,0.0,-0.4666295804567182,-0.9387205953692331,-0.3886753035554917,-0.15247069472655322,-0.5244550225025364,-2.4597817695143913
357131,涂紹煃,Tu Shaokui,1589,cluster2_yuan_ming,明,works_general,工部,0,1,0,0,0,1,116.259071,28.364485,進賢,0,0,0,0,0,0,0.0,7.067932822769843e-42,0.0,-0.4666295804567182,-0.9387205953692331,-0.3886753035554917,-0.15247069472655322,0.036003342596983685,-0.9638846659489437
357213,左峴,Zuo Xian,1640,cluster2_yuan_ming,清,works_general,工部,0,1,0,0,0,1,121.54265594,29.866315842,鄞縣,0,0,0,0,0,0,0.0,7.067932822769843e-42,0.0,-0.4666295804567182,-0.9387205953692331,-0.3886753035554917,-0.15247069472655322,1.216126696997644,-0.5414245675562284
357717,李玘,Li Qi,1478,cluster2_yuan_ming,明,works_general,工部,0,1,0,0,0,1,118.240181,28.679602,玉山,0,0,0,0,0,0,0.0,7.067932822769843e-42,0.0,-0.4666295804567182,-0.9387205953692331,-0.3886753035554917,-0.15247069472655322,0.47849725632910484,-0.8752432856401369
357730,李承端,Li Chengduan,1757,cluster3_qing_after,清,hydraulic,水利/河道,0,1,0,0,0,1,117.84458923,29.244728088,婺源,0,0,1,0,0,0,0.0,7.067932822769843e-42,0.0,-0.4666295804567182,-0.9387205953692331,-0.3886753035554917,-0.15247069472655322,0.390139239587217,-0.7162751674845437
357762,李珍,Li Zhen,1670,cluster3_qing_after,清,works_general,工部,0,1,0,0,0,1,117.00148773,36.650131226,山東省,0,0,0,0,0,0,0.0,7.067932822769843e-42,0.0,-0.4666295804567182,-0.9387205953692331,-0.3886753035554917,-0.15247069472655322,0.20182698917788935,1.3668404876387532
358002,李得中,Li Dezhong,1559,cluster2_yuan_ming,明,construction,将作/营缮,0,1,0,0,0,1,111.838593,33.050232,內鄉,0,0,0,0,1,0,0.0,7.067932822769843e-42,0.0,-0.4666295804567182,-0.9387205953692331,-0.3886753035554917,-0.15247069472655322,-0.9513394151432426,0.3542006225561191
358436,李士瑜,Li Shiyu,1670,cluster3_qing_after,清,works_general,工部,0,1,0,0,0,1,116.49060822,39.325710297,永清,0,0,0,0,0,0,0.0,7.067932822769843e-42,0.0,-0.4666295804567182,-0.9387205953692331,-0.3886753035554917,-0.15247069472655322,0.08771869946886456,2.1194721196319324
358976,李拯,Li Zheng,1598,cluster2_yuan_ming,明,works_general,工部,0,1,0,0,0,1,118.589905,24.909641,晉江,0,0,0,0,0,0,0.0,7.067932822769843e-42,0.0,-0.4666295804567182,-0.9387205953692331,-0.3886753035554917,-0.15247069472655322,0.5566104057685858,-1.9357209709137615
359434,李肖筠,Li Xiaojun,1754,cluster3_qing_after,清,works_general,工部,0,1,0,0,0,1,116.66383362,28.994167328,鄱陽,0,0,0,0,0,0,0.0,7.067932822769843e-42,0.0,-0.4666295804567182,-0.9387205953692331,-0.3886753035554917,-0.15247069472655322,0.12640972884321286,-0.7867570888585842
359441,李當泰,Li Dangtai,1565,cluster2_yuan_ming,明,works_general,工部,0,1,0,0,0,1,118.46811676,33.023403168,泗州,0,0,0,0,0,0,0.0,7.067932822769843e-42,0.0,-0.4666295804567182,-0.9387205953692331,-0.3886753035554917,-0.15247069472655322,0.5294082034859526,0.3466537599604704
359603,袁一鳳,Yuan Yifeng,1589,cluster2_yuan_ming,明,works_general,工部,0,1,0,0,0,1,114.375885,27.794266,宜春,0,0,0,0,0,0,0.0,7.067932822769843e-42,0.0,-0.4666295804567182,-0.9387205953692331,-0.3886753035554917,-0.15247069472655322,-0.3846186033956881,-1.1242854035743566
360052,彭會淇,Peng Huiqi,1646,cluster3_qing_after,清,works_general,工部,0,1,0,0,0,1,119.48600006,31.430706024,溧陽,0,0,0,0,0,0,0.0,7.067932822769843e-42,0.0,-0.4666295804567182,-0.9387205953692331,-0.3886753035554917,-0.15247069472655322,0.7567591154189417,-0.10136673166027473
360403,戴翼子,Dai Yizi,1736,cluster3_qing_after,清,works_general,工部,0,1,0,0,0,1,118.76898956,32.052562714,上元,0,0,0,0,0,0,0.0,7.067932822769843e-42,0.0,-0.4666295804567182,-0.9387205953692331,-0.3886753035554917,-0.15247069472655322,0.5966101169625081,0.07355951908425971
360983,莊瑤,Zhuang Yao,1787,cluster3_qing_after,清,hydraulic,水利/河道,0,1,0,0,0,1,118.83441925,35.581886292,莒州,0,0,1,0,0,4,0.5,5.228068036723043e-29,4.475214027110846e-06,-0.3765957911692267,0.2893300630134553,-0.3886753035554917,-0.14909723703350686,0.6112242674147194,1.0663466854711459
361308,蔣繼珠,Jiang Jizhu,1820,cluster3_qing_after,清,works_general,工部,0,1,0,0,0,1,116.98722839,35.598602295,曲阜,0,0,0,0,0,0,0.0,7.067932822769843e-42,0.0,-0.4666295804567182,-0.9387205953692331,-0.3886753035554917,-0.15247069472655322,0.19864207205373424,1.071048842381646
361707,萬堯一,Wan Yaoyi,1594,cluster2_yuan_ming,明,works_general,工部,0,1,0,0,0,1,115.745026,29.330564,德安,0,0,0,0,0,0,0.0,7.067932822769843e-42,0.0,-0.4666295804567182,-0.9387205953692331,-0.3886753035554917,-0.15247069472655322,-0.07881198006780149,-0.6921298064924509
361794,樊士鑑,Fan Shijian,1751,cluster3_qing_after,清,works_general,工部,0,1,0,0,0,1,111.51543427,36.078037262,臨汾,0,0,0,0,0,0,0.0,7.067932822769843e-42,0.0,-0.4666295804567182,-0.9387205953692331,-0.3886753035554917,-0.15247069472655322,-1.023519037271445,1.2059123287793567
361980,韓雄胤,Han Xiongyin,1625,cluster2_yuan_ming,清,works_general,工部,0,1,0,0,0,1,115.77420044,38.688907623,高陽,0,0,0,0,0,0,0.0,7.067932822769843e-42,0.0,-0.4666295804567182,-0.9387205953692331,-0.3886753035554917,-0.15247069472655322,-0.07229567752198354,1.9403416125260027
362152,英綬,Ying Yingshou,1805,cluster3_qing_after,清,works_general,工部,0,1,0,0,0,0,,,,0,0,0,0,0,0,0.0,7.067932822769843e-42,0.0,-0.4666295804567182,-0.9387205953692331,-0.3886753035554917,-0.15247069472655322,-3.174087617753835e-15,-1.9987334503111837e-15
362156,英淳,Ying Yingchun,1805,cluster3_qing_after,清,works_general,工部,0,1,0,0,0,0,,,,0,0,0,0,0,0,0.0,7.067932822769843e-42,0.0,-0.4666295804567182,-0.9387205953692331,-0.3886753035554917,-0.15247069472655322,-3.174087617753835e-15,-1.9987334503111837e-15
362536,黃孫茂,Huang Sunmao,1592,cluster2_yuan_ming,明,works_general,工部,0,1,0,0,0,1,114.688774,39.354015,廣昌,0,0,0,0,0,0,0.0,7.067932822769843e-42,0.0,-0.4666295804567182,-0.9387205953692331,-0.3886753035554917,-0.15247069472655322,-0.3147327928280119,2.1274341399074186
362805,黃洽,Huang Qia,1763,cluster3_qing_after,清,works_general,工部,0,1,0,0,0,1,111.21614838,35.616409302,絳州直隸州,0,0,0,0,0,0,0.0,7.067932822769843e-42,0.0,-0.4666295804567182,-0.9387205953692331,-0.3886753035554917,-0.15247069472655322,-1.0903665039900512,1.07605789514506
363071,黃驤雲,Huang Xiangyun,1799,cluster3_qing_after,清,works_general,工部,0,1,0,0,0,1,120.200264,23.00415,臺灣,0,0,0,0,0,0,0.0,7.067932822769843e-42,0.0,-0.4666295804567182,-0.9387205953692331,-0.3886753035554917,-0.15247069472655322,0.9162946516831214,-2.4717293500428097
363114,黃金貴,Huang Jingui,1595,cluster2_yuan_ming,明,hydraulic,水利/河道,0,1,0,0,0,1,114.693603,27.767023,分宜,0,0,1,0,0,0,0.0,7.067932822769843e-42,0.0,-0.4666295804567182,-0.9387205953692331,-0.3886753035554917,-0.15247069472655322,-0.31365420400184235,-1.131948770272291
363232,蔡雲翰,Cai Yunhan,1400,cluster2_yuan_ming,明,works_general,工部,0,1,0,0,0,1,114.362829,25.399312,大庾,0,0,0,0,0,0,0.0,7.067932822769843e-42,0.0,-0.4666295804567182,-0.9387205953692331,-0.3886753035554917,-0.15247069472655322,-0.38753474663744797,-1.797978121949112
363247,蔡瓊珠,Cai Qiongzhu,1617,cluster2_yuan_ming,清,works_general,工部,0,1,0,0,0,1,120.29766846,31.574613571,無錫,0,0,0,0,0,0,0.0,7.067932822769843e-42,0.0,-0.4666295804567182,-0.9387205953692331,-0.3886753035554917,-0.15247069472655322,0.9380505767556113,-0.06088600988729968
363438,葉應震,Ye Yingzhen,1607,cluster2_yuan_ming,明,hydraulic,水利/河道,0,1,0,0,0,1,116.682,28.69155,餘干,0,0,1,0,0,0,0.0,7.067932822769843e-42,0.0,-0.4666295804567182,-0.9387205953692331,-0.3886753035554917,-0.15247069472655322,0.13046730897987538,-0.8718823523616097
363519,葉憲祖,Ye Xianzu,1589,cluster2_yuan_ming,明,works_general,工部,0,1,0,0,0,1,121.152763,30.049067,餘姚,0,0,0,0,0,3,0.3333333333333333,2.14814450041444e-05,0.0012524206113014497,-0.3991042384910996,-0.12002015644744085,-0.387399782672385,0.7916155367988441,1.1290415513181373,-0.4900172651950324
363658,葉棠,Ye Tang,1721,cluster3_qing_after,清,works_general,工部,0,1,0,0,0,1,120.41873932,30.530447006,石門,0,0,0,0,0,0,0.0,7.067932822769843e-42,0.0,-0.4666295804567182,-0.9387205953692331,-0.3886753035554917,-0.15247069472655322,0.9650925475095398,-0.3546066456952864
363761,杜來錫,Du Laixi,1823,cluster3_qing_after,清,works_general,工部,0,1,0,0,0,1,113.86824799,35.309940338,新鄉,0,0,0,0,0,0,0.0,7.067932822769843e-42,0.0,-0.4666295804567182,-0.9387205953692331,-0.3886753035554917,-0.15247069472655322,-0.4980026594603035,0.9898491790466891
364485,楊西狩,Yang Xishou,1622,cluster2_yuan_ming,清,works_general,工部,0,1,0,0,0,1,116.25907135,28.364484787,進賢,0,0,0,0,0,0,0.0,7.067932822769843e-42,0.0,-0.4666295804567182,-0.9387205953692331,-0.3886753035554917,-0.15247069472655322,0.036003420771778066,-0.9638847258651463
365270,楊鏞,Yang Yong,1617,cluster2_yuan_ming,清,works_general,工部,0,1,0,0,0,1,120.618622,31.31271,吳縣,0,0,0,0,0,0,0.0,7.067932822769843e-42,0.0,-0.4666295804567182,-0.9387205953692331,-0.3886753035554917,-0.15247069472655322,1.0097376552322135,-0.1345586268557452
365653,胡永煥,Hu Yonghuan,1757,cluster3_qing_after,清,hydraulic,水利/河道,0,1,0,0,0,1,117.84458923,29.244728088,婺源,0,0,1,0,0,0,0.0,7.067932822769843e-42,0.0,-0.4666295804567182,-0.9387205953692331,-0.3886753035554917,-0.15247069472655322,0.390139239587217,-0.7162751674845437
366072,趙亮熙,Zhao Liangxi,1830,cluster3_qing_after,清,works_general,工部,0,1,0,0,0,1,104.6163559,28.774831772,宜賓,0,0,0,0,0,0,0.0,7.067932822769843e-42,0.0,-0.4666295804567182,-0.9387205953692331,-0.3886753035554917,-0.15247069472655322,-2.5644734462068,-0.8484554625884675
366078,趙應元,Zhao Yingyuan,1565,cluster2_yuan_ming,明,works_general,工部,0,1,0,0,0,1,113.038399,22.526581,新會,0,0,0,0,0,19,0.7543859649122807,0.0002955439710367624,2.237151954129728e-05,-0.038969081341133485,0.914127766401139,-0.3711265536058985,-0.13560683654132846,-0.6833548748303478,-2.6060679460331766
366155,趙瑗,Zhao Yuan,1722,cluster3_qing_after,清,works_general,工部,0,1,0,0,0,1,102.71035004,25.045913696,昆明,0,0,0,0,0,0,0.0,7.067932822769843e-42,0.0,-0.4666295804567182,-0.9387205953692331,-0.3886753035554917,-0.15247069472655322,-2.9901923576189677,-1.8973879077282072
366279,趙贊化,Zhao Zanhua,1583,cluster2_yuan_ming,明,works_general,工部,0,1,0,0,0,1,115.985679,29.722364,德化,0,0,0,0,0,0,0.0,7.067932822769843e-42,0.0,-0.4666295804567182,-0.9387205953692331,-0.3886753035554917,-0.15247069472655322,-0.025060553937308976,-0.5819177493676674
366304,趙從蕃,Zhao Congfan,1864,cluster3_qing_after,清,works_general,工部,0,1,0,0,0,1,116.52993011,27.214305878,南豐,0,0,0,0,0,0,0.0,7.067932822769843e-42,0.0,-0.4666295804567182,-0.9387205953692331,-0.3886753035554917,-0.15247069472655322,0.09650150153510137,-1.2874262869229027
367695,恩寧,Enning,1778,cluster3_qing_after,清,works_general,工部,0,1,0,0,0,0,,,,0,0,0,0,0,0,0.0,7.067932822769843e-42,0.0,-0.4666295804567182,-0.9387205953692331,-0.3886753035554917,-0.15247069472655322,-3.174087617753835e-15,-1.9987334503111837e-15
367880,畢至,Bi Zhi,1805,cluster3_qing_after,清,works_general,工部,0,1,0,0,0,1,115.25203705,30.458690643,蘄水,0,0,0,0,0,0,0.0,7.067932822769843e-42,0.0,-0.4666295804567182,-0.9387205953692331,-0.3886753035554917,-0.15247069472655322,-0.18892429584642445,-0.37479147565450677
368388,瞿士達,Qu Shida,1586,cluster2_yuan_ming,明,hydraulic,水利/河道,0,1,0,0,0,1,119.952301,31.782784,武進,0,0,1,0,0,0,0.0,7.067932822769843e-42,0.0,-0.4666295804567182,-0.9387205953692331,-0.3886753035554917,-0.15247069472655322,0.8609104891021656,-0.002328349824414023
368541,單國祚,Dan Guozuo,1595,cluster2_yuan_ming,明,works_general,工部,0,1,0,0,0,1,121.227638,31.009476,華亭,0,0,0,0,0,0,0.0,7.067932822769843e-42,0.0,-0.4666295804567182,-0.9387205953692331,-0.3886753035554917,-0.15247069472655322,1.1457653737160332,-0.2198573581731944
368617,鄂恆,Eheng,1796,cluster3_qing_after,清,works_general,工部,0,1,0,0,0,0,,,,0,0,0,0,0,0,0.0,7.067932822769843e-42,0.0,-0.4666295804567182,-0.9387205953692331,-0.3886753035554917,-0.15247069472655322,-3.174087617753835e-15,-1.9987334503111837e-15
368629,喻以恕,Yu Yishu,1604,cluster2_yuan_ming,明,works_general,工部,0,1,0,0,0,1,116.551216,29.896095,彭澤,0,0,0,0,0,0,0.0,7.067932822769843e-42,0.0,-0.4666295804567182,-0.9387205953692331,-0.3886753035554917,-0.15247069472655322,0.10125584469291293,-0.5330477879170655
369442,劉季箎,Liu Jihu,1364,cluster2_yuan_ming,明,works_general,工部,0,1,0,0,0,1,121.152763,30.049067,餘姚,0,0,0,0,0,0,0.0,7.067932822769843e-42,0.0,-0.4666295804567182,-0.9387205953692331,-0.3886753035554917,-0.15247069472655322,1.1290415513181373,-0.4900172651950324
369581,劉伸,Liu Shen,1577,cluster2_yuan_ming,明,works_general,工部,0,1,0,0,0,1,114.688774,39.354015,廣昌,0,0,0,0,0,0,0.0,7.067932822769843e-42,0.0,-0.4666295804567182,-0.9387205953692331,-0.3886753035554917,-0.15247069472655322,-0.3147327928280119,2.1274341399074186
369604,劉儼,Liu Yan,1664,cluster3_qing_after,清,works_general,工部,0,1,0,0,0,1,117.00148773,36.650131226,山東省,0,0,0,0,0,0,0.0,7.067932822769843e-42,0.0,-0.4666295804567182,-0.9387205953692331,-0.3886753035554917,-0.15247069472655322,0.20182698917788935,1.3668404876387532
369795,劉泓,Liu Hong,1589,cluster2_yuan_ming,明,construction,将作/营缮,0,1,0,0,0,1,120.75320435,30.767469406,嘉興府,0,0,0,0,1,0,0.0,7.067932822769843e-42,0.0,-0.4666295804567182,-0.9387205953692331,-0.3886753035554917,-0.15247069472655322,1.0397975059072224,-0.2879330206604385
369843,劉洪謨,Liu Hongmo,1565,cluster2_yuan_ming,明,works_general,工部,0,1,0,0,0,1,115.89772034,28.67489624,南昌府,0,0,0,0,0,0,0.0,7.067932822769843e-42,0.0,-0.4666295804567182,-0.9387205953692331,-0.3886753035554917,-0.15247069472655322,-0.04470669761940243,-0.8765670005200132
369966,劉士龍,Liu Shilong,1622,cluster2_yuan_ming,清,works_general,工部,0,1,0,0,0,1,115.06597137,34.430503845,睢州,0,0,0,0,0,0,0.0,7.067932822769843e-42,0.0,-0.4666295804567182,-0.9387205953692331,-0.3886753035554917,-0.15247069472655322,-0.23048328598550194,0.742466573114746
370116,劉若璪,Liu Ruozao,1754,cluster3_qing_after,清,works_general,工部,0,1,0,0,0,1,112.97813416,28.198198318,長沙,0,0,0,0,0,0,0.0,7.067932822769843e-42,0.0,-0.4666295804567182,-0.9387205953692331,-0.3886753035554917,-0.15247069472655322,-0.6968154221558578,-1.0106605651211606
370225,劉青照,Liu Qingzhao,1750,cluster3_qing_after,清,works_general,工部,0,1,0,0,0,1,119.95230103,31.782783508,陽湖,0,0,0,0,0,0,0.0,7.067932822769843e-42,0.0,-0.4666295804567182,-0.9387205953692331,-0.3886753035554917,-0.15247069472655322,0.8609104958028614,-0.002328488222402521
370329,劉是,Liu Shi,1571,cluster2_yuan_ming,明,works_general,工部,0,1,0,0,0,1,115.89772,28.674896,南昌,0,0,0,0,0,0,0.0,7.067932822769843e-42,0.0,-0.4666295804567182,-0.9387205953692331,-0.3886753035554917,-0.15247069472655322,-0.044706773560632615,-0.876567068031227
370384,劉長發,Liu Changfa,1637,cluster2_yuan_ming,清,works_general,工部,0,1,0,0,0,1,119.43718719,32.391269684,江都,0,0,0,0,0,0,0.0,7.067932822769843e-42,0.0,-0.4666295804567182,-0.9387205953692331,-0.3886753035554917,-0.15247069472655322,0.7458564407129468,0.16883668071315916
370645,丘園卜,Qiu Yuanbu,1631,cluster2_yuan_ming,清,works_general,工部,0,1,0,0,0,1,117.94441986,33.899051666,睢寧,0,0,0,0,0,0,0.0,7.067932822769843e-42,0.0,-0.4666295804567182,-0.9387205953692331,-0.3886753035554917,-0.15247069472655322,0.41243706564384336,0.592970815301988
370734,陸化熙,Lu Huaxi,1583,cluster2_yuan_ming,明,works_general,工部,0,1,0,0,0,1,120.733788,31.646582,常熟,0,0,0,0,0,1,0.0,3.429563172189897e-06,0.0,-0.44412113313484536,-0.9387205953692331,-0.38847166364927416,-0.15247069472655322,1.0354607367717918,-0.040641526456649514
370771,陸遐昌,Lu Xiachang,1652,cluster3_qing_after,清,works_general,工部,0,1,0,0,0,1,120.01616669,32.160381317,泰興,0,0,0,0,0,0,0.0,7.067932822769843e-42,0.0,-0.4666295804567182,-0.9387205953692331,-0.3886753035554917,-0.15247069472655322,0.8751753098952071,0.10388853907647759
371173,陳廷桂,Chen Tinggui,1765,cluster3_qing_after,清,works_general,工部,0,1,0,0,0,1,118.36112213,31.714223862,和州直隸州,0,0,0,0,0,0,0.0,7.067932822769843e-42,0.0,-0.4666295804567182,-0.9387205953692331,-0.3886753035554917,-0.15247069472655322,0.5055102510365574,-0.02161409215657049
371805,陳大綬,Chen Dashou,1565,cluster2_yuan_ming,明,works_general,工部,0,1,0,0,0,1,117.236359,29.382742,浮梁,0,0,0,0,0,19,0.847953216374269,0.0001025509443463133,3.8892338554808255e-06,-0.038969081341133485,1.1439384159230455,-0.38258605438855725,-0.14953895430244252,0.2542870279872101,-0.6774523059394721
371960,陳萬全,Chen Wanquan,1754,cluster3_qing_after,清,works_general,工部,0,1,0,0,0,1,120.41873932,30.530447006,石門,0,0,0,0,0,0,0.0,7.067932822769843e-42,0.0,-0.4666295804567182,-0.9387205953692331,-0.3886753035554917,-0.15247069472655322,0.9650925475095398,-0.3546066456952864
372274,陳所聞,Chen Suowen,1589,cluster2_yuan_ming,明,works_general,工部,0,1,0,0,0,1,121.227638,31.009476,華亭,0,0,0,0,0,0,0.0,7.067932822769843e-42,0.0,-0.4666295804567182,-0.9387205953692331,-0.3886753035554917,-0.15247069472655322,1.1457653737160332,-0.2198573581731944
372454,陳欽銘,Chen Qinming,1838,cluster3_qing_after,清,works_general,工部,0,1,0,0,0,1,119.32157898,26.073953629,侯官,0,0,0,0,0,0,0.0,7.067932822769843e-42,0.0,-0.4666295804567182,-0.9387205953692331,-0.3886753035554917,-0.15247069472655322,0.7200345886691597,-1.6082036406982059
372471,陳筆鋒,Chen Bifeng,1745,cluster3_qing_after,清,works_general,工部,0,1,0,0,0,1,119.51883698,25.95983696,長樂,0,0,0,0,0,0,0.0,7.067932822769843e-42,0.0,-0.4666295804567182,-0.9387205953692331,-0.3886753035554917,-0.15247069472655322,0.7640934568970587,-1.6403042860343922
372579,邱文愷,Qiu Wenkai,1741,cluster3_qing_after,清,works_general,工部,0,1,0,0,0,1,116.36800385,39.931427002,大興,0,0,0,0,0,0,0.0,7.067932822769843e-42,0.0,-0.4666295804567182,-0.9387205953692331,-0.3886753035554917,-0.15247069472655322,0.060334209197267744,2.289858245443304
372645,覺羅德成格,Jiaoluo Dechengge,1707,cluster3_qing_after,清,works_general,工部,0,1,0,0,0,0,,,,0,0,0,0,0,0,0.0,7.067932822769843e-42,0.0,-0.4666295804567182,-0.9387205953692331,-0.3886753035554917,-0.15247069472655322,-3.174087617753835e-15,-1.9987334503111837e-15
372867,周鼎,Zhou Ding,1583,cluster2_yuan_ming,明,works_general,工部,0,1,0,0,0,1,119.814385,31.363638,宜興,0,0,0,0,0,0,0.0,7.067932822769843e-42,0.0,-0.4666295804567182,-0.9387205953692331,-0.3886753035554917,-0.15247069472655322,0.8301060458323416,-0.12023274720987676
373978,歐陽旭,Ou Yangxu,1643,cluster2_yuan_ming,清,works_general,工部,0,1,0,0,0,1,119.44429016,32.206489563,丹徒,0,0,0,0,0,0,0.0,7.067932822769843e-42,0.0,-0.4666295804567182,-0.9387205953692331,-0.3886753035554917,-0.15247069472655322,0.7474429356548823,0.11685863770351972
374044,全慶,Quanqing,1799,cluster3_qing_after,清,works_general,工部,0,1,0,0,0,0,,,,0,0,0,0,0,0,0.0,7.067932822769843e-42,0.0,-0.4666295804567182,-0.9387205953692331,-0.3886753035554917,-0.15247069472655322,-3.174087617753835e-15,-1.9987334503111837e-15
374176,金樟,Jin Zhang,1670,cluster3_qing_after,清,works_general,工部,0,1,0,0,0,1,120.54273987,30.641677856,桐鄉,0,0,0,0,0,0,0.0,7.067932822769843e-42,0.0,-0.4666295804567182,-0.9387205953692331,-0.3886753035554917,-0.15247069472655322,0.9927888837424788,-0.3233177717947288
374419,俞成,Yu Cheng,1715,cluster3_qing_after,清,construction,将作/营缮,0,1,0,0,0,1,116.22367859,40.222099304,昌平州,0,0,0,0,1,0,0.0,7.067932822769843e-42,0.0,-0.4666295804567182,-0.9387205953692331,-0.3886753035554917,-0.15247069472655322,0.028098215664449967,2.371623412244264
374441,俞恆澤,Yu Hengze,1769,cluster3_qing_after,清,works_general,工部,0,1,0,0,0,1,116.36800385,39.931427002,大興,0,0,0,0,0,0,0.0,7.067932822769843e-42,0.0,-0.4666295804567182,-0.9387205953692331,-0.3886753035554917,-0.15247069472655322,0.060334209197267744,2.289858245443304
374555,善慶,Shanqing,1772,cluster3_qing_after,清,works_general,工部,0,1,0,0,0,0,,,,0,0,0,0,0,0,0.0,7.067932822769843e-42,0.0,-0.4666295804567182,-0.9387205953692331,-0.3886753035554917,-0.15247069472655322,-3.174087617753835e-15,-1.9987334503111837e-15
374625,曾臯,Zeng Gao,1562,cluster2_yuan_ming,明,works_general,工部,0,1,0,0,0,1,114.971275,27.103239,廬陵,0,0,0,0,0,0,0.0,7.067932822769843e-42,0.0,-0.4666295804567182,-0.9387205953692331,-0.3886753035554917,-0.15247069472655322,-0.251634341392583,-1.318669036036756
374951,鍾琇,Zhong Xiu,1820,cluster3_qing_after,清,works_general,工部,0,1,0,0,0,1,102.71035004,25.045913696,昆明,0,0,0,0,0,0,0.0,7.067932822769843e-42,0.0,-0.4666295804567182,-0.9387205953692331,-0.3886753035554917,-0.15247069472655322,-2.9901923576189677,-1.8973879077282072
375151,錢志霖,Qian Zhilin,1703,cluster3_qing_after,清,works_general,工部,0,1,0,0,0,1,119.90137482,31.013893127,長興,0,0,0,0,0,0,0.0,7.067932822769843e-42,0.0,-0.4666295804567182,-0.9387205953692331,-0.3886753035554917,-0.15247069472655322,0.8495357927452604,-0.21861483481114383
375247,饒元珙,Rao Yuangong,1606,cluster2_yuan_ming,明,works_general,工部,0,1,0,0,0,1,116.259071,28.364485,進賢,0,0,0,0,0,0,0.0,7.067932822769843e-42,0.0,-0.4666295804567182,-0.9387205953692331,-0.3886753035554917,-0.15247069472655322,0.036003342596983685,-0.9638846659489437
375283,饒景暉,Rao Jinghui,1559,cluster2_yuan_ming,明,works_general,工部,0,1,0,0,0,1,116.259071,28.364485,進賢,0,0,0,0,0,2,1.0,5.022397013359818e-07,0.0,-0.42161268581297245,1.5173807213961439,-0.3886454816684047,-0.15247069472655322,0.036003342596983685,-0.9638846659489437
375296,錫齡,Xiling,1811,cluster3_qing_after,清,works_general,工部,0,1,0,0,0,0,,,,0,0,0,0,0,0,0.0,7.067932822769843e-42,0.0,-0.4666295804567182,-0.9387205953692331,-0.3886753035554917,-0.15247069472655322,-3.174087617753835e-15,-1.9987334503111837e-15
375557,鄭士超,Zheng Shichao,1765,cluster3_qing_after,清,works_general,工部,0,1,0,0,0,1,112.63826752,24.485013962,陽山,0,0,0,0,0,0,0.0,7.067932822769843e-42,0.0,-0.4666295804567182,-0.9387205953692331,-0.3886753035554917,-0.15247069472655322,-0.7727268655792843,-2.0551671663419997
375625,鄭日奎,Zheng Rikui,1629,cluster2_yuan_ming,清,works_general,工部,0,1,0,0,0,1,117.20227051,28.287900925,貴溪,0,0,0,0,0,0,0.0,7.067932822769843e-42,0.0,-0.4666295804567182,-0.9387205953692331,-0.3886753035554917,-0.15247069472655322,0.24667314013983516,-0.9854275154863318
375707,鄭尚友,Zheng Shangyou,1601,cluster2_yuan_ming,明,works_general,工部,0,1,0,0,0,1,120.168625,30.294125,錢塘,0,0,0,0,0,0,0.0,7.067932822769843e-42,0.0,-0.4666295804567182,-0.9387205953692331,-0.3886753035554917,-0.15247069472655322,0.9092278734948482,-0.4210832521912416
375745,舒清,Shu Qing,1436,cluster2_yuan_ming,明,works_general,工部,0,1,0,0,0,1,117.580116,28.953411,德興,0,0,0,0,0,0,0.0,7.067932822769843e-42,0.0,-0.4666295804567182,-0.9387205953692331,-0.3886753035554917,-0.15247069472655322,0.3310674088357331,-0.7982217104760739
375827,管玉音,Guan Yuyin,1595,cluster2_yuan_ming,明,works_general,工部,0,1,0,0,0,1,120.618622,31.31271,長洲,0,0,0,0,0,0,0.0,7.067932822769843e-42,0.0,-0.4666295804567182,-0.9387205953692331,-0.3886753035554917,-0.15247069472655322,1.0097376552322135,-0.1345586268557452
376098,徐彥伯,Xu Yanbo,651,cluster1_song_and_before,唐,works_general,工部,0,0,0,0,0,1,116.82369995,35.556697845,兗州,0,0,0,0,0,0,0.0,7.067932822769843e-42,0.0,-0.4666295804567182,-0.9387205953692331,-0.3886753035554917,-0.15247069472655322,0.16211692230328864,1.0592612578048661
379664,劉從諫,Liu Congjian,792,cluster1_song_and_before,唐,construction,将作/营缮,0,0,0,0,0,0,,,,0,0,0,0,1,0,0.0,7.067932822769843e-42,0.0,-0.4666295804567182,-0.9387205953692331,-0.3886753035554917,-0.15247069472655322,-3.174087617753835e-15,-1.9987334503111837e-15
386323,朱傑,Zhu Jie,1217,cluster1_song_and_before,宋,construction,将作/营缮,0,0,0,0,0,1,119.66493988,29.802457809,桐廬,0,0,0,0,1,1,0.0,0.0001331206251615702,0.0,-0.44412113313484536,-0.9387205953692331,-0.3807708940833616,-0.15247069472655322,0.7967264979844358,-0.559387623148041
386530,張安道,Zhang Andao,1276,cluster1_song_and_before,元,medical,医学/医官,0,0,0,0,0,1,120.227981,29.260567,東陽,0,1,0,0,0,1,0.0,3.7056323637843556e-36,0.0,-0.44412113313484536,-0.9387205953692331,-0.3886753035554917,-0.15247069472655322,0.9224854254447556,-0.7118197334004733
386531,張至道,Zhang Zhidao,1276,cluster1_song_and_before,元,medical,医学/医官,0,0,0,0,0,1,120.227981,29.260567,東陽,0,1,0,0,0,1,0.0,3.7056323637843556e-36,0.0,-0.44412113313484536,-0.9387205953692331,-0.3886753035554917,-0.15247069472655322,0.9224854254447556,-0.7118197334004733
386582,葉蓁,Ye Zhen,1172,cluster1_song_and_before,宋,military_industrial,军器/制造,0,0,0,0,0,1,120.071625,29.300087,義烏,0,0,0,1,0,1,0.0,0.00021387621515650066,0.0,-0.44412113313484536,-0.9387205953692331,-0.3759758050450655,-0.15247069472655322,0.8875622872164389,-0.700702886801261
386675,王奇,Wang Qi,1242,cluster1_song_and_before,元,construction,将作/营缮,0,0,0,0,0,1,119.649918,29.104712,金華,0,0,0,0,1,3,0.6666666666666666,0.0015597572484381567,2.0002294283882662e-07,-0.3991042384910996,0.6986802824743514,-0.29606035411535603,-0.1523199155836524,0.7933712625493429,-0.7556612345826669
387174,高丹桂,Gao Dangui,1616,cluster2_yuan_ming,清,works_general,工部,0,1,0,0,0,1,113.1687088,37.8867836,壽陽,0,0,0,0,0,0,0.0,7.067932822769843e-42,0.0,-0.4666295804567182,-0.9387205953692331,-0.3886753035554917,-0.15247069472655322,-0.654249326223934,1.7147067512599565
387245,應汝化,Ying Ruhua,1565,cluster2_yuan_ming,明,construction,将作/营缮,0,1,0,0,0,1,120.73346,28.852207,仙居,0,0,0,0,1,4,1.0,1.3794485264639138e-07,0.0,-0.3765957911692267,1.5173807213961439,-0.38866711269401877,-0.15247069472655322,1.0353874758202501,-0.8266900643026602
387246,應大桂,Ying Dagui,1496,cluster2_yuan_ming,明,works_general,工部,0,1,0,0,0,1,120.73346,28.852207,仙居,0,0,0,0,0,4,1.0,1.3794485264639138e-07,0.0,-0.3765957911692267,1.5173807213961439,-0.38866711269401877,-0.15247069472655322,1.0353874758202501,-0.8266900643026602
387291,康汝芳,Kang Rufang,1406,cluster2_yuan_ming,明,works_general,工部,0,1,0,0,0,1,117.706978,29.854147,祁門,0,0,0,0,0,1,0.0,5.666923787945794e-07,0.0,-0.44412113313484536,-0.9387205953692331,-0.3886416546103993,-0.15247069472655322,0.3594028686960566,-0.5448476229662493
387353,唐賡堯,Tang Gengyao,1657,cluster3_qing_after,清,hydraulic,水利/河道,0,1,0,0,0,1,120.57826233,30.004514694,會稽,0,0,1,0,0,0,0.0,7.067932822769843e-42,0.0,-0.4666295804567182,-0.9387205953692331,-0.3886753035554917,-0.15247069472655322,1.0007230581955837,-0.5025496829947078
387429,唐良懿,Tang Liangyi,1601,cluster2_yuan_ming,明,works_general,工部,0,1,0,0,0,1,115.89772,28.674896,新建,0,0,0,0,0,0,0.0,7.067932822769843e-42,0.0,-0.4666295804567182,-0.9387205953692331,-0.3886753035554917,-0.15247069472655322,-0.044706773560632615,-0.876567068031227
398833,尹文煥,Yinwen Huan,995,cluster1_song_and_before,宋,works_general,工部,0,0,1,0,0,1,119.141106,33.502789,淮安州,0,0,0,0,0,0,0.0,7.067932822769843e-42,0.0,-0.4666295804567182,-0.9387205953692331,-0.3886753035554917,-0.15247069472655322,0.6797247647607948,0.4815034248435631
438358,(那拉)德瑛,(Nala) Deing,1795,cluster3_qing_after,清,works_general,工部,0,0,0,0,0,0,,,,0,0,0,0,0,0,0.0,7.067932822769843e-42,0.0,-0.4666295804567182,-0.9387205953692331,-0.3886753035554917,-0.15247069472655322,-3.174087617753835e-15,-1.9987334503111837e-15
438400,(博爾濟吉特)明敘,(Boerjijite) Mingxu,1759,cluster3_qing_after,清,works_general,工部,0,0,0,0,0,0,,,,0,0,0,0,0,0,0.0,7.067932822769843e-42,0.0,-0.4666295804567182,-0.9387205953692331,-0.3886753035554917,-0.15247069472655322,-3.174087617753835e-15,-1.9987334503111837e-15
438416,豐培,Fengpei,1851,cluster3_qing_after,清,works_general,工部,0,0,0,0,0,0,,,,0,0,0,0,0,0,0.0,7.067932822769843e-42,0.0,-0.4666295804567182,-0.9387205953692331,-0.3886753035554917,-0.15247069472655322,-3.174087617753835e-15,-1.9987334503111837e-15
438553,朱應榮,Zhu Yingrong,1743,cluster3_qing_after,清,hydraulic,水利/河道,0,1,0,0,0,1,110.28626251,25.280059814,臨桂,0,0,1,0,0,0,0.0,7.067932822769843e-42,0.0,-0.4666295804567182,-0.9387205953692331,-0.3886753035554917,-0.15247069472655322,-1.2980626127071346,-1.831523371402116
438572,奎璧,Kuibi,1854,cluster3_qing_after,清,works_general,工部,0,0,0,0,0,0,,,,0,0,0,0,0,0,0.0,7.067932822769843e-42,0.0,-0.4666295804567182,-0.9387205953692331,-0.3886753035554917,-0.15247069472655322,-3.174087617753835e-15,-1.9987334503111837e-15
438584,張霖,Zhang Lin,1642,cluster2_yuan_ming,清,construction,将作/营缮,0,0,0,0,0,1,119.23016357,39.884670258,撫寧,0,0,0,0,1,0,0.0,7.067932822769843e-42,0.0,-0.4666295804567182,-0.9387205953692331,-0.3886753035554917,-0.15247069472655322,0.6996163571997689,2.2767057264522457
438657,蘇崇阿,Suchonga,1727,cluster3_qing_after,清,hydraulic,水利/河道,0,0,0,0,0,0,,,,0,0,1,0,0,0,0.0,7.067932822769843e-42,0.0,-0.4666295804567182,-0.9387205953692331,-0.3886753035554917,-0.15247069472655322,-3.174087617753835e-15,-1.9987334503111837e-15
438665,文麟,Wenlin,1852,cluster3_qing_after,清,works_general,工部,0,0,0,0,0,0,,,,0,0,0,0,0,0,0.0,7.067932822769843e-42,0.0,-0.4666295804567182,-0.9387205953692331,-0.3886753035554917,-0.15247069472655322,-3.174087617753835e-15,-1.9987334503111837e-15
438692,阿禮布,Alibu,1760,cluster3_qing_after,清,hydraulic,水利/河道,0,0,0,0,0,0,,,,0,0,1,0,0,0,0.0,7.067932822769843e-42,0.0,-0.4666295804567182,-0.9387205953692331,-0.3886753035554917,-0.15247069472655322,-3.174087617753835e-15,-1.9987334503111837e-15
438753,恩祥,Enxiang,1818,cluster3_qing_after,清,hydraulic,水利/河道,0,0,0,0,0,0,,,,0,0,1,0,0,0,0.0,7.067932822769843e-42,0.0,-0.4666295804567182,-0.9387205953692331,-0.3886753035554917,-0.15247069472655322,-3.174087617753835e-15,-1.9987334503111837e-15
438793,傅顯,Fuxian,1706,cluster3_qing_after,清,hydraulic,水利/河道,0,1,0,0,0,0,,,,0,0,1,0,0,0,0.0,7.067932822769843e-42,0.0,-0.4666295804567182,-0.9387205953692331,-0.3886753035554917,-0.15247069472655322,-3.174087617753835e-15,-1.9987334503111837e-15
438981,卞永式,Bian Yongshi,1648,cluster3_qing_after,清,hydraulic,水利/河道,0,0,0,0,0,0,,,,0,0,1,0,0,0,0.0,7.067932822769843e-42,0.0,-0.4666295804567182,-0.9387205953692331,-0.3886753035554917,-0.15247069472655322,-3.174087617753835e-15,-1.9987334503111837e-15
439033,李光倬,Li Guangzhuo,1588,cluster2_yuan_ming,明,works_general,工部,0,1,0,0,0,1,115.89772,28.674896,南昌,0,0,0,0,0,1,0.0,2.35783785488845e-07,0.0,-0.44412113313484536,-0.9387205953692331,-0.3886613032337149,-0.15247069472655322,-0.044706773560632615,-0.876567068031227
439106,陳文緯,Chen Wenwei,1732,cluster3_qing_after,清,hydraulic,水利/河道,0,0,0,0,0,1,120.8152771,29.587490082,嵊縣,0,0,1,0,0,0,0.0,7.067932822769843e-42,0.0,-0.4666295804567182,-0.9387205953692331,-0.3886753035554917,-0.15247069472655322,1.053661861790346,-0.6198573408818567
439347,韓文顯,Han Wenxian,1770,cluster3_qing_after,清,construction,将作/营缮,0,1,0,0,0,1,120.16862488,30.294124603,仁和,0,0,0,0,1,0,0.0,7.067932822769843e-42,0.0,-0.4666295804567182,-0.9387205953692331,-0.3886753035554917,-0.15247069472655322,0.9092278466920588,-0.4210833638660419
439554,朱其煊,Zhu Qixuan,1838,cluster3_qing_after,清,hydraulic,水利/河道,0,0,1,0,0,1,120.25893402,30.161487579,蕭山,0,0,1,0,0,0,0.0,7.067932822769843e-42,0.0,-0.4666295804567182,-0.9387205953692331,-0.3886753035554917,-0.15247069472655322,0.9293989855002941,-0.4583937244223191
439574,傅德,Fude,1633,cluster2_yuan_ming,清,works_general,工部,0,0,0,0,0,0,,,,0,0,0,0,0,0,0.0,7.067932822769843e-42,0.0,-0.4666295804567182,-0.9387205953692331,-0.3886753035554917,-0.15247069472655322,-3.174087617753835e-15,-1.9987334503111837e-15
439728,沈炳垣,Shen Bingyuan,1785,cluster3_qing_after,清,hydraulic,水利/河道,0,1,0,0,0,1,120.54273987,30.641677856,桐鄉,0,0,1,0,0,0,0.0,7.067932822769843e-42,0.0,-0.4666295804567182,-0.9387205953692331,-0.3886753035554917,-0.15247069472655322,0.9927888837424788,-0.3233177717947288
444853,趙文恪,Zhao Wenke,556,cluster1_song_and_before,唐,hydraulic,水利/河道,0,0,0,0,0,1,112.51709,37.7565,并州,0,0,1,0,0,0,0.0,7.067932822769843e-42,0.0,-0.4666295804567182,-0.9387205953692331,-0.3886753035554917,-0.15247069472655322,-0.7997926595438566,1.678058401169037
444868,龐承訓,PangChengxun,654,cluster1_song_and_before,唐,construction,将作/营缮,0,0,0,0,0,0,,,,0,0,0,0,1,0,0.0,7.067932822769843e-42,0.0,-0.4666295804567182,-0.9387205953692331,-0.3886753035554917,-0.15247069472655322,-3.174087617753835e-15,-1.9987334503111837e-15
450722,崔寧,Cui Ning,723,cluster1_song_and_before,唐,works_general,工部,0,0,0,0,0,1,114.0703,35.41038,衛州,0,0,0,0,0,2,1.0,0.00012083752492689687,0.0,-0.42161268581297245,1.5173807213961439,-0.38150023751698986,-0.15247069472655322,-0.452873017652255,1.018102527096558
469750,劉先,Liu Xian,998,cluster1_song_and_before,宋,construction,将作/营缮,0,0,1,0,0,1,112.38263,34.665276,洛陽,0,0,0,0,1,4,1.0,0.000674253345409682,0.0,-0.3765957911692267,1.5173807213961439,-0.34863962521035846,-0.15247069472655322,-0.8298251825437993,0.808507211599097
472983,朱國華,Zhu Guohua,1585,cluster2_yuan_ming,明,works_general,工部,0,1,0,0,0,1,120.932022,30.517859,海鹽,0,0,0,0,0,1,0.0,1.1304754264262904e-34,0.0,-0.44412113313484536,-0.9387205953692331,-0.3886753035554917,-0.15247069472655322,1.0797376010018311,-0.3581476105660339
476181,彭懋,Peng Mao,1518,cluster2_yuan_ming,明,works_general,工部,0,1,0,0,0,1,115.89772034,28.67489624,南昌府,0,0,0,0,0,0,0.0,7.067932822769843e-42,0.0,-0.4666295804567182,-0.9387205953692331,-0.3886753035554917,-0.15247069472655322,-0.04470669761940243,-0.8765670005200132
479398,傅庸,Fu Yong,1145,cluster1_song_and_before,宋,construction,将作/营缮,0,1,0,0,0,0,,,,0,0,0,0,1,0,0.0,7.067932822769843e-42,0.0,-0.4666295804567182,-0.9387205953692331,-0.3886753035554917,-0.15247069472655322,-3.174087617753835e-15,-1.9987334503111837e-15
502739,謝約,Xie Yue,1001,cluster1_song_and_before,宋,construction,将作/营缮,0,0,0,0,0,1,120.637787,31.167065,吳江,0,0,0,0,1,3,1.0,0.0006693660651036554,0.0,-0.3991042384910996,1.5173807213961439,-0.34892982114879423,-0.15247069472655322,1.0140182836963958,-0.17552808846865717
503974,倪阜,Ni Fu,1446,cluster2_yuan_ming,明,hydraulic,水利/河道,0,1,0,0,0,0,,,,0,0,1,0,0,7,1.0,2.306531605981367e-05,0.0,-0.30907044920360804,1.5173807213961439,-0.3873057358981915,-0.15247069472655322,-3.174087617753835e-15,-1.9987334503111837e-15
512631,盛玄,Sheng Xuan,968,cluster1_song_and_before,宋,works_general,工部,0,0,0,0,0,0,,,,0,0,0,0,0,3,1.0,0.002058976103485072,0.0,-0.3991042384910996,1.5173807213961439,-0.2664178382264063,-0.15247069472655322,-3.174087617753835e-15,-1.9987334503111837e-15
513174,彭份,Peng Fen,1591,cluster2_yuan_ming,明,works_general,工部,0,1,0,0,0,1,115.89772034,28.67489624,南昌府,0,0,0,0,0,0,0.0,7.067932822769843e-42,0.0,-0.4666295804567182,-0.9387205953692331,-0.3886753035554917,-0.15247069472655322,-0.04470669761940243,-0.8765670005200132
525432,劉愨,Liu Que,1496,cluster2_yuan_ming,明,works_general,工部,0,0,0,0,0,0,,,,0,0,0,0,0,3,1.0,4.410931194278821e-05,0.0,-0.3991042384910996,1.5173807213961439,-0.3860561897802481,-0.15247069472655322,-3.174087617753835e-15,-1.9987334503111837e-15
531015,許孚,Xu Fu,1339,cluster2_yuan_ming,明,works_general,工部,0,1,0,0,0,1,120.558662,32.384022,如皋,0,0,0,0,0,0,0.0,7.067932822769843e-42,0.0,-0.4666295804567182,-0.9387205953692331,-0.3886753035554917,-0.15247069472655322,0.9963451959203228,0.1667979309351339
550643,彭大科,Pen Dake,1570,cluster2_yuan_ming,明,works_general,工部,0,1,0,0,0,1,114.693603,27.767023,分宜,0,0,0,0,0,0,0.0,7.067932822769843e-42,0.0,-0.4666295804567182,-0.9387205953692331,-0.3886753035554917,-0.15247069472655322,-0.31365420400184235,-1.131948770272291
551393,徐致甫,Xu Zhifu,1000,cluster1_song_and_before,宋,works_general,工部,0,1,0,0,0,0,,,,0,0,0,0,0,1,0.0,7.649154963433118e-06,0.0,-0.44412113313484536,-0.9387205953692331,-0.3882211135840026,-0.15247069472655322,-3.174087617753835e-15,-1.9987334503111837e-15
551402,王信,Wang Xin,1137,cluster1_song_and_before,宋,works_general,工部,0,1,0,0,0,1,119.913009,28.448732,麗水,0,0,0,0,0,3,1.0,0.0016585947089851106,0.0,-0.3991042384910996,1.5173807213961439,-0.29019160343603484,-0.15247069472655322,0.8521343631634929,-0.940186260699858
554900,李士睿,Li Shirui,1727,cluster3_qing_after,清,hydraulic,水利/河道,0,0,0,0,0,1,117.84458923,29.244728088,婺源,0,0,1,0,0,6,0.4666666666666667,1.3142651020994882e-05,0.00034328038222803005,-0.33157889652548095,0.20746001912127612,-0.3878949218896667,0.10629722995450533,0.390139239587217,-0.7162751674845437
555265,姜天樞,Jiang Tianshu,1591,cluster2_yuan_ming,明,works_general,工部,0,0,0,0,0,1,121.152763,30.049067,餘姚,0,0,0,0,0,0,0.0,7.067932822769843e-42,0.0,-0.4666295804567182,-0.9387205953692331,-0.3886753035554917,-0.15247069472655322,1.1290415513181373,-0.4900172651950324
555283,張顯,Zhang Xian,1360,cluster2_yuan_ming,明,works_general,工部,0,1,0,0,0,1,114.069244,32.131119,信陽,0,0,0,0,0,0,0.0,7.067932822769843e-42,0.0,-0.4666295804567182,-0.9387205953692331,-0.3886753035554917,-0.15247069472655322,-0.45310888217916345,0.0956571451183153
555350,楊三炯,Yang Sanjiong,1678,cluster3_qing_after,清,hydraulic,水利/河道,0,1,0,0,0,1,120.22766113,29.713136673,諸暨,0,0,1,0,0,0,0.0,7.067932822769843e-42,0.0,-0.4666295804567182,-0.9387205953692331,-0.3886753035554917,-0.15247069472655322,0.9224139803820459,-0.5845133662396246
556111,馬權奇,Ma Quanqi,1601,cluster2_yuan_ming,明,works_general,工部,0,1,0,0,0,1,120.578262,30.004515,會稽,0,0,0,0,0,0,0.0,7.067932822769843e-42,0.0,-0.4666295804567182,-0.9387205953692331,-0.3886753035554917,-0.15247069472655322,1.0007229844879177,-0.5025495969179097
561479,章有期,Zhang Youqi,1588,cluster2_yuan_ming,明,medical,医学/医官,0,0,0,0,0,1,120.578262,30.004515,會稽,0,1,0,0,0,0,0.0,7.067932822769843e-42,0.0,-0.4666295804567182,-0.9387205953692331,-0.3886753035554917,-0.15247069472655322,1.0007229844879177,-0.5025495969179097
561490,朱啟元,Zhu Qiyuan,1580,cluster2_yuan_ming,明,works_general,工部,0,0,0,0,1,1,120.578262,30.004515,山陰,0,0,0,0,0,3,1.0,8.316990487822247e-06,0.0,-0.3991042384910996,1.5173807213961439,-0.38818145898173184,-0.15247069472655322,1.0007229844879177,-0.5025495969179097
562209,劉廷棟,Liu Tingdong,1687,cluster3_qing_after,清,works_general,工部,0,1,0,0,0,1,120.57826233,30.004514694,山陰,0,0,0,0,0,0,0.0,7.067932822769843e-42,0.0,-0.4666295804567182,-0.9387205953692331,-0.3886753035554917,-0.15247069472655322,1.0007230581955837,-0.5025496829947078
562792,熊汝學,Xiong Ruxue,1595,cluster2_yuan_ming,明,works_general,工部,0,0,1,0,0,0,,,,0,0,0,0,0,0,0.0,7.067932822769843e-42,0.0,-0.4666295804567182,-0.9387205953692331,-0.3886753035554917,-0.15247069472655322,-3.174087617753835e-15,-1.9987334503111837e-15
562900,張夏,Zhang Xia,975,cluster1_song_and_before,宋,works_general,工部,0,0,0,0,0,0,,,,0,0,0,0,0,2,1.0,0.0014763199485712157,0.0,-0.42161268581297245,1.5173807213961439,-0.3010146771783429,-0.15247069472655322,-3.174087617753835e-15,-1.9987334503111837e-15
563128,諶廷詔,Chen Tingzhao,1516,cluster2_yuan_ming,明,works_general,工部,0,1,0,0,0,1,115.89772,28.674896,南昌,0,0,0,0,0,0,0.0,7.067932822769843e-42,0.0,-0.4666295804567182,-0.9387205953692331,-0.3886753035554917,-0.15247069472655322,-0.044706773560632615,-0.876567068031227
563200,龔澄元,Gong Chengyuan,1574,cluster2_yuan_ming,明,hydraulic,水利/河道,0,0,0,0,0,1,115.89772,28.674896,南昌,0,0,1,0,0,0,0.0,7.067932822769843e-42,0.0,-0.4666295804567182,-0.9387205953692331,-0.3886753035554917,-0.15247069472655322,-0.044706773560632615,-0.876567068031227
563214,劉貺,Liu Kuang,998,cluster1_song_and_before,宋,construction,将作/营缮,0,0,1,0,0,1,112.38263,34.665276,洛陽,0,0,0,0,1,4,1.0,0.000674253345409682,0.0,-0.3765957911692267,1.5173807213961439,-0.34863962521035846,-0.15247069472655322,-0.8298251825437993,0.808507211599097
570888,姜諤,Jiang E,1025,cluster1_song_and_before,宋,construction,将作/营缮,0,0,0,0,0,1,119.91124,32.495872,海陵,0,0,0,0,1,0,0.0,7.067932822769843e-42,0.0,-0.4666295804567182,-0.9387205953692331,-0.3886753035554917,-0.15247069472655322,0.8517392454096123,0.1982609697034001
570923,趙隨,Zhao Sui,1029,cluster1_song_and_before,宋,construction,将作/营缮,0,0,0,0,0,0,,,,0,0,0,0,1,5,0.9,0.002599608940180023,7.152236762354244e-08,-0.3540873438473538,1.271770589719606,-0.23431625133760187,-0.15241678050483712,-3.174087617753835e-15,-1.9987334503111837e-15
571259,張正,Zhang Zheng,919,cluster1_song_and_before,後周,works_general,工部,0,0,0,0,0,1,115.968147,39.487221,范陽,0,0,0,0,0,1,0.0,0.00014814722205523634,0.0,-0.44412113313484536,-0.9387205953692331,-0.3798786478617411,-0.15247069472655322,-0.02897644113971206,2.1649045515494914
571577,任之立,Ren Zhili,1050,cluster1_song_and_before,宋,construction,将作/营缮,0,0,0,0,0,1,118.73851,36.879799,壽光,0,0,0,0,1,4,1.0,0.000476082653591056,0.0,-0.3765957911692267,1.5173807213961439,-0.3604065643425067,-0.15247069472655322,0.5898023073036662,1.4314452804611366
571594,石崧,Shi Song,978,cluster1_song_and_before,宋,works_general,工部,0,0,0,0,0,0,,,,0,0,0,0,0,1,0.0,0.0006897721631652245,0.0,-0.44412113313484536,-0.9387205953692331,-0.34771815199826767,-0.15247069472655322,-3.174087617753835e-15,-1.9987334503111837e-15
571666,藥紹言,Yao Shaoyan,854,cluster1_song_and_before,五代,works_general,工部,0,0,0,0,0,0,,,,0,0,0,0,0,0,0.0,7.067932822769843e-42,0.0,-0.4666295804567182,-0.9387205953692331,-0.3886753035554917,-0.15247069472655322,-3.174087617753835e-15,-1.9987334503111837e-15
573137,許立禮,Xu Lili,1563,cluster2_yuan_ming,明,construction,将作/营缮,0,0,1,0,0,1,118.433945,29.86577,歙縣,0,0,0,0,1,0,0.0,7.067932822769843e-42,0.0,-0.4666295804567182,-0.9387205953692331,-0.3886753035554917,-0.15247069472655322,0.521775716737858,-0.541578111123571
573203,程鑾,Cheng Luan,1685,cluster3_qing_after,清,works_general,工部,0,0,0,0,0,1,118.4339447,29.86577034,歙縣,0,0,0,0,0,0,0.0,7.067932822769843e-42,0.0,-0.4666295804567182,-0.9387205953692331,-0.3886753035554917,-0.15247069472655322,0.521775649730891,-0.5415780154826844
573545,蘇昌嗣,Su Changsi,937,cluster1_song_and_before,宋,works_general,工部,0,0,1,0,0,1,108.105102,34.332054,武功,0,0,0,0,0,0,0.0,7.067932822769843e-42,0.0,-0.4666295804567182,-0.9387205953692331,-0.3886753035554917,-0.15247069472655322,-1.7852391200933213,0.7147729540716989
575342,郭權,Guo Quan,781,cluster1_song_and_before,唐,works_general,工部,0,0,0,0,0,1,108.937189,34.317987,萬年,0,0,0,0,0,0,0.0,7.067932822769843e-42,0.0,-0.4666295804567182,-0.9387205953692331,-0.3886753035554917,-0.15247069472655322,-1.5993870305093911,0.7108159530314385
575526,董宏,Dong Hong,1682,cluster3_qing_after,清,works_general,工部,0,1,0,0,0,1,121.10775757,31.144771576,青浦,0,0,0,0,0,0,0.0,7.067932822769843e-42,0.0,-0.4666295804567182,-0.9387205953692331,-0.3886753035554917,-0.15247069472655322,1.1189892933113168,-0.18179915564424448
575944,莫象年,Mo Xiangnian,1648,cluster3_qing_after,清,works_general,工部,0,1,0,0,0,1,112.30747223,22.191947937,恩平,0,0,0,0,0,0,0.0,7.067932822769843e-42,0.0,-0.4666295804567182,-0.9387205953692331,-0.3886753035554917,-0.15247069472655322,-0.8466121634760445,-2.7001991309622158
575953,歐陽方曜,Ouyang Fangyao,1657,cluster3_qing_after,清,works_general,工部,0,1,0,0,0,1,102.71035004,25.045913696,昆明,0,0,0,0,0,0,0.0,7.067932822769843e-42,0.0,-0.4666295804567182,-0.9387205953692331,-0.3886753035554917,-0.15247069472655322,-2.9901923576189677,-1.8973879077282072
576624,汪廷棟,Wang Tingdong,1828,cluster3_qing_after,清,hydraulic,水利/河道,0,1,0,0,0,1,118.4339447,29.86577034,歙縣,0,0,1,0,0,0,0.0,7.067932822769843e-42,0.0,-0.4666295804567182,-0.9387205953692331,-0.3886753035554917,-0.15247069472655322,0.521775649730891,-0.5415780154826844
576780,馮維師,Feng Weishi,1019,cluster1_song_and_before,宋,construction,将作/营缮,0,0,0,0,0,0,,,,0,0,0,0,1,1,0.0,0.00013647608908233018,0.0,-0.44412113313484536,-0.9387205953692331,-0.38057165402746157,-0.15247069472655322,-3.174087617753835e-15,-1.9987334503111837e-15
578729,方宏靜,Fang Hongjing,1520,cluster2_yuan_ming,明,works_general,工部,0,1,0,0,0,1,118.433945,29.86577,歙縣,0,0,0,0,0,18,1.0,3.541366919163764e-05,0.0,-0.06147752866300637,1.5173807213961439,-0.3865725178912754,-0.15247069472655322,0.521775716737858,-0.541578111123571
579059,鄭俠如,Zheng Xiaru,1599,cluster2_yuan_ming,明,works_general,工部,0,0,0,0,0,1,118.433945,29.86577,歙縣,0,0,0,0,0,0,0.0,7.067932822769843e-42,0.0,-0.4666295804567182,-0.9387205953692331,-0.3886753035554917,-0.15247069472655322,0.521775716737858,-0.541578111123571
684063,孫延郃,Sun Yanhe,896,cluster1_song_and_before,五代,works_general,工部,0,0,0,0,0,1,115.318095,36.525088,館陶,0,0,0,0,0,0,0.0,7.067932822769843e-42,0.0,-0.4666295804567182,-0.9387205953692331,-0.3886753035554917,-0.15247069472655322,-0.17416981940209714,1.331666237595416
684185,席啟㝢,Xi Qiyu,1638,cluster2_yuan_ming,清,works_general,工部,0,0,0,0,0,1,120.618622,31.31271,吳縣,0,0,0,0,0,0,0.0,7.067932822769843e-42,0.0,-0.4666295804567182,-0.9387205953692331,-0.3886753035554917,-0.15247069472655322,1.0097376552322135,-0.1345586268557452
684322,楊公亶,Yang Gongdan,1018,cluster1_song_and_before,宋,construction,将作/营缮,0,0,0,0,0,0,,,,0,0,0,0,1,1,0.0,5.272818928661116e-06,0.0,-0.44412113313484536,-0.9387205953692331,-0.3883622151829428,-0.15247069472655322,-3.174087617753835e-15,-1.9987334503111837e-15
686170,羅愷,Luo Kai,1027,cluster1_song_and_before,宋,works_general,工部,0,1,0,0,0,1,115.186172,24.060003,龍川,0,0,0,0,0,0,0.0,7.067932822769843e-42,0.0,-0.4666295804567182,-0.9387205953692331,-0.3886753035554917,-0.15247069472655322,-0.20363568681041005,-2.1747213583343514
689212,任康,Ren Kang,1028,cluster1_song_and_before,宋,construction,将作/营缮,0,0,0,0,0,1,118.73851,36.879799,壽光,0,0,0,0,1,0,0.0,7.067932822769843e-42,0.0,-0.4666295804567182,-0.9387205953692331,-0.3886753035554917,-0.15247069472655322,0.5898023073036662,1.4314452804611366
689429,李蔚,Li Wei,1620,cluster2_yuan_ming,清,works_general,工部,0,1,0,0,0,1,119.0228653,31.656557083,溧水,0,0,0,0,0,0,0.0,7.067932822769843e-42,0.0,-0.4666295804567182,-0.9387205953692331,-0.3886753035554917,-0.15247069472655322,0.653314928807506,-0.037835568270277606
690118,王正規,Wang Zhenggui,982,cluster1_song_and_before,宋,construction,将作/营缮,0,0,0,0,0,1,114.500061,37.439831,臨城,0,0,0,0,1,2,1.0,6.592130217652657e-05,0.0,-0.42161268581297245,1.5173807213961439,-0.3847610418495625,-0.15247069472655322,-0.3568830792543722,1.5889804483419603
690119,王正臣,Wang Zhengchen,982,cluster1_song_and_before,宋,construction,将作/营缮,0,0,0,0,0,1,114.500061,37.439831,臨城,0,0,0,0,1,2,1.0,6.592130217652657e-05,0.0,-0.42161268581297245,1.5173807213961439,-0.3847610418495625,-0.15247069472655322,-0.3568830792543722,1.5889804483419603
690127,王正思,Wang Zhengsi,1008,cluster1_song_and_before,宋,construction,将作/营缮,0,0,0,0,0,1,114.500061,37.439831,臨城,0,0,0,0,1,2,1.0,6.323031483723962e-05,0.0,-0.42161268581297245,1.5173807213961439,-0.3849208267498229,-0.15247069472655322,-0.3568830792543722,1.5889804483419603
690188,馬籍,Ma Ji,942,cluster1_song_and_before,宋,construction,将作/营缮,0,1,0,0,0,1,103.45682526,30.416589737,邛州,0,0,0,0,1,0,0.0,7.067932822769843e-42,0.0,-0.4666295804567182,-0.9387205953692331,-0.3886753035554917,-0.15247069472655322,-2.8234622206746036,-0.38663432266082975
690192,劉藏用,Liu Cangyong,953,cluster1_song_and_before,宋,works_general,工部,0,1,0,0,0,1,112.38263,34.665276,洛陽,0,0,0,0,0,0,0.0,7.067932822769843e-42,0.0,-0.4666295804567182,-0.9387205953692331,-0.3886753035554917,-0.15247069472655322,-0.8298251825437993,0.808507211599097
690925,汪思蔚,Wang Siwei,1733,cluster3_qing_after,清,works_general,工部,0,0,0,0,0,1,117.93021393,29.933116913,黟縣,0,0,0,0,0,0,0.0,7.067932822769843e-42,0.0,-0.4666295804567182,-0.9387205953692331,-0.3886753035554917,-0.15247069472655322,0.4092640779935333,-0.5226336450114383
690938,余俊,Yu Jun,1746,cluster3_qing_after,清,medical,医学/医官,0,0,0,0,0,1,117.93021393,29.933116913,黟縣,0,1,0,0,0,0,0.0,7.067932822769843e-42,0.0,-0.4666295804567182,-0.9387205953692331,-0.3886753035554917,-0.15247069472655322,0.4092640779935333,-0.5226336450114383
691329,杜子華,Du Zihua,1536,cluster2_yuan_ming,明,medical,医学/医官,0,0,0,0,0,1,120.297668,31.574614,無錫,0,1,0,0,0,0,0.0,7.067932822769843e-42,0.0,-0.4666295804567182,-0.9387205953692331,-0.3886753035554917,-0.15247069472655322,0.938050474011595,-0.06088588921100437
691516,曹仁,Cao Ren,1355,cluster2_yuan_ming,明,works_general,工部,0,1,0,0,0,1,120.932022,30.517859,海鹽,0,0,0,0,0,0,0.0,7.067932822769843e-42,0.0,-0.4666295804567182,-0.9387205953692331,-0.3886753035554917,-0.15247069472655322,1.0797376010018311,-0.3581476105660339
692004,沈允芳,Shen Yunfang,1598,cluster2_yuan_ming,明,works_general,工部,0,1,0,0,0,1,120.932022,30.517859,海鹽,0,0,0,0,0,2,0.0,1.5987336799815692e-34,0.0,-0.42161268581297245,-0.9387205953692331,-0.3886753035554917,-0.15247069472655322,1.0797376010018311,-0.3581476105660339
692609,王道,Wang Dao,1427,cluster2_yuan_ming,明,works_general,工部,0,1,0,0,0,1,115.671104,32.18354,固始,0,0,0,0,0,0,0.0,7.067932822769843e-42,0.0,-0.4666295804567182,-0.9387205953692331,-0.3886753035554917,-0.15247069472655322,-0.09532294366442363,0.11040300077563678
694310,凌行堂,Ling Xingtang,1829,cluster3_qing_after,清,hydraulic,水利/河道,0,1,0,0,0,1,121.54265594,29.866315842,鄞縣,0,0,1,0,0,0,0.0,7.067932822769843e-42,0.0,-0.4666295804567182,-0.9387205953692331,-0.3886753035554917,-0.15247069472655322,1.216126696997644,-0.5414245675562284
694852,盛皚,Sheng Ai,1434,cluster2_yuan_ming,明,medical,医学/医官,0,0,0,0,0,1,120.637787,31.167065,吳江,0,1,0,0,0,1,0.0,3.0219008745163854e-06,0.0,-0.44412113313484536,-0.9387205953692331,-0.38849586973847516,-0.15247069472655322,1.0140182836963958,-0.17552808846865717
695366,董允霖,Dong Yunlin,1659,cluster3_qing_after,清,hydraulic,水利/河道,0,0,0,0,0,1,121.54265594,29.866315842,鄞縣,0,0,1,0,0,0,0.0,7.067932822769843e-42,0.0,-0.4666295804567182,-0.9387205953692331,-0.3886753035554917,-0.15247069472655322,1.216126696997644,-0.5414245675562284
696195,楊仲安,Yang Zhongan,1030,cluster1_song_and_before,宋,construction,将作/营缮,0,0,0,0,0,0,,,,0,0,0,0,1,2,1.0,5.5999880830430706e-05,0.0,-0.42161268581297245,1.5173807213961439,-0.3853501539933035,-0.15247069472655322,-3.174087617753835e-15,-1.9987334503111837e-15
696581,石祖賢,Shi Zuxian,1033,cluster1_song_and_before,宋,construction,将作/营缮,0,0,0,0,0,0,,,,0,0,0,0,1,4,0.6666666666666666,0.0016395661052451035,8.582009555700751e-05,-0.3765957911692267,0.6986802824743514,-0.2913214800082141,-0.08777871355628858,-3.174087617753835e-15,-1.9987334503111837e-15
696583,石祖元,Shi Zuyuan,1033,cluster1_song_and_before,宋,construction,将作/营缮,0,0,0,0,0,0,,,,0,0,0,0,1,4,0.6666666666666666,0.0016395661052451035,8.582009555700751e-05,-0.3765957911692267,0.6986802824743514,-0.2913214800082141,-0.08777871355628858,-3.174087617753835e-15,-1.9987334503111837e-15
696584,石祖良,Shi Zuliang,1033,cluster1_song_and_before,宋,construction,将作/营缮,0,0,0,0,0,0,,,,0,0,0,0,1,2,1.0,2.6421021622151735e-05,0.0,-0.42161268581297245,1.5173807213961439,-0.38710648149414684,-0.15247069472655322,-3.174087617753835e-15,-1.9987334503111837e-15
696908,黎伯巽,Li Boxun,1256,cluster1_song_and_before,宋,military_industrial,军器/制造,0,1,0,0,0,0,,,,0,0,0,1,0,1,0.0,5.154202235833767e-06,0.0,-0.44412113313484536,-0.9387205953692331,-0.38836925838086345,-0.15247069472655322,-3.174087617753835e-15,-1.9987334503111837e-15
696921,璩悚,Qu Song,868,cluster1_song_and_before,唐,works_general,工部,0,0,0,0,0,1,117.202271,28.287901,貴溪,0,0,0,0,0,0,0.0,7.067932822769843e-42,0.0,-0.4666295804567182,-0.9387205953692331,-0.3886753035554917,-0.15247069472655322,0.2466732495845473,-0.9854274943890766
697054,蔡勖,Cai Xu,1010,cluster1_song_and_before,宋,works_general,工部,0,0,0,0,0,1,119.94828,36.788235,膠水,0,0,0,0,0,8,1.0,0.004318939173027282,0.0,-0.2865620018817352,1.5173807213961439,-0.1322262096048295,-0.15247069472655322,0.8600123723761278,1.4056886270701883
697077,任迥,Ren Jiong,1016,cluster1_song_and_before,宋,works_general,工部,0,0,0,0,0,0,,,,0,0,0,0,0,0,0.0,7.067932822769843e-42,0.0,-0.4666295804567182,-0.9387205953692331,-0.3886753035554917,-0.15247069472655322,-3.174087617753835e-15,-1.9987334503111837e-15
697106,張鎡,Zhang Zi,1377,cluster2_yuan_ming,明,works_general,工部,0,0,0,0,0,1,120.73346,28.852207,仙居,0,0,0,0,0,0,0.0,7.067932822769843e-42,0.0,-0.4666295804567182,-0.9387205953692331,-0.3886753035554917,-0.15247069472655322,1.0353874758202501,-0.8266900643026602
697621,盧震,Lu Zhen,1012,cluster1_song_and_before,宋,works_general,工部,0,1,0,0,0,1,115.01371,35.705147,濮陽,0,0,0,0,0,3,1.0,0.0006920546655443235,0.0,-0.3991042384910996,1.5173807213961439,-0.3475826220350962,-0.15247069472655322,-0.24215620578717925,1.1010195190376002
697636,劉舜卿,Liu Shunqing,992,cluster1_song_and_before,宋,works_general,工部,0,1,0,0,0,1,114.34333,34.785477,開封,0,0,0,0,0,0,0.0,7.067932822769843e-42,0.0,-0.4666295804567182,-0.9387205953692331,-0.3886753035554917,-0.15247069472655322,-0.3918899761925293,0.8423193593235898
698679,瞿敬邦,Qu Jingbang,1791,cluster3_qing_after,清,works_general,工部,0,1,0,0,0,1,119.95230103,31.782783508,武進,0,0,0,0,0,0,0.0,7.067932822769843e-42,0.0,-0.4666295804567182,-0.9387205953692331,-0.3886753035554917,-0.15247069472655322,0.8609104958028614,-0.002328488222402521
699122,戴瑞,Dai Rui,1528,cluster2_yuan_ming,明,works_general,工部,0,1,0,0,0,1,120.73346,28.852207,仙居,0,0,0,0,0,0,0.0,7.067932822769843e-42,0.0,-0.4666295804567182,-0.9387205953692331,-0.3886753035554917,-0.15247069472655322,1.0353874758202501,-0.8266900643026602
699428,李宗孟,Li Zongmeng,1007,cluster1_song_and_before,宋,construction,将作/营缮,0,0,0,1,0,1,113.81974792,34.031391144,許州,0,0,0,0,1,2,1.0,0.0002777105721261421,0.0,-0.42161268581297245,1.5173807213961439,-0.37218546154821247,-0.15247069472655322,-0.508835468234467,0.6301974771427228
699468,李經,Li Jing,1037,cluster1_song_and_before,宋,construction,将作/营缮,0,0,0,0,0,0,,,,0,0,0,0,1,1,0.0,0.000101652798940685,0.0,-0.44412113313484536,-0.9387205953692331,-0.38263938428422883,-0.15247069472655322,-3.174087617753835e-15,-1.9987334503111837e-15
699631,任中孚,Ren Zhongfu,30,cluster1_song_and_before,宋,hydraulic,水利/河道,0,0,0,0,0,1,104.077995,30.650385,成都,0,0,1,0,0,2,1.0,8.214785971249928e-33,0.0,-0.42161268581297245,1.5173807213961439,-0.3886753035554917,-0.15247069472655322,-2.6847198846384606,-0.32086848069743024
699635,章仁守,Zhang Renshou,1032,cluster1_song_and_before,宋,construction,将作/营缮,0,0,0,0,0,0,,,,0,0,0,0,1,1,0.0,3.7056323637843556e-36,0.0,-0.44412113313484536,-0.9387205953692331,-0.3886753035554917,-0.15247069472655322,-3.174087617753835e-15,-1.9987334503111837e-15
699640,任允孚,Ren Yunfu,30,cluster1_song_and_before,宋,works_general,工部,0,0,0,0,0,1,104.077995,30.650385,成都,0,0,0,0,0,2,1.0,8.214785971249928e-33,0.0,-0.42161268581297245,1.5173807213961439,-0.3886753035554917,-0.15247069472655322,-2.6847198846384606,-0.32086848069743024
699695,林倩,Lin Qian,989,cluster1_song_and_before,宋,military_industrial,军器/制造,0,0,0,0,0,1,117.806282,26.797091,順昌,0,0,0,1,0,11,0.4727272727272727,0.0034180207383420415,3.3270068716544707e-06,-0.21903665991611654,0.22234548164712686,-0.18572076163310816,-0.14996276619888754,0.38158306848771373,-1.4047874660128608
699791,朱祥,Zhu Xiang,1554,cluster2_yuan_ming,明,works_general,工部,0,0,0,0,0,1,116.448669,36.286934,平陰,0,0,0,0,0,2,1.0,8.214785971249928e-33,0.0,-0.42161268581297245,1.5173807213961439,-0.3886753035554917,-0.15247069472655322,0.07835129957856372,1.2646742971857807
699794,朱同芳,Zhu Tongfang,1584,cluster2_yuan_ming,明,works_general,工部,0,0,0,0,0,1,116.448669,36.286934,平陰,0,0,0,0,0,2,1.0,8.214785971249928e-33,0.0,-0.42161268581297245,1.5173807213961439,-0.3886753035554917,-0.15247069472655322,0.07835129957856372,1.2646742971857807
700027,沈縉,Shen Jin,1355,cluster2_yuan_ming,明,works_general,工部,0,1,0,0,0,1,120.168625,30.294125,錢塘,0,0,0,0,0,0,0.0,7.067932822769843e-42,0.0,-0.4666295804567182,-0.9387205953692331,-0.3886753035554917,-0.15247069472655322,0.9092278734948482,-0.4210832521912416
700129,孫鑄,Sun Zhu,981,cluster1_song_and_before,宋,construction,将作/营缮,0,0,0,0,0,1,112.38263,34.665276,洛陽,0,0,0,0,1,1,0.0,0.0004222117004392807,0.0,-0.44412113313484536,-0.9387205953692331,-0.3636053028689277,-0.15247069472655322,-0.8298251825437993,0.808507211599097
700146,張景晟,Zhang Jingsheng,1022,cluster1_song_and_before,宋,works_general,工部,0,1,0,0,0,1,112.38263,34.665276,洛陽,0,0,0,0,0,21,0.3761904761904762,0.0056742334230599056,0.00011883949742875119,0.006047813302612277,-0.014758671443210383,-0.05175182260071942,-0.06288838326387697,-0.8298251825437993,0.808507211599097
700465,沈群玉,Shen Qunyu,1031,cluster1_song_and_before,宋,works_general,工部,0,0,0,0,0,0,,,,0,0,0,0,0,1,0.0,3.7056323637843556e-36,0.0,-0.44412113313484536,-0.9387205953692331,-0.3886753035554917,-0.15247069472655322,-3.174087617753835e-15,-1.9987334503111837e-15
700520,沈文禎,Shen Wenzhen,971,cluster1_song_and_before,宋,works_general,工部,0,0,0,0,0,0,,,,0,0,0,0,0,1,0.0,3.7056323637843556e-36,0.0,-0.44412113313484536,-0.9387205953692331,-0.3886753035554917,-0.15247069472655322,-3.174087617753835e-15,-1.9987334503111837e-15
