mpnet_id,id,name_zh,cluster,degree,betweenness,clustering,eigenvector,cluster1_song_and_before,cluster2_yuan_ming,cluster3_qing_after
1,3,安燾,cluster1_song_and_before,59,3.8747981484044205e-05,0.5511396843950906,0.025126089359008414,1,0,0
2,4,查道,cluster1_song_and_before,26,0.0001568463650450978,0.5476923076923077,0.005816924742344872,1,0,0
3,10,晁謙之,cluster1_song_and_before,2,0.0,1.0,0.0011038773547544691,1,0,0
4,13,晁補之,cluster1_song_and_before,229,0.006096837263072519,0.30184631885390334,0.0856081595940747,1,0,0
5,15,陳安期,cluster1_song_and_before,11,5.0187238350453345e-08,0.8727272727272727,0.004294731087741535,1,0,0
6,16,陳安民,cluster1_song_and_before,22,0.0,1.0,0.012931068501610401,1,0,0
7,18,陳安道,cluster1_song_and_before,15,1.9585577272726894e-06,0.6571428571428571,0.005734936626087043,1,0,0
8,22,陳求道,cluster1_song_and_before,4,0.0,1.0,0.0016531840488206672,1,0,0
9,25,陳洎,cluster1_song_and_before,20,3.473944233932052e-06,0.8052631578947368,0.0084348129537594,1,0,0
10,28,陳絳,cluster1_song_and_before,0,0.0,0.0,7.067932822769843e-42,1,0,0
11,33,陳知儉,cluster1_song_and_before,76,0.00038136672245985914,0.45649122807017545,0.03039020168624957,1,0,0
12,34,陳執中,cluster1_song_and_before,54,0.00043997204903353776,0.47379454926624737,0.022278374646083825,1,0,0
13,36,陳之淵,cluster1_song_and_before,8,1.0913198763017669e-06,0.7142857142857143,0.0033998693772488426,1,0,0
14,37,陳靖,cluster1_song_and_before,5,3.998902537289031e-06,0.6,0.0015361793304938542,1,0,0
15,53,陳紘,cluster1_song_and_before,9,0.0,1.0,0.004256731021180351,1,0,0
16,56,陳若拙,cluster1_song_and_before,1,0.0,0.0,0.0001795039641858856,1,0,0
17,62,陳康伯,cluster1_song_and_before,75,0.00018014342143112623,0.5066666666666667,0.029736381661093436,1,0,0
18,63,陳膏,cluster1_song_and_before,2,6.722402022797706e-08,0.0,0.0003324076023946903,1,0,0
19,67,陳貫,cluster1_song_and_before,72,9.241078086623951e-05,0.5007824726134585,0.029445703685204744,1,0,0
20,78,陳世卿,cluster1_song_and_before,40,0.00040778753643908754,0.6884615384615385,0.017125083197606236,1,0,0
21,79,陳師錫,cluster1_song_and_before,139,0.000913764203370755,0.3856740694401001,0.05174586692831392,1,0,0
22,93,陳從易,cluster1_song_and_before,34,2.1714397145385943e-06,0.9233511586452763,0.01447621536283723,1,0,0
23,94,陳敦夫,cluster1_song_and_before,10,0.0,1.0,0.006747752158923473,1,0,0
24,98,陳堯佐,cluster1_song_and_before,171,0.0008432600873367252,0.4018575851393189,0.07042289177447174,1,0,0
25,99,陳堯咨,cluster1_song_and_before,76,0.00017202520811571557,0.4670175438596491,0.028143611851992597,1,0,0
26,105,陳祐甫,cluster1_song_and_before,0,0.0,0.0,7.067932822769843e-42,1,0,0
27,116,程戡,cluster1_song_and_before,130,0.00014690204992275698,0.5707811568276685,0.06207502206474021,1,0,0
28,117,程克俊,cluster1_song_and_before,30,0.00044907464345767895,0.48735632183908045,0.01084563226704771,1,0,0
29,118,程琳,cluster1_song_and_before,171,0.003841892539069836,0.5059511523907809,0.08206092001475823,1,0,0
30,122,程師孟,cluster1_song_and_before,129,0.0036971872235250724,0.5181686046511628,0.057527455415227455,1,0,0
31,123,程嗣恭,cluster1_song_and_before,15,2.3419632008002015e-06,0.6476190476190476,0.008372827708043271,1,0,0
32,128,程瑀,cluster1_song_and_before,108,0.0031789724273795926,0.33714087919695396,0.031897938805180756,1,0,0
33,145,錢勰,cluster1_song_and_before,174,0.00026053983308519865,0.4859477775563085,0.08317078051479367,1,0,0
34,149,錢時敏,cluster1_song_and_before,0,0.0,0.0,7.067932822769843e-42,1,0,0
35,150,錢端禮,cluster1_song_and_before,68,8.488368278816363e-05,0.6839332748024582,0.027233275151772214,1,0,0
36,152,錢遹,cluster1_song_and_before,25,5.600491961048519e-06,0.66,0.007268865764340826,1,0,0
37,168,詹大方,cluster1_song_and_before,1,0.0,0.0,3.6810161753055e-05,1,0,0
38,171,詹棫,cluster1_song_and_before,1,0.0,0.0,0.0005229059026107844,1,0,0
39,172,湛俞,cluster1_song_and_before,28,0.0,1.0,0.01050982280781566,1,0,0
40,174,張闡,cluster1_song_and_before,171,0.0003561687575632361,0.38321293429652564,0.055844981637263175,1,0,0
41,185,張去華,cluster1_song_and_before,37,0.0001182665943184135,0.3633633633633634,0.00902959914131083,1,0,0
42,197,張頡,cluster1_song_and_before,30,4.156344659504402e-05,0.7149425287356321,0.013722621866170816,1,0,0
43,198,張鑑,cluster1_song_and_before,1,0.0,0.0,0.00019921902998700847,1,0,0
44,200,張知白,cluster1_song_and_before,26,1.6904654807057642e-05,0.4523076923076923,0.009567563591603422,1,0,0
45,205,張景憲,cluster1_song_and_before,82,0.00023050024637805318,0.4676302318578741,0.032473571398029866,1,0,0
46,211,張浚,cluster1_song_and_before,249,0.013741086362227905,0.222664852960228,0.06489814974486842,1,0,0
47,213,張中庸,cluster1_song_and_before,46,1.4049862731825006e-05,0.9342995169082126,0.022319583504199186,1,0,0
48,217,張方平,cluster1_song_and_before,392,0.007088833912165892,0.19279450910799104,0.125643642104925,1,0,0
49,218,張傅,cluster1_song_and_before,0,0.0,0.0,7.067932822769843e-42,1,0,0
50,223,張錫,cluster1_song_and_before,109,2.4319452694921468e-05,0.7171253822629969,0.05782383119324224,1,0,0
51,237,張徽,cluster1_song_and_before,71,1.5647526763339407e-05,0.7038229376257545,0.032867208944755644,1,0,0
52,245,張若谷,cluster1_song_and_before,99,2.4242046011068012e-05,0.8000412286126571,0.055659360827129474,1,0,0
53,249,張可久,cluster1_song_and_before,1,0.0,0.0,3.822260027766392e-05,1,0,0
54,252,張綱,cluster1_song_and_before,93,9.659145983387178e-05,0.6002805049088359,0.03640749000477171,1,0,0
55,257,張鞏,cluster1_song_and_before,1,0.0,0.0,0.0005674195825019751,1,0,0
56,262,張沔,cluster1_song_and_before,52,0.000488497255230828,0.3838612368024133,0.01877324716400066,1,0,0
57,267,張保雍,cluster1_song_and_before,108,7.000736507435521e-05,0.7163378331602631,0.05674329824980972,1,0,0
58,268,張佖,cluster1_song_and_before,17,1.351001161577755e-05,0.41911764705882354,0.00511242121914224,1,0,0
59,269,張秉,cluster1_song_and_before,10,1.2309346292203223e-05,0.5777777777777777,0.001884877309970657,1,0,0
60,271,張掞,cluster1_song_and_before,67,0.00010901567668793938,0.5902306648575305,0.030733831423159216,1,0,0
61,279,張士遜,cluster1_song_and_before,65,0.0013599319514728352,0.47115384615384615,0.024725225149914338,1,0,0
62,280,張師德,cluster1_song_and_before,21,2.9511255107323076e-05,0.4714285714285714,0.006122507662987322,1,0,0
63,282,張師顏,cluster1_song_and_before,10,1.9172239210010625e-06,0.7555555555555555,0.002607166946601992,1,0,0
64,283,張綬,cluster1_song_and_before,19,0.0,1.0,0.006178961199108876,1,0,0
65,295,張唐民,cluster1_song_and_before,79,1.3063990440382954e-06,0.9782538136968517,0.04728473797260572,1,0,0
66,299,張存,cluster1_song_and_before,68,8.246428741818439e-05,0.6185250219490781,0.02964683261081217,1,0,0
67,301,張璪,cluster1_song_and_before,24,5.262030257029794e-05,0.5398550724637681,0.01154114052173117,1,0,0
68,310,張洞,cluster1_song_and_before,76,0.00010532584270057737,0.659298245614035,0.0350583174668306,1,0,0
69,315,張琬,cluster1_song_and_before,58,4.096844059399884e-05,0.7707199032062916,0.030435121169207487,1,0,0
70,318,張昷之,cluster1_song_and_before,109,0.0002588782265403356,0.6252123683316344,0.054163117373519976,1,0,0
71,325,張宇,cluster1_song_and_before,12,2.399292768630331e-06,0.8636363636363636,0.005025531178908582,1,0,0
72,326,張友直,cluster1_song_and_before,23,1.544295547106608e-05,0.5375494071146245,0.00854244036045561,1,0,0
73,330,張雍,cluster1_song_and_before,2,0.0,1.0,8.214785971249928e-33,1,0,0
74,332,張詠,cluster1_song_and_before,186,0.001794176696462128,0.33699505957570475,0.07130177302350453,1,0,0
75,334,章傑,cluster1_song_and_before,53,3.1983085905446685e-05,0.6240928882438317,0.016039786247544506,1,0,0
76,345,章楶,cluster1_song_and_before,77,3.297885904293052e-05,0.6377306903622693,0.03706368239350818,1,0,0
77,348,趙昌言,cluster1_song_and_before,21,0.00025554624569666673,0.4380952380952381,0.006219477484978975,1,0,0
78,371,趙令鑠,cluster1_song_and_before,0,0.0,0.0,7.067932822769843e-42,1,0,0
79,373,趙霈,cluster1_song_and_before,64,2.823861007459751e-05,0.8333333333333334,0.0322921782583647,1,0,0
80,375,趙抃,cluster1_song_and_before,315,0.002650052230017305,0.23712465878070974,0.10610544666155097,1,0,0
81,380,趙不棄,cluster1_song_and_before,37,1.658982514464954e-06,0.9474474474474475,0.008677170780019824,1,0,0
82,383,趙不溢,cluster1_song_and_before,0,0.0,0.0,7.067932822769843e-42,1,0,0
83,391,李秬,cluster1_song_and_before,2,0.0,1.0,0.0011702527685994361,1,0,0
84,402,趙揚,cluster1_song_and_before,12,1.3880627337105953e-06,0.9090909090909091,0.0071185803090391105,1,0,0
85,405,折彥質,cluster1_song_and_before,109,0.001990402959660711,0.47876316683656134,0.03955680972271958,1,0,0
86,416,鄭驤,cluster1_song_and_before,2,0.0,1.0,0.0004155570478156672,1,0,0
87,419,鄭鬲,cluster1_song_and_before,0,0.0,0.0,7.067932822769843e-42,1,0,0
88,420,李誡,cluster1_song_and_before,14,1.5597498172786748e-05,0.5274725274725275,0.004094807739548858,1,0,0
89,423,鄭天益,cluster1_song_and_before,0,0.0,0.0,7.067932822769843e-42,1,0,0
90,427,鄭望之,cluster1_song_and_before,14,2.9756653274889225e-06,0.7362637362637363,0.006792093214129752,1,0,0
91,434,賈安宅,cluster1_song_and_before,10,0.00017167593220265346,0.7111111111111111,0.004743639601298855,1,0,0
92,453,江嗣宗,cluster1_song_and_before,1,0.0,0.0,0.0009989091535353761,1,0,0
93,456,姜詵,cluster1_song_and_before,43,4.543901058967099e-06,0.7452934662236987,0.00990461499606831,1,0,0
94,460,蔣及祖,cluster1_song_and_before,1,0.0,0.0,3.8221054716529666e-05,1,0,0
95,487,周沆,cluster1_song_and_before,54,3.5926365831435e-05,0.7610062893081762,0.023826202260401448,1,0,0
96,512,朱昂,cluster1_song_and_before,16,1.774481597938451e-05,0.5166666666666667,0.006587090214962451,1,0,0
97,513,朱昌符,cluster1_song_and_before,3,5.31723020799303e-08,0.3333333333333333,0.00012361737898105817,1,0,0
98,521,朱巽,cluster1_song_and_before,15,1.1671702376727353e-06,0.8571428571428571,0.00920530650405532,1,0,0
99,530,朱壽隆,cluster1_song_and_before,2,0.0,1.0,9.97991399783036e-05,1,0,0
100,531,朱台符,cluster1_song_and_before,10,2.0242891032080446e-05,0.6222222222222222,0.0029799195534290276,1,0,0
101,549,鍾浚,cluster1_song_and_before,0,0.0,0.0,7.067932822769843e-42,1,0,0
102,557,樊賓,cluster1_song_and_before,0,0.0,0.0,7.067932822769843e-42,1,0,0
103,559,范純仁,cluster1_song_and_before,405,0.006043534578137468,0.1800757853563134,0.12382031906213435,1,0,0
104,561,范純粹,cluster1_song_and_before,143,0.00037312903828134135,0.43199054466660103,0.05961149925912888,1,0,0
105,562,范沖,cluster1_song_and_before,126,0.0036336528386292067,0.4280634920634921,0.05078555161922295,1,0,0
106,569,范諷,cluster1_song_and_before,27,6.493183051400818e-05,0.5897435897435898,0.013366813053030484,1,0,0
107,571,范祥,cluster1_song_and_before,2,0.0,1.0,0.002011260132534521,1,0,0
108,586,范子奇,cluster1_song_and_before,66,0.00026520537535999555,0.7118881118881119,0.03380525397605205,1,0,0
109,589,范子淵,cluster1_song_and_before,4,2.2489422766834563e-06,0.5,0.0009581549291332919,1,0,0
110,593,范雍,cluster1_song_and_before,78,0.00025927194294455484,0.5467865467865468,0.03495362373651395,1,0,0
111,596,方仲荀,cluster1_song_and_before,11,0.0,1.0,0.0023028525323702752,1,0,0
112,597,方偕,cluster1_song_and_before,32,9.344181871007864e-05,0.6915322580645161,0.013717073783975353,1,0,0
113,598,方略,cluster1_song_and_before,0,0.0,0.0,7.067932822769843e-42,1,0,0
114,602,方澤,cluster1_song_and_before,37,0.00012451312972782815,0.6891891891891891,0.019124597257718933,1,0,0
115,606,馮拯,cluster1_song_and_before,38,0.000579960103809338,0.49644381223328593,0.016938140311489762,1,0,0
116,621,傅求,cluster1_song_and_before,38,3.824423599367498e-06,0.7183499288762447,0.019102639723899983,1,0,0
117,628,富弼,cluster1_song_and_before,432,0.006440989008940153,0.18106041075878662,0.13523822783561432,1,0,0
118,629,富元衡,cluster1_song_and_before,49,0.0,1.0,0.028577298542388455,1,0,0
119,630,韓琦,cluster1_song_and_before,438,0.010781522315802535,0.15414354826912427,0.12397533248583896,1,0,0
120,631,韓跂,cluster1_song_and_before,20,7.634926469112862e-06,0.5736842105263158,0.008535458067129931,1,0,0
121,634,韓縝,cluster1_song_and_before,123,0.00045521256829876816,0.39917366386778624,0.04923690434894864,1,0,0
122,636,韓絳,cluster1_song_and_before,223,0.0009655171328888344,0.32695026865430454,0.08666439088657196,1,0,0
123,642,韓琚,cluster1_song_and_before,56,4.76461591516773e-05,0.5980519480519481,0.02362244906942819,1,0,0
124,646,韓肖胄,cluster1_song_and_before,11,9.122142476238187e-07,0.8545454545454545,0.0037750149901694396,1,0,0
125,655,韓鐸,cluster1_song_and_before,1,0.0,0.0,0.0011603962349258064,1,0,0
126,656,韓粹彥,cluster1_song_and_before,42,3.00085789667134e-05,0.6724738675958188,0.016607785429979764,1,0,0
127,663,韓宗道,cluster1_song_and_before,68,6.974937651783679e-05,0.5535557506584723,0.03060891019732527,1,0,0
128,664,韓宗彥,cluster1_song_and_before,155,0.0001400176439290276,0.5928780896522832,0.08043545777598053,1,0,0
129,667,韓彥直,cluster1_song_and_before,50,5.969548752871724e-06,0.926530612244898,0.02117380847932473,1,0,0
130,673,何昌言,cluster1_song_and_before,1,0.0,0.0,0.00040805703055487826,1,0,0
131,680,何俌,cluster1_song_and_before,3,1.37376497708389e-05,0.3333333333333333,0.0014790631363160898,1,0,0
132,685,何郯,cluster1_song_and_before,91,5.275231606244525e-05,0.7965811965811965,0.04986881491180131,1,0,0
133,686,何琬,cluster1_song_and_before,1,0.0,0.0,0.0009000619102422917,1,0,0
134,690,侯陟,cluster1_song_and_before,3,0.0,1.0,1.7164187351871637e-05,1,0,0
135,694,侯叔獻,cluster1_song_and_before,2,0.0,1.0,0.0015836278852797785,1,0,0
136,698,夏安期,cluster1_song_and_before,19,2.604072960840781e-05,0.6198830409356725,0.010063485884631488,1,0,0
137,704,向傳式,cluster1_song_and_before,6,1.398755430906611e-07,0.6666666666666666,0.0006128843886250215,1,0,0
138,709,向宗儒,cluster1_song_and_before,1,0.0,0.0,2.486908911687752e-05,1,0,0
139,716,蕭振,cluster1_song_and_before,16,0.00020154331813911923,0.8,0.009295109352409068,1,0,0
140,718,蕭固,cluster1_song_and_before,86,0.00017596468448465783,0.9559507523939809,0.05064429861838833,1,0,0
141,721,蕭倫,cluster1_song_and_before,0,0.0,0.0,7.067932822769843e-42,1,0,0
142,726,謝伋,cluster1_song_and_before,29,4.013162623411237e-06,0.6773399014778325,0.009332258344608794,1,0,0
143,728,謝景溫,cluster1_song_and_before,147,0.0011736351870593165,0.5351784549436213,0.07174103390352493,1,0,0
144,741,熊彥詩,cluster1_song_and_before,3,0.0,1.0,0.0013567167942098053,1,0,0
145,743,徐琛,cluster1_song_and_before,8,0.0,1.0,0.0016068295951507702,1,0,0
146,754,徐休復,cluster1_song_and_before,0,0.0,0.0,7.067932822769843e-42,1,0,0
147,770,徐的,cluster1_song_and_before,136,1.960236983497725e-05,0.7101307189542484,0.07602114543383963,1,0,0
148,780,許幾,cluster1_song_and_before,44,5.069282054504792e-05,0.671247357293869,0.01902888785947227,1,0,0
149,784,許驤,cluster1_song_and_before,46,1.5500044429720886e-05,0.957487922705314,0.023815187848310656,1,0,0
150,793,許暘,cluster1_song_and_before,42,2.0639137030265105e-05,0.727061556329849,0.00820766359764983,1,0,0
151,796,許尹,cluster1_song_and_before,0,0.0,0.0,7.067932822769843e-42,1,0,0
152,797,許元,cluster1_song_and_before,98,3.073538145389684e-05,0.7572059751735746,0.053067959997280215,1,0,0
153,805,薛良朋,cluster1_song_and_before,55,7.422803867059335e-06,0.8323232323232324,0.022855925433949528,1,0,0
154,810,薛映,cluster1_song_and_before,21,2.7891198110501753e-05,0.5,0.007921558814958431,1,0,0
155,818,胡奕脩,cluster1_song_and_before,19,1.2288669923171902e-05,0.5789473684210527,0.006636915276815002,1,0,0
156,826,胡松年,cluster1_song_and_before,46,1.5588187693576007e-05,0.7130434782608696,0.01222843621198004,1,0,0
157,828,胡旦,cluster1_song_and_before,20,8.375029490432819e-05,0.4105263157894737,0.0058019214725014675,1,0,0
158,830,胡宗回,cluster1_song_and_before,28,2.2066522353934428e-05,0.5608465608465608,0.012786671976948579,1,0,0
159,832,胡宗炎,cluster1_song_and_before,105,0.00011213988100890471,0.6536630036630037,0.05271517347302914,1,0,0
160,840,黃震,cluster1_song_and_before,8,1.0604012562960638e-06,0.75,0.00302763400423835,1,0,0
161,843,黃中,cluster1_song_and_before,100,0.00016281011786056982,0.6018181818181818,0.04007750174924557,1,0,0
162,846,黃然,cluster1_song_and_before,26,0.0,1.0,0.016753140790823743,1,0,0
163,853,黃裳,cluster1_song_and_before,85,0.00022675782243697905,0.4481792717086835,0.030133155831578766,1,0,0
164,859,黃祖舜,cluster1_song_and_before,81,5.970553144092907e-05,0.6095679012345679,0.02684376900142739,1,0,0
165,861,黃宗旦,cluster1_song_and_before,14,3.478903364287368e-06,0.6043956043956044,0.006060762617992508,1,0,0
166,874,任顓,cluster1_song_and_before,34,0.00012278881278148288,0.4117647058823529,0.014409101739398904,1,0,0
167,875,任中正,cluster1_song_and_before,17,0.0001350194708597948,0.38235294117647056,0.005134195052315828,1,0,0
168,882,任布,cluster1_song_and_before,2,0.00017164019111401502,0.0,0.00014347931842998934,1,0,0
169,890,康戩,cluster1_song_and_before,2,0.0,1.0,0.00012552903742475487,1,0,0
170,899,寇平,cluster1_song_and_before,17,4.195585400791988e-06,0.8529411764705882,0.005984300677438737,1,0,0
171,911,高若訥,cluster1_song_and_before,210,0.000799658326183935,0.40856687172476647,0.09155800727548696,1,0,0
172,913,高良夫,cluster1_song_and_before,6,0.0,1.0,0.0017004817258561486,1,0,0
173,924,高旦,cluster1_song_and_before,18,1.1843905293422856e-05,0.8562091503267973,0.007213367164719194,1,0,0
174,933,耿琬,cluster1_song_and_before,1,0.0,0.0,3.7056323637843556e-36,1,0,0
175,941,龔原,cluster1_song_and_before,131,0.00010796636904646526,0.6306517909571344,0.06751219196321348,1,0,0
176,942,郭勸,cluster1_song_and_before,58,0.00019112210929040317,0.7150635208711433,0.026717450457136593,1,0,0
177,944,郭知章,cluster1_song_and_before,81,4.21143916675976e-05,0.6947530864197531,0.04124452448307835,1,0,0
178,948,郭孝友,cluster1_song_and_before,35,0.0,1.0,0.007394554708381724,1,0,0
179,953,郭茂恂,cluster1_song_and_before,38,8.189333561531834e-06,0.7994310099573257,0.015827409093917826,1,0,0
180,960,郭大亨,cluster1_song_and_before,0,0.0,0.0,7.067932822769843e-42,1,0,0
181,962,來之邵,cluster1_song_and_before,110,0.00014139521671659906,0.5012510425354462,0.04754589015742722,1,0,0
182,964,郎簡,cluster1_song_and_before,84,1.9182076893902685e-07,0.9899598393574297,0.04988903898664224,1,0,0
183,968,雷有終,cluster1_song_and_before,3,9.133089851246625e-09,0.0,0.0003796424493530787,1,0,0
184,971,李常,cluster1_song_and_before,182,0.0006481743414301855,0.4121182684718596,0.07816070646805634,1,0,0
185,985,李章,cluster1_song_and_before,3,0.0,1.0,0.001156873219759074,1,0,0
186,986,李昭遘,cluster1_song_and_before,32,5.696111722272905e-05,0.4939516129032258,0.009168955524542936,1,0,0
187,987,李昭述,cluster1_song_and_before,24,7.209426099999155e-05,0.42391304347826086,0.006714762721574414,1,0,0
188,1004,李梲,cluster1_song_and_before,37,0.0,1.0,0.014981137498738676,1,0,0
189,1005,李擢,cluster1_song_and_before,30,0.00017672534643107745,0.5908045977011495,0.012734724762834231,1,0,0
190,1006,李周,cluster1_song_and_before,49,3.813552969214071e-05,0.8545918367346939,0.023181100639364204,1,0,0
191,1007,李周士,cluster1_song_and_before,1,0.0,0.0,0.00018854049281388533,1,0,0
192,1024,李復圭,cluster1_song_and_before,88,4.0103290684390514e-06,0.9461859979101358,0.05238672175521761,1,0,0
193,1025,李含章,cluster1_song_and_before,2,2.552270499836655e-07,0.0,0.0003107891809249378,1,0,0
194,1031,李欣,cluster1_song_and_before,2,0.0,1.0,0.0009560016243257109,1,0,0
195,1036,李徽之,cluster1_song_and_before,59,0.00010464371759826512,0.5505552308591467,0.02423604220335315,1,0,0
196,1040,李誼,cluster1_song_and_before,0,0.0,0.0,7.067932822769843e-42,1,0,0
197,1048,李寬,cluster1_song_and_before,139,3.683888567603295e-05,0.6823063288499636,0.07624577457234406,1,0,0
198,1056,李立之,cluster1_song_and_before,3,0.0,1.0,0.0009289606760095298,1,0,0
199,1058,李良臣,cluster1_song_and_before,6,0.0,1.0,0.003958024449141195,1,0,0
200,1063,李彌大,cluster1_song_and_before,36,2.6811754709564925e-05,0.5603174603174603,0.015470803191792814,1,0,0
201,1079,李士衡,cluster1_song_and_before,60,0.0009710529171188914,0.6740112994350282,0.027034713643593448,1,0,0
202,1081,李士觀,cluster1_song_and_before,3,1.2433431578102678e-07,0.3333333333333333,0.0016026163203286229,1,0,0
203,1086,李肅之,cluster1_song_and_before,68,8.416341676446428e-05,0.5008779631255488,0.024790875644688907,1,0,0
204,1089,李鞉,cluster1_song_and_before,35,0.0,1.0,0.007394554708381724,1,0,0
205,1092,李大臨,cluster1_song_and_before,134,7.547712904483284e-05,0.5842217484008528,0.06773515245803045,1,0,0
206,1096,李迪,cluster1_song_and_before,101,0.000315683625325658,0.4542574257425743,0.041556139106695714,1,0,0
207,1107,李維,cluster1_song_and_before,17,0.0,1.0,0.0091742666330816,1,0,0
208,1108,李偉,cluster1_song_and_before,0,0.0,0.0,7.067932822769843e-42,1,0,0
209,1115,李嚴老,cluster1_song_and_before,0,0.0,0.0,7.067932822769843e-42,1,0,0
210,1123,李虞卿,cluster1_song_and_before,5,1.915371818480802e-06,0.6,0.0030012554726737087,1,0,0
211,1130,李永德,cluster1_song_and_before,1,0.0,0.0,1.1087449095045932e-06,1,0,0
212,1136,梁弁,cluster1_song_and_before,35,0.0,1.0,0.007394554708381724,1,0,0
213,1144,廖剛,cluster1_song_and_before,78,0.000243139538387213,0.44555444555444557,0.022863351385188642,1,0,0
214,1162,林乂,cluster1_song_and_before,2,0.0,1.0,0.0013767461896145188,1,0,0
215,1163,林一飛,cluster1_song_and_before,37,1.939621090804128e-06,0.9144144144144144,0.007798563954656665,1,0,0
216,1169,林特,cluster1_song_and_before,38,0.00012859898297459308,0.31721194879089615,0.010301978732100748,1,0,0
217,1171,林旦,cluster1_song_and_before,22,3.926490976491181e-06,0.6926406926406926,0.009222968201568229,1,0,0
218,1175,林英,cluster1_song_and_before,0,0.0,0.0,7.067932822769843e-42,1,0,0
219,1176,凌策,cluster1_song_and_before,2,0.0,1.0,8.214785971249928e-33,1,0,0
220,1178,劉拯,cluster1_song_and_before,73,6.169900532532539e-05,0.4855403348554033,0.030075515810408307,1,0,0
221,1183,劉章,cluster1_song_and_before,81,5.225330322195519e-05,0.6058641975308642,0.02666760210715793,1,0,0
222,1195,劉奉世,cluster1_song_and_before,131,0.00032874746719439743,0.4717557251908397,0.0572490522687391,1,0,0
223,1201,劉彝,cluster1_song_and_before,100,0.00023469837653931813,0.7820202020202021,0.055809453675620235,1,0,0
224,1204,劉璯,cluster1_song_and_before,2,0.0,1.0,0.0009312229649940239,1,0,0
225,1206,劉觀,cluster1_song_and_before,0,0.0,0.0,7.067932822769843e-42,1,0,0
226,1207,劉立之,cluster1_song_and_before,100,0.0001620422149193182,0.6987878787878787,0.05250883152079978,1,0,0
227,1209,劉立德,cluster1_song_and_before,4,0.0,1.0,0.0010325104740304023,1,0,0
228,1221,劉保勳,cluster1_song_and_before,2,0.0,1.0,8.414304537608159e-05,1,0,0
229,1225,劉忱,cluster1_song_and_before,48,0.0003155026133986289,0.8466312056737588,0.02183962900092047,1,0,0
230,1229,劉師道,cluster1_song_and_before,21,1.1903091172631442e-05,0.8238095238095238,0.0066306523788857335,1,0,0
231,1230,劉述,cluster1_song_and_before,91,0.0002260485320719763,0.4937728937728938,0.035020344410180926,1,0,0
232,1232,劉隨,cluster1_song_and_before,34,8.265462391448846e-05,0.44385026737967914,0.014853864096543387,1,0,0
233,1236,劉定,cluster1_song_and_before,93,4.982206286236457e-06,0.8868630201028518,0.05488760776909352,1,0,0
234,1237,劉才邵,cluster1_song_and_before,46,1.8997460273332944e-05,0.6396135265700483,0.018285248288402348,1,0,0
235,1241,劉宗傑,cluster1_song_and_before,1,0.0,0.0,0.000574500978139301,1,0,0
236,1243,劉度,cluster1_song_and_before,67,8.290589279534104e-05,0.8005427408412483,0.03161886044857448,1,0,0
237,1249,劉無極,cluster1_song_and_before,0,0.0,0.0,7.067932822769843e-42,1,0,0
238,1258,柳庭俊,cluster1_song_and_before,0,0.0,0.0,7.067932822769843e-42,1,0,0
239,1274,盧士倫,cluster1_song_and_before,5,0.0,1.0,0.0011616410212199795,1,0,0
240,1302,呂和卿,cluster1_song_and_before,42,3.00623719430459e-05,0.6585365853658537,0.01902512292418899,1,0,0
241,1306,呂希道,cluster1_song_and_before,75,0.0001386312087558496,0.6036036036036037,0.033889967420198494,1,0,0
242,1309,呂惠卿,cluster1_song_and_before,261,0.0011264814191406175,0.3202770409666961,0.10493302451159493,1,0,0
243,1314,呂公著,cluster1_song_and_before,356,0.002398813249947716,0.22701376800126602,0.12298277692066399,1,0,0
244,1315,呂公孺,cluster1_song_and_before,36,8.582738206412465e-06,0.638095238095238,0.020339091328910566,1,0,0
245,1316,呂公弼,cluster1_song_and_before,178,0.0003844460972107175,0.4870818256839967,0.08422726657666865,1,0,0
246,1320,呂弸中,cluster1_song_and_before,28,0.00036602375633801044,0.5264550264550265,0.008764553530907208,1,0,0
247,1326,呂大忠,cluster1_song_and_before,125,7.012920904855176e-05,0.6070967741935483,0.06292866937291854,1,0,0
248,1340,馬騏,cluster1_song_and_before,0,0.0,0.0,7.067932822769843e-42,1,0,0
249,1346,馬仲甫,cluster1_song_and_before,6,1.9288559162310816e-06,0.4,0.0016458124114909214,1,0,0
250,1349,馬亮,cluster1_song_and_before,38,0.00017933076763431967,0.47652916073968704,0.017873842183052477,1,0,0
251,1361,梅詢,cluster1_song_and_before,141,4.0136088818645076e-05,0.664741641337386,0.07636865250888283,1,0,0
252,1364,孟嵩,cluster1_song_and_before,51,1.276294662825403e-06,0.9207843137254902,0.02166902629331702,1,0,0
253,1366,米友仁,cluster1_song_and_before,131,0.001444388843432928,0.3928361714621257,0.04381153557170853,1,0,0
254,1369,莫將,cluster1_song_and_before,57,7.97192579553586e-05,0.7838345864661654,0.022756231484541988,1,0,0
255,1371,莫濛,cluster1_song_and_before,1,0.0,0.0,0.001133953489308911,1,0,0
256,1385,歐陽載,cluster1_song_and_before,78,0.0,1.0,0.047176652195951005,1,0,0
257,1386,潘景珪,cluster1_song_and_before,16,1.0406926410047685e-06,0.9416666666666667,0.004980561552612814,1,0,0
258,1387,潘汝士,cluster1_song_and_before,11,6.407499122039658e-06,0.6545454545454545,0.0033871842747912485,1,0,0
259,1388,潘良貴,cluster1_song_and_before,125,0.003447034380429197,0.3514838709677419,0.03477865130975,1,0,0
260,1391,龐籍,cluster1_song_and_before,139,0.0011120816399534641,0.38181628610155355,0.05356097862692495,1,0,0
261,1392,龐寅孫,cluster1_song_and_before,6,0.0,1.0,0.0017004817258561486,1,0,0
262,1393,龐元英,cluster1_song_and_before,19,2.3447799899635584e-05,0.5555555555555556,0.007358873120212583,1,0,0
263,1405,皮公弼,cluster1_song_and_before,46,0.00010839883155520252,0.9198067632850242,0.021850659982026274,1,0,0
264,1406,皮彥仲,cluster1_song_and_before,1,0.0,0.0,0.0011603962349258064,1,0,0
265,1408,蒲宗孟,cluster1_song_and_before,134,0.0011604599603734608,0.3953540567837504,0.053638499661706696,1,0,0
266,1414,鮑由,cluster1_song_and_before,121,3.736773269658548e-05,0.7012396694214876,0.06615297324628688,1,0,0
267,1443,沈起,cluster1_song_and_before,92,0.00023102176973859205,0.8545150501672241,0.051282754623774116,1,0,0
268,1446,沈繼宗,cluster1_song_and_before,5,0.00017398317603352603,0.2,0.0015929930101840838,1,0,0
269,1448,沈該,cluster1_song_and_before,56,0.0,1.0,0.029923612878416644,1,0,0
270,1450,沈括,cluster1_song_and_before,144,0.0005464801026220595,0.4787296037296037,0.06498787124434972,1,0,0
271,1452,沈立,cluster1_song_and_before,7,0.0,1.0,0.0035177631063861054,1,0,0
272,1453,沈遼,cluster1_song_and_before,170,0.0006205038524660442,0.44364775495997216,0.07601408207832329,1,0,0
273,1455,沈邈,cluster1_song_and_before,90,2.9738391427627597e-05,0.8064918851435705,0.049743264026982634,1,0,0
274,1462,師頏,cluster1_song_and_before,0,0.0,0.0,7.067932822769843e-42,1,0,0
275,1464,施昌言,cluster1_song_and_before,149,0.000446358430106768,0.48403772900417197,0.06619426857198901,1,0,0
276,1473,時彥,cluster1_song_and_before,0,0.0,0.0,7.067932822769843e-42,1,0,0
277,1477,孫全照,cluster1_song_and_before,0,0.0,0.0,7.067932822769843e-42,1,0,0
278,1486,司馬池,cluster1_song_and_before,64,3.554916999556741e-05,0.6403769841269841,0.028806449012757276,1,0,0
279,1488,司馬光,cluster1_song_and_before,579,0.02074981415740953,0.11342787648433345,0.14401760481512,1,0,0
280,1489,蘇安世,cluster1_song_and_before,137,4.999757888777017e-05,0.700407900386432,0.07607804368539033,1,0,0
281,1490,蘇耆,cluster1_song_and_before,32,0.0007281940286389868,0.5483870967741935,0.015453972843272264,1,0,0
282,1491,蘇遲,cluster1_song_and_before,68,0.0013748831882936974,0.7019315188762072,0.034083570969531116,1,0,0
283,1496,蘇籀,cluster1_song_and_before,67,0.0002173838679440365,0.5097241067390321,0.020794515257238116,1,0,0
284,1497,蘇涓,cluster1_song_and_before,3,0.0,1.0,0.0007495943445763589,1,0,0
285,1501,蘇澥,cluster1_song_and_before,3,0.0,1.0,0.0007495943445763589,1,0,0
286,1502,蘇液,cluster1_song_and_before,29,0.00011542118245060662,0.5443349753694581,0.013520987640484428,1,0,0
287,1510,孫昌齡,cluster1_song_and_before,1,0.0,0.0,0.001133953489308911,1,0,0
288,1531,孫抗,cluster1_song_and_before,109,0.00013839653830133864,0.6963982330954808,0.05571550723051086,1,0,0
289,1532,孫固,cluster1_song_and_before,4,0.0,1.0,0.0033521671970910072,1,0,0
290,1537,孫冕,cluster1_song_and_before,12,2.6375685453948e-06,0.7575757575757576,0.0032325804126731757,1,0,0
291,1538,孫樸,cluster1_song_and_before,32,6.156348687357431e-06,0.8004032258064516,0.017831192243308702,1,0,0
292,1552,孫瑜,cluster1_song_and_before,4,0.0,0.8333333333333334,0.0026087683501709678,1,0,0
293,1555,孫永,cluster1_song_and_before,128,0.00023460683065410385,0.4333169291338583,0.05205686839438037,1,0,0
294,1558,宋祁,cluster1_song_and_before,260,0.0028121659217398036,0.247015147015147,0.09011443389930537,1,0,0
295,1571,宋敏求,cluster1_song_and_before,282,0.005294042874631589,0.2795234850205699,0.10387824009682939,1,0,0
296,1579,宋璫,cluster1_song_and_before,1,0.0,0.0,1.2835257286493161e-05,1,0,0
297,1591,湯東野,cluster1_song_and_before,57,2.1950376030519105e-05,0.7963659147869674,0.023103585328588153,1,0,0
298,1595,唐詢,cluster1_song_and_before,89,0.0010844077009220575,0.35444330949948927,0.028763271513573822,1,0,0
299,1600,唐肅,cluster1_song_and_before,5,7.991286854922528e-07,0.5,0.002023391499066135,1,0,0
300,1602,唐堯封,cluster1_song_and_before,11,0.0,1.0,0.004568237082079611,1,0,0
301,1608,滕茂實,cluster1_song_and_before,6,4.891626262917771e-07,0.7333333333333333,0.0030945292285797813,1,0,0
302,1615,田錫,cluster1_song_and_before,151,0.003728500859729289,0.3957615894039735,0.06042450425146914,1,0,0
303,1617,田況,cluster1_song_and_before,237,0.0010117961639051329,0.34724308088393047,0.09602998762474978,1,0,0
304,1634,刁湛,cluster1_song_and_before,62,8.617201664936619e-05,0.5156002115282919,0.024153805296218873,1,0,0
305,1635,刁約,cluster1_song_and_before,210,0.0004991488368619584,0.415311004784689,0.09348672859604716,1,0,0
306,1637,丁婁明,cluster1_song_and_before,0,0.0,0.0,7.067932822769843e-42,1,0,0
307,1653,蔡抗,cluster1_song_and_before,37,2.125531343067657e-05,0.6606606606606606,0.01743352993761882,1,0,0
308,1658,蔡碩,cluster1_song_and_before,5,2.8358561109296163e-07,0.8,0.001869358149805722,1,0,0
309,1661,蔡挺,cluster1_song_and_before,158,0.0005476643034672059,0.39595259211481093,0.06464318894710865,1,0,0
310,1662,蔡延慶,cluster1_song_and_before,65,7.544251018008953e-05,0.5668269230769231,0.02681702214240296,1,0,0
311,1668,曹耜,cluster1_song_and_before,99,0.0002200988979496408,0.6116264687693259,0.04012016640910822,1,0,0
312,1679,崔嶧,cluster1_song_and_before,0,0.0,0.0,7.067932822769843e-42,1,0,0
313,1681,崔曥,cluster1_song_and_before,1,0.0,0.0,1.4667627011165497e-09,1,0,0
314,1695,曾孝寬,cluster1_song_and_before,20,4.4042987485378435e-06,0.5684210526315789,0.0064736793234610925,1,0,0
315,1696,曾孝廣,cluster1_song_and_before,13,1.9295031397835674e-05,0.717948717948718,0.0046769959521004885,1,0,0
316,1698,曾孝宗,cluster1_song_and_before,11,0.0,1.0,0.004587304546501013,1,0,0
317,1719,都潔,cluster1_song_and_before,8,1.9225863903598248e-07,0.7857142857142857,0.0035153520537942197,1,0,0
318,1722,杜杞,cluster1_song_and_before,182,0.00043708037750310105,0.5005767712950033,0.08700127009446845,1,0,0
319,1730,杜衍,cluster1_song_and_before,372,0.004589947574477842,0.18849085586760572,0.11410919563446471,1,0,0
320,1732,段少連,cluster1_song_and_before,59,7.184630742552201e-05,0.7264757451782583,0.028071668636579748,1,0,0
321,1746,董必,cluster1_song_and_before,20,5.802717695304206e-07,0.8631578947368421,0.00901382138725454,1,0,0
322,1749,董堯問,cluster1_song_and_before,0,0.0,0.0,7.067932822769843e-42,1,0,0
323,1750,董儼,cluster1_song_and_before,8,7.289065919130766e-06,0.5714285714285714,0.0008342681241905846,1,0,0
324,1762,王安石,cluster1_song_and_before,599,0.03237216915022376,0.10241148848973484,0.14073577183975283,1,0,0
325,1763,王昂,cluster1_song_and_before,1,0.0,0.0,0.0005229059026107844,1,0,0
326,1765,王琪,cluster1_song_and_before,16,6.259862175787636e-06,0.8833333333333333,0.004354046427733379,1,0,0
327,1767,王欽臣,cluster1_song_and_before,73,0.00012568035913850415,0.4204718417047184,0.028334905695230176,1,0,0
328,1773,王詔,cluster1_song_and_before,7,7.051481750680496e-08,0.7619047619047619,0.002736689767080198,1,0,0
329,1776,王軫,cluster1_song_and_before,11,2.4859981812556363e-06,0.7636363636363637,0.004303332582253017,1,0,0
330,1777,王濟,cluster1_song_and_before,10,9.487982424842055e-06,0.8222222222222222,0.004547419698828227,1,0,0
331,1789,王兢,cluster1_song_and_before,76,0.00019360149045108993,0.6371929824561403,0.03568797506286491,1,0,0
332,1790,王覺,cluster1_song_and_before,0,0.0,0.0,7.067932822769843e-42,1,0,0
333,1804,王扶,cluster1_song_and_before,58,5.3135587302141644e-05,0.7471264367816092,0.02401678873464504,1,0,0
334,1807,凌景夏,cluster1_song_and_before,53,2.3315239499596953e-05,0.7031930333817126,0.017307301847451172,1,0,0
335,1813,王晞亮,cluster1_song_and_before,35,0.0,1.0,0.007394554708381724,1,0,0
336,1814,王夏,cluster1_song_and_before,2,0.0,1.0,0.0013068158283000583,1,0,0
337,1820,王㬇,cluster1_song_and_before,17,0.00017475046007189003,0.7867647058823529,0.004505580682749342,1,0,0
338,1821,王誨,cluster1_song_and_before,58,3.085475644043077e-05,0.8287961282516636,0.03234293062052332,1,0,0
339,1822,王會,cluster1_song_and_before,1,0.0,0.0,3.630292891667976e-05,1,0,0
340,1824,王繹,cluster1_song_and_before,9,1.8879586049042798e-06,0.9166666666666666,0.004627016676323844,1,0,0
341,1828,王益柔,cluster1_song_and_before,150,0.0001488610386111233,0.5105145413870246,0.07073265338685672,1,0,0
342,1829,王貽永,cluster1_song_and_before,50,0.0007686348659615849,0.5183673469387755,0.016939835941523842,1,0,0
343,1834,王克臣,cluster1_song_and_before,2,0.0,1.0,0.0011223390534790918,1,0,0
344,1835,王逵,cluster1_song_and_before,74,0.00015872215293159027,0.5857089966679008,0.03141065940035246,1,0,0
345,1840,王古,cluster1_song_and_before,65,2.4112982746331472e-05,0.708173076923077,0.031731392240805734,1,0,0
346,1844,王廣淵,cluster1_song_and_before,166,0.00027025385965212333,0.4792990142387733,0.07777090124760307,1,0,0
347,1846,王珪,cluster1_song_and_before,24,5.717572753820405e-07,0.9202898550724637,0.012320681061653977,1,0,0
348,1847,王拱辰,cluster1_song_and_before,264,0.0012957762616930691,0.2936110150939048,0.10023897317168891,1,0,0
349,1851,王令圖,cluster1_song_and_before,0,0.0,0.0,7.067932822769843e-42,1,0,0
350,1852,王綸,cluster1_song_and_before,47,1.2769554056092822e-05,0.7742830712303422,0.014340318756420445,1,0,0
351,1867,王森,cluster1_song_and_before,27,0.0,1.0,0.012039096898726617,1,0,0
352,1872,王師心,cluster1_song_and_before,69,8.585453997565425e-05,0.5285592497868713,0.022122956159819962,1,0,0
353,1873,王世修,cluster1_song_and_before,0,0.0,0.0,7.067932822769843e-42,1,0,0
354,1875,王時雍,cluster1_song_and_before,22,1.8673479260881858e-05,0.5714285714285714,0.007893835089121136,1,0,0
355,1877,王曙,cluster1_song_and_before,123,0.00014205970662525182,0.5480474476875916,0.05641635697127464,1,0,0
356,1881,王素,cluster1_song_and_before,174,0.0019757516435888523,0.4141917480566075,0.07480471909411321,1,0,0
357,1882,王隨,cluster1_song_and_before,17,1.8469153513265636e-05,0.4411764705882353,0.004745673164493483,1,0,0
358,1883,王綯,cluster1_song_and_before,3,0.0,1.0,0.0012555716905104481,1,0,0
359,1884,王鈇,cluster1_song_and_before,39,9.494187838840884e-06,0.8340080971659919,0.007807692776310555,1,0,0
360,1885,王田,cluster1_song_and_before,48,0.0005938851026822175,0.5540780141843972,0.016910190862977337,1,0,0
361,1888,王同老,cluster1_song_and_before,5,0.0,1.0,0.002490237036336208,1,0,0
362,1891,王得君,cluster1_song_and_before,10,1.2325167252223903e-06,0.7333333333333333,0.005699028709224041,1,0,0
363,1895,王鼎,cluster1_song_and_before,92,6.299048761424165e-05,0.7814142379359771,0.050228190175596,1,0,0
364,1903,王鬷,cluster1_song_and_before,16,0.0003605028788886615,0.55,0.00811562015186106,1,0,0
365,1904,王宗望,cluster1_song_and_before,0,0.0,0.0,7.067932822769843e-42,1,0,0
366,1908,王次翁,cluster1_song_and_before,44,2.484538370290379e-05,0.6733615221987315,0.010090030242238235,1,0,0
367,1914,王綰,cluster1_song_and_before,0,0.0,0.0,7.067932822769843e-42,1,0,0
368,1924,王曮,cluster1_song_and_before,49,4.531977406689334e-05,0.9617346938775511,0.021110664522819376,1,0,0
369,1932,王俁,cluster1_song_and_before,84,5.687408882303647e-05,0.5917957544463569,0.027720227634727455,1,0,0
370,1936,王瀹,cluster1_song_and_before,12,1.5312577430684124e-05,0.8333333333333334,0.0029222126730220578,1,0,0
371,1942,魏兼,cluster1_song_and_before,1,0.0,0.0,0.0005236280584338264,1,0,0
372,1945,魏瓘,cluster1_song_and_before,37,0.00021532296247862598,0.5840840840840841,0.017312379830993898,1,0,0
373,1948,魏廷式,cluster1_song_and_before,3,0.00017164019111401502,0.3333333333333333,0.00013760724249057657,1,0,0
374,1949,魏羽,cluster1_song_and_before,18,0.0003280334827004917,0.3333333333333333,0.0031546005792192694,1,0,0
375,1952,文保雍,cluster1_song_and_before,22,0.0,1.0,0.012931068501610401,1,0,0
376,1954,文永世,cluster1_song_and_before,24,3.0678550511743303e-07,0.9565217391304348,0.01441691485844815,1,0,0
377,1955,翁挺,cluster1_song_and_before,29,1.6202627716592462e-05,0.6600985221674877,0.0120595627278982,1,0,0
378,1957,吳安持,cluster1_song_and_before,90,2.7176818743338174e-05,0.9043695380774033,0.05233961772879004,1,0,0
379,1967,吳中復,cluster1_song_and_before,116,0.0010693035327803983,0.5451274362818591,0.053638453539291274,1,0,0
380,1981,吳栻,cluster1_song_and_before,0,0.0,0.0,7.067932822769843e-42,1,0,0
381,1988,吳黯,cluster1_song_and_before,0,0.0,0.0,7.067932822769843e-42,1,0,0
382,1995,楊晨,cluster1_song_and_before,0,0.0,0.0,7.067932822769843e-42,1,0,0
383,1996,楊椿,cluster1_song_and_before,94,0.0003954354971068266,0.4381148478609014,0.029099435014125184,1,0,0
384,1998,楊汲,cluster1_song_and_before,0,0.0,0.0,7.067932822769843e-42,1,0,0
385,2001,楊迥,cluster1_song_and_before,11,0.0,1.0,0.0047295624478872755,1,0,0
386,2007,楊繪,cluster1_song_and_before,148,0.00018506738376239778,0.5318073175216033,0.0711364268103726,1,0,0
387,2008,楊紘,cluster1_song_and_before,20,2.1270927054785995e-06,0.8947368421052632,0.005266203726950937,1,0,0
388,2014,楊康國,cluster1_song_and_before,30,0.00017698691659825253,0.735632183908046,0.014734899514105204,1,0,0
389,2015,楊可,cluster1_song_and_before,18,0.0,1.0,0.004159350440286306,1,0,0
390,2022,楊時,cluster1_song_and_before,192,0.001168980099142329,0.2682155322862129,0.05878769653976203,1,0,0
391,2025,楊倓,cluster1_song_and_before,1,0.0,0.0,0.00016994515875203817,1,0,0
392,2026,楊畋,cluster1_song_and_before,102,0.00013197335105622754,0.7645117452921762,0.05557593695020204,1,0,0
393,2027,楊挺,cluster1_song_and_before,1,0.0,0.0,0.00011872385138229562,1,0,0
394,2032,楊畏,cluster1_song_and_before,180,0.0005657670094885031,0.39273743016759777,0.07436968386241082,1,0,0
395,2034,楊矞,cluster1_song_and_before,13,2.8174516420709477e-06,0.8589743589743589,0.005214181550273223,1,0,0
396,2035,楊淵,cluster1_song_and_before,0,0.0,0.0,7.067932822769843e-42,1,0,0
397,2036,楊愿,cluster1_song_and_before,121,5.67298480636558e-05,0.6673553719008265,0.0644224462427121,1,0,0
398,2058,葉顒,cluster1_song_and_before,88,0.0005645634163509268,0.5381400208986415,0.03074174367269236,1,0,0
399,2064,嚴抑,cluster1_song_and_before,0,0.0,0.0,7.067932822769843e-42,1,0,0
400,2074,晏敦復,cluster1_song_and_before,69,0.00024396138135361585,0.49104859335038364,0.023284309146489955,1,0,0
401,2081,游師雄,cluster1_song_and_before,45,2.7878331115466236e-05,0.5959595959595959,0.01860221116871819,1,0,0
402,2082,俞充,cluster1_song_and_before,62,9.526077593518865e-05,0.6515071390798519,0.026856496134525117,1,0,0
403,2085,俞希孟,cluster1_song_and_before,3,0.0,1.0,0.002376839163353204,1,0,0
404,2086,俞希旦,cluster1_song_and_before,1,0.0,0.0,0.00022714030950625173,1,0,0
405,2104,袁正功,cluster1_song_and_before,0,0.0,0.0,7.067932822769843e-42,1,0,0
406,2112,元絳,cluster1_song_and_before,169,0.0014147787068976342,0.42427444350521276,0.07206048943380387,1,0,0
407,2123,石揚休,cluster1_song_and_before,115,4.294426023604005e-05,0.6715484363081617,0.05970864687373079,1,0,0
408,2126,竇卞,cluster1_song_and_before,1,0.0,0.0,0.0009000619102422917,1,0,0
409,2136,李度,cluster1_song_and_before,0,0.0,0.0,7.067932822769843e-42,1,0,0
410,3012,晁迥,cluster1_song_and_before,36,5.4287266868465013e-05,0.46984126984126984,0.014342208319053397,1,0,0
411,3013,晁仲參,cluster1_song_and_before,89,0.000347641803101897,0.9067926455566905,0.05139494141164609,1,0,0
412,3033,錢象祖,cluster1_song_and_before,19,7.813905805549854e-06,0.5380116959064327,0.00646918270264153,1,0,0
413,3047,陳安定,cluster1_song_and_before,23,5.7465478777714385e-06,0.5810276679841897,0.010788106380910479,1,0,0
414,3080,陳師古,cluster1_song_and_before,9,1.4366141813449042e-06,0.6666666666666666,0.004502772361491559,1,0,0
415,3088,陳宗召,cluster1_song_and_before,38,2.152173779482865e-07,0.9914651493598862,0.016026072806348827,1,0,0
416,3090,陳宗元,cluster1_song_and_before,2,0.0,1.0,0.0011766993495727453,1,0,0
417,3107,程嗣弼,cluster1_song_and_before,50,0.0015019119755692917,0.4473469387755102,0.01631842102659491,1,0,0
418,3114,程瑜,cluster1_song_and_before,17,0.00019708740391228673,0.5882352941176471,0.004003792829490419,1,0,0
419,3130,張九齡,cluster1_song_and_before,50,0.0018354494750221243,0.2816326530612245,0.0008161853185703683,1,0,0
420,3180,張蘊,cluster1_song_and_before,19,1.3305859314788082e-07,0.9532163742690059,0.009970072402649672,1,0,0
421,3184,章訪,cluster1_song_and_before,1,0.0,0.0,0.0002875494151383536,1,0,0
422,3194,趙積,cluster1_song_and_before,4,0.0,1.0,0.0022601700011984855,1,0,0
423,3273,范琪,cluster1_song_and_before,46,0.0001713367656093867,0.9565217391304348,0.023795340893023216,1,0,0
424,3299,方慎從,cluster1_song_and_before,0,0.0,0.0,7.067932822769843e-42,1,0,0
425,3303,方鼎,cluster1_song_and_before,3,0.0,1.0,0.0002769933238476082,1,0,0
426,3307,傅立,cluster1_song_and_before,84,2.5637404230669666e-07,0.985083189902467,0.04979688811885379,1,0,0
427,3313,富言,cluster1_song_and_before,16,6.796911917457153e-08,0.95,0.011526719465473139,1,0,0
428,3321,韓直彥,cluster1_song_and_before,31,1.8987651605317836e-07,0.9870967741935484,0.01300223275155227,1,0,0
429,3325,韓公彥,cluster1_song_and_before,36,0.00017459045500415354,0.807936507936508,0.015091987294028627,1,0,0
430,3331,韓彥古,cluster1_song_and_before,26,9.057140321353222e-06,0.6923076923076923,0.007011496733137381,1,0,0
431,3343,侯正臣,cluster1_song_and_before,1,0.0,0.0,3.7056323637843556e-36,1,0,0
432,3351,向經,cluster1_song_and_before,15,5.0734204799933366e-05,0.6952380952380952,0.006573419652941656,1,0,0
433,3356,向紘,cluster1_song_and_before,22,2.655563560228431e-05,0.5194805194805194,0.006549711856021661,1,0,0
434,3364,蕭服,cluster1_song_and_before,80,5.818174146233486e-05,0.6430379746835443,0.034415107591401754,1,0,0
435,3374,胥元衡,cluster1_song_and_before,39,2.601654370669585e-05,0.6653171390013495,0.015272395347264708,1,0,0
436,3381,徐師閔,cluster1_song_and_before,39,6.3939771427184555e-06,0.8974358974358975,0.01572358810408547,1,0,0
437,3388,薛季卿,cluster1_song_and_before,15,0.0,1.0,0.004290730062277365,1,0,0
438,3395,胡交脩,cluster1_song_and_before,16,7.714743138325407e-06,0.675,0.006786759648146411,1,0,0
439,3450,高遵甫,cluster1_song_and_before,2,0.0,1.0,0.002294349724234717,1,0,0
440,3451,高子溶,cluster1_song_and_before,20,0.0,1.0,0.00640593988583827,1,0,0
441,3461,葛宮,cluster1_song_and_before,26,5.2866110350657745e-06,0.8953846153846153,0.011690268636275184,1,0,0
442,3468,雷孝先,cluster1_song_and_before,5,6.219363790959803e-05,0.6,0.002957915632515506,1,0,0
443,3484,李之儀,cluster1_song_and_before,246,0.003933840487966543,0.3204247552679608,0.0973787800592173,1,0,0
444,3501,李孝稱,cluster1_song_and_before,28,6.456370651871371e-06,0.6534391534391535,0.01045831600382487,1,0,0
445,3502,李孝先,cluster1_song_and_before,67,0.00021659874870591476,0.8154681139755766,0.033722502501398896,1,0,0
446,3504,李虛己,cluster1_song_and_before,23,0.00017154538847408626,0.6640316205533597,0.01351939891212163,1,0,0
447,3505,李虛舟,cluster1_song_and_before,102,9.222805377069144e-05,0.7633469229275869,0.056036337427442046,1,0,0
448,3518,李茂先,cluster1_song_and_before,2,0.0,1.0,0.0013946189646262487,1,0,0
449,3522,李孟傳,cluster1_song_and_before,38,7.395187093348124e-05,0.566145092460882,0.015354038537978277,1,0,0
450,3525,李韶,cluster1_song_and_before,53,0.0003030365318632632,0.6052249637155298,0.01657184882825371,1,0,0
451,3528,李淑,cluster1_song_and_before,97,0.0002452898106933218,0.7313144329896907,0.05163693359719518,1,0,0
452,3533,李大性,cluster1_song_and_before,39,0.0003674091572926944,0.5775978407557355,0.012123591474906008,1,0,0
453,3590,劉震,cluster1_song_and_before,28,0.0,1.0,0.01050982280781566,1,0,0
454,3591,劉震孫,cluster1_song_and_before,136,0.0022750220951766194,0.370479302832244,0.04858077780585116,1,0,0
455,3596,劉克遜,cluster1_song_and_before,65,0.00040760519072235014,0.5283653846153846,0.0198040812442771,1,0,0
456,3599,劉詵,cluster1_song_and_before,2,0.0,1.0,0.0004777964833425198,1,0,0
457,3604,柳灝,cluster1_song_and_before,1,0.0,0.0,3.11424527896842e-05,1,0,0
458,3608,羅弘信,cluster1_song_and_before,0,0.0,0.0,7.067932822769843e-42,1,0,0
459,3615,樓璩,cluster1_song_and_before,49,6.18509662248775e-05,0.9591836734693877,0.021093290549958742,1,0,0
460,3634,陸軫,cluster1_song_and_before,23,0.00012298030061682702,0.841897233201581,0.012473396471343259,1,0,0
461,3638,陸詵,cluster1_song_and_before,18,2.8863593551650143e-05,0.6797385620915033,0.009014265696048272,1,0,0
462,3675,梅正臣,cluster1_song_and_before,10,2.078348232470669e-05,0.6666666666666666,0.004849744716038551,1,0,0
463,3700,龐元魯,cluster1_song_and_before,52,2.594141446736969e-05,0.8001508295625943,0.02433623213090823,1,0,0
464,3709,畢從古,cluster1_song_and_before,65,0.0013169507184815688,0.5668269230769231,0.02697812556664636,1,0,0
465,3713,上官合,cluster1_song_and_before,0,0.0,0.0,7.067932822769843e-42,1,0,0
466,3716,上官凝,cluster1_song_and_before,3,3.282145475293249e-08,0.0,0.000300698351848818,1,0,0
467,3718,邵雍,cluster1_song_and_before,238,0.001108311364573477,0.2706449668474985,0.07858530347018547,1,0,0
468,3725,史彌堅,cluster1_song_and_before,24,3.3721223649837755e-06,0.7282608695652174,0.009022402880321845,1,0,0
469,3735,沈立基,cluster1_song_and_before,2,1.692924652166199e-06,0.0,0.0011732314922122996,1,0,0
470,3736,沈同,cluster1_song_and_before,4,2.812741232688455e-07,0.8333333333333334,0.0022196352031567607,1,0,0
471,3739,盛京,cluster1_song_and_before,87,1.2118688235662528e-05,0.937984496124031,0.05072663142476155,1,0,0
472,3759,蘇峴,cluster1_song_and_before,9,2.3877005111074763e-08,0.9444444444444444,0.00467933506142946,1,0,0
473,3802,宋松年,cluster1_song_and_before,17,0.0,1.0,0.008260109141534732,1,0,0
474,3810,宋延年,cluster1_song_and_before,17,0.0,1.0,0.008260109141534732,1,0,0
475,3829,唐拱,cluster1_song_and_before,81,4.454354655888125e-06,0.9478395061728395,0.0480991955594303,1,0,0
476,3830,唐淑問,cluster1_song_and_before,21,1.1551971611997477e-05,0.5904761904761905,0.009873829926389884,1,0,0
477,3838,田京,cluster1_song_and_before,24,5.404791454172931e-05,0.6557971014492754,0.0098126644193372,1,0,0
478,3842,刁衎,cluster1_song_and_before,7,6.536186560980038e-06,0.6190476190476191,0.004246384833393218,1,0,0
479,3856,蔡拯,cluster1_song_and_before,5,0.0,0.9,0.002120565803566785,1,0,0
480,3857,蔡蕃,cluster1_song_and_before,14,2.8358846739939254e-06,0.7142857142857143,0.006598827392027784,1,0,0
481,3869,曹玘,cluster1_song_and_before,10,8.353529196316392e-05,0.37777777777777777,0.004626129244826416,1,0,0
482,3874,曹修古,cluster1_song_and_before,28,8.906001254201931e-06,0.8121693121693122,0.012624668428940477,1,0,0
483,3908,曾公望,cluster1_song_and_before,41,0.004101248602329029,0.41097560975609754,0.008483610306304864,1,0,0
484,3915,杜甫,cluster1_song_and_before,85,0.013090122271682618,0.20448179271708683,0.014771347477320972,1,0,0
485,3927,杜佑,cluster1_song_and_before,19,7.17479486245184e-06,0.7426900584795322,0.0002258781607053057,1,0,0
486,3933,汪逵,cluster1_song_and_before,97,0.00017582060480552712,0.6185567010309279,0.039834446476018255,1,0,0
487,3941,王洙,cluster1_song_and_before,188,0.0003979345259783959,0.46006371600864715,0.08624030037295828,1,0,0
488,3944,王仲端,cluster1_song_and_before,15,0.0,1.0,0.004290730062277365,1,0,0
489,3957,王渙,cluster1_song_and_before,40,1.8867064240938623e-05,0.6846153846153846,0.019973759461050972,1,0,0
490,3977,王慎言,cluster1_song_and_before,90,6.046801967930934e-05,0.552059925093633,0.038953774070812235,1,0,0
491,3997,王禹偁,cluster1_song_and_before,162,0.0022827458885630527,0.27957978682616363,0.05260469269407129,1,0,0
492,4001,魏了翁,cluster1_song_and_before,459,0.011768361432311874,0.1530857855029445,0.13073261089555002,1,0,0
493,4007,吳植,cluster1_song_and_before,3,0.0,0.6666666666666666,0.00014843328237875212,1,0,0
494,4042,楊沆,cluster1_song_and_before,11,2.6388850528562637e-05,0.7272727272727273,0.0029738081019328247,1,0,0
495,4043,楊偰,cluster1_song_and_before,49,0.0012506125449199613,0.9591836734693877,0.021091991998041133,1,0,0
496,4053,楊坦,cluster1_song_and_before,2,0.0,1.0,0.0005686921940724623,1,0,0
497,4056,姚憲,cluster1_song_and_before,12,0.0,1.0,0.006739994993207144,1,0,0
498,4067,葉昭映,cluster1_song_and_before,10,0.0,1.0,0.0026196983223355993,1,0,0
499,4112,閻充國,cluster1_song_and_before,38,1.7579756727347162e-06,0.9260312944523471,0.019725664153123143,1,0,0
500,4118,晏防,cluster1_song_and_before,1,0.0,0.0,3.7056323637843556e-36,1,0,0
501,4124,尹仲宣,cluster1_song_and_before,109,0.0030212484082595735,0.6250424736663269,0.05324219551951411,1,0,0
502,4153,趙宗道,cluster1_song_and_before,53,3.144497813043201e-05,0.5870827285921626,0.02191375688350754,1,0,0
503,4165,謝微,cluster1_song_and_before,27,2.936450851447061e-06,0.8404558404558404,0.011771562011193708,1,0,0
504,4175,韓瀆,cluster1_song_and_before,47,5.457970666011035e-06,0.9204440333024977,0.02313790984412143,1,0,0
505,4205,魏紹,cluster1_song_and_before,10,0.00018327451016711106,0.28888888888888886,0.0017143085040330227,1,0,0
506,4207,吳待問,cluster1_song_and_before,29,2.546101076363035e-05,0.603448275862069,0.010826393287629691,1,0,0
507,7011,張諷,cluster1_song_and_before,17,0.00019853239288042588,0.41911764705882354,0.005491503560859498,1,0,0
508,7024,范杲,cluster1_song_and_before,7,0.00017414060785466695,0.5238095238095238,0.0015054878740655524,1,0,0
509,7034,謝綸,cluster1_song_and_before,7,1.4197998463350795e-05,0.5714285714285714,0.0027929717293977358,1,0,0
510,7042,李維,cluster1_song_and_before,43,8.950037770346707e-05,0.46622369878183834,0.01415077355281177,1,0,0
511,7046,劉光世,cluster1_song_and_before,16,8.052652999699049e-06,0.44166666666666665,0.0033945520629433735,1,0,0
512,7053,呂誨,cluster1_song_and_before,172,0.00027766435061171463,0.4726642186862505,0.08011551129166614,1,0,0
513,7059,梅堯臣,cluster1_song_and_before,199,0.003218635118687523,0.34201309578194,0.07933321390890617,1,0,0
514,7063,司馬宏,cluster1_song_and_before,39,1.494740085268108e-06,0.9311740890688259,0.020926095741840955,1,0,0
515,7068,蔡交,cluster1_song_and_before,112,0.00042397124976842066,0.6801801801801802,0.05758356238341974,1,0,0
516,7069,蔡天球,cluster1_song_and_before,14,1.7946717572945719e-06,0.7582417582417582,0.006942760911034036,1,0,0
517,7070,崔保孫,cluster1_song_and_before,46,5.098491717185893e-06,0.7758454106280194,0.02300647213651746,1,0,0
518,7097,楊億,cluster1_song_and_before,213,0.007671176867263715,0.2068385153689432,0.0624651760568752,1,0,0
519,7099,楊忱,cluster1_song_and_before,89,2.660924383404863e-05,0.9021961184882533,0.05108701325728912,1,0,0
520,7108,薛仲孺,cluster1_song_and_before,81,3.078916647321542e-05,0.9342592592592592,0.04744359140135897,1,0,0
521,7109,薛儀,cluster1_song_and_before,51,0.0006592081111886499,0.792156862745098,0.023399898920724718,1,0,0
522,7120,晁仲約,cluster1_song_and_before,8,9.62358887112433e-07,0.6785714285714286,0.0029114726577832697,1,0,0
523,7121,晁宗恪,cluster1_song_and_before,29,9.381538959880273e-07,0.9384236453201971,0.010624458911312367,1,0,0
524,7126,陳希亮,cluster1_song_and_before,57,1.397860803789906e-05,0.8634085213032582,0.0322566235871318,1,0,0
525,7144,錢俁,cluster1_song_and_before,3,0.0,1.0,0.0008181176100741059,1,0,0
526,7161,張保孫,cluster1_song_and_before,29,2.7531513460296352e-06,0.8472906403940886,0.012209063740464514,1,0,0
527,7179,趙善堅,cluster1_song_and_before,83,2.2588713036792948e-05,0.6902732882750514,0.03214876940445905,1,0,0
528,7186,鄭民彝,cluster1_song_and_before,18,3.784403980625403e-06,0.7908496732026143,0.0055924130444782,1,0,0
529,7214,范仲溫,cluster1_song_and_before,45,0.0,1.0,0.02379380843786903,1,0,0
530,7239,謝景初,cluster1_song_and_before,183,0.00040581675244388875,0.4860385516123221,0.08840798859307432,1,0,0
531,7240,謝景平,cluster1_song_and_before,125,6.0894332274545535e-05,0.6317419354838709,0.06459099371780193,1,0,0
532,7272,李處厚,cluster1_song_and_before,5,0.0,1.0,0.003583967895915843,1,0,0
533,7279,李兌,cluster1_song_and_before,41,0.0002528395293839393,0.4951219512195122,0.012616203648825769,1,0,0
534,7288,林高,cluster1_song_and_before,42,2.9598586942888237e-05,0.6387921022067363,0.01657765804870695,1,0,0
535,7308,歐陽發,cluster1_song_and_before,120,0.00024476213077414676,0.6490196078431373,0.06297637165249331,1,0,0
536,7317,邊肅,cluster1_song_and_before,16,5.718713136580094e-05,0.5,0.0048283730917586505,1,0,0
537,7323,沈周,cluster1_song_and_before,112,0.00033367747752325835,0.6568532818532818,0.0553435734119953,1,0,0
538,7328,沈惟溫,cluster1_song_and_before,10,0.00034328038222803005,0.6444444444444445,0.003623227809146826,1,0,0
539,7336,石元之,cluster1_song_and_before,7,0.0,1.0,0.0008872819152668767,1,0,0
540,7358,崔公孺,cluster1_song_and_before,33,5.342378376244476e-07,0.9412878787878788,0.014579341463285947,1,0,0
541,7365,曾槃,cluster1_song_and_before,12,0.00017164019111401502,0.8333333333333334,0.004568531303394244,1,0,0
542,7390,魏琰,cluster1_song_and_before,12,3.2983926117199455e-05,0.6515151515151515,0.003348176370355681,1,0,0
543,7391,文及甫,cluster1_song_and_before,54,3.365230138418415e-05,0.5897973445143256,0.024800545696708063,1,0,0
544,7397,吳材,cluster1_song_and_before,47,1.0698414581179079e-05,0.7280296022201665,0.02322335837072783,1,0,0
545,7411,孫寔,cluster1_song_and_before,8,6.427528332889288e-06,0.7142857142857143,0.0053078635530697275,1,0,0
546,8001,晁宗愨,cluster1_song_and_before,30,3.8324948453668754e-05,0.5517241379310345,0.013056006170427159,1,0,0
547,8006,錢惟演,cluster1_song_and_before,102,0.0007131223501012752,0.6554067171423025,0.051159565490536685,1,0,0
548,8012,張洎,cluster1_song_and_before,22,2.9824578038722147e-05,0.46320346320346323,0.0066874986951684845,1,0,0
549,8013,張宏,cluster1_song_and_before,7,8.556263358521018e-06,0.7142857142857143,0.0021377883064429715,1,0,0
550,8016,張昪,cluster1_song_and_before,152,0.0006336358913189022,0.5117636807249912,0.0715119218458318,1,0,0
551,8033,周起,cluster1_song_and_before,87,5.43562655986915e-06,0.9497460572039561,0.05154249621585304,1,0,0
552,8048,韓崇訓,cluster1_song_and_before,1,0.0,0.0,0.0004238528695739845,1,0,0
553,8049,韓億,cluster1_song_and_before,90,0.00025468724883618497,0.5393258426966292,0.04078103791561098,1,0,0
554,8057,席益,cluster1_song_and_before,11,1.1370537205973566e-06,0.8181818181818182,0.006956162996410402,1,0,0
555,8070,管師仁,cluster1_song_and_before,0,0.0,0.0,7.067932822769843e-42,1,0,0
556,8071,郭三益,cluster1_song_and_before,9,0.0,1.0,0.0022144276214818735,1,0,0
557,8072,郭逵,cluster1_song_and_before,91,0.0001385495196597116,0.5540903540903541,0.03944338122050227,1,0,0
558,8074,李至,cluster1_song_and_before,22,0.0012744407336544167,0.39826839826839827,0.004743834362092599,1,0,0
559,8075,李昉,cluster1_song_and_before,33,0.00045437841615849223,0.25,0.0073383758871383015,1,0,0
560,8087,劉昌言,cluster1_song_and_before,14,0.0014273131207841391,0.43956043956043955,0.0018966582530784842,1,0,0
561,8090,劉沆,cluster1_song_and_before,70,0.0001272133402473034,0.7287784679089027,0.03336966092959981,1,0,0
562,8093,劉大中,cluster1_song_and_before,48,0.0,1.0,0.021090633636560815,1,0,0
563,8104,孟忠厚,cluster1_song_and_before,49,2.3780975959627573e-05,0.6683673469387755,0.01388793574299833,1,0,0
564,8109,盛度,cluster1_song_and_before,121,0.00015286496056514642,0.6771349862258953,0.06407869032971358,1,0,0
565,8116,蘇頌,cluster1_song_and_before,370,0.00741665548198096,0.17944774042335018,0.11170734017140636,1,0,0
566,8150,王化基,cluster1_song_and_before,8,4.5786338405955275e-05,0.6071428571428571,0.00271336488359803,1,0,0
567,8153,王旦,cluster1_song_and_before,202,0.0030755540595914267,0.3272252598394168,0.07682914099850277,1,0,0
568,8160,溫益,cluster1_song_and_before,19,0.0,1.0,0.006178961199108877,1,0,0
569,8165,吳育,cluster1_song_and_before,163,0.00027527389904478906,0.43527986063773383,0.06971789181598058,1,0,0
570,8166,楊礪,cluster1_song_and_before,0,0.0,0.0,7.067932822769843e-42,1,0,0
571,8177,陳彭年,cluster1_song_and_before,26,3.483699794110864e-05,0.38153846153846155,0.006427099886676247,1,0,0
572,10061,蔡杭,cluster1_song_and_before,76,0.0005671428644313275,0.5385964912280702,0.02519121904345584,1,0,0
573,10138,俞仲溫,cluster1_song_and_before,0,0.0,0.0,7.067932822769843e-42,1,0,0
574,10164,洪芹,cluster1_song_and_before,5,2.2194985101606245e-06,0.8,0.0026551952581994774,1,0,0
575,10178,周濤,cluster1_song_and_before,85,1.455135085933761e-06,0.9773109243697479,0.05049188030966495,1,0,0
576,10226,趙崇絢,cluster1_song_and_before,49,0.0,1.0,0.028577298542388448,1,0,0
577,10231,袁灼,cluster1_song_and_before,27,6.254986652840909e-06,0.698005698005698,0.009355074916708605,1,0,0
578,10242,王埜,cluster1_song_and_before,60,0.0004601872519960563,0.5915254237288136,0.020162014671666395,1,0,0
579,10304,趙師淵,cluster1_song_and_before,83,6.34897831614924e-05,0.5315897737290626,0.028940596907806985,1,0,0
580,10334,袁韶,cluster1_song_and_before,9,0.0,1.0,0.003550743798387384,1,0,0
581,10377,史岩之,cluster1_song_and_before,3,1.6470058935098904e-05,0.6666666666666666,0.0011240373495829904,1,0,0
582,10438,趙希悅,cluster1_song_and_before,12,0.0,0.9242424242424242,0.004799557282082848,1,0,0
583,10473,陳宗憲,cluster1_song_and_before,3,0.0,1.0,1.9428185807437722e-30,1,0,0
584,10474,陳宗纘,cluster1_song_and_before,3,0.0,1.0,1.9428185807437722e-30,1,0,0
585,10565,胡銓,cluster1_song_and_before,279,0.0019193653252897807,0.25855444676516853,0.09472028403034742,1,0,0
586,10566,楊萬里,cluster1_song_and_before,355,0.011955755903478216,0.21572372085621072,0.11842298355869112,1,0,0
587,10681,杜訢,cluster1_song_and_before,91,2.181085240881525e-05,0.7914529914529914,0.04955121033079042,1,0,0
588,10730,何鳳,cluster1_song_and_before,2,0.0,1.0,3.711159191797523e-05,1,0,0
589,10759,岳珂,cluster1_song_and_before,60,0.0004879064032339759,0.5067796610169492,0.01724432796839351,1,0,0
590,10831,李心傳,cluster1_song_and_before,102,0.00019963712076177548,0.46476412347117063,0.03375417869064376,1,0,0
591,10890,陳守,cluster1_song_and_before,70,0.000408859767182187,0.6140786749482402,0.024674898643044826,1,0,0
592,10892,陳宓,cluster1_song_and_before,135,0.0009882504760453726,0.37722498618021005,0.04060826144664298,1,0,0
593,10895,陳增,cluster1_song_and_before,66,1.8444622376920256e-05,0.6713286713286714,0.02472703709892407,1,0,0
594,10902,鄭逢辰,cluster1_song_and_before,47,0.00024572153772428195,0.7335800185013877,0.015884517404074157,1,0,0
595,10935,留元英,cluster1_song_and_before,0,0.0,0.0,7.067932822769843e-42,1,0,0
596,11062,楊汝明,cluster1_song_and_before,41,3.751217865824603e-05,0.8902439024390244,0.01625468140478007,1,0,0
597,11135,余象,cluster1_song_and_before,165,0.0003278086463825998,0.473540280857354,0.07559616403654432,1,0,0
598,11146,葉棠,cluster1_song_and_before,3,1.610809636228316e-07,0.6666666666666666,0.001986480173508972,1,0,0
599,11236,方龜年,cluster1_song_and_before,2,0.0,1.0,0.001187947106332531,1,0,0
600,11247,方惟深,cluster1_song_and_before,91,0.00010066137119813831,0.8471306471306471,0.049833751205840555,1,0,0
601,11284,方旬,cluster1_song_and_before,0,0.0,0.0,7.067932822769843e-42,1,0,0
602,11337,薛利和,cluster1_song_and_before,83,0.0,1.0,0.049168761689557326,1,0,0
603,11372,豐稷,cluster1_song_and_before,99,0.00019789055417696237,0.46485260770975056,0.03751512592849067,1,0,0
604,11384,郭琪,cluster1_song_and_before,24,0.0,1.0,0.011144988161719901,1,0,0
605,11404,黃艾,cluster1_song_and_before,48,0.0,1.0,0.02157714250987527,1,0,0
606,11428,方會,cluster1_song_and_before,0,0.0,0.0,7.067932822769843e-42,1,0,0
607,11450,林栗,cluster1_song_and_before,92,0.00014976071233541364,0.5100334448160535,0.03097765814292251,1,0,0
608,11516,石中孚,cluster1_song_and_before,2,0.0,1.0,0.0009501742281983239,1,0,0
609,11538,潘衢,cluster1_song_and_before,1,0.0,0.0,9.818705068535077e-05,1,0,0
610,11547,劉若虛,cluster1_song_and_before,32,0.0001993816199735358,0.657258064516129,0.01218607045495052,1,0,0
611,11557,劉異,cluster1_song_and_before,0,0.0,0.0,7.067932822769843e-42,1,0,0
612,11578,陳仁玉,cluster1_song_and_before,44,2.3354494268995558e-05,0.781183932346723,0.017512343041528353,1,0,0
613,11602,蘇幹,cluster1_song_and_before,0,0.0,0.0,7.067932822769843e-42,1,0,0
614,11605,蘇頲,cluster1_song_and_before,23,0.0008924470113085252,0.549407114624506,0.0010262914643018033,1,0,0
615,11612,蘇仲昌,cluster1_song_and_before,35,9.925768640377081e-06,0.8857142857142857,0.014636008660570986,1,0,0
616,11650,陳賡,cluster1_song_and_before,29,3.6252025308639813e-06,0.7561576354679803,0.013846736165148999,1,0,0
617,11701,張亢,cluster1_song_and_before,40,1.1898038174616089e-05,0.7423076923076923,0.016935704032198587,1,0,0
618,11704,張倜,cluster1_song_and_before,0,0.0,0.0,7.067932822769843e-42,1,0,0
619,11745,賈耽,cluster1_song_and_before,12,0.00034601546637131925,0.5909090909090909,2.2591568541885924e-05,1,0,0
620,11751,賈湜,cluster1_song_and_before,1,0.0,0.0,0.00012160097729049349,1,0,0
621,11753,賈圭,cluster1_song_and_before,13,3.553688518586689e-06,0.6025641025641025,0.005395988018591544,1,0,0
622,11759,賈守正,cluster1_song_and_before,2,0.00017164019111401502,0.0,1.8203987648431256e-07,1,0,0
623,11783,裴奐,cluster1_song_and_before,1,0.0,0.0,3.7056323637843556e-36,1,0,0
624,11785,裴令孫,cluster1_song_and_before,1,0.0,0.0,3.7056323637843556e-36,1,0,0
625,11800,劉宰,cluster1_song_and_before,151,0.004935539426043711,0.2980132450331126,0.04635151334292698,1,0,0
626,11861,劉滋,cluster1_song_and_before,0,0.0,0.0,7.067932822769843e-42,1,0,0
627,11879,詹庠,cluster1_song_and_before,0,0.0,0.0,7.067932822769843e-42,1,0,0
628,11910,朱浚,cluster1_song_and_before,1,0.0,0.0,0.00018945897760059917,1,0,0
629,11986,許章,cluster1_song_and_before,0,0.0,0.0,7.067932822769843e-42,1,0,0
630,12013,蔡準,cluster1_song_and_before,20,1.9626226032014558e-07,0.9315789473684211,0.006251007967296421,1,0,0
631,12019,蔡勻,cluster1_song_and_before,24,0.0,1.0,0.011144988161719901,1,0,0
632,12025,商瑤,cluster1_song_and_before,14,0.0,1.0,0.007937493187662624,1,0,0
633,12030,蔡傳,cluster1_song_and_before,24,0.0,1.0,0.011144988161719901,1,0,0
634,12053,王遂,cluster1_song_and_before,64,0.00048684750869761886,0.5347222222222222,0.021454049780658794,1,0,0
635,12072,衛湜,cluster1_song_and_before,60,4.7195643832985716e-05,0.6,0.020397421560467855,1,0,0
636,12104,蔡黃裳,cluster1_song_and_before,5,1.0258189476680769e-08,0.7,0.0020430496261449626,1,0,0
637,12110,蔡潛,cluster1_song_and_before,6,4.415650520722789e-07,0.8666666666666667,0.003124825144243995,1,0,0
638,12134,周必正,cluster1_song_and_before,81,0.00027315384411943824,0.6518518518518519,0.03577944359308093,1,0,0
639,12147,歐陽珣,cluster1_song_and_before,4,0.0,1.0,0.002479585967340412,1,0,0
640,12262,蕭華,cluster1_song_and_before,7,2.605156243058538e-05,0.42857142857142855,0.0008558703603991202,1,0,0
641,12294,蕭映,cluster1_song_and_before,0,0.0,0.0,7.067932822769843e-42,1,0,0
642,12319,余靖,cluster1_song_and_before,317,0.003725053361308303,0.24807331390009185,0.11299927652502258,1,0,0
643,12323,林從周,cluster1_song_and_before,13,1.2222522800409683e-06,0.8846153846153846,0.006288542935816792,1,0,0
644,12324,林冀,cluster1_song_and_before,26,5.482271902268836e-05,0.8584615384615385,0.011211784298030705,1,0,0
645,12351,晏昭素,cluster1_song_and_before,1,0.0,0.0,3.7056323637843556e-36,1,0,0
646,12428,張士程,cluster1_song_and_before,0,0.0,0.0,7.067932822769843e-42,1,0,0
647,12477,林夢英,cluster1_song_and_before,8,0.0,1.0,0.002151808684421532,1,0,0
648,12604,黃棨,cluster1_song_and_before,2,0.0,1.0,0.0005776812451993434,1,0,0
649,12681,曾天麟,cluster1_song_and_before,29,0.00030100322374898455,0.5197044334975369,0.007526333045412084,1,0,0
650,12890,陳韡,cluster1_song_and_before,77,0.00011390895075300021,0.47881066302118935,0.024316534327773538,1,0,0
651,12941,楊徽之,cluster1_song_and_before,85,0.00043047428181985367,0.3509803921568627,0.026772833488534566,1,0,0
652,12944,楊備,cluster1_song_and_before,23,1.2923044572708425e-05,0.7272727272727273,0.006440428671451869,1,0,0
653,12951,黃瑊,cluster1_song_and_before,34,2.2926991611975614e-05,0.7130124777183601,0.016937912681818008,1,0,0
654,12957,張岐,cluster1_song_and_before,2,0.00017164019111401502,0.0,0.00015127187661141092,1,0,0
655,12958,張倣,cluster1_song_and_before,0,0.0,0.0,7.067932822769843e-42,1,0,0
656,12978,朱在,cluster1_song_and_before,61,0.00019945627079059707,0.7180327868852459,0.023513855981388793,1,0,0
657,13048,胡順之,cluster1_song_and_before,3,0.0,1.0,0.0012340622201576382,1,0,0
658,13097,呂蒙巽,cluster1_song_and_before,0,0.0,0.0,7.067932822769843e-42,1,0,0
659,13105,錢燮,cluster1_song_and_before,13,2.8694500869352038e-06,0.7051282051282052,0.008108523935567585,1,0,0
660,13243,劉立言,cluster1_song_and_before,20,2.9338553347158444e-05,0.4473684210526316,0.008059229960347797,1,0,0
661,13258,曾宏迪,cluster1_song_and_before,38,8.225101069672724e-07,0.9758179231863442,0.01592768293315,1,0,0
662,13279,謝諤,cluster1_song_and_before,105,0.00015298518830126609,0.5926739926739927,0.04363700231188301,1,0,0
663,13312,查陶,cluster1_song_and_before,22,5.4438131254625607e-05,0.7489177489177489,0.004777931382463837,1,0,0
664,13313,查文徽,cluster1_song_and_before,5,0.0,0.9,0.0007032647748045949,1,0,0
665,13314,查拱之,cluster1_song_and_before,5,0.0,0.9,0.0007032647748045949,1,0,0
666,13360,石牧之,cluster1_song_and_before,40,0.0012599233268560692,0.7756410256410257,0.01748024380089916,1,0,0
667,13363,石麟之,cluster1_song_and_before,1,0.0,0.0,0.00014084388615808165,1,0,0
668,13376,鄭建中,cluster1_song_and_before,14,2.3622889413465617e-07,0.9340659340659341,0.004747566216948657,1,0,0
669,13378,鄭獬,cluster1_song_and_before,131,0.001672505228130127,0.5260129183793306,0.06193638494411367,1,0,0
670,13406,傅瑩,cluster1_song_and_before,5,0.00017200749578817422,0.3,0.0009493421045464953,1,0,0
671,13477,王佐,cluster1_song_and_before,156,0.0020027763158584236,0.4098428453267163,0.05163123211247722,1,0,0
672,13485,史綸,cluster1_song_and_before,0,0.0,0.0,7.067932822769843e-42,1,0,0
673,13513,高元常,cluster1_song_and_before,16,0.0,1.0,0.006524209550389283,1,0,0
674,13518,晁仲熙,cluster1_song_and_before,18,1.3859191439543872e-06,0.8954248366013072,0.007628933471013014,1,0,0
675,13554,李定,cluster1_song_and_before,1,0.0,0.0,0.0006897721631652245,1,0,0
676,13573,張方回,cluster1_song_and_before,4,0.0,0.6666666666666666,0.001718433590962667,1,0,0
677,13583,高文虎,cluster1_song_and_before,21,3.270735455426322e-05,0.5238095238095238,0.007575107027342263,1,0,0
678,13606,張子憲,cluster1_song_and_before,0,0.0,0.0,7.067932822769843e-42,1,0,0
679,13612,張恕,cluster1_song_and_before,84,7.920563708621676e-05,0.6061388410786002,0.040475178251080816,1,0,0
680,13674,張師錫,cluster1_song_and_before,13,2.0443283834238984e-05,0.5641025641025641,0.004394247384482988,1,0,0
681,13675,張師皋,cluster1_song_and_before,7,0.0,1.0,0.0009312190168803625,1,0,0
682,13712,張哿,cluster1_song_and_before,19,3.765936146306793e-06,0.7251461988304093,0.008195257233609116,1,0,0
683,13809,吳泳,cluster1_song_and_before,56,8.77900068281552e-05,0.6006493506493507,0.0191138023637791,1,0,0
684,13810,度正,cluster1_song_and_before,122,0.0001824656589186446,0.4231133992683918,0.046731726649456205,1,0,0
685,13845,高定子,cluster1_song_and_before,55,0.0003099463160887675,0.6168350168350168,0.017433226878027105,1,0,0
686,13855,魏克愚,cluster1_song_and_before,39,1.0247477360132748e-06,0.9554655870445344,0.016081875284510657,1,0,0
687,13919,張嶠,cluster1_song_and_before,1,0.0,0.0,1.2188458951276695e-06,1,0,0
688,13940,朱晞顏,cluster1_song_and_before,64,4.947071081819378e-05,0.8139880952380952,0.030702083810468815,1,0,0
689,13963,張堯封,cluster1_song_and_before,8,4.3046749482101514e-07,0.5714285714285714,0.0037165728900714866,1,0,0
690,13972,張唐卿,cluster1_song_and_before,33,1.2453393672070665e-06,0.884469696969697,0.013522692288561698,1,0,0
691,13990,張攀,cluster1_song_and_before,0,0.0,0.0,7.067932822769843e-42,1,0,0
692,14043,章岷,cluster1_song_and_before,131,0.00025716319913603706,0.5765120375807399,0.06350590409098235,1,0,0
693,14045,章峴,cluster1_song_and_before,1,0.0,0.0,3.7056323637843556e-36,1,0,0
694,14074,章友直,cluster1_song_and_before,128,8.219824389722689e-05,0.6568651574803149,0.06750767676898933,1,0,0
695,14103,章穎,cluster1_song_and_before,97,0.0003213150153011859,0.4733676975945017,0.031676576237846116,1,0,0
696,14207,陳知章,cluster1_song_and_before,1,0.0,0.0,0.00021737136526491708,1,0,0
697,14209,陳知雄,cluster1_song_and_before,30,1.1942545101066424e-06,0.8758620689655172,0.013245767761894974,1,0,0
698,14215,阮逸,cluster1_song_and_before,5,1.6608680068496766e-07,0.3,0.002068373322727772,1,0,0
699,14223,陳知言,cluster1_song_and_before,4,0.0,1.0,0.0019908582005232767,1,0,0
700,14224,陳知愚,cluster1_song_and_before,6,0.0,1.0,0.0018215667075644239,1,0,0
701,14301,陳粹父,cluster1_song_and_before,4,9.62502312044159e-07,0.8333333333333334,0.001919754691296934,1,0,0
702,14310,种放,cluster1_song_and_before,17,1.4797839388210142e-05,0.39705882352941174,0.006516334229969261,1,0,0
703,14386,陳漢卿,cluster1_song_and_before,78,0.0,1.0,0.047176652195951005,1,0,0
704,14440,傅凝,cluster1_song_and_before,0,0.0,0.0,7.067932822769843e-42,1,0,0
705,14445,李縝,cluster1_song_and_before,76,3.9086718411498454e-05,0.6607017543859649,0.025669227182174906,1,0,0
706,14650,趙子皓,cluster1_song_and_before,25,0.0,1.0,0.009809530742654199,1,0,0
707,14696,錢昱,cluster1_song_and_before,0,0.0,0.0,7.067932822769843e-42,1,0,0
708,14704,慎知禮,cluster1_song_and_before,1,0.0,0.0,0.00041220877512529604,1,0,0
709,14821,趙時侃,cluster1_song_and_before,14,1.933543923732984e-06,0.8021978021978022,0.004708279233118675,1,0,0
710,14834,彭欽,cluster1_song_and_before,39,1.235923239717772e-06,0.9635627530364372,0.016338903477881646,1,0,0
711,14852,尤著,cluster1_song_and_before,0,0.0,0.0,7.067932822769843e-42,1,0,0
712,14858,尤焴,cluster1_song_and_before,40,3.2752240327057164e-06,0.9012820512820513,0.01669848886220667,1,0,0
713,14866,尤帶,cluster1_song_and_before,0,0.0,0.0,7.067932822769843e-42,1,0,0
714,14903,趙彥逾,cluster1_song_and_before,56,2.9983235808576375e-06,0.8363636363636363,0.02299836877450546,1,0,0
715,14913,趙像之,cluster1_song_and_before,59,1.3054916783698786e-05,0.8217416715371128,0.02461107462469318,1,0,0
716,14973,劉爚,cluster1_song_and_before,122,0.0007541796857484851,0.38978458203495464,0.04346161662734135,1,0,0
717,14994,陳圭,cluster1_song_and_before,23,6.550546396999103e-05,0.6403162055335968,0.003816611054787468,1,0,0
718,15026,陳大猷,cluster1_song_and_before,0,0.0,0.0,7.067932822769843e-42,1,0,0
719,15061,陳習,cluster1_song_and_before,10,0.0,1.0,0.004409610416895437,1,0,0
720,15155,李修,cluster1_song_and_before,32,2.4693514310352257e-06,0.8991935483870968,0.01657603449427718,1,0,0
721,15159,李栖筠,cluster1_song_and_before,8,3.5901504655917e-06,0.39285714285714285,0.00012941197310848015,1,0,0
722,15167,孫夷甫,cluster1_song_and_before,0,0.0,0.0,7.067932822769843e-42,1,0,0
723,15192,應孟明,cluster1_song_and_before,30,3.535536400302589e-05,0.5057471264367817,0.00839997627458014,1,0,0
724,15218,趙范,cluster1_song_and_before,24,7.319404507829386e-05,0.5108695652173914,0.006981480839388342,1,0,0
725,15223,陳永昇,cluster1_song_and_before,3,0.0,1.0,1.9428185807437722e-30,1,0,0
726,15224,陳永弼,cluster1_song_and_before,3,0.0,1.0,1.9428185807437722e-30,1,0,0
727,15267,曹組,cluster1_song_and_before,1,0.0,0.0,0.00032326142611254925,1,0,0
728,15288,鄭向,cluster1_song_and_before,0,0.0,0.0,7.067932822769843e-42,1,0,0
729,15289,鄭惇忠,cluster1_song_and_before,10,2.9786030285731885e-05,0.8,0.0028894551083549365,1,0,0
730,15316,鄭絳,cluster1_song_and_before,10,1.3673429137850278e-05,0.8,0.002244916945211776,1,0,0
731,15353,賀知章,cluster1_song_and_before,38,0.0008925717725603856,0.3911806543385491,0.0015694442120171104,1,0,0
732,15387,江鎬,cluster1_song_and_before,5,0.0,1.0,0.0026914905240827346,1,0,0
733,15431,江公亮,cluster1_song_and_before,12,9.055198641774261e-07,0.9393939393939394,0.0032834451329578763,1,0,0
734,15460,曾統,cluster1_song_and_before,6,0.0,1.0,0.004468188009741843,1,0,0
735,15501,馬廷鸞,cluster1_song_and_before,108,0.00021260333496222027,0.4619245413637937,0.03870920585718997,1,0,0
736,15505,曹矩,cluster1_song_and_before,0,0.0,0.0,7.067932822769843e-42,1,0,0
737,15598,俞康直,cluster1_song_and_before,59,0.0013096017063809631,0.7077732320280538,0.028190556921771377,1,0,0
738,15613,魏平仲,cluster1_song_and_before,1,0.0,0.0,2.541763132425118e-05,1,0,0
739,15617,魏紓,cluster1_song_and_before,4,0.0,1.0,0.0009459366483346238,1,0,0
740,15634,汪若容,cluster1_song_and_before,0,0.0,0.0,7.067932822769843e-42,1,0,0
741,15706,王礪,cluster1_song_and_before,12,8.576549076160537e-07,0.5,0.005758974769502852,1,0,0
742,15751,齊恢,cluster1_song_and_before,31,9.987183209294098e-08,0.9655913978494624,0.012700619075831678,1,0,0
743,15752,王沖,cluster1_song_and_before,17,3.0790689396502036e-06,0.6985294117647058,0.008891107521659057,1,0,0
744,15760,程莊,cluster1_song_and_before,2,0.0,1.0,0.002172747213924951,1,0,0
745,15773,程元岳,cluster1_song_and_before,15,0.00016434616749638902,0.638095238095238,0.0034125806110525845,1,0,0
746,15791,季鏞,cluster1_song_and_before,13,0.00034328038222803005,0.717948717948718,0.004568830343345712,1,0,0
747,15806,上官渙酉,cluster1_song_and_before,12,1.3577074912571167e-05,0.8333333333333334,0.0029153643363982506,1,0,0
748,15848,戚維,cluster1_song_and_before,10,1.971190315151425e-06,0.6444444444444445,0.0026747941685888793,1,0,0
749,15849,戚舜臣,cluster1_song_and_before,29,5.472862404030166e-06,0.9310344827586207,0.010531202218257287,1,0,0
750,15853,齊唐,cluster1_song_and_before,0,0.0,0.0,7.067932822769843e-42,1,0,0
751,15862,魏咸熙,cluster1_song_and_before,2,0.0,1.0,0.00013759838039328266,1,0,0
752,15883,時旦,cluster1_song_and_before,5,3.2668256219948295e-06,0.8,0.0038052659487129324,1,0,0
753,15884,時汝賢,cluster1_song_and_before,30,9.084847099674029e-07,0.8528735632183908,0.014919388771248973,1,0,0
754,15885,晁仲綽,cluster1_song_and_before,4,1.5562624999003993e-08,0.6666666666666666,0.0018040872162081163,1,0,0
755,15940,孔陶,cluster1_song_and_before,4,0.0,1.0,0.0014696000011766765,1,0,0
756,16040,吳淵,cluster1_song_and_before,50,0.0001199660796069426,0.6751020408163265,0.017727499995775765,1,0,0
757,16098,姜從簡,cluster1_song_and_before,46,5.396192778316703e-06,0.957487922705314,0.023872975406969314,1,0,0
758,16100,姜正顏,cluster1_song_and_before,0,0.0,0.0,7.067932822769843e-42,1,0,0
759,16101,魏峻,cluster1_song_and_before,1,0.0,0.0,1.3812730982369328e-05,1,0,0
760,16132,蔣鎮,cluster1_song_and_before,1,0.0,0.0,3.7056323637843556e-36,1,0,0
761,16134,蔣渙,cluster1_song_and_before,1,0.0,0.0,3.7056323637843556e-36,1,0,0
762,16147,蔣峴,cluster1_song_and_before,1,0.0,0.0,0.0002174551190436186,1,0,0
763,16153,蔣曉,cluster1_song_and_before,2,0.0,1.0,0.00014874586560894405,1,0,0
764,16173,錢冶,cluster1_song_and_before,136,1.9640730637002643e-05,0.7101307189542484,0.07602114543383963,1,0,0
765,16239,錢延年,cluster1_song_and_before,6,7.567877608454481e-07,0.7333333333333333,0.0020375095674181006,1,0,0
766,16266,錢孟回,cluster1_song_and_before,0,0.0,0.0,7.067932822769843e-42,1,0,0
767,16302,京鏜,cluster1_song_and_before,78,0.00011813496412451364,0.6753246753246753,0.034056979657463925,1,0,0
768,16330,周延荷,cluster1_song_and_before,2,0.0,1.0,0.0011978675593296065,1,0,0
769,16333,周延雋,cluster1_song_and_before,14,3.8797840878545445e-06,0.8571428571428571,0.007932417668084217,1,0,0
770,16458,朱正基,cluster1_song_and_before,2,0.0,1.0,0.00020314295773336295,1,0,0
771,16504,徐僑,cluster1_song_and_before,77,0.001435527543764748,0.5471633629528366,0.026544293236931818,1,0,0
772,16631,劉審禮,cluster1_song_and_before,0,0.0,0.0,7.067932822769843e-42,1,0,0
773,16667,朱壽昌,cluster1_song_and_before,160,0.00039865310940419,0.4762578616352201,0.07166692895490162,1,0,0
774,16701,朱肱,cluster1_song_and_before,11,4.285582486287634e-05,0.6,0.004632846384629928,1,0,0
775,16720,劉榘,cluster1_song_and_before,118,0.00019740640227552207,0.47674923946110387,0.03913841841649653,1,0,0
776,16730,褚籍,cluster1_song_and_before,0,0.0,0.0,7.067932822769843e-42,1,0,0
777,16745,范純祐,cluster1_song_and_before,98,9.926629397022011e-05,0.538396802019777,0.04492421740098453,1,0,0
778,16754,范世文,cluster1_song_and_before,1,0.0,0.0,0.0001917266509539083,1,0,0
779,16783,范仲藝,cluster1_song_and_before,100,0.00014625372542552135,0.5068686868686869,0.04003084829675172,1,0,0
780,16801,張文蔚,cluster1_song_and_before,0,0.0,0.0,7.067932822769843e-42,1,0,0
781,16877,朱景,cluster1_song_and_before,19,4.90176487252078e-06,0.631578947368421,0.010367462568442112,1,0,0
782,16882,杜彰壽,cluster1_song_and_before,4,0.0,1.0,0.003235491028882656,1,0,0
783,17100,謝深甫,cluster1_song_and_before,60,1.7245671596085986e-05,0.8016949152542373,0.025127344879422604,1,0,0
784,17102,謝采伯,cluster1_song_and_before,11,3.089721906220455e-05,0.6363636363636364,0.004475808384515715,1,0,0
785,17108,謝奕禮,cluster1_song_and_before,4,0.0,1.0,0.0015810140769379802,1,0,0
786,17109,謝奕燾,cluster1_song_and_before,4,0.0,1.0,0.0015810140769379802,1,0,0
787,17271,李昭迴,cluster1_song_and_before,2,0.0,1.0,0.00011323064190643729,1,0,0
788,17275,李宜卿,cluster1_song_and_before,0,0.0,0.0,7.067932822769843e-42,1,0,0
789,17302,田有嘉,cluster1_song_and_before,8,0.00017164019111401502,0.75,0.003086517207777209,1,0,0
790,17307,譚申,cluster1_song_and_before,4,0.0,1.0,0.0016531840488206672,1,0,0
791,17324,向悅,cluster1_song_and_before,0,0.0,0.0,7.067932822769843e-42,1,0,0
792,17355,侯詠,cluster1_song_and_before,23,0.0,1.0,0.012448042328169484,1,0,0
793,17358,麻希夢,cluster1_song_and_before,0,0.0,0.0,7.067932822769843e-42,1,0,0
794,17361,麻溫故,cluster1_song_and_before,0,0.0,0.0,7.067932822769843e-42,1,0,0
795,17394,鮑軻,cluster1_song_and_before,1,0.0,0.0,3.7056323637843556e-36,1,0,0
796,17517,俞汝尚,cluster1_song_and_before,133,0.00012037006493022266,0.6197311460469355,0.06842394779115292,1,0,0
797,17648,喻良能,cluster1_song_and_before,17,4.389329353414381e-06,0.8455882352941176,0.004962306047266036,1,0,0
798,17667,和凝,cluster1_song_and_before,1,0.0,0.0,1.2130201669779784e-05,1,0,0
799,17724,韓瑄,cluster1_song_and_before,32,4.777203519049983e-07,0.967741935483871,0.014083181070478228,1,0,0
800,17730,崔立,cluster1_song_and_before,37,8.099438247662516e-06,0.7552552552552553,0.014575378781687869,1,0,0
801,17743,陳薦,cluster1_song_and_before,72,3.601935853106093e-05,0.6521909233176839,0.03171452844244181,1,0,0
802,17872,唐諲,cluster1_song_and_before,2,0.0,1.0,0.0004202954565112003,1,0,0
803,17879,趙安易,cluster1_song_and_before,10,1.3100946952377377e-05,0.7333333333333333,0.002622128445438232,1,0,0
804,17917,王汾,cluster1_song_and_before,11,1.3212125760566623e-06,0.6,0.003071704013667742,1,0,0
805,17923,呂承簡,cluster1_song_and_before,5,0.0,1.0,0.0016268499901510676,1,0,0
806,17930,呂師簡,cluster1_song_and_before,5,0.0,1.0,0.0016268499901510676,1,0,0
807,17931,呂昌宗,cluster1_song_and_before,0,0.0,0.0,7.067932822769843e-42,1,0,0
808,17952,何景先,cluster1_song_and_before,1,0.0,0.0,0.0004990409920550959,1,0,0
809,17956,何異,cluster1_song_and_before,21,3.2862389400430926e-07,0.9238095238095239,0.00739369480629186,1,0,0
810,18087,席汝賢,cluster1_song_and_before,0,0.0,0.0,7.067932822769843e-42,1,0,0
811,18136,史彌忞,cluster1_song_and_before,17,3.3381814205564655e-06,0.9191176470588235,0.002315830774743644,1,0,0
812,18165,陸琮,cluster1_song_and_before,11,2.7269327264496413e-05,0.6727272727272727,0.002974949484688662,1,0,0
813,18199,葉應及,cluster1_song_and_before,0,0.0,0.0,7.067932822769843e-42,1,0,0
814,18205,史宇之,cluster1_song_and_before,7,2.3975481040920004e-06,0.6666666666666666,0.0020002668370560682,1,0,0
815,18223,謝晟孫,cluster1_song_and_before,8,0.0,1.0,0.0016175311939097936,1,0,0
816,18246,梁彥回,cluster1_song_and_before,37,0.00017539657279176053,0.7867867867867868,0.014446829577516043,1,0,0
817,18257,王凝,cluster1_song_and_before,45,0.0,1.0,0.023793808437869032,1,0,0
818,18268,仲訥,cluster1_song_and_before,137,2.115160266612203e-05,0.7012666380420781,0.07613631621284878,1,0,0
819,18272,任廓,cluster1_song_and_before,4,0.0,1.0,0.000476082653591056,1,0,0
820,18320,孟仁裕,cluster1_song_and_before,1,0.0,0.0,3.7056323637843556e-36,1,0,0
821,18323,孟玄珏,cluster1_song_and_before,1,0.0,0.0,3.7056323637843556e-36,1,0,0
822,18324,姚子材,cluster1_song_and_before,2,0.0,1.0,0.001113996812032263,1,0,0
823,18336,柳肩吾,cluster1_song_and_before,7,1.3933219715852164e-06,0.7619047619047619,0.0014327791631638565,1,0,0
824,18365,宋椿年,cluster1_song_and_before,7,0.0,1.0,0.0047258580895992355,1,0,0
825,18395,畢仲達,cluster1_song_and_before,31,3.2448217323336487e-06,0.8451612903225807,0.013605239421480807,1,0,0
826,18399,畢從周,cluster1_song_and_before,29,1.586049702285791e-06,0.9310344827586207,0.012958841132958985,1,0,0
827,18401,畢從益,cluster1_song_and_before,3,0.0,1.0,0.0012977208402859975,1,0,0
828,18424,江側,cluster1_song_and_before,4,0.0,0.8333333333333334,0.0018433053022419825,1,0,0
829,18480,彭方,cluster1_song_and_before,48,0.0,1.0,0.021577142509875268,1,0,0
830,18521,謝倜,cluster1_song_and_before,1,0.0,0.0,0.0006897721631652245,1,0,0
831,18550,謝衒,cluster1_song_and_before,2,0.0,1.0,0.0002049215955101368,1,0,0
832,18567,王羽,cluster1_song_and_before,3,0.0,1.0,0.0010534363171869326,1,0,0
833,18571,辛若冲,cluster1_song_and_before,4,6.610008314878029e-08,0.5,0.0011615662018184775,1,0,0
834,18574,辛廱,cluster1_song_and_before,33,9.243930684859941e-06,0.9393939393939394,0.013528215136944065,1,0,0
835,18588,徐誼,cluster1_song_and_before,107,0.00038271017114414896,0.4660553694233821,0.03823360678998699,1,0,0
836,18616,徐執中,cluster1_song_and_before,2,0.0,1.0,0.0010622932781914269,1,0,0
837,18644,許遂,cluster1_song_and_before,85,1.1869468435777017e-06,0.9815126050420168,0.050717819232456,1,0,0
838,18655,許正,cluster1_song_and_before,10,0.0,1.0,0.0026196983223355985,1,0,0
839,18684,戴溪,cluster1_song_and_before,31,0.0001796687268143468,0.5935483870967742,0.008693360901622465,1,0,0
840,18688,戴侗,cluster1_song_and_before,0,0.0,0.0,7.067932822769843e-42,1,0,0
841,18731,薛塾,cluster1_song_and_before,79,1.4477165945065644e-06,0.9795520934761441,0.04728629162084349,1,0,0
842,18734,薛長孺,cluster1_song_and_before,78,0.0,1.0,0.047176652195951005,1,0,0
843,18735,薛良孺,cluster1_song_and_before,79,1.2663726667919369e-06,0.9779292437520286,0.047267958681426456,1,0,0
844,18866,胡淮,cluster1_song_and_before,0,0.0,0.0,7.067932822769843e-42,1,0,0
845,18880,胡晏,cluster1_song_and_before,0,0.0,0.0,7.067932822769843e-42,1,0,0
846,18889,胡太初,cluster1_song_and_before,45,7.914351660038019e-05,0.7424242424242424,0.01589798450798565,1,0,0
847,18946,黃策,cluster1_song_and_before,22,7.288422803766171e-06,0.7965367965367965,0.006834255520286907,1,0,0
848,18950,黃涇,cluster1_song_and_before,8,1.4685683431599799e-07,0.75,0.0016152995829820983,1,0,0
849,18954,黃由,cluster1_song_and_before,39,7.423815294949573e-07,0.9230769230769231,0.015573316061059035,1,0,0
850,19098,皇甫鑑,cluster1_song_and_before,12,0.0,1.0,0.005777154358295492,1,0,0
851,19123,文天祥,cluster1_song_and_before,181,0.029870821077882182,0.24149785144260283,0.05303658113388688,1,0,0
852,19149,李孝基,cluster1_song_and_before,104,0.00022447672227556765,0.5005601194921583,0.04429217211319475,1,0,0
853,19155,李孝孫,cluster1_song_and_before,6,0.0,1.0,0.0032257753504821587,1,0,0
854,19178,蘇諤,cluster1_song_and_before,3,6.1141329639684745e-06,0.6666666666666666,0.0004444121075042108,1,0,0
855,19267,蘇壽,cluster1_song_and_before,2,0.0,1.0,0.00012552903742475487,1,0,0
856,19289,李璋,cluster1_song_and_before,9,8.180354166143124e-09,0.9444444444444444,0.0074899778189301755,1,0,0
857,19322,高禾,cluster1_song_and_before,52,1.0294216315419741e-05,0.8831070889894419,0.0218739710861099,1,0,0
858,19374,耿璋,cluster1_song_and_before,1,0.0,0.0,3.7056323637843556e-36,1,0,0
859,19424,王棐,cluster1_song_and_before,49,1.3254105366965234e-07,0.9795918367346939,0.021461117895803974,1,0,0
860,19494,吳有鄰,cluster1_song_and_before,0,0.0,0.0,7.067932822769843e-42,1,0,0
861,19560,李堪,cluster1_song_and_before,2,0.00017164019111401502,0.0,0.001134027110952907,1,0,0
862,19563,李琪,cluster1_song_and_before,1,0.0,0.0,9.137225156141455e-06,1,0,0
863,19586,李秠,cluster1_song_and_before,3,2.0952740664231894e-07,0.3333333333333333,0.001223301088075446,1,0,0
864,19597,李沐,cluster1_song_and_before,96,3.517393615607284e-05,0.6445175438596491,0.03982119164912604,1,0,0
865,19598,李公彥,cluster1_song_and_before,1,0.0,0.0,0.00010260784647428513,1,0,0
866,19611,李陟,cluster1_song_and_before,111,3.26282012987912e-05,0.7166257166257166,0.0602983014178336,1,0,0
867,19668,李惟簡,cluster1_song_and_before,2,0.0,1.0,0.0011915386877154907,1,0,0
868,19669,李郯,cluster1_song_and_before,0,0.0,0.0,7.067932822769843e-42,1,0,0
869,19699,張元幹,cluster1_song_and_before,150,0.0009745726463137612,0.40116331096196867,0.059839012839308585,1,0,0
870,19701,曾噩,cluster1_song_and_before,12,3.425870143926638e-06,0.6060606060606061,0.003305655661169016,1,0,0
871,19733,李丕緒,cluster1_song_and_before,2,0.0,1.0,4.4530436086334736e-05,1,0,0
872,19735,李丕旦,cluster1_song_and_before,18,0.0002902093058059205,0.7254901960784313,0.004872290204392058,1,0,0
873,19806,鄧景儁,cluster1_song_and_before,9,0.0,1.0,0.0022144276214818735,1,0,0
874,19832,元奉宗,cluster1_song_and_before,46,2.925922277270009e-07,0.9748792270531401,0.024369781977859648,1,0,0
875,19842,傅野,cluster1_song_and_before,6,4.2387176750238604e-07,0.7333333333333333,0.002757802933094407,1,0,0
876,19879,王撝,cluster1_song_and_before,4,8.508156086358915e-07,0.3333333333333333,0.0006990329512269859,1,0,0
877,19880,王應麟,cluster1_song_and_before,45,0.0010470648842703567,0.38585858585858585,0.015460290777413763,1,0,0
878,19905,王周,cluster1_song_and_before,2,7.502647974010185e-07,0.0,0.0011574987298560698,1,0,0
879,19915,張虙,cluster1_song_and_before,52,0.00021388224631838562,0.8800904977375565,0.021701035477264034,1,0,0
880,19947,樓淳,cluster1_song_and_before,48,0.0,1.0,0.021090633636560815,1,0,0
881,19995,李志道,cluster1_song_and_before,7,1.8946149802099915e-06,0.6190476190476191,0.0009098066265141734,1,0,0
882,20001,楊樸,cluster1_song_and_before,2,0.0,1.0,0.0011124823529936215,1,0,0
883,20166,林士衡,cluster1_song_and_before,4,0.0,1.0,0.0008489821701635358,1,0,0
884,20180,林洙,cluster1_song_and_before,5,3.987922655994773e-08,0.9,0.0010716636482795449,1,0,0
885,20205,林咸德,cluster1_song_and_before,0,0.0,0.0,7.067932822769843e-42,1,0,0
886,20221,劉几,cluster1_song_and_before,142,0.0016452986433633187,0.3657976226151234,0.05240101930441932,1,0,0
887,20265,劉文裕,cluster1_song_and_before,1,0.0,0.0,0.00019843176404881233,1,0,0
888,20268,劉渙,cluster1_song_and_before,50,0.00039511440558713675,0.8457142857142858,0.02462751775932077,1,0,0
889,20276,劉師愈,cluster1_song_and_before,16,0.0,1.0,0.006524209550389283,1,0,0
890,20338,劉立義,cluster1_song_and_before,1,0.0,0.0,0.0009541720570556551,1,0,0
891,20358,麋弇,cluster1_song_and_before,5,5.28188018336605e-07,0.8,0.0010932565908997338,1,0,0
892,20367,劉三傑,cluster1_song_and_before,0,0.0,0.0,7.067932822769843e-42,1,0,0
893,20431,劉有方,cluster1_song_and_before,2,0.0,1.0,1.540612068852347e-05,1,0,0
894,20432,劉有政,cluster1_song_and_before,2,0.0,1.0,1.540612068852347e-05,1,0,0
895,20498,陸若冲,cluster1_song_and_before,28,1.2227267674883945e-06,0.8835978835978836,0.013626009331373649,1,0,0
896,20531,陸象先,cluster1_song_and_before,1,0.0,0.0,3.7056323637843556e-36,1,0,0
897,20534,陸景融,cluster1_song_and_before,1,0.0,0.0,3.7056323637843556e-36,1,0,0
898,20604,胥致堯(字),cluster1_song_and_before,78,0.0,1.0,0.047176652195951005,1,0,0
899,20672,馬僑,cluster1_song_and_before,1,0.0,0.0,0.0006897721631652245,1,0,0
900,20767,歐陽程,cluster1_song_and_before,0,0.0,0.0,7.067932822769843e-42,1,0,0
901,20797,商飛卿,cluster1_song_and_before,13,0.0,1.0,0.0038413599032039994,1,0,0
902,20849,邵景先,cluster1_song_and_before,83,0.0,1.0,0.049168761689557326,1,0,0
903,20853,邵納史,cluster1_song_and_before,1,0.0,0.0,0.001133953489308911,1,0,0
904,20883,沈玉,cluster1_song_and_before,1,0.0,0.0,0.001133953489308911,1,0,0
905,20885,沈惟恭,cluster1_song_and_before,2,0.0,1.0,2.9430640146084146e-05,1,0,0
906,20889,沈惟清,cluster1_song_and_before,2,0.0,1.0,2.9430640146084146e-05,1,0,0
907,20932,劉子澄,cluster1_song_and_before,41,0.00011473490188998292,0.8280487804878048,0.015055486436928566,1,0,0
908,20977,師仲說,cluster1_song_and_before,0,0.0,0.0,7.067932822769843e-42,1,0,0
909,21095,石洵直,cluster1_song_and_before,10,0.0,1.0,0.004409610416895437,1,0,0
910,21169,虞奕,cluster1_song_and_before,7,0.0,1.0,0.00437733331280455,1,0,0
911,21226,司馬京,cluster1_song_and_before,65,2.6671977371817508e-05,0.6846153846153846,0.028269199354589228,1,0,0
912,21237,蘇梲,cluster1_song_and_before,33,6.653136375829439e-07,0.9791666666666666,0.014411798617322405,1,0,0
913,21274,王利,cluster1_song_and_before,91,3.0799969900453e-05,0.8041514041514042,0.04977475179377682,1,0,0
914,21429,句希仲,cluster1_song_and_before,84,3.743538401663066e-08,0.9919678714859438,0.0500808273973294,1,0,0
915,21432,句中正,cluster1_song_and_before,9,0.00017164019111401502,0.7777777777777778,0.0016069330842314665,1,0,0
916,21455,范楷,cluster1_song_and_before,3,0.0,1.0,0.001486139599023994,1,0,0
917,21482,單夔,cluster1_song_and_before,13,0.0,1.0,0.005619906414171122,1,0,0
918,21493,湯中,cluster1_song_and_before,4,1.004306367422315e-06,0.3333333333333333,0.0006837005409477446,1,0,0
919,21561,鄧淵,cluster1_song_and_before,20,4.228844876710311e-07,0.9578947368421052,0.007168647163138904,1,0,0
920,21569,滕強恕,cluster1_song_and_before,44,0.0003442889137387171,0.427061310782241,0.010381536411665351,1,0,0
921,21585,滕玄錫,cluster1_song_and_before,2,0.0,1.0,8.214785971249928e-33,1,0,0
922,21610,田懿,cluster1_song_and_before,5,0.0,1.0,0.0024330944195588627,1,0,0
923,21620,丁宗臣,cluster1_song_and_before,12,3.545697296374602e-06,0.9545454545454546,0.003427742418167041,1,0,0
924,21629,竇儀,cluster1_song_and_before,11,4.737887465630497e-06,0.6,0.0014157338029748404,1,0,0
925,21637,竇綱,cluster1_song_and_before,32,0.0,1.0,0.013518930830784363,1,0,0
926,21679,曾孝純,cluster1_song_and_before,35,1.883715601000332e-05,0.7159663865546219,0.013718596255900955,1,0,0
927,21685,曾孝雍,cluster1_song_and_before,7,2.9323494676699557e-07,0.5238095238095238,0.0027377306147447736,1,0,0
928,21721,曾漸,cluster1_song_and_before,30,0.00016581973088244755,0.7057471264367816,0.010890331080081262,1,0,0
929,21724,曾穎茂,cluster1_song_and_before,0,0.0,0.0,7.067932822769843e-42,1,0,0
930,21796,連庠,cluster1_song_and_before,87,7.423853663219993e-06,0.8698209035017375,0.050324659048719377,1,0,0
931,21810,崔俞,cluster1_song_and_before,0,0.0,0.0,7.067932822769843e-42,1,0,0
932,21838,段思恭,cluster1_song_and_before,0,0.0,0.0,7.067932822769843e-42,1,0,0
933,21998,王居安,cluster1_song_and_before,20,9.909367601306306e-06,0.6789473684210526,0.005697589923728369,1,0,0
934,22000,王居正,cluster1_song_and_before,58,5.590896607076479e-05,0.5868118572292801,0.01553398496427082,1,0,0
935,22047,王會龍,cluster1_song_and_before,7,0.0,1.0,0.0029305690934581237,1,0,0
936,22072,王貽矩,cluster1_song_and_before,31,0.00015670734999965777,0.44946236559139785,0.0087671961917983,1,0,0
937,22084,王溉,cluster1_song_and_before,1,0.0,0.0,3.7056323637843556e-36,1,0,0
938,22101,王克明,cluster1_song_and_before,21,5.032272656957882e-07,0.9761904761904762,0.006924666232287213,1,0,0
939,22146,王景齊,cluster1_song_and_before,0,0.0,0.0,7.067932822769843e-42,1,0,0
940,22199,王乙,cluster1_song_and_before,85,2.128580830466034e-06,0.9764705882352941,0.050420623438805476,1,0,0
941,22203,王弁,cluster1_song_and_before,1,0.0,0.0,0.001133953489308911,1,0,0
942,22231,王延之,cluster1_song_and_before,0,0.0,0.0,7.067932822769843e-42,1,0,0
943,22236,王拱安,cluster1_song_and_before,12,8.523861992140237e-08,0.9242424242424242,0.009435411423344598,1,0,0
944,22250,王師顏,cluster1_song_and_before,40,0.00047064532105738733,0.31794871794871793,0.012262528031862311,1,0,0
945,22325,吳昭允,cluster1_song_and_before,0,0.0,0.0,7.067932822769843e-42,1,0,0
946,22350,吳幾復,cluster1_song_and_before,22,0.0,1.0,0.012931068501610401,1,0,0
947,22383,吳勢卿,cluster1_song_and_before,4,0.0,1.0,0.00019468633417013713,1,0,0
948,22403,吳瑛,cluster1_song_and_before,15,1.0682239052965515e-06,0.8666666666666667,0.007988864478602505,1,0,0
949,22404,吳總,cluster1_song_and_before,9,0.0,0.7222222222222222,0.0025060751905853335,1,0,0
950,22420,楊寘,cluster1_song_and_before,2,0.0,1.0,0.0010795658744281774,1,0,0
951,22451,韓休,cluster1_song_and_before,21,9.70553254412456e-05,0.5571428571428572,0.00030195738405096035,1,0,0
952,22483,楊慥,cluster1_song_and_before,4,5.31723020799303e-08,0.6666666666666666,0.0016632568601860742,1,0,0
953,22497,楊收,cluster1_song_and_before,3,0.00017164019111401502,0.3333333333333333,2.948430038768683e-05,1,0,0
954,22500,楊凝式,cluster1_song_and_before,0,0.0,0.0,7.067932822769843e-42,1,0,0
955,22548,楊希閔,cluster1_song_and_before,15,0.00036476508895415916,0.3047619047619048,0.0014586819296109003,1,0,0
956,22549,楊希甫,cluster1_song_and_before,3,0.0,1.0,1.716418735187164e-05,1,0,0
957,22550,楊日休,cluster1_song_and_before,7,0.001341157062021962,0.23809523809523808,0.0006544138929558604,1,0,0
958,22559,楊汝士,cluster1_song_and_before,35,0.001023325668984156,0.4991596638655462,0.002190571473579475,1,0,0
959,22560,楊虞卿,cluster1_song_and_before,31,0.0006201151980742166,0.5827956989247312,0.002180164294434525,1,0,0
960,22561,楊漢公,cluster1_song_and_before,26,0.00027894001412093303,0.6030769230769231,0.0005232009510052111,1,0,0
961,22563,楊文友,cluster1_song_and_before,2,2.715629693639331e-08,0.0,0.0005476382083693793,1,0,0
962,22702,葉隆禮,cluster1_song_and_before,0,0.0,0.0,7.067932822769843e-42,1,0,0
963,22754,尹林,cluster1_song_and_before,10,8.201300385357308e-05,0.7777777777777778,0.0033890460594114603,1,0,0
964,22849,喻樗,cluster1_song_and_before,121,0.0002571737708881107,0.4318181818181818,0.04290225044120672,1,0,0
965,22865,董儀,cluster1_song_and_before,28,0.0,1.0,0.01050982280781566,1,0,0
966,23850,毌湜,cluster1_song_and_before,13,5.429255312180445e-07,0.9102564102564102,0.005412457880684641,1,0,0
967,24106,黃輔國,cluster1_song_and_before,0,0.0,0.0,7.067932822769843e-42,1,0,0
968,24295,李覺,cluster1_song_and_before,4,5.79744902330345e-07,0.6666666666666666,0.0013981218371447552,1,0,0
969,24306,趙忠愿,cluster1_song_and_before,0,0.0,0.0,7.067932822769843e-42,1,0,0
970,24324,徐清叟,cluster1_song_and_before,61,0.00019107989578025106,0.5912568306010929,0.02106112990420356,1,0,0
971,24380,趙良規,cluster1_song_and_before,16,6.6012807622960025e-06,0.6833333333333333,0.006701186535936255,1,0,0
972,24554,林俊,cluster2_yuan_ming,145,0.01699054920675703,0.14913793103448275,0.005337405123315958,0,1,0
973,24655,武儒衡,cluster1_song_and_before,6,0.0,1.0,2.7292532576016598e-05,1,0,0
974,24691,馬燧,cluster1_song_and_before,22,0.0007541405478623204,0.4935064935064935,0.00016818463901261242,1,0,0
975,24710,游佀,cluster1_song_and_before,86,0.0008325872652705422,0.48399452804377563,0.026988486844494407,1,0,0
976,24735,趙璠,cluster1_song_and_before,11,4.723011585397524e-06,0.9454545454545454,0.004708760637771132,1,0,0
977,24739,趙謐,cluster1_song_and_before,8,0.0,1.0,0.0018700715576816275,1,0,0
978,24793,倪祖常,cluster1_song_and_before,20,3.5143495435593015e-05,0.7526315789473684,0.004479134872324123,1,0,0
979,24894,吳處厚,cluster1_song_and_before,16,3.1312485236107143e-06,0.7666666666666667,0.009382752502099566,1,0,0
980,24956,鹿何,cluster1_song_and_before,50,9.48501458381413e-06,0.9420408163265306,0.021476884748038418,1,0,0
981,24961,黃宜,cluster1_song_and_before,7,5.800614772356033e-08,0.8095238095238095,0.001972599902925313,1,0,0
982,24988,李夷行,cluster1_song_and_before,16,0.0,1.0,0.006524209550389283,1,0,0
983,25195,姚祐,cluster1_song_and_before,0,0.0,0.0,7.067932822769843e-42,1,0,0
984,25209,鍾震,cluster1_song_and_before,59,6.90557048824e-06,0.7960257159555816,0.024175181760408858,1,0,0
985,25322,李亢,cluster1_song_and_before,14,3.3610378333774464e-06,0.8681318681318682,0.008296392680747756,1,0,0
986,25325,李秉,cluster1_song_and_before,0,0.0,0.0,7.067932822769843e-42,1,0,0
987,25351,丁志夫,cluster1_song_and_before,2,0.0,1.0,0.0007646659020844067,1,0,0
988,25459,趙師旦,cluster1_song_and_before,120,0.00019656087300154755,0.6260504201680672,0.05961257879059932,1,0,0
989,25508,厲文翁,cluster1_song_and_before,3,1.3876427559953929e-05,0.6666666666666666,0.0012576773916366613,1,0,0
990,25535,趙師𢍰,cluster1_song_and_before,81,0.0004111916667767395,0.549074074074074,0.02781708740643166,1,0,0
991,25628,孟渙,cluster1_song_and_before,8,0.0,1.0,0.002151808684421532,1,0,0
992,25709,吳絪,cluster1_song_and_before,7,0.0,1.0,0.0016086716656340324,1,0,0
993,26030,李德昭,cluster1_song_and_before,1,0.0,0.0,0.0005229059026107844,1,0,0
994,26151,吳昌裔,cluster1_song_and_before,65,2.227376253280403e-05,0.7038461538461539,0.026290325870877256,1,0,0
995,26218,盛應期,cluster2_yuan_ming,16,6.193080265034141e-05,0.525,7.765204470359046e-05,0,1,0
996,26285,王仲莊,cluster1_song_and_before,14,2.116682038460233e-06,0.8681318681318682,0.004512072602152397,1,0,0
997,26369,扈蒙,cluster1_song_and_before,10,0.00019317804830743592,0.4,0.003865112121924768,1,0,0
998,26373,掌禹錫,cluster1_song_and_before,64,0.00010774869289708176,0.4365079365079365,0.02330501048790416,1,0,0
999,26376,葛閎,cluster1_song_and_before,35,4.017244036529998e-06,0.9243697478991597,0.015885549320901776,1,0,0
1000,26428,家大酉,cluster1_song_and_before,42,6.23767064343093e-05,0.8478513356562137,0.016260268730449282,1,0,0
1001,26456,閻灝,cluster1_song_and_before,36,0.0,1.0,0.019211109985116267,1,0,0
1002,26518,張師雄,cluster1_song_and_before,10,9.51322006742624e-06,0.6222222222222222,0.0018373669549834979,1,0,0
1003,26611,王漢之,cluster1_song_and_before,64,0.00013458322038412563,0.8030753968253969,0.03074120703688472,1,0,0
1004,26766,程榆,cluster1_song_and_before,12,2.603105997427881e-06,0.7424242424242424,0.005547836161720639,1,0,0
1005,26949,陶世延,cluster1_song_and_before,2,0.0,1.0,0.0010602623586322747,1,0,0
1006,27005,張牧,cluster1_song_and_before,10,0.0,1.0,0.0026196983223355985,1,0,0
1007,27007,劉黃中,cluster1_song_and_before,87,0.00027734078730569226,0.8380112269446672,0.048629320225721445,1,0,0
1008,27019,張蒭,cluster1_song_and_before,14,1.3936979637656902e-05,0.5824175824175825,0.0038145441428690903,1,0,0
1009,27041,徐量,cluster1_song_and_before,9,0.0,1.0,0.0022144276214818735,1,0,0
1010,27057,黃仲通,cluster1_song_and_before,29,4.4785331208114306e-05,0.6600985221674877,0.01492429125372177,1,0,0
1011,27078,陳樞,cluster1_song_and_before,103,4.5046490416881626e-05,0.7542356748524652,0.054287171963790515,1,0,0
1012,27094,馮謐,cluster1_song_and_before,1,0.0,0.0,0.0004238528695739845,1,0,0
1013,27334,趙九齡,cluster1_song_and_before,10,0.0,1.0,0.003552674941370907,1,0,0
1014,27375,郭頤,cluster1_song_and_before,15,0.0,1.0,0.004702578166147928,1,0,0
1015,27391,員安輿,cluster1_song_and_before,24,9.688703305560892e-06,0.6666666666666666,0.013598323252723112,1,0,0
1016,27562,李昌圖,cluster1_song_and_before,22,1.1186479763827273e-06,0.9177489177489178,0.008311410223194107,1,0,0
1017,27565,士建中,cluster1_song_and_before,15,4.828079511678541e-07,0.9142857142857143,0.009869878461263516,1,0,0
1018,27755,唐吉祥,cluster2_yuan_ming,0,0.0,0.0,7.067932822769843e-42,0,1,0
1019,27761,陳舜俞,cluster1_song_and_before,204,0.0008023901111187659,0.3464213271515503,0.0806821443145428,1,0,0
1020,27762,郭維,cluster1_song_and_before,86,2.9940198363719593e-06,0.9641586867305062,0.0510262337482978,1,0,0
1021,28058,趙良本,cluster2_yuan_ming,12,0.00021731722120562464,0.6515151515151515,0.0016227374483486884,0,1,0
1022,28092,趙友同,cluster2_yuan_ming,23,0.004021060734378267,0.36363636363636365,0.002264665203744219,0,1,0
1023,28347,楊榮,cluster2_yuan_ming,37,0.0017277841343128371,0.19369369369369369,5.996584552565452e-05,0,1,0
1024,28866,劉鄰,cluster1_song_and_before,7,0.0,1.0,0.0008067526106520254,1,0,0
1025,28944,張九思,cluster1_song_and_before,17,3.821419345108206e-05,0.6323529411764706,0.003910180266640677,1,0,0
1026,29291,董文用,cluster1_song_and_before,27,0.00032311211499737297,0.49002849002849,0.0088861032592787,1,0,0
1027,29302,侍其軸,cluster1_song_and_before,0,0.0,0.0,7.067932822769843e-42,1,0,0
1028,29327,趙期頤,cluster2_yuan_ming,14,0.000188584856523579,0.7252747252747253,0.003232343579283384,0,1,0
1029,29414,董守訓,cluster2_yuan_ming,0,0.0,0.0,7.067932822769843e-42,0,1,0
1030,29580,陳邦瞻,cluster2_yuan_ming,43,4.4641712921685514e-05,0.6290143964562569,0.00011345161437759621,0,1,0
1031,29715,劉台斗,cluster3_qing_after,3,0.0,1.0,1.1668984364370268e-11,0,0,1
1032,30048,王振聲,cluster3_qing_after,0,0.0,0.0,7.067932822769843e-42,0,0,1
1033,30231,葛洪,cluster1_song_and_before,67,6.185470261870442e-05,0.6639529624604251,0.024524768214673053,1,0,0
1034,30315,何孟春,cluster2_yuan_ming,100,0.0026699826625806223,0.258989898989899,0.0008214727340655044,0,1,0
1035,30384,徐九思,cluster2_yuan_ming,25,0.0,1.0,0.0001304573429814679,0,1,0
1036,30492,王楠,cluster1_song_and_before,1,0.0,0.0,3.7056323637843556e-36,1,0,0
1037,30601,徐石麒,cluster2_yuan_ming,22,1.7214503056734308e-05,0.5714285714285714,5.649209699511226e-05,0,1,0
1038,30659,黃福,cluster2_yuan_ming,0,0.0,0.0,7.067932822769843e-42,0,1,0
1039,30680,皇甫涍,cluster2_yuan_ming,43,0.0007948528192507064,0.44629014396456257,0.000687970482737602,0,1,0
1040,30689,馮元颺,cluster2_yuan_ming,14,1.5883175102873746e-05,0.7472527472527473,5.1481063331584616e-05,0,1,0
1041,30862,杜從則,cluster1_song_and_before,0,0.0,0.0,7.067932822769843e-42,1,0,0
1042,30976,張薦,cluster1_song_and_before,25,0.00010095127682364498,0.5633333333333334,0.00022863459097278736,1,0,0
1043,31153,韋益,cluster1_song_and_before,1,0.0,0.0,0.00011901754975127966,1,0,0
1044,31175,楊師道,cluster1_song_and_before,2,0.0,1.0,8.214785971249928e-33,1,0,0
1045,31407,張說,cluster1_song_and_before,31,0.0010131246366127146,0.3311827956989247,0.001060946151851937,1,0,0
1046,31418,韋鼎,cluster1_song_and_before,0,0.0,0.0,7.067932822769843e-42,1,0,0
1047,31435,楊崇敬,cluster1_song_and_before,1,0.0,0.0,8.548381327754084e-06,1,0,0
1048,31460,姜晞,cluster1_song_and_before,13,0.0,1.0,0.00016726110381756954,1,0,0
1049,31498,于休烈,cluster1_song_and_before,9,0.0,0.8333333333333334,3.7323327168812416e-05,1,0,0
1050,31501,于敖,cluster1_song_and_before,19,1.241909465291778e-05,0.9064327485380117,0.0004848787187822385,1,0,0
1051,31511,魏知古,cluster1_song_and_before,13,0.0,1.0,0.00016726110381756954,1,0,0
1052,31542,盧藏用,cluster1_song_and_before,10,0.0013099350030311688,0.6888888888888889,0.00015129695819455713,1,0,0
1053,31552,薛稷,cluster1_song_and_before,15,7.395883999576587e-05,0.638095238095238,0.0001754076101709524,1,0,0
1054,31722,劉知柔,cluster1_song_and_before,0,0.0,0.0,7.067932822769843e-42,1,0,0
1055,31779,竇抗,cluster1_song_and_before,1,0.0,0.0,3.7056323637843556e-36,1,0,0
1056,31928,裴佶,cluster1_song_and_before,0,0.0,0.0,7.067932822769843e-42,1,0,0
1057,31940,蕭廣微,cluster1_song_and_before,0,0.0,0.0,7.067932822769843e-42,1,0,0
1058,32001,裴澈,cluster1_song_and_before,0,0.0,0.0,7.067932822769843e-42,1,0,0
1059,32016,張嘉貞,cluster1_song_and_before,16,1.951645935780358e-06,0.8666666666666667,0.0001737841036094952,1,0,0
1060,32019,張弘靖,cluster1_song_and_before,18,2.0763336781635648e-05,0.48366013071895425,4.511661093192359e-05,1,0,0
1061,32033,李元繹,cluster1_song_and_before,1,0.0,0.0,1.3974203187627955e-06,1,0,0
1062,32034,李元紘,cluster1_song_and_before,16,0.0001716892732390119,0.8333333333333334,0.00017343465895635927,1,0,0
1063,32050,牛仙客,cluster1_song_and_before,0,0.0,0.0,7.067932822769843e-42,1,0,0
1064,32085,韋述,cluster1_song_and_before,17,1.6168060119589375e-06,0.8308823529411765,0.00017603481573187136,1,0,0
1065,32155,韋虛心,cluster1_song_and_before,4,0.0,1.0,0.00013858092504939818,1,0,0
1066,32165,李峴,cluster1_song_and_before,6,0.0,0.8666666666666667,0.00013895486711296265,1,0,0
1067,32175,王縉,cluster1_song_and_before,20,5.8337509981809773e-05,0.5052631578947369,0.00018146058651217538,1,0,0
1068,32205,李暠,cluster1_song_and_before,15,4.9082124996858744e-08,0.9523809523809523,0.00017342348946119572,1,0,0
1069,32248,元稹,cluster1_song_and_before,46,0.0006979212719606314,0.3526570048309179,0.0005618284935954611,1,0,0
1070,32304,崔遠,cluster1_song_and_before,2,0.0,1.0,0.00012334066732619918,1,0,0
1071,32351,郭晞,cluster1_song_and_before,1,0.0,0.0,0.00011901754975127966,1,0,0
1072,32352,郭鈞,cluster1_song_and_before,0,0.0,0.0,7.067932822769843e-42,1,0,0
1073,32575,蕭昕,cluster1_song_and_before,29,0.0006552621675605798,0.5344827586206896,0.0010192756657065758,1,0,0
1074,32578,喬琳,cluster1_song_and_before,3,3.781573133377753e-05,0.0,0.00011917605997152534,1,0,0
1075,32763,王端,cluster1_song_and_before,0,0.0,0.0,7.067932822769843e-42,1,0,0
1076,32878,歸崇敬,cluster1_song_and_before,0,0.0,0.0,7.067932822769843e-42,1,0,0
1077,32879,歸登,cluster1_song_and_before,8,0.0,1.0,0.00014360462510686867,1,0,0
1078,32970,令狐彰,cluster1_song_and_before,8,0.000579564643206449,0.5714285714285714,0.0001333763423984299,1,0,0
1079,33153,鄭餘慶,cluster1_song_and_before,26,0.00026393636399930166,0.5384615384615384,0.00021493687606488008,1,0,0
1080,33161,鄭處誨,cluster1_song_and_before,1,0.0,0.0,1.7318176981518202e-06,1,0,0
1081,33180,程恩澤,cluster3_qing_after,4,9.571014374387454e-07,0.6666666666666666,1.1761525368898844e-11,0,0,1
1082,33311,李易,cluster1_song_and_before,7,9.6247707407218e-07,0.5238095238095238,0.002265755149217673,1,0,0
1083,33408,盧熊,cluster2_yuan_ming,3,9.702877113161865e-05,0.3333333333333333,0.0004315283998396705,0,1,0
1084,33450,朱虎,cluster1_song_and_before,0,0.0,0.0,7.067932822769843e-42,1,0,0
1085,33589,柳公權,cluster1_song_and_before,18,0.0,1.0,0.00048458039602140705,1,0,0
1086,33625,韋澳,cluster1_song_and_before,5,0.0,1.0,2.9000642251447178e-05,1,0,0
1087,33828,陸光祖,cluster2_yuan_ming,116,0.0007152199009724997,0.3385307346326837,0.0002726814664250749,0,1,0
1088,33864,王鴻儒,cluster2_yuan_ming,43,0.0004993443193384871,0.33111849390919157,0.00017931269280154472,0,1,0
1089,33923,彭元瑞,cluster3_qing_after,10,0.010262305080454759,0.6222222222222222,2.052706203792059e-05,0,0,1
1090,34020,令狐俅,cluster1_song_and_before,28,6.656382695244807e-07,0.9867724867724867,0.013163986784523381,1,0,0
1091,34100,陳安禮,cluster1_song_and_before,38,1.0470119990164775e-05,0.6614509246088194,0.015499636125645184,1,0,0
1092,34189,洪朴,cluster3_qing_after,3,0.00017164019111401502,0.3333333333333333,1.4241720865528347e-09,0,0,1
1093,34190,王念孫,cluster3_qing_after,8,0.004761579651257759,0.17857142857142858,1.4246370718072088e-09,0,0,1
1094,34220,唐鶴徵,cluster2_yuan_ming,99,0.000619495023446987,0.3531230674087817,0.000267857362077672,0,1,0
1095,34446,練子寧,cluster2_yuan_ming,38,0.0017681573813770892,0.4167852062588905,0.0008365200687303984,0,1,0
1096,34534,章拯,cluster2_yuan_ming,30,1.8662950407571882e-05,0.5057471264367817,0.0001135788674414359,0,1,0
1097,34592,張吉,cluster2_yuan_ming,23,0.00029423385300476613,0.3557312252964427,0.00011902013579714682,0,1,0
1098,34632,顧瑮,cluster2_yuan_ming,0,0.0,0.0,7.067932822769843e-42,0,1,0
1099,34637,劉麟,cluster2_yuan_ming,68,0.0007171741550652461,0.29499561018437226,0.00020396545881402488,0,1,0
1100,34646,何瑭,cluster2_yuan_ming,60,0.0003883180423902309,0.3954802259887006,0.00020592775712131568,0,1,0
1101,34647,潘希曾,cluster2_yuan_ming,55,0.00010814170937834295,0.4255892255892256,0.0001873089651654291,0,1,0
1102,34650,崔陞,cluster2_yuan_ming,38,4.316065265866754e-05,0.5376955903271693,0.00015472157233455933,0,1,0
1103,34653,韓邦靖,cluster2_yuan_ming,25,7.718501123684513e-05,0.7166666666666667,8.244822801662062e-05,0,1,0
1104,34655,夏良勝,cluster2_yuan_ming,51,0.0006284644343628566,0.35215686274509805,0.000732255012665755,0,1,0
1105,34748,劉宗周,cluster2_yuan_ming,71,0.019382846800734124,0.23420523138833,0.002546030630243269,0,1,0
1106,34752,范景文,cluster2_yuan_ming,29,0.00025878942205412715,0.541871921182266,0.00011982876249708577,0,1,0
1107,34754,范永年,cluster2_yuan_ming,20,6.246137621481013e-06,0.8894736842105263,0.00026717203522039467,0,1,0
1108,35008,左璵,cluster1_song_and_before,0,0.0,0.0,7.067932822769843e-42,1,0,0
1109,35128,楊伯巖,cluster1_song_and_before,0,0.0,0.0,7.067932822769843e-42,1,0,0
1110,35193,尹會一,cluster3_qing_after,3,0.0015919787242731132,0.0,1.1481639934875515e-11,0,0,1
1111,35224,龔璛,cluster1_song_and_before,23,0.0014916682855987914,0.47035573122529645,0.0056606062050991,1,0,0
1112,35225,龔潗,cluster1_song_and_before,1,0.0,0.0,4.5609363768424254e-05,1,0,0
1113,35266,岳元聲,cluster2_yuan_ming,81,0.0006664827782427775,0.35555555555555557,0.0001781992499205778,0,1,0
1114,35433,李守中,cluster1_song_and_before,7,0.0002574042933211529,0.7142857142857143,6.460200326044331e-05,1,0,0
1115,35616,周綸,cluster1_song_and_before,56,0.0,1.0,0.029923612878416644,1,0,0
1116,36422,王孝和,cluster1_song_and_before,0,0.0,0.0,7.067932822769843e-42,1,0,0
1117,37597,郭之美,cluster1_song_and_before,24,0.0,1.0,0.011144988161719901,1,0,0
1118,37610,郭師愈,cluster1_song_and_before,12,0.0,1.0,0.006198928073743184,1,0,0
1119,37714,毌守素,cluster1_song_and_before,1,0.0,0.0,1.2947581335869005e-05,1,0,0
1120,37736,孔維,cluster1_song_and_before,0,0.0,0.0,7.067932822769843e-42,1,0,0
1121,37737,孔承恭,cluster1_song_and_before,0,0.0,0.0,7.067932822769843e-42,1,0,0
1122,37743,孔勗,cluster1_song_and_before,5,6.962483274175588e-06,0.9,0.002620721278397651,1,0,0
1123,37836,王奭,cluster1_song_and_before,0,0.0,0.0,7.067932822769843e-42,1,0,0
1124,37852,王樞,cluster1_song_and_before,11,0.0,1.0,0.0023028525323702757,1,0,0
1125,37916,吳業,cluster1_song_and_before,30,1.6804786077306735e-06,0.9057471264367816,0.011271596197976552,1,0,0
1126,37997,王文寶,cluster1_song_and_before,0,0.0,0.0,7.067932822769843e-42,1,0,0
1127,38004,李宗勉,cluster1_song_and_before,47,0.00040421966941701573,0.7049028677150786,0.014841995621012218,1,0,0
1128,38121,王處訥,cluster1_song_and_before,0,0.0,0.0,7.067932822769843e-42,1,0,0
1129,38156,卜伸,cluster1_song_and_before,0,0.0,0.0,7.067932822769843e-42,1,0,0
1130,38181,于房,cluster1_song_and_before,0,0.0,0.0,7.067932822769843e-42,1,0,0
1131,38210,王珏,cluster1_song_and_before,0,0.0,0.0,7.067932822769843e-42,1,0,0
1132,38219,于有成,cluster1_song_and_before,7,2.707151684559548e-07,0.8095238095238095,0.0030524301195028075,1,0,0
1133,38220,王述,cluster1_song_and_before,0,0.0,0.0,7.067932822769843e-42,1,0,0
1134,38275,王熙元,cluster1_song_and_before,0,0.0,0.0,7.067932822769843e-42,1,0,0
1135,38331,王紹,cluster1_song_and_before,8,0.0,1.0,0.0036227573356466345,1,0,0
1136,38430,王揆,cluster1_song_and_before,0,0.0,0.0,7.067932822769843e-42,1,0,0
1137,38648,牛大年,cluster1_song_and_before,44,1.5068152483600725e-05,0.7854122621564482,0.01565998689855679,1,0,0
1138,38663,牛拱辰,cluster1_song_and_before,0,0.0,0.0,7.067932822769843e-42,1,0,0
1139,38712,石君瑜,cluster1_song_and_before,12,0.0,1.0,0.004422771916654614,1,0,0
1140,38773,田敏,cluster1_song_and_before,0,0.0,0.0,7.067932822769843e-42,1,0,0
1141,38949,古世淳,cluster1_song_and_before,10,0.0,1.0,0.004409610416895437,1,0,0
1142,39066,史序,cluster1_song_and_before,0,0.0,0.0,7.067932822769843e-42,1,0,0
1143,39458,王易,cluster1_song_and_before,11,0.0,1.0,0.005859358895664914,1,0,0
1144,39475,向紡,cluster1_song_and_before,5,0.0,1.0,0.000555228531525733,1,0,0
1145,39598,危昭德,cluster1_song_and_before,0,0.0,0.0,7.067932822769843e-42,1,0,0
1146,39811,朱時敏,cluster1_song_and_before,14,2.9147965520539007e-06,0.5824175824175825,0.004582474667421923,1,0,0
1147,39817,任逸,cluster1_song_and_before,1,0.0,0.0,1.1560592517194928e-06,1,0,0
1148,39839,沈厚載,cluster1_song_and_before,0,0.0,0.0,7.067932822769843e-42,1,0,0
1149,39847,朱從道,cluster1_song_and_before,62,2.153720458185959e-05,0.7683765203595981,0.03030984324689758,1,0,0
1150,39869,任嚴,cluster1_song_and_before,36,0.0,1.0,0.014195753448007735,1,0,0
1151,39907,沈紳,cluster1_song_and_before,0,0.0,0.0,7.067932822769843e-42,1,0,0
1152,39948,汪立信,cluster1_song_and_before,22,8.266654752120193e-05,0.43722943722943725,0.006074282005668381,1,0,0
1153,39960,朱褒,cluster1_song_and_before,0,0.0,0.0,7.067932822769843e-42,1,0,0
1154,40169,汪齊,cluster1_song_and_before,83,0.0,1.0,0.049168761689557326,1,0,0
1155,40276,李川,cluster1_song_and_before,0,0.0,0.0,7.067932822769843e-42,1,0,0
1156,40287,李太,cluster1_song_and_before,16,0.0,1.0,0.006524209550389283,1,0,0
1157,40346,李昊,cluster1_song_and_before,4,0.0,1.0,1.1445510081377254e-05,1,0,0
1158,40353,李孝連,cluster1_song_and_before,0,0.0,0.0,7.067932822769843e-42,1,0,0
1159,40394,李受,cluster1_song_and_before,15,0.0,1.0,0.004290730062277365,1,0,0
1160,40396,杜起,cluster1_song_and_before,30,0.0,1.0,0.012011307801347515,1,0,0
1161,40408,李丕,cluster1_song_and_before,28,0.0,1.0,0.01050982280781566,1,0,0
1162,40589,李謙,cluster1_song_and_before,13,0.0,1.0,0.0038413599032039994,1,0,0
1163,40916,李芾,cluster1_song_and_before,54,0.00019180602752926867,0.6275331935709294,0.02043767602941684,1,0,0
1164,40928,李大同,cluster1_song_and_before,48,0.0,1.0,0.021577142509875268,1,0,0
1165,40998,李仲芳,cluster1_song_and_before,78,0.0,1.0,0.047176652195951005,1,0,0
1166,41028,李宗易,cluster1_song_and_before,87,0.005514855590501393,0.4578989574979952,0.03333645734413429,1,0,0
1167,41065,李保,cluster1_song_and_before,0,0.0,0.0,7.067932822769843e-42,1,0,0
1168,41246,李德鈞,cluster1_song_and_before,0,0.0,0.0,7.067932822769843e-42,1,0,0
1169,41268,邢若思,cluster1_song_and_before,0,0.0,0.0,7.067932822769843e-42,1,0,0
1170,41297,李伯玉,cluster1_song_and_before,20,5.663169702365555e-05,0.6947368421052632,0.0021230633322299047,1,0,0
1171,41312,吳及,cluster1_song_and_before,13,0.0,1.0,0.0042525140145407815,1,0,0
1172,41385,李雷應,cluster1_song_and_before,10,0.0,1.0,0.004284843107894697,1,0,0
1173,41497,吳伸,cluster1_song_and_before,0,0.0,0.0,7.067932822769843e-42,1,0,0
1174,41532,吳飛英,cluster1_song_and_before,21,0.0,1.0,0.009841397500605573,1,0,0
1175,41550,吳世延,cluster1_song_and_before,12,0.0,1.0,0.006797953318134309,1,0,0
1176,41577,吳濟,cluster1_song_and_before,5,0.0,1.0,0.0018107927859442262,1,0,0
1177,41641,李鳴復,cluster1_song_and_before,0,0.0,0.0,7.067932822769843e-42,1,0,0
1178,41661,吳君擢,cluster1_song_and_before,0,0.0,0.0,7.067932822769843e-42,1,0,0
1179,41888,吳祕,cluster1_song_and_before,2,0.0,1.0,0.0017671409426460605,1,0,0
1180,41961,何剡,cluster1_song_and_before,1,0.0,0.0,0.0010533546893812535,1,0,0
1181,42063,余良弼,cluster1_song_and_before,56,2.1671027853020335e-05,0.8603896103896104,0.023723301180233802,1,0,0
1182,42085,何蒙,cluster1_song_and_before,0,0.0,0.0,7.067932822769843e-42,1,0,0
1183,42145,林坰,cluster1_song_and_before,11,0.0,1.0,0.0028155461101198515,1,0,0
1184,42249,武宗元,cluster1_song_and_before,0,0.0,0.0,7.067932822769843e-42,1,0,0
1185,42321,林椅,cluster1_song_and_before,50,3.0151230164333283e-06,0.9428571428571428,0.021496919314880042,1,0,0
1186,42396,林肇,cluster1_song_and_before,83,0.0,1.0,0.049168761689557326,1,0,0
1187,42415,林慥,cluster1_song_and_before,28,0.0,1.0,0.01050982280781566,1,0,0
1188,42417,林大年,cluster1_song_and_before,4,0.0,1.0,0.0021774233760624537,1,0,0
1189,42496,林殆庶,cluster1_song_and_before,0,0.0,0.0,7.067932822769843e-42,1,0,0
1190,42652,周中復,cluster1_song_and_before,28,0.0,1.0,0.01050982280781566,1,0,0
1191,42659,周允迪,cluster1_song_and_before,0,0.0,0.0,7.067932822769843e-42,1,0,0
1192,42666,周坦,cluster1_song_and_before,6,0.0,1.0,0.005261086515536836,1,0,0
1193,42675,林拱辰,cluster1_song_and_before,52,7.83773477384144e-05,0.6357466063348416,0.018016116710285725,1,0,0
1194,42680,林應炎,cluster1_song_and_before,11,0.00017164019111401502,0.8181818181818182,0.004285119076594896,1,0,0
1195,42689,季著,cluster1_song_and_before,0,0.0,0.0,7.067932822769843e-42,1,0,0
1196,42700,周惟簡,cluster1_song_and_before,0,0.0,0.0,7.067932822769843e-42,1,0,0
1197,42765,周世南,cluster1_song_and_before,0,0.0,0.0,7.067932822769843e-42,1,0,0
1198,42790,李寅仲,cluster1_song_and_before,65,2.309736720744553e-05,0.7182692307692308,0.02487931823615196,1,0,0
1199,42805,周克明,cluster1_song_and_before,1,0.0,0.0,0.0007260808014921404,1,0,0
1200,42829,周希古,cluster1_song_and_before,0,0.0,0.0,7.067932822769843e-42,1,0,0
1201,42906,周直方,cluster1_song_and_before,0,0.0,0.0,7.067932822769843e-42,1,0,0
1202,43094,胡榘,cluster1_song_and_before,71,4.313170067680657e-05,0.682092555331992,0.026729020262694612,1,0,0
1203,43110,沈復,cluster1_song_and_before,48,0.0,1.0,0.021090633636560815,1,0,0
1204,43150,胡剛中,cluster1_song_and_before,0,0.0,0.0,7.067932822769843e-42,1,0,0
1205,43221,胡從義,cluster1_song_and_before,0,0.0,0.0,7.067932822769843e-42,1,0,0
1206,43237,胡鏜,cluster1_song_and_before,0,0.0,0.0,7.067932822769843e-42,1,0,0
1207,43311,胡弌之,cluster1_song_and_before,0,0.0,0.0,7.067932822769843e-42,1,0,0
1208,43409,苗守信,cluster1_song_and_before,0,0.0,0.0,7.067932822769843e-42,1,0,0
1209,43485,林彬之,cluster1_song_and_before,38,1.2199101041060485e-05,0.9473684210526315,0.015512538764422212,1,0,0
1210,43532,姚奭,cluster1_song_and_before,30,0.0006869556589451516,0.6,0.017806165951728056,1,0,0
1211,43574,范東叟,cluster1_song_and_before,1,0.0,0.0,3.452660026839828e-05,1,0,0
1212,43598,范彥輝,cluster1_song_and_before,0,0.0,0.0,7.067932822769843e-42,1,0,0
1213,43692,范子初,cluster1_song_and_before,2,0.0,1.0,0.00028009990322548596,1,0,0
1214,43739,柳永,cluster1_song_and_before,1,0.0,0.0,0.00021527106865376023,1,0,0
1215,43958,馬峰,cluster1_song_and_before,0,0.0,0.0,7.067932822769843e-42,1,0,0
1216,44076,昝居潤,cluster1_song_and_before,0,0.0,0.0,7.067932822769843e-42,1,0,0
1217,44294,祝康,cluster1_song_and_before,8,8.185849876058929e-07,0.9285714285714286,0.0025995966158387884,1,0,0
1218,44303,高賦,cluster1_song_and_before,34,2.0814403935261437e-05,0.6934046345811051,0.012692170791227534,1,0,0
1219,44372,楊恂,cluster1_song_and_before,68,6.375903879604106e-05,0.7818261633011413,0.03259479298331136,1,0,0
1220,44377,戴衍,cluster1_song_and_before,15,0.0,1.0,0.004702578166147928,1,0,0
1221,44584,孫潼發,cluster1_song_and_before,57,0.0004019375083370991,0.5012531328320802,0.016521685435532375,1,0,0
1222,44637,胡叔彩,cluster1_song_and_before,6,0.0,1.0,0.0006910810967545476,1,0,0
1223,44638,孫應鳳,cluster1_song_and_before,0,0.0,0.0,7.067932822769843e-42,1,0,0
1224,44640,胡彬(胡旦子),cluster1_song_and_before,6,0.0,1.0,0.0006910810967545476,1,0,0
1225,44641,胡彤,cluster1_song_and_before,6,0.0,1.0,0.0006910810967545476,1,0,0
1226,44718,孫願質,cluster1_song_and_before,1,0.0,0.0,0.00012456864518328901,1,0,0
1227,45049,孫永言,cluster1_song_and_before,5,0.0,1.0,0.002648636525697512,1,0,0
1228,45173,郭元方,cluster1_song_and_before,7,0.0,1.0,0.0035177631063861054,1,0,0
1229,45177,郭元亨,cluster1_song_and_before,2,0.0,1.0,0.0016278556675205543,1,0,0
1230,45187,孫附鳳,cluster1_song_and_before,0,0.0,0.0,7.067932822769843e-42,1,0,0
1231,45554,曹錫,cluster1_song_and_before,30,1.1111773838540016e-05,0.7011494252873564,0.013345526601246044,1,0,0
1232,45682,張式,cluster1_song_and_before,83,0.0,1.0,0.049168761689557326,1,0,0
1233,45685,張旨,cluster1_song_and_before,112,0.00014519403927556917,0.6776061776061776,0.057204030723328005,1,0,0
1234,45718,張沂,cluster1_song_and_before,0,0.0,0.0,7.067932822769843e-42,1,0,0
1235,45753,張谷,cluster1_song_and_before,98,2.332513381782513e-05,0.7532084998948033,0.05275790345501835,1,0,0
1236,45760,張扶,cluster1_song_and_before,0,0.0,0.0,7.067932822769843e-42,1,0,0
1237,45771,刁某,cluster1_song_and_before,84,5.378620078388346e-07,0.9793459552495697,0.049361821054017006,1,0,0
1238,45810,王輿,cluster1_song_and_before,0,0.0,0.0,7.067932822769843e-42,1,0,0
1239,45816,王皡,cluster1_song_and_before,8,0.0,1.0,0.0036227573356466345,1,0,0
1240,45885,王山民,cluster1_song_and_before,32,0.0,1.0,0.013518930830784363,1,0,0
1241,45886,王漸,cluster1_song_and_before,1,0.0,0.0,0.0009000619102422917,1,0,0
1242,46031,傅回,cluster1_song_and_before,2,0.0,1.0,0.0019445837062807923,1,0,0
1243,46289,徐成甫,cluster1_song_and_before,6,0.0,1.0,0.0037834796800762854,1,0,0
1244,46312,徐深叟,cluster1_song_and_before,1,0.0,0.0,0.0001696964600702261,1,0,0
1245,46425,梁周翰,cluster1_song_and_before,48,0.00033780125678882527,0.5957446808510638,0.018386665707472178,1,0,0
1246,46569,郭延澤,cluster1_song_and_before,0,0.0,0.0,7.067932822769843e-42,1,0,0
1247,46608,張午,cluster1_song_and_before,37,0.0,1.0,0.014981137498738676,1,0,0
1248,46640,張泌,cluster1_song_and_before,18,0.0,1.0,0.004159350440286306,1,0,0
1249,46642,張庚,cluster1_song_and_before,21,6.605741194451267e-06,0.5952380952380952,0.011423422357147975,1,0,0
1250,46702,張弇,cluster1_song_and_before,30,1.858440090721279e-06,0.7770114942528735,0.01494033552062864,1,0,0
1251,46847,張經,cluster1_song_and_before,0,0.0,0.0,7.067932822769843e-42,1,0,0
1252,46872,張澄,cluster1_song_and_before,7,0.0,1.0,0.004958940855930548,1,0,0
1253,46952,張勸,cluster1_song_and_before,0,0.0,0.0,7.067932822769843e-42,1,0,0
1254,46966,張九思,cluster1_song_and_before,78,0.0,1.0,0.04717665219595101,1,0,0
1255,47040,張平易,cluster1_song_and_before,0,0.0,0.0,7.067932822769843e-42,1,0,0
1256,47148,張宗益,cluster1_song_and_before,22,0.0,1.0,0.012931068501610401,1,0,0
1257,47303,張霆振,cluster1_song_and_before,0,0.0,0.0,7.067932822769843e-42,1,0,0
1258,47457,陳高,cluster1_song_and_before,19,0.0,1.0,0.006178961199108877,1,0,0
1259,47470,陳晐,cluster1_song_and_before,5,0.0,1.0,0.005077303509624994,1,0,0
1260,47517,陳巽,cluster1_song_and_before,28,0.0,1.0,0.01050982280781566,1,0,0
1261,47568,陳傳,cluster1_song_and_before,0,0.0,0.0,7.067932822769843e-42,1,0,0
1262,47602,陳震,cluster1_song_and_before,2,0.0,1.0,3.711159191797524e-05,1,0,0
1263,47673,陳藻,cluster1_song_and_before,18,2.1833188153067e-06,0.7647058823529411,0.010627017934833985,1,0,0
1264,47758,陳公益,cluster1_song_and_before,0,0.0,0.0,7.067932822769843e-42,1,0,0
1265,47798,陳有宗,cluster1_song_and_before,0,0.0,0.0,7.067932822769843e-42,1,0,0
1266,48084,陸起,cluster1_song_and_before,0,0.0,0.0,7.067932822769843e-42,1,0,0
1267,48126,陶木,cluster1_song_and_before,0,0.0,0.0,7.067932822769843e-42,1,0,0
1268,48157,常挺,cluster1_song_and_before,39,1.3178514264473718e-05,0.921727395411606,0.01568087885135737,1,0,0
1269,48192,崔縱,cluster1_song_and_before,0,0.0,0.0,7.067932822769843e-42,1,0,0
1270,48255,莫澤,cluster1_song_and_before,0,0.0,0.0,7.067932822769843e-42,1,0,0
1271,48264,莊序,cluster1_song_and_before,0,0.0,0.0,7.067932822769843e-42,1,0,0
1272,48344,馮文智,cluster1_song_and_before,0,0.0,0.0,7.067932822769843e-42,1,0,0
1273,48449,童潮,cluster1_song_and_before,0,0.0,0.0,7.067932822769843e-42,1,0,0
1274,48495,曾楷,cluster1_song_and_before,0,0.0,0.0,7.067932822769843e-42,1,0,0
1275,48590,黃垍,cluster1_song_and_before,0,0.0,0.0,7.067932822769843e-42,1,0,0
1276,48641,黃照,cluster1_song_and_before,11,0.0,1.0,0.005859358895664914,1,0,0
1277,48675,黃頤,cluster1_song_and_before,9,0.0,1.0,0.002872922771829627,1,0,0
1278,48749,黃自然,cluster1_song_and_before,5,0.0,1.0,0.0019739506083107446,1,0,0
1279,49052,傅雱,cluster1_song_and_before,0,0.0,0.0,7.067932822769843e-42,1,0,0
1280,49210,舒雅,cluster1_song_and_before,0,0.0,0.0,7.067932822769843e-42,1,0,0
1281,49581,楊昭儉,cluster1_song_and_before,0,0.0,0.0,7.067932822769843e-42,1,0,0
1282,49672,路綸,cluster1_song_and_before,23,0.0,1.0,0.012448042328169484,1,0,0
1283,49726,董居誼,cluster1_song_and_before,0,0.0,0.0,7.067932822769843e-42,1,0,0
1284,49820,葉之瑞,cluster1_song_and_before,0,0.0,0.0,7.067932822769843e-42,1,0,0
1285,49974,廖俁,cluster1_song_and_before,60,1.3256169977570049e-05,0.8096045197740113,0.024931038220375828,1,0,0
1286,49987,廖孟登,cluster1_song_and_before,0,0.0,0.0,7.067932822769843e-42,1,0,0
1287,50221,趙子建,cluster1_song_and_before,25,0.0,1.0,0.009809530742654199,1,0,0
1288,50223,趙子振,cluster1_song_and_before,25,0.0,1.0,0.009809530742654199,1,0,0
1289,50230,趙子琦,cluster1_song_and_before,25,0.0,1.0,0.009809530742654199,1,0,0
1290,50302,趙文度,cluster1_song_and_before,0,0.0,0.0,7.067932822769843e-42,1,0,0
1291,50505,趙汝譢,cluster1_song_and_before,0,0.0,0.0,7.067932822769843e-42,1,0,0
1292,50521,趙自化,cluster1_song_and_before,0,0.0,0.0,7.067932822769843e-42,1,0,0
1293,50598,趙良坦,cluster1_song_and_before,0,0.0,0.0,7.067932822769843e-42,1,0,0
1294,50807,趙彥博,cluster1_song_and_before,57,5.646012659307923e-07,0.9774436090225563,0.030107437228903067,1,0,0
1295,50820,趙咸一,cluster1_song_and_before,0,0.0,0.0,7.067932822769843e-42,1,0,0
1296,50850,趙時逢,cluster1_song_and_before,62,2.5645467833616596e-05,0.8588048651507139,0.03079639570181955,1,0,0
1297,50865,趙時願,cluster1_song_and_before,36,0.0,1.0,0.014195753448007735,1,0,0
1298,50867,趙修己,cluster1_song_and_before,0,0.0,0.0,7.067932822769843e-42,1,0,0
1299,50921,趙逢龍,cluster1_song_and_before,0,0.0,0.0,7.067932822769843e-42,1,0,0
1300,51006,趙與琇,cluster1_song_and_before,0,0.0,0.0,7.067932822769843e-42,1,0,0
1301,51096,蓋淑,cluster1_song_and_before,9,0.0,1.0,0.002872922771829627,1,0,0
1302,51114,蒲慎密,cluster1_song_and_before,15,0.0,1.0,0.004290730062277365,1,0,0
1303,51262,鄭發,cluster1_song_and_before,0,0.0,0.0,7.067932822769843e-42,1,0,0
1304,51263,鄭發,cluster1_song_and_before,0,0.0,0.0,7.067932822769843e-42,1,0,0
1305,51303,鄭璹,cluster1_song_and_before,0,0.0,0.0,7.067932822769843e-42,1,0,0
1306,51502,歐陽廻,cluster1_song_and_before,0,0.0,0.0,7.067932822769843e-42,1,0,0
1307,51653,樂備,cluster1_song_and_before,5,0.0,1.0,0.0022037611453714343,1,0,0
1308,51671,滕世寧,cluster1_song_and_before,2,0.0,1.0,8.214785971249928e-33,1,0,0
1309,51675,練定,cluster1_song_and_before,0,0.0,0.0,7.067932822769843e-42,1,0,0
1310,51763,劉晟,cluster1_song_and_before,0,0.0,0.0,7.067932822769843e-42,1,0,0
1311,51858,劉騭,cluster1_song_and_before,0,0.0,0.0,7.067932822769843e-42,1,0,0
1312,51873,劉夔,cluster1_song_and_before,3,3.170893963697672e-08,0.6666666666666666,0.000847324569667679,1,0,0
1313,51911,劉天定,cluster1_song_and_before,0,0.0,0.0,7.067932822769843e-42,1,0,0
1314,51963,劉良貴,cluster1_song_and_before,4,0.0,1.0,0.000783856684007452,1,0,0
1315,51980,劉伯正,cluster1_song_and_before,16,0.0,1.0,0.001945346515500486,1,0,0
1316,52016,劉致一,cluster1_song_and_before,0,0.0,0.0,7.067932822769843e-42,1,0,0
1317,52079,劉審瓊,cluster1_song_and_before,0,0.0,0.0,7.067932822769843e-42,1,0,0
1318,52136,閻顒,cluster1_song_and_before,12,0.0,1.0,0.004422771916654614,1,0,0
1319,52213,盧祖皋,cluster1_song_and_before,2,0.0,1.0,7.910204197284103e-05,1,0,0
1320,52268,衛希道,cluster1_song_and_before,36,0.0,1.0,0.019211109985116267,1,0,0
1321,52303,錢衮,cluster1_song_and_before,12,0.0,1.0,0.004422771916654614,1,0,0
1322,52462,韓丕,cluster1_song_and_before,9,0.0,1.0,0.004540751462619313,1,0,0
1323,52545,韓景融,cluster1_song_and_before,31,1.8987651605317836e-07,0.9870967741935484,0.01300223275155227,1,0,0
1324,52553,韓顯符,cluster1_song_and_before,0,0.0,0.0,7.067932822769843e-42,1,0,0
1325,52583,薛?,cluster1_song_and_before,0,0.0,0.0,7.067932822769843e-42,1,0,0
1326,52639,顏衎,cluster1_song_and_before,0,0.0,0.0,7.067932822769843e-42,1,0,0
1327,52691,豐有孚,cluster1_song_and_before,0,0.0,0.0,7.067932822769843e-42,1,0,0
1328,52842,羅致恭,cluster1_song_and_before,12,0.0,1.0,0.004422771916654614,1,0,0
1329,52899,蘇畋,cluster1_song_and_before,0,0.0,0.0,7.067932822769843e-42,1,0,0
1330,53966,鄭信陵,cluster1_song_and_before,0,0.0,0.0,7.067932822769843e-42,1,0,0
1331,53995,許祐身,cluster3_qing_after,0,0.0,0.0,7.067932822769843e-42,0,0,1
1332,54021,茹棻,cluster3_qing_after,1,0.0,0.0,3.7056323637843556e-36,0,0,1
1333,54104,翁同龢,cluster3_qing_after,4,1.914202874877491e-06,0.5,5.871878071872234e-30,0,0,1
1334,54146,徐人龍,cluster2_yuan_ming,0,0.0,0.0,7.067932822769843e-42,0,1,0
1335,54228,徐旭齡,cluster2_yuan_ming,0,0.0,0.0,7.067932822769843e-42,0,1,0
1336,54245,彭蘊章,cluster3_qing_after,0,0.0,0.0,7.067932822769843e-42,0,0,1
1337,54246,陳法,cluster3_qing_after,2,0.0001713367656093867,0.0,9.25409061140711e-14,0,0,1
1338,54673,曹秀先,cluster3_qing_after,4,0.0,1.0,4.273335402005711e-09,0,0,1
1339,54763,李星沅,cluster3_qing_after,0,0.0,0.0,7.067932822769843e-42,0,0,1
1340,54942,范允臨,cluster2_yuan_ming,79,0.018283819464485655,0.4157740993184031,0.023918110825792534,0,1,0
1341,54953,傅嘉年,cluster3_qing_after,0,0.0,0.0,7.067932822769843e-42,0,0,1
1342,54993,錢維城,cluster3_qing_after,10,0.00011379829954653272,0.7333333333333333,1.753543432844725e-07,0,0,1
1343,54996,方以智,cluster2_yuan_ming,14,0.00017658403549720197,0.6593406593406593,2.925591704827263e-05,0,1,0
1344,55080,完顏留保,cluster3_qing_after,0,0.0,0.0,7.067932822769843e-42,0,0,1
1345,55216,林壽圖,cluster3_qing_after,1,0.0,0.0,1.1545008859761407e-30,0,0,1
1346,55233,田雯,cluster2_yuan_ming,0,0.0,0.0,7.067932822769843e-42,0,1,0
1347,55631,潘祖蔭,cluster3_qing_after,5,4.466473374714146e-06,0.1,3.6517169019351074e-30,0,0,1
1348,55666,吳綺,cluster2_yuan_ming,0,0.0,0.0,7.067932822769843e-42,0,1,0
1349,55706,彭期生,cluster2_yuan_ming,14,0.0,1.0,3.972579464849278e-05,0,1,0
1350,55824,陳廷敬,cluster2_yuan_ming,3,0.0,1.0,0.0002155704256164772,0,1,0
1351,55869,鈕祜祿德齡,cluster3_qing_after,0,0.0,0.0,7.067932822769843e-42,0,0,1
1352,55984,張廷瑑,cluster3_qing_after,0,0.0,0.0,7.067932822769843e-42,0,0,1
1353,56278,張英,cluster2_yuan_ming,0,0.0,0.0,7.067932822769843e-42,0,1,0
1354,56763,歸朝煦,cluster3_qing_after,0,0.0,0.0,7.067932822769843e-42,0,0,1
1355,56832,孫嘉淦,cluster3_qing_after,1,0.0,0.0,7.460334641120204e-16,0,0,1
1356,56850,曹振鏞,cluster3_qing_after,2,0.0,1.0,1.1574939157591263e-11,0,0,1
1357,56856,梁維樞,cluster2_yuan_ming,0,0.0,0.0,7.067932822769843e-42,0,1,0
1358,56858,陸燿,cluster3_qing_after,10,0.005254486891538713,0.6444444444444445,1.7530879531590999e-07,0,0,1
1359,56862,劉星煒,cluster3_qing_after,0,0.0,0.0,7.067932822769843e-42,0,0,1
1360,56863,蘭第錫,cluster3_qing_after,0,0.0,0.0,7.067932822769843e-42,0,0,1
1361,56881,史貽直,cluster3_qing_after,8,0.0,1.0,1.7528602230451393e-07,0,0,1
1362,56891,白鍾山,cluster3_qing_after,0,0.0,0.0,7.067932822769843e-42,0,0,1
1363,56904,朱之弼,cluster2_yuan_ming,0,0.0,0.0,7.067932822769843e-42,0,1,0
1364,56905,他他拉裕泰,cluster3_qing_after,0,0.0,0.0,7.067932822769843e-42,0,0,1
1365,56923,顧皋,cluster3_qing_after,1,0.0,0.0,3.7056323637843556e-36,0,0,1
1366,56947,博爾濟吉特僧格林沁,cluster3_qing_after,0,0.0,0.0,7.067932822769843e-42,0,0,1
1367,56989,葉初春,cluster2_yuan_ming,0,0.0,0.0,7.067932822769843e-42,0,1,0
1368,56990,劉餘祐,cluster2_yuan_ming,0,0.0,0.0,7.067932822769843e-42,0,1,0
1369,56992,劉鐶之,cluster3_qing_after,1,0.0,0.0,1.6539727552767233e-07,0,0,1
1370,57007,汪漋,cluster3_qing_after,0,0.0,0.0,7.067932822769843e-42,0,0,1
1371,57020,管幹貞,cluster3_qing_after,0,0.0,0.0,7.067932822769843e-42,0,0,1
1372,57062,邵燦,cluster3_qing_after,0,0.0,0.0,7.067932822769843e-42,0,0,1
1373,57067,金之俊,cluster2_yuan_ming,0,0.0,0.0,7.067932822769843e-42,0,1,0
1374,57080,汪巴寧阿,cluster3_qing_after,0,0.0,0.0,7.067932822769843e-42,0,0,1
1375,57124,章佳阿克敦,cluster3_qing_after,8,0.0,1.0,1.7528602230451393e-07,0,0,1
1376,57129,王汝璧,cluster3_qing_after,0,0.0,0.0,7.067932822769843e-42,0,0,1
1377,57141,覺羅阿揚阿,cluster3_qing_after,0,0.0,0.0,7.067932822769843e-42,0,0,1
1378,57143,索佳額勒布,cluster3_qing_after,0,0.0,0.0,7.067932822769843e-42,0,0,1
1379,57144,顏檢,cluster3_qing_after,0,0.0,0.0,7.067932822769843e-42,0,0,1
1380,57162,瓜爾佳阿精阿,cluster3_qing_after,0,0.0,0.0,7.067932822769843e-42,0,0,1
1381,57173,費莫保昌,cluster3_qing_after,0,0.0,0.0,7.067932822769843e-42,0,0,1
1382,57204,王頊齡,cluster2_yuan_ming,1,0.0,0.0,3.7056323637843556e-36,0,1,0
1383,57205,愛新覺羅奕紀,cluster3_qing_after,0,0.0,0.0,7.067932822769843e-42,0,0,1
1384,57257,劉佳本智,cluster3_qing_after,0,0.0,0.0,7.067932822769843e-42,0,0,1
1385,57258,程巖,cluster3_qing_after,0,0.0,0.0,7.067932822769843e-42,0,0,1
1386,57267,薩達拉恆春,cluster3_qing_after,0,0.0,0.0,7.067932822769843e-42,0,0,1
1387,57274,郭洛羅永祚,cluster3_qing_after,0,0.0,0.0,7.067932822769843e-42,0,0,1
1388,57277,郝碩,cluster3_qing_after,0,0.0,0.0,7.067932822769843e-42,0,0,1
1389,57303,巴魯特柏葰,cluster3_qing_after,0,0.0,0.0,7.067932822769843e-42,0,0,1
1390,57342,胡高望,cluster3_qing_after,0,0.0,0.0,7.067932822769843e-42,0,0,1
1391,57351,范承勳,cluster2_yuan_ming,0,0.0,0.0,7.067932822769843e-42,0,1,0
1392,57359,范時紀,cluster3_qing_after,0,0.0,0.0,7.067932822769843e-42,0,0,1
1393,57398,蔣陳錫,cluster3_qing_after,0,0.0,0.0,7.067932822769843e-42,0,0,1
1394,57426,閻循琦,cluster3_qing_after,0,0.0,0.0,7.067932822769843e-42,0,0,1
1395,57428,那木都魯先福,cluster3_qing_after,0,0.0,0.0,7.067932822769843e-42,0,0,1
1396,57430,杭阿坦全保,cluster3_qing_after,0,0.0,0.0,7.067932822769843e-42,0,0,1
1397,57448,唐執玉,cluster3_qing_after,0,0.0,0.0,7.067932822769843e-42,0,0,1
1398,57462,東鄂同麟,cluster3_qing_after,0,0.0,0.0,7.067932822769843e-42,0,0,1
1399,57463,博史克多山,cluster3_qing_after,0,0.0,0.0,7.067932822769843e-42,0,0,1
1400,57470,葉赫納喇多福,cluster3_qing_after,0,0.0,0.0,7.067932822769843e-42,0,0,1
1401,57497,舒穆祿徐元夢,cluster3_qing_after,1,0.0,0.0,9.253488825718743e-14,0,0,1
1402,57498,程正揆,cluster2_yuan_ming,5,0.0,1.0,7.116483098245989e-06,0,1,0
1403,57506,托克托莫忒策丹,cluster3_qing_after,0,0.0,0.0,7.067932822769843e-42,0,0,1
1404,57507,鈕祜祿策楞,cluster3_qing_after,0,0.0,0.0,7.067932822769843e-42,0,0,1
1405,57509,愛新覺羅肅順,cluster3_qing_after,0,0.0,0.0,7.067932822769843e-42,0,0,1
1406,57514,朱士彥,cluster3_qing_after,1,0.0,0.0,2.2351211680387265e-29,0,0,1
1407,57533,富察貴慶,cluster3_qing_after,0,0.0,0.0,7.067932822769843e-42,0,0,1
1408,57563,瓜爾佳雅德,cluster3_qing_after,0,0.0,0.0,7.067932822769843e-42,0,0,1
1409,57588,愛新覺羅恩桂,cluster3_qing_after,0,0.0,0.0,7.067932822769843e-42,0,0,1
1410,57595,格吉勒廉善,cluster3_qing_after,0,0.0,0.0,7.067932822769843e-42,0,0,1
1411,57632,鈕祜祿毓奇,cluster3_qing_after,0,0.0,0.0,7.067932822769843e-42,0,0,1
1412,57668,覺羅海齡,cluster3_qing_after,0,0.0,0.0,7.067932822769843e-42,0,0,1
1413,57680,富察誠端,cluster3_qing_after,0,0.0,0.0,7.067932822769843e-42,0,0,1
1414,57681,賈楨,cluster3_qing_after,0,0.0,0.0,7.067932822769843e-42,0,0,1
1415,57687,富察烏爾恭額,cluster3_qing_after,0,0.0,0.0,7.067932822769843e-42,0,0,1
1416,57725,何淩漢,cluster3_qing_after,0,0.0,0.0,7.067932822769843e-42,0,0,1
1417,57827,愛新覺羅靈桂,cluster3_qing_after,0,0.0,0.0,7.067932822769843e-42,0,0,1
1418,57831,汪佳阿爾邦阿,cluster3_qing_after,0,0.0,0.0,7.067932822769843e-42,0,0,1
1419,57864,馬佳寶珣,cluster3_qing_after,0,0.0,0.0,7.067932822769843e-42,0,0,1
1420,57872,那拉麒慶,cluster3_qing_after,0,0.0,0.0,7.067932822769843e-42,0,0,1
1421,57874,愛新覺羅蘊著,cluster3_qing_after,0,0.0,0.0,7.067932822769843e-42,0,0,1
1422,57914,鈕鈷祿薩迎阿,cluster3_qing_after,0,0.0,0.0,7.067932822769843e-42,0,0,1
1423,57949,鍾秀,cluster3_qing_after,0,0.0,0.0,7.067932822769843e-42,0,0,1
1424,57966,愛新覺羅錫齡,cluster3_qing_after,0,0.0,0.0,7.067932822769843e-42,0,0,1
1425,58100,戴佳慧成,cluster3_qing_after,0,0.0,0.0,7.067932822769843e-42,0,0,1
1426,58161,佟佳齊布森,cluster3_qing_after,0,0.0,0.0,7.067932822769843e-42,0,0,1
1427,58168,愛新覺羅德誠,cluster3_qing_after,0,0.0,0.0,7.067932822769843e-42,0,0,1
1428,58191,西林覺羅察杭阿,cluster3_qing_after,0,0.0,0.0,7.067932822769843e-42,0,0,1
1429,58196,蘇穆察廣林,cluster3_qing_after,0,0.0,0.0,7.067932822769843e-42,0,0,1
1430,58197,富察鳳秀,cluster3_qing_after,0,0.0,0.0,7.067932822769843e-42,0,0,1
1431,58221,廖鴻荃,cluster3_qing_after,0,0.0,0.0,7.067932822769843e-42,0,0,1
1432,58240,愛新覺羅福錕,cluster3_qing_after,0,0.0,0.0,7.067932822769843e-42,0,0,1
1433,58262,必祿福濟,cluster3_qing_after,0,0.0,0.0,7.067932822769843e-42,0,0,1
1434,58266,寧古塔赫赫,cluster3_qing_after,0,0.0,0.0,7.067932822769843e-42,0,0,1
1435,58278,奚他拉圖明額,cluster3_qing_after,0,0.0,0.0,7.067932822769843e-42,0,0,1
1436,58311,喜塔臘裕德,cluster3_qing_after,0,0.0,0.0,7.067932822769843e-42,0,0,1
1437,58340,愛新覺羅溥興,cluster3_qing_after,0,0.0,0.0,7.067932822769843e-42,0,0,1
1438,58341,愛新覺羅溥顧,cluster3_qing_after,0,0.0,0.0,7.067932822769843e-42,0,0,1
1439,58344,塔他爾塔琦,cluster3_qing_after,0,0.0,0.0,7.067932822769843e-42,0,0,1
1440,58355,葉觀潮,cluster3_qing_after,0,0.0,0.0,7.067932822769843e-42,0,0,1
1441,58359,葉存仁,cluster3_qing_after,0,0.0,0.0,7.067932822769843e-42,0,0,1
1442,58376,愛新覺羅載肅,cluster3_qing_after,0,0.0,0.0,7.067932822769843e-42,0,0,1
1443,58383,那佳普保,cluster3_qing_after,0,0.0,0.0,7.067932822769843e-42,0,0,1
1444,58387,愛新覺羅載齡,cluster3_qing_after,0,0.0,0.0,7.067932822769843e-42,0,0,1
1445,58388,何裕城,cluster3_qing_after,0,0.0,0.0,7.067932822769843e-42,0,0,1
1446,58389,伊爾根覺羅嵩惠,cluster3_qing_after,0,0.0,0.0,7.067932822769843e-42,0,0,1
1447,58393,傅繩勛,cluster3_qing_after,3,0.0,1.0,4.9363566761776684e-29,0,0,1
1448,58402,博爾濟吉特博迪蘇,cluster3_qing_after,0,0.0,0.0,7.067932822769843e-42,0,0,1
1449,58411,單懋謙,cluster3_qing_after,2,0.0,1.0,8.214785971249928e-33,0,0,1
1450,58416,愛新覺羅善燾,cluster3_qing_after,0,0.0,0.0,7.067932822769843e-42,0,0,1
1451,58456,喬松年,cluster3_qing_after,0,0.0,0.0,7.067932822769843e-42,0,0,1
1452,58466,富察凱音布,cluster3_qing_after,0,0.0,0.0,7.067932822769843e-42,0,0,1
1453,58471,瓜爾佳景福,cluster3_qing_after,0,0.0,0.0,7.067932822769843e-42,0,0,1
1454,58479,邵佳景綸,cluster3_qing_after,0,0.0,0.0,7.067932822769843e-42,0,0,1
1455,58483,顏扎景廉,cluster3_qing_after,2,0.0,1.0,1.6899337778563544e-30,0,0,1
1456,58486,博爾濟吉特惠豐,cluster3_qing_after,0,0.0,0.0,7.067932822769843e-42,0,0,1
1457,58530,富察富呢揚阿,cluster3_qing_after,0,0.0,0.0,7.067932822769843e-42,0,0,1
1458,58535,富察富察善,cluster3_qing_after,0,0.0,0.0,7.067932822769843e-42,0,0,1
1459,58554,卓特富俊,cluster3_qing_after,0,0.0,0.0,7.067932822769843e-42,0,0,1
1460,58609,王茂蔭,cluster3_qing_after,0,0.0,0.0,7.067932822769843e-42,0,0,1
1461,58657,馬佳通智,cluster3_qing_after,0,0.0,0.0,7.067932822769843e-42,0,0,1
1462,58660,毛昶熙,cluster3_qing_after,0,0.0,0.0,7.067932822769843e-42,0,0,1
1463,58681,申啟賢,cluster3_qing_after,0,0.0,0.0,7.067932822769843e-42,0,0,1
1464,58715,費莫文澂,cluster3_qing_after,0,0.0,0.0,7.067932822769843e-42,0,0,1
1465,58728,衛詣,cluster3_qing_after,0,0.0,0.0,7.067932822769843e-42,0,0,1
1466,58740,周兆基,cluster3_qing_after,0,0.0,0.0,7.067932822769843e-42,0,0,1
1467,58755,周天爵,cluster3_qing_after,0,0.0,0.0,7.067932822769843e-42,0,0,1
1468,58763,陳希曾,cluster3_qing_after,0,0.0,0.0,7.067932822769843e-42,0,0,1
1469,58770,周祖培,cluster3_qing_after,0,0.0,0.0,7.067932822769843e-42,0,0,1
1470,58783,陳官俊,cluster3_qing_after,0,0.0,0.0,7.067932822769843e-42,0,0,1
1471,58806,李宏,cluster3_qing_after,2,0.0,1.0,8.214785971249928e-33,0,0,1
1472,58817,陳鳳翔,cluster3_qing_after,0,0.0,0.0,7.067932822769843e-42,0,0,1
1473,58837,李友棠,cluster3_qing_after,0,0.0,0.0,7.067932822769843e-42,0,0,1
1474,58862,索綽絡德風,cluster3_qing_after,0,0.0,0.0,7.067932822769843e-42,0,0,1
1475,58868,吳正治,cluster2_yuan_ming,0,0.0,0.0,7.067932822769843e-42,0,1,0
1476,58880,吳拜,cluster3_qing_after,0,0.0,0.0,7.067932822769843e-42,0,0,1
1477,58881,吳省蘭,cluster3_qing_after,0,0.0,0.0,7.067932822769843e-42,0,0,1
1478,58882,吳省欽,cluster3_qing_after,4,0.0,1.0,4.27333540200571e-09,0,0,1
1479,58895,李宗瀚,cluster3_qing_after,1,0.0,0.0,3.7056323637843556e-36,0,0,1
1480,58907,李奉翰,cluster3_qing_after,2,0.0,1.0,8.214785971249928e-33,0,0,1
1481,58923,李棠階,cluster3_qing_after,0,0.0,0.0,7.067932822769843e-42,0,0,1
1482,58962,呂熾,cluster3_qing_after,8,0.0,1.0,1.7528602230451393e-07,0,0,1
1483,58972,李鴻藻,cluster3_qing_after,3,0.0,1.0,4.994879189239714e-30,0,0,1
1484,59002,汪由敦,cluster3_qing_after,10,0.0001135760372427309,0.7333333333333333,1.753543432844725e-07,0,0,1
1485,59009,李允禎,cluster2_yuan_ming,0,0.0,0.0,7.067932822769843e-42,0,1,0
1486,59019,王慶長,cluster3_qing_after,0,0.0,0.0,7.067932822769843e-42,0,0,1
1487,59054,汪守和,cluster3_qing_after,2,0.0,1.0,8.214785971249928e-33,0,0,1
1488,59064,李亨特,cluster3_qing_after,2,0.0,1.0,8.214785971249928e-33,0,0,1
1489,59066,李廷揚,cluster3_qing_after,0,0.0,0.0,7.067932822769843e-42,0,0,1
1490,59070,李來泰,cluster2_yuan_ming,0,0.0,0.0,7.067932822769843e-42,0,1,0
1491,59086,鈕祜錄傅森,cluster3_qing_after,0,0.0,0.0,7.067932822769843e-42,0,0,1
1492,59100,蔣予蒲,cluster3_qing_after,0,0.0,0.0,7.067932822769843e-42,0,0,1
1493,59106,蔣曰綸,cluster3_qing_after,8,0.0,1.0,1.7528602230451393e-07,0,0,1
1494,59107,沈維鐈,cluster3_qing_after,0,0.0,0.0,7.067932822769843e-42,0,0,1
1495,59122,赫舍里常起,cluster3_qing_after,0,0.0,0.0,7.067932822769843e-42,0,0,1
1496,59163,富察貝和諾,cluster3_qing_after,0,0.0,0.0,7.067932822769843e-42,0,0,1
1497,59186,孔慶鍸,cluster3_qing_after,0,0.0,0.0,7.067932822769843e-42,0,0,1
1498,59207,魏廷珍,cluster3_qing_after,0,0.0,0.0,7.067932822769843e-42,0,0,1
1499,59223,顧大申,cluster2_yuan_ming,5,0.0,1.0,7.116483098245989e-06,0,1,0
1500,59292,烏蘇薩彬圖,cluster3_qing_after,0,0.0,0.0,7.067932822769843e-42,0,0,1
1501,59326,周系英,cluster3_qing_after,2,0.0,1.0,8.214785971249928e-33,0,0,1
1502,59336,周煌,cluster3_qing_after,0,0.0,0.0,7.067932822769843e-42,0,0,1
1503,59362,霍達,cluster2_yuan_ming,0,0.0,0.0,7.067932822769843e-42,0,1,0
1504,59377,涂天相,cluster3_qing_after,0,0.0,0.0,7.067932822769843e-42,0,0,1
1505,59393,伊拉哩法敏,cluster3_qing_after,0,0.0,0.0,7.067932822769843e-42,0,0,1
1506,59402,謝旻,cluster3_qing_after,0,0.0,0.0,7.067932822769843e-42,0,0,1
1507,59403,薩克達薩敏,cluster3_qing_after,0,0.0,0.0,7.067932822769843e-42,0,0,1
1508,59428,烏米花沙納,cluster3_qing_after,0,0.0,0.0,7.067932822769843e-42,0,0,1
1509,59658,張延登,cluster2_yuan_ming,11,1.0442457002782018e-05,0.4909090909090909,1.8787605768574596e-05,0,1,0
1510,59730,張國維,cluster2_yuan_ming,7,0.00021305208023706111,0.42857142857142855,0.00046069656304458656,0,1,0
1511,59854,宋學朱,cluster2_yuan_ming,0,0.0,0.0,7.067932822769843e-42,0,1,0
1512,59889,趙光抃,cluster2_yuan_ming,0,0.0,0.0,7.067932822769843e-42,0,1,0
1513,59893,王士倧,cluster3_qing_after,0,0.0,0.0,7.067932822769843e-42,0,0,1
1514,59926,王公弼,cluster2_yuan_ming,37,0.0005425158219661905,0.5420420420420421,0.0007012701355693967,0,1,0
1515,59944,王日藻,cluster2_yuan_ming,0,0.0,0.0,7.067932822769843e-42,0,1,0
1516,60048,李本晟,cluster2_yuan_ming,0,0.0,0.0,7.067932822769843e-42,0,1,0
1517,60054,棟鄂孫柱,cluster3_qing_after,0,0.0,0.0,7.067932822769843e-42,0,0,1
1518,60071,張澐卿,cluster3_qing_after,0,0.0,0.0,7.067932822769843e-42,0,0,1
1519,60122,文格,cluster3_qing_after,0,0.0,0.0,7.067932822769843e-42,0,0,1
1520,60181,愛新覺羅存誠,cluster3_qing_after,0,0.0,0.0,7.067932822769843e-42,0,0,1
1521,60268,董之銘,cluster3_qing_after,0,0.0,0.0,7.067932822769843e-42,0,0,1
1522,60271,劉若鼐,cluster3_qing_after,0,0.0,0.0,7.067932822769843e-42,0,0,1
1523,60297,李振聲,cluster2_yuan_ming,0,0.0,0.0,7.067932822769843e-42,0,1,0
1524,60373,李敏第,cluster3_qing_after,0,0.0,0.0,7.067932822769843e-42,0,0,1
1525,60413,趙濱彥,cluster3_qing_after,0,0.0,0.0,7.067932822769843e-42,0,0,1
1526,60419,李逢節,cluster2_yuan_ming,0,0.0,0.0,7.067932822769843e-42,0,1,0
1527,60448,齊克慎,cluster3_qing_after,0,0.0,0.0,7.067932822769843e-42,0,0,1
1528,60471,鄧廷枬,cluster3_qing_after,0,0.0,0.0,7.067932822769843e-42,0,0,1
1529,60478,汪鳴鑾,cluster3_qing_after,3,0.0,1.0,4.994879189239714e-30,0,0,1
1530,60490,劉澍,cluster2_yuan_ming,0,0.0,0.0,7.067932822769843e-42,0,1,0
1531,60502,潘恭常,cluster3_qing_after,0,0.0,0.0,7.067932822769843e-42,0,0,1
1532,60522,魯贊元,cluster3_qing_after,0,0.0,0.0,7.067932822769843e-42,0,0,1
1533,60591,孫毓汶,cluster3_qing_after,0,0.0,0.0,7.067932822769843e-42,0,0,1
1534,60598,清安,cluster3_qing_after,0,0.0,0.0,7.067932822769843e-42,0,0,1
1535,60671,喜搭臘曾鉌,cluster3_qing_after,0,0.0,0.0,7.067932822769843e-42,0,0,1
1536,60679,松椿,cluster3_qing_after,0,0.0,0.0,7.067932822769843e-42,0,0,1
1537,60687,裕昆,cluster3_qing_after,0,0.0,0.0,7.067932822769843e-42,0,0,1
1538,60700,符應琦,cluster2_yuan_ming,0,0.0,0.0,7.067932822769843e-42,0,1,0
1539,60711,吳椿,cluster3_qing_after,3,0.0,1.0,4.9363566761776684e-29,0,0,1
1540,60721,吳邦慶,cluster3_qing_after,0,0.0,0.0,7.067932822769843e-42,0,0,1
1541,60723,吳孝銘,cluster3_qing_after,0,0.0,0.0,7.067932822769843e-42,0,0,1
1542,60738,杜受田,cluster3_qing_after,3,0.0,1.0,4.770783148136985e-29,0,0,1
1543,60768,徐烺,cluster3_qing_after,0,0.0,0.0,7.067932822769843e-42,0,0,1
1544,60792,富察瑞璸,cluster3_qing_after,0,0.0,0.0,7.067932822769843e-42,0,0,1
1545,60793,何煟,cluster3_qing_after,0,0.0,0.0,7.067932822769843e-42,0,0,1
1546,60804,張長臻,cluster3_qing_after,0,0.0,0.0,7.067932822769843e-42,0,0,1
1547,60848,許希孔,cluster3_qing_after,0,0.0,0.0,7.067932822769843e-42,0,0,1
1548,60868,愛新覺羅阿克丹,cluster3_qing_after,0,0.0,0.0,7.067932822769843e-42,0,0,1
1549,60876,恩銘,cluster3_qing_after,0,0.0,0.0,7.067932822769843e-42,0,0,1
1550,60880,王振奇,cluster2_yuan_ming,20,0.00014601493833036385,0.8578947368421053,0.0002667302442150547,0,1,0
1551,60936,什拉恩特亨額,cluster3_qing_after,0,0.0,0.0,7.067932822769843e-42,0,0,1
1552,60952,栗爾璋,cluster3_qing_after,0,0.0,0.0,7.067932822769843e-42,0,0,1
1553,60953,托闊羅桂清,cluster3_qing_after,0,0.0,0.0,7.067932822769843e-42,0,0,1
1554,60974,蘇爾完呢瓜爾佳容貴,cluster3_qing_after,0,0.0,0.0,7.067932822769843e-42,0,0,1
1555,61007,陳觀,cluster3_qing_after,0,0.0,0.0,7.067932822769843e-42,0,0,1
1556,61130,李基溥,cluster3_qing_after,0,0.0,0.0,7.067932822769843e-42,0,0,1
1557,61136,陳天清,cluster2_yuan_ming,0,0.0,0.0,7.067932822769843e-42,0,1,0
1558,61145,愛新覺羅奕慶,cluster3_qing_after,0,0.0,0.0,7.067932822769843e-42,0,0,1
1559,61148,愛新覺羅崑岡,cluster3_qing_after,0,0.0,0.0,7.067932822769843e-42,0,0,1
1560,61169,劉遵憲,cluster2_yuan_ming,0,0.0,0.0,7.067932822769843e-42,0,1,0
1561,61171,章佳培成,cluster3_qing_after,0,0.0,0.0,7.067932822769843e-42,0,0,1
1562,61179,瓜爾佳英奎,cluster3_qing_after,0,0.0,0.0,7.067932822769843e-42,0,0,1
1563,61181,多羅特訥仁,cluster3_qing_after,0,0.0,0.0,7.067932822769843e-42,0,0,1
1564,61209,愛新覺羅春佑,cluster3_qing_after,0,0.0,0.0,7.067932822769843e-42,0,0,1
1565,61227,陳世倕,cluster3_qing_after,0,0.0,0.0,7.067932822769843e-42,0,0,1
1566,61231,愛新覺羅奎潤,cluster3_qing_after,0,0.0,0.0,7.067932822769843e-42,0,0,1
1567,61264,愛新覺羅奕湘,cluster3_qing_after,0,0.0,0.0,7.067932822769843e-42,0,0,1
1568,61288,徐士芬,cluster3_qing_after,1,0.0,0.0,1.3893801280171177e-29,0,0,1
1569,61316,徐會灃,cluster3_qing_after,0,0.0,0.0,7.067932822769843e-42,0,0,1
1570,61323,陳本忠,cluster3_qing_after,0,0.0,0.0,7.067932822769843e-42,0,0,1
1571,61357,汪喬年,cluster2_yuan_ming,0,0.0,0.0,7.067932822769843e-42,0,1,0
1572,61375,徐樹銘,cluster3_qing_after,1,0.0,0.0,1.1545008859761407e-30,0,0,1
1573,61415,沙濟富察烏拉喜崇阿,cluster3_qing_after,0,0.0,0.0,7.067932822769843e-42,0,0,1
1574,61426,蘇完呢瓜爾佳符珍,cluster3_qing_after,0,0.0,0.0,7.067932822769843e-42,0,0,1
1575,61433,伍彌忒倭什訥,cluster3_qing_after,0,0.0,0.0,7.067932822769843e-42,0,0,1
1576,61525,陸以莊,cluster3_qing_after,0,0.0,0.0,7.067932822769843e-42,0,0,1
1577,61530,四格,cluster3_qing_after,0,0.0,0.0,7.067932822769843e-42,0,0,1
1578,61573,陳道亨,cluster2_yuan_ming,41,0.0003416192239506197,0.48902439024390243,0.00029633378678937055,0,1,0
1579,61632,吳傑,cluster3_qing_after,8,0.0,1.0,0.0018700715576816275,0,0,1
1580,61782,徐鏞,cluster3_qing_after,0,0.0,0.0,7.067932822769843e-42,0,0,1
1581,61826,鄒夢臯,cluster3_qing_after,0,0.0,0.0,7.067932822769843e-42,0,0,1
1582,61889,吳艾生,cluster3_qing_after,3,0.0,1.0,4.770783148136985e-29,0,0,1
1583,61892,索綽絡景星,cluster3_qing_after,0,0.0,0.0,7.067932822769843e-42,0,0,1
1584,61921,王廣蔭,cluster3_qing_after,2,0.0,1.0,1.6899337778563544e-30,0,0,1
1585,61926,徐道焜,cluster3_qing_after,0,0.0,0.0,7.067932822769843e-42,0,0,1
1586,61939,和寧,cluster3_qing_after,0,0.0,0.0,7.067932822769843e-42,0,0,1
1587,62017,愛新覺羅明興阿,cluster3_qing_after,0,0.0,0.0,7.067932822769843e-42,0,0,1
1588,62042,秦樹聲,cluster3_qing_after,0,0.0,0.0,7.067932822769843e-42,0,0,1
1589,62069,章有大,cluster3_qing_after,0,0.0,0.0,7.067932822769843e-42,0,0,1
1590,62120,周紹儒,cluster3_qing_after,0,0.0,0.0,7.067932822769843e-42,0,0,1
1591,62139,周鼎,cluster2_yuan_ming,1,0.0,0.0,3.0772522416670203e-06,0,1,0
1592,62148,德新,cluster3_qing_after,0,0.0,0.0,7.067932822769843e-42,0,0,1
1593,62192,覺羅奉寬,cluster3_qing_after,0,0.0,0.0,7.067932822769843e-42,0,0,1
1594,62245,傅雲龍,cluster2_yuan_ming,0,0.0,0.0,7.067932822769843e-42,0,1,0
1595,62350,孫家鼐,cluster3_qing_after,0,0.0,0.0,7.067932822769843e-42,0,0,1
1596,62367,張鳳翔,cluster2_yuan_ming,2,0.0,1.0,4.205177708077111e-06,0,1,0
1597,62459,宜兆羆,cluster3_qing_after,0,0.0,0.0,7.067932822769843e-42,0,0,1
1598,62505,王恕,cluster2_yuan_ming,111,0.005979092546116883,0.21375921375921375,0.0020189997232328213,0,1,0
1599,62524,成琦,cluster3_qing_after,0,0.0,0.0,7.067932822769843e-42,0,0,1
1600,62527,成策,cluster3_qing_after,0,0.0,0.0,7.067932822769843e-42,0,0,1
1601,62529,崔呈秀,cluster2_yuan_ming,15,0.0,1.0,9.751092106944511e-05,0,1,0
1602,62727,朱光祚,cluster2_yuan_ming,0,0.0,0.0,7.067932822769843e-42,0,1,0
1603,62818,田潤,cluster3_qing_after,0,0.0,0.0,7.067932822769843e-42,0,0,1
1604,62828,曾櫻,cluster2_yuan_ming,0,0.0,0.0,7.067932822769843e-42,0,1,0
1605,62838,田國俊,cluster3_qing_after,0,0.0,0.0,7.067932822769843e-42,0,0,1
1606,62844,達爾吉善,cluster3_qing_after,0,0.0,0.0,7.067932822769843e-42,0,0,1
1607,62853,富明,cluster3_qing_after,0,0.0,0.0,7.067932822769843e-42,0,0,1
1608,62965,程國祥,cluster2_yuan_ming,34,5.344545906002855e-05,0.5490196078431373,7.747118499753063e-05,0,1,0
1609,62975,善泰,cluster3_qing_after,0,0.0,0.0,7.067932822769843e-42,0,0,1
1610,63028,林祖成,cluster3_qing_after,0,0.0,0.0,7.067932822769843e-42,0,0,1
1611,63125,董之燧,cluster3_qing_after,0,0.0,0.0,7.067932822769843e-42,0,0,1
1612,63146,武蔚文,cluster3_qing_after,0,0.0,0.0,7.067932822769843e-42,0,0,1
1613,63162,武格,cluster3_qing_after,0,0.0,0.0,7.067932822769843e-42,0,0,1
1614,63165,錢學彬,cluster3_qing_after,0,0.0,0.0,7.067932822769843e-42,0,0,1
1615,63176,閻廷謨,cluster2_yuan_ming,0,0.0,0.0,7.067932822769843e-42,0,1,0
1616,63282,愛新覺羅晉祺,cluster3_qing_after,0,0.0,0.0,7.067932822769843e-42,0,0,1
1617,63304,愛新覺羅載銓,cluster3_qing_after,0,0.0,0.0,7.067932822769843e-42,0,0,1
1618,63339,薛鳳翔,cluster2_yuan_ming,0,0.0,0.0,7.067932822769843e-42,0,1,0
1619,63413,朱鼎延,cluster2_yuan_ming,2,0.0,1.0,8.214785971249928e-33,0,1,0
1620,63425,圖爾宸,cluster2_yuan_ming,0,0.0,0.0,7.067932822769843e-42,0,1,0
1621,63467,牟昌裕,cluster3_qing_after,0,0.0,0.0,7.067932822769843e-42,0,0,1
1622,63716,魏繹,cluster3_qing_after,0,0.0,0.0,7.067932822769843e-42,0,0,1
1623,63873,呂賢基,cluster3_qing_after,0,0.0,0.0,7.067932822769843e-42,0,0,1
1624,63996,楊朝鼎,cluster3_qing_after,0,0.0,0.0,7.067932822769843e-42,0,0,1
1625,64179,興恩,cluster3_qing_after,0,0.0,0.0,7.067932822769843e-42,0,0,1
1626,64196,索綽絡景灃,cluster3_qing_after,0,0.0,0.0,7.067932822769843e-42,0,0,1
1627,64213,熊明遇,cluster2_yuan_ming,27,0.0013544130966353762,0.49002849002849,0.00011221497615343934,0,1,0
1628,64317,唐景崇,cluster3_qing_after,3,0.0,1.0,4.994879189239714e-30,0,0,1
1629,64361,甄淑,cluster2_yuan_ming,0,0.0,0.0,7.067932822769843e-42,0,1,0
1630,64372,章佳齡椿,cluster3_qing_after,0,0.0,0.0,7.067932822769843e-42,0,0,1
1631,64468,王在晉,cluster2_yuan_ming,0,0.0,0.0,7.067932822769843e-42,0,1,0
1632,64472,鍾靈,cluster3_qing_after,0,0.0,0.0,7.067932822769843e-42,0,0,1
1633,64517,鮑桂星,cluster3_qing_after,1,0.0,0.0,3.7056323637843556e-36,0,0,1
1634,64584,鈕祜祿廣科,cluster3_qing_after,0,0.0,0.0,7.067932822769843e-42,0,0,1
1635,64613,王洽,cluster2_yuan_ming,0,0.0,0.0,7.067932822769843e-42,0,1,0
1636,64620,李徵庸,cluster3_qing_after,0,0.0,0.0,7.067932822769843e-42,0,0,1
1637,64725,覺羅德厚,cluster3_qing_after,0,0.0,0.0,7.067932822769843e-42,0,0,1
1638,64734,繼格,cluster3_qing_after,0,0.0,0.0,7.067932822769843e-42,0,0,1
1639,64749,愛新覺羅道慶,cluster3_qing_after,0,0.0,0.0,7.067932822769843e-42,0,0,1
1640,64863,李宗文,cluster3_qing_after,0,0.0,0.0,7.067932822769843e-42,0,0,1
1641,64906,王鴻緒,cluster3_qing_after,1,0.0,0.0,3.7056323637843556e-36,0,0,1
1642,64951,椿壽,cluster3_qing_after,0,0.0,0.0,7.067932822769843e-42,0,0,1
1643,65159,戴章甫,cluster3_qing_after,0,0.0,0.0,7.067932822769843e-42,0,0,1
1644,65160,戴璐,cluster3_qing_after,1,0.0,0.0,3.7056323637843556e-36,0,0,1
1645,65218,李廷欽,cluster3_qing_after,0,0.0,0.0,7.067932822769843e-42,0,0,1
1646,65289,李培元,cluster3_qing_after,0,0.0,0.0,7.067932822769843e-42,0,0,1
1647,65471,張起鵷,cluster3_qing_after,0,0.0,0.0,7.067932822769843e-42,0,0,1
1648,65602,李之藻,cluster2_yuan_ming,24,0.000969848071192618,0.6594202898550725,0.0008411464989291072,0,1,0
1649,65636,趙良棟,cluster2_yuan_ming,0,0.0,0.0,7.067932822769843e-42,0,1,0
1650,65664,馬佳紹諴,cluster3_qing_after,0,0.0,0.0,7.067932822769843e-42,0,0,1
1651,65696,承翰,cluster3_qing_after,0,0.0,0.0,7.067932822769843e-42,0,0,1
1652,65702,嵇曾筠,cluster3_qing_after,0,0.0,0.0,7.067932822769843e-42,0,0,1
1653,65755,汪啟淑,cluster3_qing_after,0,0.0,0.0,7.067932822769843e-42,0,0,1
1654,65765,袁應泰,cluster2_yuan_ming,2,0.0,1.0,3.5029241975758477e-06,0,1,0
1655,65958,楊光先,cluster2_yuan_ming,2,0.0,1.0,2.359168038734562e-05,0,1,0
1656,66014,米萬鍾,cluster2_yuan_ming,32,4.284094244357391e-05,0.5665322580645161,6.642554817887155e-05,0,1,0
1657,66124,徐聚倫,cluster3_qing_after,0,0.0,0.0,7.067932822769843e-42,0,0,1
1658,66126,李永紹,cluster3_qing_after,0,0.0,0.0,7.067932822769843e-42,0,0,1
1659,66217,汪浩,cluster3_qing_after,0,0.0,0.0,7.067932822769843e-42,0,0,1
1660,66220,汪榯,cluster3_qing_after,0,0.0,0.0,7.067932822769843e-42,0,0,1
1661,66441,羅汝敬,cluster2_yuan_ming,5,4.95885516154399e-07,0.8,1.3868023891200408e-06,0,1,0
1662,66442,劉敏,cluster2_yuan_ming,0,0.0,0.0,7.067932822769843e-42,0,1,0
1663,66474,安然,cluster2_yuan_ming,0,0.0,0.0,7.067932822769843e-42,0,1,0
1664,66518,單安仁,cluster2_yuan_ming,9,0.0,1.0,0.00033723440676678237,0,1,0
1665,66520,朱守仁,cluster2_yuan_ming,0,0.0,0.0,7.067932822769843e-42,0,1,0
1666,66521,薛祥,cluster2_yuan_ming,0,0.0,0.0,7.067932822769843e-42,0,1,0
1667,66522,秦逵,cluster2_yuan_ming,13,6.126140682814238e-06,0.6666666666666666,2.939570323759442e-05,0,1,0
1668,66529,沈溍,cluster2_yuan_ming,0,0.0,0.0,7.067932822769843e-42,0,1,0
1669,66552,張昺,cluster2_yuan_ming,0,0.0,0.0,7.067932822769843e-42,0,1,0
1670,66566,練安,cluster2_yuan_ming,3,0.0,1.0,7.034209416168185e-07,0,1,0
1671,66588,卓敬,cluster2_yuan_ming,24,6.721663868026417e-05,0.6086956521739131,0.0002777919465189306,0,1,0
1672,66665,鄒師顏,cluster2_yuan_ming,0,0.0,0.0,7.067932822769843e-42,0,1,0
1673,66668,趙羾,cluster2_yuan_ming,15,0.00018503380640059482,0.5428571428571428,5.955839327624003e-05,0,1,0
1674,66669,金忠,cluster2_yuan_ming,16,9.559148196167286e-05,0.55,2.856707422699341e-05,0,1,0
1675,66671,李慶,cluster2_yuan_ming,5,0.0,1.0,8.049466190133847e-05,0,1,0
1676,66673,古樸,cluster2_yuan_ming,21,0.0012635481211134359,0.4380952380952381,0.0006751658637115567,0,1,0
1677,66675,陳壽,cluster2_yuan_ming,0,0.0,0.0,7.067932822769843e-42,0,1,0
1678,66685,張信,cluster2_yuan_ming,3,0.0,1.0,2.016201275766698e-06,0,1,0
1679,66700,劉韶,cluster2_yuan_ming,10,0.0,1.0,2.59252129114828e-05,0,1,0
1680,66701,楊砥,cluster2_yuan_ming,0,0.0,0.0,7.067932822769843e-42,0,1,0
1681,66717,鄭賜,cluster2_yuan_ming,0,0.0,0.0,7.067932822769843e-42,0,1,0
1682,66721,嚴震直,cluster2_yuan_ming,5,0.0,1.0,2.89073428795453e-05,0,1,0
1683,66754,李鋼,cluster2_yuan_ming,10,0.0,1.0,2.59252129114828e-05,0,1,0
1684,66757,吳中,cluster2_yuan_ming,10,0.0,1.0,2.59252129114828e-05,0,1,0
1685,66768,宋禮,cluster2_yuan_ming,8,7.676657909827043e-05,0.5714285714285714,6.887978310580766e-05,0,1,0
1686,66771,藺芳,cluster2_yuan_ming,0,0.0,0.0,7.067932822769843e-42,0,1,0
1687,66777,周忱,cluster2_yuan_ming,17,0.0003274454796568338,0.3161764705882353,7.143731154204051e-05,0,1,0
1688,66818,楊榮,cluster2_yuan_ming,20,2.037699308471501e-06,0.9315789473684211,7.472499457550404e-05,0,1,0
1689,66845,周敘,cluster2_yuan_ming,0,0.0,0.0,7.067932822769843e-42,0,1,0
1690,66878,金純,cluster2_yuan_ming,10,0.0,1.0,2.59252129114828e-05,0,1,0
1691,66883,張本,cluster2_yuan_ming,12,6.369470414403834e-05,0.7575757575757576,2.5941922180855615e-05,0,1,0
1692,66896,黃曜,cluster2_yuan_ming,46,0.00010970157231006239,0.4618357487922705,0.000197062131249084,0,1,0
1693,66900,丁璿,cluster2_yuan_ming,1,0.0,0.0,2.0899323092756398e-07,0,1,0
1694,66903,張本,cluster2_yuan_ming,0,0.0,0.0,7.067932822769843e-42,0,1,0
1695,66904,郭璡,cluster2_yuan_ming,0,0.0,0.0,7.067932822769843e-42,0,1,0
1696,66906,翁世資,cluster2_yuan_ming,29,9.388754867527041e-05,0.7019704433497537,0.00013233478003477742,0,1,0
1697,66908,鄭辰,cluster2_yuan_ming,7,0.0,1.0,3.3495594679510237e-06,0,1,0
1698,66919,顧祖鎮,cluster3_qing_after,0,0.0,0.0,7.067932822769843e-42,0,0,1
1699,66947,劉中敷,cluster2_yuan_ming,0,0.0,0.0,7.067932822769843e-42,0,1,0
1700,66965,陳勉,cluster2_yuan_ming,0,0.0,0.0,7.067932822769843e-42,0,1,0
1701,66968,張鳳,cluster2_yuan_ming,0,0.0,0.0,7.067932822769843e-42,0,1,0
1702,66978,胡拱辰,cluster2_yuan_ming,1,0.0,0.0,5.756238631264857e-07,0,1,0
1703,67029,彭誼,cluster2_yuan_ming,12,0.0008843684180726202,0.3787878787878788,0.001004130662205879,0,1,0
1704,67042,郭循,cluster2_yuan_ming,8,0.0,1.0,5.9242802047364985e-05,0,1,0
1705,67072,李裕,cluster2_yuan_ming,1,0.0,0.0,5.900230350072527e-06,0,1,0
1706,67132,金濂,cluster2_yuan_ming,10,2.574790301535107e-06,0.7333333333333333,6.373218487894796e-05,0,1,0
1707,67134,林庭木昂,cluster2_yuan_ming,0,0.0,0.0,7.067932822769843e-42,0,1,0
1708,67136,石璞,cluster2_yuan_ming,22,0.00011926577290371746,0.5714285714285714,5.910126161855008e-05,0,1,0
1709,67138,王巹,cluster2_yuan_ming,1,0.0,0.0,4.83220625521878e-07,0,1,0
1710,67140,楊源,cluster2_yuan_ming,0,0.0,0.0,7.067932822769843e-42,0,1,0
1711,67157,林庭機,cluster2_yuan_ming,75,0.0006155489034324428,0.41405405405405404,0.00020895771452650818,0,1,0
1712,67158,林燫,cluster2_yuan_ming,49,3.658792058309196e-05,0.6921768707482994,0.00018371555349295846,0,1,0
1713,67159,林烴,cluster2_yuan_ming,31,1.612300711281255e-05,0.789247311827957,5.114956974636169e-05,0,1,0
1714,67260,丁鉉,cluster2_yuan_ming,7,0.0,1.0,3.3495594679510237e-06,0,1,0
1715,67281,王佐,cluster2_yuan_ming,64,0.00022732414592655263,0.4399801587301587,0.000162879829293195,0,1,0
1716,67308,王永和,cluster2_yuan_ming,8,2.3574750909295894e-06,0.7857142857142857,4.047987666574277e-06,0,1,0
1717,67326,王一夔,cluster2_yuan_ming,0,0.0,0.0,7.067932822769843e-42,0,1,0
1718,67331,黎淳,cluster2_yuan_ming,37,0.00022141494240371292,0.4984984984984985,0.0001549677437267366,0,1,0
1719,67395,孫需,cluster2_yuan_ming,16,7.470869572370669e-06,0.6583333333333333,6.839484324781186e-05,0,1,0
1720,67396,張憲,cluster2_yuan_ming,15,6.367493813213455e-06,0.6857142857142857,5.849067579783866e-05,0,1,0
1721,67398,王偉,cluster2_yuan_ming,0,0.0,0.0,7.067932822769843e-42,0,1,0
1722,67423,劉昭,cluster2_yuan_ming,1,0.0,0.0,2.8703249290347835e-08,0,1,0
1723,67434,白圭,cluster2_yuan_ming,13,8.211606640699797e-05,0.6410256410256411,2.215694947488332e-05,0,1,0
1724,67443,張瓚,cluster2_yuan_ming,11,2.0976882349326037e-06,0.5818181818181818,8.562281795091204e-05,0,1,0
1725,67448,江淵,cluster2_yuan_ming,14,9.208391711391776e-06,0.6153846153846154,3.340724574078102e-05,0,1,0
1726,67455,趙榮,cluster2_yuan_ming,3,0.0,1.0,1.8007109855334005e-06,0,1,0
1727,67456,孔鏞,cluster2_yuan_ming,26,0.0007651945691689769,0.5230769230769231,0.0012036094574701987,0,1,0
1728,67460,覺羅西銘,cluster3_qing_after,0,0.0,0.0,7.067932822769843e-42,0,0,1
1729,67464,霍瑄,cluster2_yuan_ming,0,0.0,0.0,7.067932822769843e-42,0,1,0
1730,67467,劉丙,cluster2_yuan_ming,39,8.090152282476093e-05,0.4008097165991903,0.00015269749769164785,0,1,0
1731,67477,王來,cluster2_yuan_ming,6,1.0899875077641537e-05,0.4666666666666667,1.4191323378429666e-05,0,1,0
1732,67546,高榖,cluster2_yuan_ming,7,1.219889928320582e-05,0.47619047619047616,1.209886465785678e-05,0,1,0
1733,67612,劉定之,cluster2_yuan_ming,53,0.0007753282713910529,0.3251088534107402,0.00018921048296078452,0,1,0
1734,67655,王復,cluster2_yuan_ming,0,0.0,0.0,7.067932822769843e-42,0,1,0
1735,67676,何道生,cluster3_qing_after,0,0.0,0.0,7.067932822769843e-42,0,0,1
1736,67715,王世紱,cluster3_qing_after,0,0.0,0.0,7.067932822769843e-42,0,0,1
1737,67733,康永韶,cluster2_yuan_ming,11,0.0,1.0,0.0017216817602997041,0,1,0
1738,67762,王鼎,cluster2_yuan_ming,14,2.0302915163967024e-06,0.7362637362637363,0.00012178276208512121,0,1,0
1739,67777,劉大夏,cluster2_yuan_ming,141,0.008121194810722657,0.214387031408308,0.0020652579148740017,0,1,0
1740,67794,張昇,cluster2_yuan_ming,15,9.42902058193045e-06,0.47619047619047616,2.315029564924777e-05,0,1,0
1741,67841,沈守廉,cluster3_qing_after,0,0.0,0.0,7.067932822769843e-42,0,0,1
1742,67855,賈俊,cluster2_yuan_ming,27,5.3304767828001225e-06,0.7806267806267806,0.00013480431216489526,0,1,0
1743,67865,王佑,cluster2_yuan_ming,0,0.0,0.0,7.067932822769843e-42,0,1,0
1744,67885,愛新覺羅功普,cluster3_qing_after,0,0.0,0.0,7.067932822769843e-42,0,0,1
1745,67890,劉璋,cluster2_yuan_ming,14,0.0,1.0,6.501207425197482e-05,0,1,0
1746,67906,楊守隨,cluster2_yuan_ming,14,6.708340769966819e-06,0.42857142857142855,9.121393203368762e-05,0,1,0
1747,67922,張悦,cluster2_yuan_ming,14,1.0444356753321625e-06,0.7912087912087912,5.348054628259715e-05,0,1,0
1748,67936,曾鑑,cluster2_yuan_ming,23,0.0,1.0,0.0001289558860135651,0,1,0
1749,67939,徐恪,cluster2_yuan_ming,26,2.8670833226303538e-06,0.8369230769230769,0.000136112128652385,0,1,0
1750,67943,黃珂,cluster2_yuan_ming,18,3.4870064052370406e-05,0.5882352941176471,9.950909314411006e-05,0,1,0
1751,67944,叢蘭,cluster2_yuan_ming,16,7.712804458446254e-05,0.6416666666666667,7.953658974806397e-05,0,1,0
1752,67953,王詔,cluster2_yuan_ming,23,0.0,1.0,0.0001289558860135651,0,1,0
1753,67971,張泰,cluster2_yuan_ming,7,5.632752061442905e-06,0.7619047619047619,2.658950290890521e-05,0,1,0
1754,67990,樊瑩,cluster2_yuan_ming,0,0.0,0.0,7.067932822769843e-42,0,1,0
1755,67993,高銓,cluster2_yuan_ming,23,0.0,1.0,0.0001289558860135651,0,1,0
1756,68004,馬中錫,cluster2_yuan_ming,12,4.300645991515636e-05,0.4696969696969697,8.770825366443555e-05,0,1,0
1757,68016,洪鍾,cluster2_yuan_ming,48,0.00038874331423122355,0.45567375886524825,0.0007284225149170385,0,1,0
1758,68050,王鑾,cluster2_yuan_ming,8,1.9854171211152048e-06,0.7857142857142857,6.490840856068333e-05,0,1,0
1759,68054,劉天麒,cluster2_yuan_ming,4,0.0,1.0,6.501190398271134e-05,0,1,0
1760,68069,張欽,cluster2_yuan_ming,21,0.0,1.0,3.684999342629873e-05,0,1,0
1761,68083,汪俊,cluster2_yuan_ming,80,0.0016958038526883102,0.3158227848101266,0.000788602181704827,0,1,0
1762,68091,何遵,cluster2_yuan_ming,44,0.00021678435569125488,0.46511627906976744,0.00038483459897256433,0,1,0
1763,68165,汪一中,cluster2_yuan_ming,28,1.1282546565187191e-05,0.8518518518518519,0.00017526512703196,0,1,0
1764,68195,鮑象賢,cluster2_yuan_ming,41,4.554209429796804e-05,0.5195121951219512,8.910941392221273e-05,0,1,0
1765,68196,姚鏌,cluster2_yuan_ming,71,0.006541501281195366,0.2627766599597586,0.0023530026429280097,0,1,0
1766,68197,秦金,cluster2_yuan_ming,90,0.0007140285688385824,0.32384519350811486,0.0002164270347332898,0,1,0
1767,68200,張嵿,cluster2_yuan_ming,33,0.00017035187796746306,0.4564393939393939,0.00015962862814222843,0,1,0
1768,68201,席書,cluster2_yuan_ming,60,0.000599496260061089,0.39887005649717516,0.0007457177938998905,0,1,0
1769,68203,趙璜,cluster2_yuan_ming,23,0.00026516334918919146,0.4505928853754941,5.7889639342604955e-05,0,1,0
1770,68216,趙貞吉,cluster2_yuan_ming,125,0.001972277275000891,0.29238709677419356,0.0002899463772433699,0,1,0
1771,68228,趙珽,cluster2_yuan_ming,0,0.0,0.0,7.067932822769843e-42,0,1,0
1772,68239,邢珣,cluster2_yuan_ming,24,1.4357821261201608e-06,0.7210144927536232,4.984069954183898e-05,0,1,0
1773,68240,蔣瑤,cluster2_yuan_ming,40,4.2044913770761144e-05,0.558974358974359,0.00017985348392676598,0,1,0
1774,68242,胡世寧,cluster2_yuan_ming,37,0.00014291055628273616,0.34384384384384387,0.00010572644033809369,0,1,0
1775,68244,胡瓚,cluster2_yuan_ming,35,1.3786904536174277e-05,0.5764705882352941,0.00010261124545757839,0,1,0
1776,68251,李承勛,cluster2_yuan_ming,9,1.8279521647461464e-07,0.8055555555555556,2.114445189222452e-05,0,1,0
1777,68253,詹榮,cluster2_yuan_ming,41,8.92044446345988e-06,0.6878048780487804,7.419035534822798e-05,0,1,0
1778,68255,劉天和,cluster2_yuan_ming,77,0.0007535673799683689,0.37764866712235134,0.00023657815999821757,0,1,0
1779,68257,王以旂,cluster2_yuan_ming,48,7.199962741069405e-05,0.4769503546099291,9.824219158617834e-05,0,1,0
1780,68258,黃綰,cluster2_yuan_ming,117,0.005520521597074055,0.24196875921013852,0.0008382608391297819,0,1,0
1781,68261,范鏓,cluster2_yuan_ming,9,0.0,1.0,1.2923841173861183e-05,0,1,0
1782,68264,王瓊,cluster2_yuan_ming,43,0.00039573074534722817,0.4839424141749723,0.0007154694620893071,0,1,0
1783,68267,彭澤,cluster2_yuan_ming,59,0.0017817072964930165,0.4120397428404442,0.0007527439722049143,0,1,0
1784,68273,陶琰,cluster2_yuan_ming,12,5.495049551725784e-06,0.45454545454545453,2.4199636691696032e-05,0,1,0
1785,68276,李充嗣,cluster2_yuan_ming,29,1.1989253812188101e-05,0.6477832512315271,0.00015020001449147718,0,1,0
1786,68281,王軏,cluster2_yuan_ming,21,2.8816029006887153e-05,0.8761904761904762,0.00012098852342517797,0,1,0
1787,68282,毛伯溫,cluster2_yuan_ming,68,0.00026531071183872413,0.37181738366988587,0.00021524420236953445,0,1,0
1788,68287,宋景,cluster2_yuan_ming,48,2.8429173157702564e-05,0.5212765957446809,0.00014470401705997762,0,1,0
1789,68290,胡松,cluster2_yuan_ming,49,0.0003128280223917243,0.48299319727891155,0.000161982381910692,0,1,0
1790,68293,劉訒,cluster2_yuan_ming,15,0.0,1.0,5.6224155139013685e-05,0,1,0
1791,68295,孫應奎,cluster2_yuan_ming,39,7.667773856168572e-05,0.5060728744939271,0.0001042205645264477,0,1,0
1792,68296,孫應奎,cluster2_yuan_ming,64,0.002329106655036897,0.4126984126984127,0.0007425289995736878,0,1,0
1793,68297,方鈍,cluster2_yuan_ming,3,0.0,1.0,6.6710361970970785e-06,0,1,0
1794,68303,潘恩,cluster2_yuan_ming,96,0.0008908532588003114,0.37894736842105264,0.0003130822698103787,0,1,0
1795,68307,劉心,cluster2_yuan_ming,13,0.0,1.0,1.9697432347082284e-05,0,1,0
1796,68313,歐陽鐸,cluster2_yuan_ming,81,0.0004682260003860891,0.3709876543209877,0.0002827969501097704,0,1,0
1797,68317,陶諧,cluster2_yuan_ming,42,7.093442674807615e-05,0.5435540069686411,0.00014352782954850734,0,1,0
1798,68318,譚大初,cluster2_yuan_ming,11,0.0,1.0,3.1443526676962036e-05,0,1,0
1799,68319,潘旦,cluster2_yuan_ming,69,0.0003489120652259148,0.3734015345268542,0.00021016751061121334,0,1,0
1800,68320,廖紀,cluster2_yuan_ming,10,1.0392317423150453e-06,0.6888888888888889,1.500228859824431e-05,0,1,0
1801,68321,廖紀,cluster2_yuan_ming,4,0.0,1.0,6.501190398271134e-05,0,1,0
1802,68323,陶大順,cluster2_yuan_ming,55,7.25222558418644e-05,0.5777777777777777,0.0001385435011634326,0,1,0
1803,68325,李中,cluster2_yuan_ming,31,9.231597781252983e-06,0.6473118279569893,9.241463060778306e-05,0,1,0
1804,68337,朱裳,cluster2_yuan_ming,15,0.0,1.0,5.6224155139013685e-05,0,1,0
1805,68347,曾鈞,cluster2_yuan_ming,12,3.59380497354775e-06,0.6818181818181818,2.8137915779928004e-05,0,1,0
1806,68349,周用,cluster2_yuan_ming,80,0.0004847570023234884,0.320253164556962,0.00018610061831852547,0,1,0
1807,68354,楊守謙,cluster2_yuan_ming,9,3.300865852798082e-06,0.7777777777777778,2.289808316159966e-05,0,1,0
1808,68366,劉安,cluster2_yuan_ming,0,0.0,0.0,7.067932822769843e-42,0,1,0
1809,68395,邵經邦,cluster2_yuan_ming,9,0.0002226209736159274,0.3055555555555556,7.322805822223668e-05,0,1,0
1810,68418,聶賢,cluster2_yuan_ming,5,0.0,1.0,1.5912474552001542e-05,0,1,0
1811,68422,湯沐,cluster2_yuan_ming,66,0.0006168480249730464,0.34545454545454546,0.00018417516412953588,0,1,0
1812,68454,周思兼,cluster2_yuan_ming,71,0.012482222377808196,0.34285714285714286,0.005936179310186562,0,1,0
1813,68456,楊最,cluster2_yuan_ming,20,2.715350326089457e-05,0.6894736842105263,5.2228315065742114e-05,0,1,0
1814,68467,樊深,cluster2_yuan_ming,0,0.0,0.0,7.067932822769843e-42,0,1,0
1815,68483,劉魁,cluster2_yuan_ming,56,0.0005618750723685436,0.4876623376623377,0.0007201255310457421,0,1,0
1816,68502,趙錦,cluster2_yuan_ming,119,0.003550964436457257,0.31533969520011396,0.0008768312014545985,0,1,0
1817,68511,馬從謙,cluster2_yuan_ming,0,0.0,0.0,7.067932822769843e-42,0,1,0
1818,68548,徐陟,cluster2_yuan_ming,34,5.014758379197301e-05,0.5882352941176471,0.00011603652794986331,0,1,0
1819,68617,王龍詔,cluster3_qing_after,0,0.0,0.0,7.067932822769843e-42,0,0,1
1820,68715,馮堉,cluster3_qing_after,0,0.0,0.0,7.067932822769843e-42,0,0,1
1821,68800,孫濬,cluster3_qing_after,0,0.0,0.0,7.067932822769843e-42,0,0,1
1822,68823,董傳策,cluster2_yuan_ming,70,0.00012219260492399926,0.48198757763975153,0.0001887634780350595,0,1,0
1823,68847,鄒應龍,cluster2_yuan_ming,18,1.8175829185323435e-06,0.7908496732026143,5.713647532424067e-05,0,1,0
1824,68851,張檟,cluster2_yuan_ming,34,1.9057801280041525e-05,0.6755793226381461,0.00010905268506942167,0,1,0
1825,69103,王以銜,cluster3_qing_after,0,0.0,0.0,7.067932822769843e-42,0,0,1
1826,69113,馬森,cluster2_yuan_ming,82,0.0002888341373855648,0.4480578139114724,0.00023444384164512228,0,1,0
1827,69142,靳學顏,cluster2_yuan_ming,51,0.00023178537835604062,0.4815686274509804,0.00012865176342495961,0,1,0
1828,69145,毛愷,cluster2_yuan_ming,28,0.0012570236010128008,0.6957671957671958,6.0925484877893665e-05,0,1,0
1829,69148,王廷,cluster2_yuan_ming,43,0.00011525118866562666,0.5437430786267996,0.00011205115927397433,0,1,0
1830,69164,克什布,cluster3_qing_after,0,0.0,0.0,7.067932822769843e-42,0,0,1
1831,69196,駱問禮,cluster2_yuan_ming,50,0.0006316474171895903,0.3689795918367347,0.00010833042074069463,0,1,0
1832,69261,汪文輝,cluster2_yuan_ming,2,0.0,1.0,4.537086817330176e-06,0,1,0
1833,69316,牛稔文,cluster3_qing_after,0,0.0,0.0,7.067932822769843e-42,0,0,1
1834,69355,王克莊,cluster3_qing_after,0,0.0,0.0,7.067932822769843e-42,0,0,1
1835,69429,王楚堂,cluster3_qing_after,0,0.0,0.0,7.067932822769843e-42,0,0,1
1836,69478,覺羅蘇庫,cluster3_qing_after,0,0.0,0.0,7.067932822769843e-42,0,0,1
1837,71875,王思任,cluster2_yuan_ming,30,4.54433092779381e-05,0.6804597701149425,0.00012204906516747612,0,1,0
1838,72325,毛永柏,cluster3_qing_after,0,0.0,0.0,7.067932822769843e-42,0,0,1
1839,72944,龍燮,cluster2_yuan_ming,0,0.0,0.0,7.067932822769843e-42,0,1,0
1840,73713,成善,cluster3_qing_after,0,0.0,0.0,7.067932822769843e-42,0,0,1
1841,74032,朱日爃,cluster2_yuan_ming,0,0.0,0.0,7.067932822769843e-42,0,1,0
1842,74406,伍輔祥,cluster3_qing_after,0,0.0,0.0,7.067932822769843e-42,0,0,1
1843,74543,華允誠,cluster2_yuan_ming,17,2.1377537518332333e-05,0.8455882352941176,0.00029040960654627755,0,1,0
1844,74964,劉世寧,cluster3_qing_after,0,0.0,0.0,7.067932822769843e-42,0,0,1
1845,75007,劉光斗,cluster2_yuan_ming,0,0.0,0.0,7.067932822769843e-42,0,1,0
1846,75284,劉維烈,cluster2_yuan_ming,1,0.0,0.0,1.1476399351396329e-11,0,1,0
1847,77626,李昌昱,cluster3_qing_after,0,0.0,0.0,7.067932822769843e-42,0,0,1
1848,78082,吳煒,cluster3_qing_after,0,0.0,0.0,7.067932822769843e-42,0,0,1
1849,78202,吳一蜚,cluster2_yuan_ming,0,0.0,0.0,7.067932822769843e-42,0,1,0
1850,79885,宋宗元,cluster3_qing_after,0,0.0,0.0,7.067932822769843e-42,0,0,1
1851,79995,張標,cluster2_yuan_ming,0,0.0,0.0,7.067932822769843e-42,0,1,0
1852,80689,張孟球,cluster3_qing_after,0,0.0,0.0,7.067932822769843e-42,0,0,1
1853,81491,陳鶴,cluster3_qing_after,10,0.00011379829954653272,0.7333333333333333,1.753543432844725e-07,0,0,1
1854,82232,陳履中,cluster3_qing_after,0,0.0,0.0,7.067932822769843e-42,0,0,1
1855,83555,周清源,cluster3_qing_after,1,0.0,0.0,3.7056323637843556e-36,0,0,1
1856,83928,宜思恭,cluster3_qing_after,0,0.0,0.0,7.067932822769843e-42,0,0,1
1857,85843,袁州佐,cluster2_yuan_ming,0,0.0,0.0,7.067932822769843e-42,0,1,0
1858,86710,徐棟,cluster3_qing_after,0,0.0,0.0,7.067932822769843e-42,0,0,1
1859,86775,徐潮,cluster3_qing_after,1,0.0,0.0,3.7056323637843556e-36,0,0,1
1860,86877,徐爾一,cluster2_yuan_ming,0,0.0,0.0,7.067932822769843e-42,0,1,0
1861,89950,程文正,cluster3_qing_after,0,0.0,0.0,7.067932822769843e-42,0,0,1
1862,90290,童槐,cluster3_qing_after,3,0.0,1.0,1.1668984364370268e-11,0,0,1
1863,91232,熊一瀟,cluster2_yuan_ming,0,0.0,0.0,7.067932822769843e-42,0,1,0
1864,91233,熊人霖,cluster2_yuan_ming,4,0.0,1.0,2.154105620639743e-06,0,1,0
1865,91350,黎元寬,cluster2_yuan_ming,1,0.0,0.0,2.0514428145678603e-05,0,1,0
1866,91958,馬宇,cluster1_song_and_before,2,0.0,1.0,2.1349172749682054e-05,1,0,0
1867,92022,王緯,cluster1_song_and_before,2,4.304315802458135e-06,0.0,8.451950102377796e-06,1,0,0
1868,92079,王涯,cluster1_song_and_before,22,2.9096469594817415e-05,0.6753246753246753,0.00023542310436072922,1,0,0
1869,92109,王播,cluster1_song_and_before,20,1.4920298076373418e-05,0.6368421052631579,0.00010821677045601898,1,0,0
1870,92111,王鎔,cluster1_song_and_before,0,0.0,0.0,7.067932822769843e-42,1,0,0
1871,92176,韋純,cluster1_song_and_before,0,0.0,0.0,7.067932822769843e-42,1,0,0
1872,92196,韋蟾,cluster1_song_and_before,13,0.00011098262958170421,0.6410256410256411,0.001847957551677843,1,0,0
1873,92306,盧士玫,cluster1_song_and_before,0,0.0,0.0,7.067932822769843e-42,1,0,0
1874,92308,盧從愿,cluster1_song_and_before,0,0.0,0.0,7.067932822769843e-42,1,0,0
1875,92309,盧文紀,cluster1_song_and_before,0,0.0,0.0,7.067932822769843e-42,1,0,0
1876,92311,盧弘正,cluster1_song_and_before,5,0.0,1.0,7.501709558890614e-06,1,0,0
1877,92440,馮宿,cluster1_song_and_before,28,0.0012799647828485201,0.6640211640211641,0.0005142259091308565,1,0,0
1878,92608,劉太真,cluster1_song_and_before,11,5.7952975351104805e-06,0.45454545454545453,2.970025253900973e-05,1,0,0
1879,92700,劉闢,cluster1_song_and_before,0,0.0,0.0,7.067932822769843e-42,1,0,0
1880,92702,劉瞻,cluster1_song_and_before,0,0.0,0.0,7.067932822769843e-42,1,0,0
1881,92853,杜羔,cluster1_song_and_before,0,0.0,0.0,7.067932822769843e-42,1,0,0
1882,92866,李之芳,cluster1_song_and_before,10,2.0419227925894985e-06,0.8222222222222222,0.0001525483602621018,1,0,0
1883,92909,李躔,cluster1_song_and_before,0,0.0,0.0,7.067932822769843e-42,1,0,0
1884,92921,李陽冰,cluster1_song_and_before,9,0.0001221464918910795,0.6666666666666666,0.0021296058660007643,1,0,0
1885,92966,李迥秀,cluster1_song_and_before,0,0.0,0.0,7.067932822769843e-42,1,0,0
1886,92999,李適,cluster1_song_and_before,51,0.000969291602745946,0.3349019607843137,0.0005508914654196316,1,0,0
1887,93025,李逢吉,cluster1_song_and_before,31,0.0003357702498678918,0.5827956989247312,0.0005150410870674448,1,0,0
1888,93096,李嘉祐,cluster1_song_and_before,26,8.567783578013968e-05,0.41846153846153844,0.00022008846685530047,1,0,0
1889,93106,李肇,cluster1_song_and_before,0,0.0,0.0,7.067932822769843e-42,1,0,0
1890,93159,楊玢,cluster1_song_and_before,1,0.0,0.0,4.215600247375188e-06,1,0,0
1891,93164,楊知至,cluster1_song_and_before,2,0.0,1.0,8.538717822294701e-06,1,0,0
1892,93516,張策,cluster1_song_and_before,0,0.0,0.0,7.067932822769843e-42,1,0,0
1893,93609,陳巖,cluster1_song_and_before,0,0.0,0.0,7.067932822769843e-42,1,0,0
1894,93797,周墀,cluster1_song_and_before,12,0.00037403595480852006,0.5303030303030303,0.0018334732484466298,1,0,0
1895,93853,鄭絪,cluster1_song_and_before,14,7.036794296218245e-06,0.6483516483516484,0.00016250215152799176,1,0,0
1896,93887,鄭儋,cluster1_song_and_before,0,0.0,0.0,7.067932822769843e-42,1,0,0
1897,93923,宗晉卿,cluster1_song_and_before,0,0.0,0.0,7.067932822769843e-42,1,0,0
1898,93958,孟球,cluster1_song_and_before,0,0.0,0.0,7.067932822769843e-42,1,0,0
1899,93973,封敖,cluster1_song_and_before,9,0.0002153771119382706,0.6944444444444444,0.0018256051713512688,1,0,0
1900,94036,胡證,cluster1_song_and_before,0,0.0,0.0,7.067932822769843e-42,1,0,0
1901,94054,査文徽,cluster1_song_and_before,0,0.0,0.0,7.067932822769843e-42,1,0,0
1902,94084,鍾允章,cluster1_song_and_before,0,0.0,0.0,7.067932822769843e-42,1,0,0
1903,94116,皇甫湜,cluster1_song_and_before,22,2.3346171087449634e-05,0.8095238095238095,0.0004906267818090978,1,0,0
1904,94273,錢徽,cluster1_song_and_before,33,0.00010839371930081325,0.5568181818181818,0.0005194354186520354,1,0,0
1905,94299,徐洪,cluster1_song_and_before,0,0.0,0.0,7.067932822769843e-42,1,0,0
1906,94305,徐浩,cluster1_song_and_before,13,4.1667631911481555e-05,0.6153846153846154,0.0001555515984134708,1,0,0
1907,94370,高璩,cluster1_song_and_before,0,0.0,0.0,7.067932822769843e-42,1,0,0
1908,94390,郭虛己,cluster1_song_and_before,0,0.0,0.0,7.067932822769843e-42,1,0,0
1909,94474,曹汾,cluster1_song_and_before,0,0.0,0.0,7.067932822769843e-42,1,0,0
1910,94543,崔居儉,cluster1_song_and_before,0,0.0,0.0,7.067932822769843e-42,1,0,0
1911,94546,崔咸,cluster1_song_and_before,0,0.0,0.0,7.067932822769843e-42,1,0,0
1912,94549,崔泰之,cluster1_song_and_before,19,3.348978795019988e-05,0.6432748538011696,0.00017535432370220124,1,0,0
1913,94559,崔梲,cluster1_song_and_before,0,0.0,0.0,7.067932822769843e-42,1,0,0
1914,94603,庾敬休,cluster1_song_and_before,18,0.0,1.0,0.00048458039602140705,1,0,0
1915,94626,閻立本,cluster1_song_and_before,2,0.0,1.0,8.214785971249928e-33,1,0,0
1916,94630,閻濟美,cluster1_song_and_before,5,3.5993558331029744e-07,0.6,1.4185710718354197e-05,1,0,0
1917,94718,韓章,cluster1_song_and_before,3,0.0,1.0,1.755763415268798e-05,1,0,0
1918,94758,程則,cluster1_song_and_before,15,4.9082124996858744e-08,0.9523809523809523,0.00017342348946119572,1,0,0
1919,94810,溫彥弘,cluster1_song_and_before,0,0.0,0.0,7.067932822769843e-42,1,0,0
1920,94858,鮑防,cluster1_song_and_before,11,4.113398117022508e-06,0.7636363636363637,3.3822354122231195e-05,1,0,0
1921,94883,竇夢徴,cluster1_song_and_before,0,0.0,0.0,7.067932822769843e-42,1,0,0
1922,94959,裴皞,cluster1_song_and_before,0,0.0,0.0,7.067932822769843e-42,1,0,0
1923,94978,翟再溫,cluster1_song_and_before,0,0.0,0.0,7.067932822769843e-42,1,0,0
1924,95071,薛能,cluster1_song_and_before,36,0.00015552479636098658,0.4857142857142857,0.0005365449286764164,1,0,0
1925,95556,丁誦,cluster1_song_and_before,7,0.0,1.0,0.001137699742259913,1,0,0
1926,95627,何處仁,cluster1_song_and_before,2,7.614006124250648e-07,0.0,0.00024638107776317567,1,0,0
1927,95738,劉大辨,cluster1_song_and_before,12,0.0,1.0,0.006739994993207144,1,0,0
1928,96368,左瑋,cluster1_song_and_before,0,0.0,0.0,7.067932822769843e-42,1,0,0
1929,96663,彭介,cluster1_song_and_before,0,0.0,0.0,7.067932822769843e-42,1,0,0
1930,97978,王盤,cluster1_song_and_before,0,0.0,0.0,7.067932822769843e-42,1,0,0
1931,98013,王蒙正,cluster1_song_and_before,2,0.0,1.0,0.0004155570478156672,1,0,0
1932,98334,胡咸秩,cluster1_song_and_before,0,0.0,0.0,7.067932822769843e-42,1,0,0
1933,99043,黎靖德,cluster1_song_and_before,4,0.0012511806248646324,0.16666666666666666,0.0006396903662108052,1,0,0
1934,100017,徐愛,cluster2_yuan_ming,27,3.473824412402841e-05,0.8205128205128205,0.0006754381557091453,0,1,0
1935,100295,卜天璋,cluster1_song_and_before,0,0.0,0.0,7.067932822769843e-42,1,0,0
1936,100686,王宗,cluster1_song_and_before,6,0.0,1.0,6.412264591952722e-05,1,0,0
1937,100750,王倚,cluster1_song_and_before,1,0.0,0.0,0.0006331874533371495,1,0,0
1938,100816,王善,cluster2_yuan_ming,9,0.0,1.0,0.00033723440676678237,0,1,0
1939,100914,王綱,cluster1_song_and_before,0,0.0,0.0,7.067932822769843e-42,1,0,0
1940,100983,王謙,cluster2_yuan_ming,9,0.0,1.0,0.00033723440676678237,0,1,0
1941,101128,王弘鈞,cluster1_song_and_before,6,0.0,1.0,0.00017980919776010914,1,0,0
1942,101171,王安貞,cluster1_song_and_before,8,0.0,1.0,0.00048056261747729675,1,0,0
1943,101278,王思廉,cluster1_song_and_before,7,0.0,1.0,0.0008067526106520254,1,0,0
1944,101516,包容德,cluster2_yuan_ming,2,0.0,1.0,0.00027820301691445663,0,1,0
1945,101668,田忠良,cluster1_song_and_before,0,0.0,0.0,7.067932822769843e-42,1,0,0
1946,101864,宇文公諒,cluster2_yuan_ming,6,0.0,1.0,0.00017980919776010914,0,1,0
1947,102377,吳元珪,cluster1_song_and_before,6,0.0,1.0,6.412264591952722e-05,1,0,0
1948,102569,呂天祺,cluster1_song_and_before,0,0.0,0.0,7.067932822769843e-42,1,0,0
1949,102575,呂合剌,cluster1_song_and_before,0,0.0,0.0,7.067932822769843e-42,1,0,0
1950,102628,宋超,cluster1_song_and_before,12,0.0,1.0,0.002833686439961457,1,0,0
1951,102733,成遵,cluster2_yuan_ming,11,0.00018413096765148266,0.6181818181818182,0.0005422144475412667,0,1,0
1952,102822,李芳,cluster1_song_and_before,1,0.0,0.0,5.2816864614126175e-05,1,0,0
1953,102997,李綱,cluster1_song_and_before,0,0.0,0.0,7.067932822769843e-42,1,0,0
1954,103241,李克忠,cluster1_song_and_before,14,9.705615970321856e-05,0.5494505494505495,0.0006551353595561366,1,0,0
1955,103247,李克讓,cluster1_song_and_before,8,0.0,1.0,0.00048056261747729675,1,0,0
1956,103376,李惟閏,cluster2_yuan_ming,8,0.0,1.0,0.00048056261747729675,0,1,0
1957,104049,周繼周,cluster2_yuan_ming,1,0.0,0.0,5.2816864614126175e-05,0,1,0
1958,104161,岳鉉,cluster1_song_and_before,5,0.0,1.0,0.0001659104321197906,1,0,0
1959,104911,胡彝,cluster2_yuan_ming,18,0.00015266172173800016,0.5555555555555556,0.0033721861954134243,0,1,0
1960,105151,倪居敬,cluster2_yuan_ming,1,0.0,0.0,3.7056323637843556e-36,0,1,0
1961,105210,唐仁祖,cluster1_song_and_before,19,0.00018227289642464638,0.5730994152046783,0.0035833881759893805,1,0,0
1962,105267,夏應祥,cluster2_yuan_ming,1,0.0,0.0,3.7056323637843556e-36,0,1,0
1963,105289,孫拱,cluster1_song_and_before,12,0.0,1.0,0.002833686439961457,1,0,0
1964,105922,郜文忠,cluster1_song_and_before,8,0.0,1.0,0.00048056261747729675,1,0,0
1965,105935,郝彬,cluster1_song_and_before,1,0.0,0.0,4.5609363768424254e-05,1,0,0
1966,105955,郝伯魯,cluster1_song_and_before,6,0.0,1.0,6.412264591952722e-05,1,0,0
1967,105983,馬亨,cluster1_song_and_before,0,0.0,0.0,7.067932822769843e-42,1,0,0
1968,106044,馬曙,cluster1_song_and_before,0,0.0,0.0,7.067932822769843e-42,1,0,0
1969,106227,高觿,cluster1_song_and_before,11,0.0,1.0,0.0032057073820515453,1,0,0
1970,106263,高克恭,cluster1_song_and_before,34,0.0009199490792663705,0.3422459893048128,0.006555132362989699,1,0,0
1971,106333,偰哲篤,cluster2_yuan_ming,19,4.798555553824745e-05,0.5847953216374269,0.004784992479331182,0,1,0
1972,106418,常中,cluster1_song_and_before,0,0.0,0.0,7.067932822769843e-42,1,0,0
1973,106942,張世昌,cluster1_song_and_before,5,0.0,1.0,0.0001659104321197906,1,0,0
1974,107677,許從宗,cluster1_song_and_before,2,0.0,1.0,1.0677229477311046e-07,1,0,0
1975,107679,許從宣,cluster1_song_and_before,2,0.0,1.0,1.0677229477311046e-07,1,0,0
1976,107822,郭守敬,cluster1_song_and_before,1,0.0,0.0,4.958446267944904e-07,1,0,0
1977,107845,郭明德,cluster1_song_and_before,6,0.0,1.0,6.412264591952722e-05,1,0,0
1978,109309,廉惠山海牙,cluster2_yuan_ming,5,6.293091751350404e-05,0.5,7.172161845948451e-05,0,1,0
1979,109317,敬鉉,cluster1_song_and_before,12,0.0,1.0,0.007280587430914671,1,0,0
1980,109504,楊元直,cluster1_song_and_before,12,0.0,1.0,0.002833686439961457,1,0,0
1981,109615,楊教化,cluster1_song_and_before,11,0.0,1.0,0.0032057073820515453,1,0,0
1982,109812,葛應雷,cluster1_song_and_before,12,0.00035771740453387744,0.5151515151515151,0.0016385326662044979,1,0,0
1983,109996,賈魯,cluster2_yuan_ming,1,0.0,0.0,4.368806168409891e-06,0,1,0
1984,110115,靳泰,cluster2_yuan_ming,0,0.0,0.0,7.067932822769843e-42,0,1,0
1985,110129,靳德進,cluster1_song_and_before,2,0.0,1.0,0.00011772121865301168,1,0,0
1986,110139,寧玉,cluster1_song_and_before,1,0.0,0.0,7.159822566449616e-05,1,0,0
1987,110167,暢篤,cluster1_song_and_before,3,0.0,1.0,6.690837463670508e-05,1,0,0
1988,110299,蓋苗,cluster2_yuan_ming,0,0.0,0.0,7.067932822769843e-42,0,1,0
1989,110321,趙友,cluster1_song_and_before,0,0.0,0.0,7.067932822769843e-42,1,0,0
1990,110526,趙公諒,cluster2_yuan_ming,0,0.0,0.0,7.067932822769843e-42,0,1,0
1991,110845,劉岳,cluster1_song_and_before,18,1.0653512953117864e-05,0.6405228758169934,0.0035831573999622534,1,0,0
1992,111287,劉事義,cluster1_song_and_before,1,0.0,0.0,2.887252364214231e-05,1,0,0
1993,111310,劉秉仁,cluster2_yuan_ming,0,0.0,0.0,7.067932822769843e-42,0,1,0
1994,111525,歐陽懋,cluster1_song_and_before,12,0.0,1.0,0.002833686439961457,1,0,0
1995,111765,鄧石,cluster2_yuan_ming,6,0.0,1.0,0.00017980919776010914,0,1,0
1996,112150,蕭泰登,cluster1_song_and_before,30,0.0006906077156836795,0.4068965517241379,0.00626303141229999,1,0,0
1997,112592,韓公麟,cluster1_song_and_before,6,0.0,1.0,6.412264591952722e-05,1,0,0
1998,112716,聶輝,cluster1_song_and_before,0,0.0,0.0,7.067932822769843e-42,1,0,0
1999,112837,羅璧,cluster1_song_and_before,12,0.0,1.0,0.002833686439961457,1,0,0
2000,112971,嚴壽逸,cluster1_song_and_before,18,0.0005317887126891787,0.6013071895424836,0.007401239095724748,1,0,0
2001,113460,顧信,cluster2_yuan_ming,0,0.0,0.0,7.067932822769843e-42,0,1,0
2002,113924,拜降,cluster1_song_and_before,15,0.00020442464282048213,0.5904761904761905,0.003000648957457583,1,0,0
2003,114192,不忽木,cluster1_song_and_before,21,0.0001913955876985452,0.5571428571428572,0.008055324113965564,1,0,0
2004,114632,篤爾只,cluster2_yuan_ming,0,0.0,0.0,7.067932822769843e-42,0,1,0
2005,114900,觀音奴,cluster2_yuan_ming,12,3.799853129468855e-05,0.5606060606060606,0.000595109025197243,0,1,0
2006,115560,木八剌沙,cluster2_yuan_ming,0,0.0,0.0,7.067932822769843e-42,0,1,0
2007,115866,烏馬兒,cluster2_yuan_ming,0,0.0,0.0,7.067932822769843e-42,0,1,0
2008,116691,鎖住,cluster2_yuan_ming,0,0.0,0.0,7.067932822769843e-42,0,1,0
2009,116823,泰不華,cluster2_yuan_ming,44,0.0048132828795303916,0.24312896405919662,0.007637206187421464,0,1,0
2010,117031,鐵木兒塔識,cluster2_yuan_ming,8,0.0,1.0,0.0016175311939097936,0,1,0
2011,117195,託本,cluster2_yuan_ming,0,0.0,0.0,7.067932822769843e-42,0,1,0
2012,117390,月魯不花,cluster2_yuan_ming,2,0.00017164019111401502,0.0,6.15394873670333e-05,0,1,0
2013,117417,五十六,cluster2_yuan_ming,0,0.0,0.0,7.067932822769843e-42,0,1,0
2014,117680,宋淵,cluster2_yuan_ming,9,0.0,1.0,0.00033723440676678237,0,1,0
2015,122198,鍾惺,cluster2_yuan_ming,22,0.00017181397937405979,0.8571428571428571,4.8479222938494645e-05,0,1,0
2016,122531,馬維陛,cluster2_yuan_ming,0,0.0,0.0,7.067932822769843e-42,0,1,0
2017,122637,楊成,cluster2_yuan_ming,44,3.9619547040483856e-05,0.6120507399577167,8.308098626244516e-05,0,1,0
2018,123667,習振翎,cluster3_qing_after,0,0.0,0.0,7.067932822769843e-42,0,0,1
2019,123678,文佳成林,cluster3_qing_after,0,0.0,0.0,7.067932822769843e-42,0,0,1
2020,123816,陳宗濂,cluster3_qing_after,0,0.0,0.0,7.067932822769843e-42,0,0,1
2021,123827,愛新覺羅孚會,cluster3_qing_after,0,0.0,0.0,7.067932822769843e-42,0,0,1
2022,124068,沈演,cluster2_yuan_ming,73,0.001438943913600369,0.3184931506849315,0.0003818779138565339,0,1,0
2023,124262,屈為經,cluster3_qing_after,0,0.0,0.0,7.067932822769843e-42,0,0,1
2024,124308,李邦華,cluster2_yuan_ming,77,0.0013098766113172284,0.3298017771701982,0.00040202528379388463,0,1,0
2025,124331,卓爾康,cluster2_yuan_ming,33,7.347249209432433e-05,0.4583333333333333,7.041905226535658e-05,0,1,0
2026,124348,薩克達弁塔哈,cluster3_qing_after,0,0.0,0.0,7.067932822769843e-42,0,0,1
2027,124364,劉一儒,cluster2_yuan_ming,63,5.962969798918193e-05,0.5591397849462365,0.00014577325691853105,0,1,0
2028,124395,王世琇,cluster2_yuan_ming,0,0.0,0.0,7.067932822769843e-42,0,1,0
2029,124715,劉應節,cluster2_yuan_ming,10,0.0,1.0,2.4095839032789998e-05,0,1,0
2030,124733,徐栻,cluster2_yuan_ming,80,0.00028322456417096434,0.4506329113924051,0.0002197024725126851,0,1,0
2031,124734,王遴,cluster2_yuan_ming,78,0.0007266813008332595,0.43223443223443225,0.0003592292034565047,0,1,0
2032,124742,畢鏘,cluster2_yuan_ming,68,0.00011960445103195881,0.4784899034240562,0.00016112543393251384,0,1,0
2033,124796,李世達,cluster2_yuan_ming,80,0.0002534505701980918,0.4443037974683544,0.00019285968476677722,0,1,0
2034,124804,曾同亨,cluster2_yuan_ming,100,0.00033447176738982576,0.3686868686868687,0.00017374244065331985,0,1,0
2035,124850,袁洪愈,cluster2_yuan_ming,56,3.2726729533436006e-05,0.6123376623376623,0.00018684806089895933,0,1,0
2036,124861,高璐,cluster3_qing_after,0,0.0,0.0,7.067932822769843e-42,0,0,1
2037,124863,常發祥,cluster3_qing_after,0,0.0,0.0,7.067932822769843e-42,0,0,1
2038,124886,吳文華,cluster2_yuan_ming,84,0.00017187603635632445,0.4569707401032702,0.0002202455319291364,0,1,0
2039,124891,耿定向,cluster2_yuan_ming,164,0.008033232136148928,0.2234026634744875,0.001464187025495831,0,1,0
2040,124912,張端本,cluster3_qing_after,0,0.0,0.0,7.067932822769843e-42,0,0,1
2041,124932,郝傑,cluster2_yuan_ming,66,6.186233495774702e-05,0.46107226107226107,9.707306282823754e-05,0,1,0
2042,124967,丁賓,cluster2_yuan_ming,77,0.0005540498796124917,0.36192754613807243,0.00014953250839528552,0,1,0
2043,125004,畢棠,cluster3_qing_after,0,0.0,0.0,7.067932822769843e-42,0,0,1
2044,125077,李遷,cluster2_yuan_ming,44,4.574855842034706e-05,0.7230443974630021,0.00016721994166122287,0,1,0
2045,125108,喬人傑,cluster3_qing_after,0,0.0,0.0,7.067932822769843e-42,0,0,1
2046,125133,淩雲翼,cluster2_yuan_ming,0,0.0,0.0,7.067932822769843e-42,0,1,0
2047,125136,朱衡,cluster2_yuan_ming,116,0.0009361926950025496,0.30344827586206896,0.00021967749780130128,0,1,0
2048,125163,翁大立,cluster2_yuan_ming,69,0.0001455299798954628,0.4620630861040068,0.00020033536656698737,0,1,0
2049,125165,馮光元,cluster3_qing_after,0,0.0,0.0,7.067932822769843e-42,0,0,1
2050,125185,潘季馴,cluster2_yuan_ming,116,0.0022904161893064394,0.31124437781109443,0.00044572629918737943,0,1,0
2051,125187,吳桂芳,cluster2_yuan_ming,59,0.00010289154575035437,0.4716540035067212,0.0001096040413164451,0,1,0
2052,125188,傅希摯,cluster2_yuan_ming,27,6.390597233417645e-06,0.7350427350427351,4.691546255349953e-05,0,1,0
2053,125234,楚維寧,cluster3_qing_after,0,0.0,0.0,7.067932822769843e-42,0,0,1
2054,125235,嚴清,cluster2_yuan_ming,2,0.0,1.0,5.9643051552979565e-06,0,1,0
2055,125305,覺羅達椿,cluster3_qing_after,0,0.0,0.0,7.067932822769843e-42,0,0,1
2056,125306,阿克達春,cluster3_qing_after,0,0.0,0.0,7.067932822769843e-42,0,0,1
2057,125309,張瀚,cluster2_yuan_ming,78,0.00038890868677505174,0.33666333666333664,0.00013876936200663396,0,1,0
2058,125334,劉永泰,cluster3_qing_after,0,0.0,0.0,7.067932822769843e-42,0,0,1
2059,125336,楊時喬,cluster2_yuan_ming,64,0.0013351140094551505,0.44742063492063494,9.757275407338591e-05,0,1,0
2060,125337,李戴,cluster2_yuan_ming,46,1.1455784561133011e-05,0.5835748792270531,8.157598670376342e-05,0,1,0
2061,125397,蔡德晉,cluster3_qing_after,0,0.0,0.0,7.067932822769843e-42,0,0,1
2062,125427,蔣實英,cluster3_qing_after,0,0.0,0.0,7.067932822769843e-42,0,0,1
2063,125527,張孔教,cluster2_yuan_ming,0,0.0,0.0,7.067932822769843e-42,0,1,0
2064,125582,蕭廩,cluster2_yuan_ming,73,0.00010855042562275579,0.4356925418569254,0.00014163644206080276,0,1,0
2065,125584,李頤,cluster2_yuan_ming,67,0.00016983987867880937,0.49389416553595655,0.00020725315251366586,0,1,0
2066,125601,萬象春,cluster2_yuan_ming,11,1.974148123518077e-06,0.7090909090909091,2.0230699417621527e-05,0,1,0
2067,125694,李化龍,cluster2_yuan_ming,100,0.0016695408547681859,0.35858585858585856,0.0004158848791848149,0,1,0
2068,126299,丁元薦,cluster2_yuan_ming,70,0.000416910012536955,0.36314699792960664,0.00017073242873111516,0,1,0
2069,126309,丁自申,cluster2_yuan_ming,13,3.1161254161836087e-07,0.8974358974358975,2.6785795359312945e-05,0,1,0
2070,126330,丁璐,cluster2_yuan_ming,0,0.0,0.0,7.067932822769843e-42,0,1,0
2071,126331,丁懋遜,cluster2_yuan_ming,0,0.0,0.0,7.067932822769843e-42,0,1,0
2072,126376,方九功,cluster2_yuan_ming,1,0.0,0.0,3.3515024036010215e-06,0,1,0
2073,126387,方弘靜,cluster2_yuan_ming,85,0.00018245951268242347,0.3733893557422969,0.0001517582552240943,0,1,0
2074,126392,方良曙,cluster2_yuan_ming,18,7.24420698579437e-07,0.738562091503268,3.158350741086825e-05,0,1,0
2075,126411,方廉,cluster2_yuan_ming,52,8.718635844961254e-05,0.5701357466063348,0.00018225752769114248,0,1,0
2076,126438,王康,cluster2_yuan_ming,12,4.765552272609142e-05,0.5454545454545454,8.737462502239238e-05,0,1,0
2077,126521,王如堅,cluster2_yuan_ming,0,0.0,0.0,7.067932822769843e-42,0,1,0
2078,126609,王昺,cluster2_yuan_ming,18,2.4574683832080136e-05,0.5555555555555556,1.7508409138714243e-05,0,1,0
2079,126657,王純,cluster2_yuan_ming,19,1.534120964291251e-05,0.7251461988304093,0.0001261011681139364,0,1,0
2080,126692,王莘,cluster2_yuan_ming,15,0.0,1.0,5.6224155139013685e-05,0,1,0
2081,126725,王鈁,cluster2_yuan_ming,0,0.0,0.0,7.067932822769843e-42,0,1,0
2082,126819,王德新,cluster2_yuan_ming,0,0.0,0.0,7.067932822769843e-42,0,1,0
2083,126879,王繼宗,cluster2_yuan_ming,0,0.0,0.0,7.067932822769843e-42,0,1,0
2084,126955,尤魯,cluster2_yuan_ming,0,0.0,0.0,7.067932822769843e-42,0,1,0
2085,127066,史琳,cluster2_yuan_ming,23,0.0,1.0,0.0001289558860135651,0,1,0
2086,127166,江一麟,cluster2_yuan_ming,46,4.590928169308307e-05,0.5371980676328503,9.47460027282453e-05,0,1,0
2087,127171,江治,cluster2_yuan_ming,25,1.2712423422361119e-05,0.8733333333333333,0.0006865440475820928,0,1,0
2088,127192,安希范,cluster2_yuan_ming,73,0.0005710007637115132,0.3907914764079148,0.00041205190944597423,0,1,0
2089,127385,朱維京,cluster2_yuan_ming,24,4.881453122759114e-06,0.6340579710144928,4.270526192068656e-05,0,1,0
2090,127417,朱爵,cluster2_yuan_ming,0,0.0,0.0,7.067932822769843e-42,0,1,0
2091,127467,仲本,cluster2_yuan_ming,14,0.0014426227547351352,0.42857142857142855,3.6590829021059483e-05,0,1,0
2092,127474,仰儒,cluster2_yuan_ming,0,0.0,0.0,7.067932822769843e-42,0,1,0
2093,127476,全元立,cluster2_yuan_ming,49,7.285560727099047e-05,0.4770408163265306,0.00010039312181135805,0,1,0
2094,127501,汪大受,cluster2_yuan_ming,2,0.0,1.0,5.187797535589334e-07,0,1,0
2095,127541,汪應蛟,cluster2_yuan_ming,27,3.5626951966624244e-05,0.6951566951566952,0.00029239734894728346,0,1,0
2096,127611,沈暉,cluster2_yuan_ming,15,3.3233788446488587e-06,0.6190476190476191,0.00011062597842429616,0,1,0
2097,127625,沈儆炌,cluster2_yuan_ming,47,0.00036101324620900195,0.5235892691951897,0.0002895354177666237,0,1,0
2098,127627,沈節甫,cluster2_yuan_ming,56,2.637690784023309e-05,0.4941558441558442,9.526332933875292e-05,0,1,0
2099,127641,沈鎜,cluster2_yuan_ming,0,0.0,0.0,7.067932822769843e-42,0,1,0
2100,127713,杜拯,cluster2_yuan_ming,3,0.0,1.0,3.629774418562988e-06,0,1,0
2101,127823,李孟暘,cluster2_yuan_ming,10,4.387119371718236e-06,0.6666666666666666,6.664193584100609e-05,0,1,0
2102,127845,李春,cluster2_yuan_ming,2,0.0,1.0,2.1055900741705357e-06,0,1,0
2103,127866,李重,cluster2_yuan_ming,32,8.514481978072503e-06,0.8145161290322581,9.408958860919646e-05,0,1,0
2104,127867,李香,cluster2_yuan_ming,5,0.0,1.0,2.5664078029065577e-05,0,1,0
2105,127868,李浩,cluster2_yuan_ming,3,0.0,1.0,0.0009282599724440478,0,1,0
2106,127882,李時珍,cluster2_yuan_ming,1,0.0,0.0,1.1480147916551138e-11,0,1,0
2107,127906,李堂,cluster2_yuan_ming,50,0.00024394362104062953,0.2873469387755102,0.00017382761443115685,0,1,0
2108,127920,李善,cluster2_yuan_ming,7,1.1976489366462746e-05,0.9047619047619048,2.6946030919851554e-05,0,1,0
2109,127947,李滄,cluster2_yuan_ming,9,5.144672434788728e-07,0.8333333333333334,6.347646629287007e-05,0,1,0
2110,127951,李愷,cluster2_yuan_ming,16,1.016981014692671e-05,0.6166666666666667,4.3953950961336414e-05,0,1,0
2111,128027,李蕡,cluster2_yuan_ming,0,0.0,0.0,7.067932822769843e-42,0,1,0
2112,128088,車純,cluster2_yuan_ming,0,0.0,0.0,7.067932822769843e-42,0,1,0
2113,128139,吳之甲,cluster2_yuan_ming,7,2.0940594109966867e-05,0.42857142857142855,7.667094433478328e-06,0,1,0
2114,128145,吳仁度,cluster2_yuan_ming,0,0.0,0.0,7.067932822769843e-42,0,1,0
2115,128170,吳自新,cluster2_yuan_ming,55,9.954476944198961e-05,0.48282828282828283,9.914438329108725e-05,0,1,0
2116,128187,吳昊,cluster2_yuan_ming,12,0.0,1.0,5.186716701883755e-05,0,1,0
2117,128191,吳洪,cluster2_yuan_ming,27,6.132954611952022e-05,0.452991452991453,0.00010475985753579224,0,1,0
2118,128229,吳傑,cluster2_yuan_ming,15,7.62690050809783e-07,0.8095238095238095,4.273434364062122e-05,0,1,0
2119,128233,吳源,cluster2_yuan_ming,11,1.7256904100769912e-05,0.8363636363636363,6.485235955516784e-06,0,1,0
2120,128242,吳瑞,cluster2_yuan_ming,1,0.0,0.0,3.7056323637843556e-36,0,1,0
2121,128270,吳誾,cluster2_yuan_ming,3,0.0,1.0,4.464134099775324e-06,0,1,0
2122,128301,呂本,cluster2_yuan_ming,95,0.0016123635208237044,0.3717805151175812,0.00023852243724964057,0,1,0
2123,128304,呂光洵,cluster2_yuan_ming,78,0.0004854898468535169,0.3852813852813853,0.0002367715869176336,0,1,0
2124,128334,呂夔,cluster2_yuan_ming,15,0.0,1.0,5.6224155139013685e-05,0,1,0
2125,128366,余禎,cluster2_yuan_ming,0,0.0,0.0,7.067932822769843e-42,0,1,0
2126,128375,余懋學,cluster2_yuan_ming,12,7.527025561607735e-07,0.6818181818181818,3.296810571591071e-05,0,1,0
2127,128406,何廷仁,cluster2_yuan_ming,50,0.0004299233195501407,0.4922448979591837,0.0007238746216761859,0,1,0
2128,128412,何其高,cluster2_yuan_ming,4,4.5576258925654546e-08,0.8333333333333334,4.528396555021361e-06,0,1,0
2129,128432,何詔,cluster2_yuan_ming,33,3.526844814968287e-05,0.5643939393939394,0.00014079629172249973,0,1,0
2130,128441,何喬遠,cluster2_yuan_ming,107,0.001335635434228969,0.32604478927878683,0.00048154516567601696,0,1,0
2131,128508,孟洋,cluster2_yuan_ming,31,4.564947983062734e-05,0.6623655913978495,0.000143819826133674,0,1,0
2132,128522,孟鑑,cluster2_yuan_ming,0,0.0,0.0,7.067932822769843e-42,0,1,0
2133,128594,林廷選,cluster2_yuan_ming,32,4.962121496575971e-06,0.6673387096774194,0.00014867555221431472,0,1,0
2134,128649,林㙱,cluster2_yuan_ming,14,0.0,1.0,6.501207425197482e-05,0,1,0
2135,128665,來天球,cluster2_yuan_ming,2,0.0,1.0,2.1427950769615937e-06,0,1,0
2136,128669,來斯行,cluster2_yuan_ming,20,2.353701510908149e-05,0.6631578947368421,4.599714934749606e-05,0,1,0
2137,128745,金鉉,cluster2_yuan_ming,1,0.0,0.0,9.042446007776422e-07,0,1,0
2138,128797,周汝登,cluster2_yuan_ming,71,0.003027150825032722,0.36257545271629776,0.0007580947576821782,0,1,0
2139,128809,周宏,cluster2_yuan_ming,0,0.0,0.0,7.067932822769843e-42,0,1,0
2140,128917,周賢,cluster2_yuan_ming,5,0.0,1.0,2.89073428795453e-05,0,1,0
2141,128918,周賢宣,cluster2_yuan_ming,2,0.0,1.0,2.222914720969054e-06,0,1,0
2142,128945,洪文衡,cluster2_yuan_ming,57,0.00034111026650521123,0.4642857142857143,0.00036228618940841893,0,1,0
2143,128956,洪遠,cluster2_yuan_ming,43,0.0001452142188980782,0.5492801771871539,0.00018825789086461612,0,1,0
2144,128987,施邦曜,cluster2_yuan_ming,32,0.0005889555699007608,0.5665322580645161,0.0006954609127118042,0,1,0
2145,129043,胡訓,cluster2_yuan_ming,16,7.241609624274765e-06,0.5,2.2735757395842826e-05,0,1,0
2146,129045,胡桂芳,cluster2_yuan_ming,57,0.0006470553812053917,0.4899749373433584,0.0003279914519658172,0,1,0
2147,129167,范瑟,cluster2_yuan_ming,2,0.0,1.0,1.940064352013898e-06,0,1,0
2148,129169,范嵩,cluster2_yuan_ming,14,8.159971865140593e-06,0.5824175824175825,1.4364717267888643e-05,0,1,0
2149,129178,范檟,cluster2_yuan_ming,4,0.0,1.0,2.6089246452517574e-05,0,1,0
2150,129193,柴昇,cluster2_yuan_ming,3,0.0,1.0,2.016201275766698e-06,0,1,0
2151,129216,俞諮伯,cluster2_yuan_ming,21,2.0643052408264494e-05,0.5142857142857142,3.9120579032387716e-05,0,1,0
2152,129305,姚文灝,cluster2_yuan_ming,13,3.434541842690732e-05,0.6794871794871795,8.068210271754832e-05,0,1,0
2153,129342,姚繼巖,cluster2_yuan_ming,19,0.0,1.0,7.281791051536237e-05,0,1,0
2154,129359,衷貞吉,cluster2_yuan_ming,52,0.000506524128970011,0.48642533936651583,0.0003247754684973087,0,1,0
2155,129381,高翀,cluster2_yuan_ming,2,0.0,1.0,8.320076444214824e-06,0,1,0
2156,129408,高濟,cluster2_yuan_ming,13,0.00034328038222803005,0.717948717948718,0.0017219053492317621,0,1,0
2157,129417,高鏊,cluster2_yuan_ming,11,0.0,1.0,4.056807991654507e-05,0,1,0
2158,129465,唐維城,cluster2_yuan_ming,10,0.0,1.0,2.4095839032789994e-05,0,1,0
2159,129514,夏英,cluster2_yuan_ming,15,3.712843569489252e-07,0.9428571428571428,8.115019086644264e-05,0,1,0
2160,129518,夏從壽,cluster2_yuan_ming,27,3.061808081993264e-05,0.5811965811965812,0.00011430317600650528,0,1,0
2161,129554,馬坤,cluster2_yuan_ming,3,0.0,1.0,4.551860948125794e-06,0,1,0
2162,129574,馬軾,cluster2_yuan_ming,0,0.0,0.0,7.067932822769843e-42,0,1,0
2163,129759,孫偉,cluster2_yuan_ming,10,0.0,1.0,6.386089766528629e-05,0,1,0
2164,129768,孫植,cluster2_yuan_ming,34,1.5794722982601777e-05,0.750445632798574,8.582067343900538e-05,0,1,0
2165,129857,倪思益,cluster2_yuan_ming,25,0.0,1.0,3.822808786983798e-05,0,1,0
2166,129885,徐日久,cluster2_yuan_ming,10,2.04782359505127e-06,0.5555555555555556,1.0130466056201135e-05,0,1,0
2167,129902,徐如珂,cluster2_yuan_ming,11,0.0,1.0,2.512009134521895e-05,0,1,0
2168,129906,徐良彥,cluster2_yuan_ming,24,3.2021854149016555e-05,0.7789855072463768,0.00028462633726913906,0,1,0
2169,129935,徐待聘,cluster2_yuan_ming,12,2.8633103643629444e-07,0.8939393939393939,2.717177566719854e-05,0,1,0
2170,129973,徐瑤,cluster2_yuan_ming,18,0.0,1.0,3.541366919163764e-05,0,1,0
2171,129979,徐標,cluster2_yuan_ming,12,4.5531642852249895e-06,0.6666666666666666,1.552525013294868e-05,0,1,0
2172,130079,章格,cluster2_yuan_ming,1,0.0,0.0,4.3005634840802864e-05,0,1,0
2173,130131,許紳,cluster2_yuan_ming,0,0.0,0.0,7.067932822769843e-42,0,1,0
2174,130144,許應元,cluster2_yuan_ming,32,0.00017838710160861495,0.5745967741935484,4.9806584956409696e-05,0,1,0
2175,130150,郭子章,cluster2_yuan_ming,67,0.0003710002584691383,0.37946630483943916,0.00013659886881207394,0,1,0
2176,130195,郭鋆,cluster2_yuan_ming,8,2.124869610554535e-05,0.6785714285714286,2.4635156649039298e-05,0,1,0
2177,130203,郭應奎,cluster2_yuan_ming,38,3.0812194480482326e-05,0.5732574679943101,0.00015396162008221391,0,1,0
2178,130204,郭鎜,cluster2_yuan_ming,3,6.420307779092205e-08,0.6666666666666666,3.6540065662967707e-06,0,1,0
2179,130210,康太和,cluster2_yuan_ming,10,2.4492091036080884e-05,0.4,1.5402643067438668e-05,0,1,0
2180,130253,曹三暘,cluster2_yuan_ming,27,9.533674309771569e-06,0.7150997150997151,8.784567638784104e-05,0,1,0
2181,130290,曹嗣榮,cluster2_yuan_ming,5,0.0,1.0,8.14727128123356e-06,0,1,0
2182,130294,曹璜,cluster2_yuan_ming,11,0.0,0.8909090909090909,2.1816926974642766e-05,0,1,0
2183,130301,敖英,cluster2_yuan_ming,34,5.15458067231915e-05,0.5721925133689839,7.922664143940836e-05,0,1,0
2184,130364,張汝蘊,cluster2_yuan_ming,3,0.0,1.0,8.068672722290198e-06,0,1,0
2185,130374,張羽,cluster2_yuan_ming,19,0.0,1.0,7.281791051536237e-05,0,1,0
2186,130478,張恕,cluster2_yuan_ming,1,0.0,0.0,9.590688871779186e-07,0,1,0
2187,130491,張祥,cluster2_yuan_ming,4,0.0,1.0,4.945852150658515e-06,0,1,0
2188,130526,張琮,cluster2_yuan_ming,27,9.539163649076366e-06,0.7122507122507122,0.00012061418465981578,0,1,0
2189,130557,張瑋,cluster2_yuan_ming,11,8.912576145820592e-06,0.7454545454545455,6.366699832911601e-05,0,1,0
2190,130564,張達,cluster2_yuan_ming,8,0.0,1.0,1.3912881206847863e-05,0,1,0
2191,130655,張穆,cluster2_yuan_ming,1,0.0,0.0,3.7056323637843556e-36,0,1,0
2192,130719,陰武卿,cluster2_yuan_ming,52,3.032555113756371e-05,0.6568627450980392,0.0001832680663628696,0,1,0
2193,130733,陸化淳,cluster2_yuan_ming,24,2.4883346775327755e-06,0.7934782608695652,4.493931094453519e-05,0,1,0
2194,130865,陳政,cluster2_yuan_ming,4,0.0,1.0,3.745663200098437e-06,0,1,0
2195,130897,陳明,cluster2_yuan_ming,23,0.0,1.0,0.0001289558860135651,0,1,0
2196,130912,陳紹儒,cluster2_yuan_ming,34,5.649907361200188e-06,0.7843137254901961,9.513568937069428e-05,0,1,0
2197,130917,陳琦,cluster2_yuan_ming,35,6.7608512847034e-05,0.5529411764705883,0.00014296783527329584,0,1,0
2198,130921,陳堯,cluster2_yuan_ming,54,8.639213339538092e-05,0.6282320055904962,0.00018931129639569917,0,1,0
2199,130934,陳雍,cluster2_yuan_ming,26,4.508628007917466e-05,0.9261538461538461,3.826508924781325e-05,0,1,0
2200,130981,陳鳳梧,cluster2_yuan_ming,37,0.0003555228989027794,0.5690690690690691,0.00015333076062540974,0,1,0
2201,131062,畢亨,cluster2_yuan_ming,26,4.921929713988968e-06,0.8461538461538461,0.0001310625069462522,0,1,0
2202,131066,畢懋良,cluster2_yuan_ming,32,1.2274155389554176e-05,0.7439516129032258,4.442908727073056e-05,0,1,0
2203,131078,崔文奎,cluster2_yuan_ming,15,0.0,1.0,5.6224155139013685e-05,0,1,0
2204,131106,莫如忠,cluster2_yuan_ming,103,0.0012135327720387407,0.32876451551494384,0.00025661150890506735,0,1,0
2205,131110,莫驄,cluster2_yuan_ming,0,0.0,0.0,7.067932822769843e-42,0,1,0
2206,131161,馮貫,cluster2_yuan_ming,4,0.0,1.0,3.745663200098437e-06,0,1,0
2207,131183,游居敬,cluster2_yuan_ming,26,1.7402114099301093e-05,0.9292307692307692,5.436620448430582e-05,0,1,0
2208,131229,曾于拱,cluster2_yuan_ming,51,2.109120486380696e-05,0.6047058823529412,0.00012366903458552688,0,1,0
2209,131238,曾如春,cluster2_yuan_ming,28,1.558749429257769e-05,0.5952380952380952,5.323324214818205e-05,0,1,0
2210,131243,曾直,cluster2_yuan_ming,22,7.248487588984491e-06,0.7186147186147186,8.054651722497063e-05,0,1,0
2211,131285,項德禎,cluster2_yuan_ming,35,1.2320254510798318e-05,0.6319327731092437,5.800037852091e-05,0,1,0
2212,131290,閔如霖,cluster2_yuan_ming,12,3.073824941556588e-07,0.6515151515151515,1.937897293539764e-05,0,1,0
2213,131339,彭禮,cluster2_yuan_ming,3,0.00017164019111401502,0.3333333333333333,3.560372936163422e-06,0,1,0
2214,131350,盛俌,cluster2_yuan_ming,10,0.0,1.0,9.400837772540636e-05,0,1,0
2215,131352,盛寅,cluster2_yuan_ming,1,0.0,0.0,3.7056323637843556e-36,0,1,0
2216,131392,黃承玄,cluster2_yuan_ming,104,0.003093155408121206,0.3037714712471994,0.0004255778938597727,0,1,0
2217,131629,程文德,cluster2_yuan_ming,108,0.002197740568308672,0.3236413984077535,0.000798573510343407,0,1,0
2218,131640,程宗,cluster2_yuan_ming,13,9.410119762835545e-05,0.5256410256410257,6.931833034469895e-05,0,1,0
2219,131642,程金,cluster2_yuan_ming,12,0.0,1.0,2.263072191946764e-05,0,1,0
2220,131720,雷禮,cluster2_yuan_ming,99,0.002174638241718049,0.2896310039167182,0.00047422156686383364,0,1,0
2221,131724,楊一魁,cluster2_yuan_ming,49,3.666901414863346e-05,0.5289115646258503,8.755282705286261e-05,0,1,0
2222,131786,楊其休,cluster2_yuan_ming,0,0.0,0.0,7.067932822769843e-42,0,1,0
2223,131890,楊麒,cluster2_yuan_ming,49,0.00015024192221903116,0.4226190476190476,0.00012869674543474247,0,1,0
2224,131944,萬燝,cluster2_yuan_ming,27,0.00018751600542852795,0.6267806267806267,0.0002764297369666488,0,1,0
2225,131961,葉茂才,cluster2_yuan_ming,42,0.0002371133855391424,0.5087108013937283,0.0003577049350636115,0,1,0
2226,131967,葉逢春,cluster2_yuan_ming,4,1.8463662441091405e-07,0.6666666666666666,4.626043434706444e-06,0,1,0
2227,131975,葉夢熊,cluster2_yuan_ming,55,3.33262261415705e-05,0.49427609427609426,9.136853515662704e-05,0,1,0
2228,132008,董越,cluster2_yuan_ming,36,0.000613609003657484,0.5126984126984127,0.0018061922511338673,0,1,0
2229,132010,董裕,cluster2_yuan_ming,13,5.166012671277848e-07,0.8333333333333334,2.1937802015685587e-05,0,1,0
2230,132051,鄒廸光,cluster2_yuan_ming,89,0.0012134429127425232,0.3442288049029622,0.0004532788599843047,0,1,0
2231,132261,熊汝達,cluster2_yuan_ming,24,6.443150441758533e-05,0.7246376811594203,5.350158561738174e-05,0,1,0
2232,132281,熊鍊,cluster2_yuan_ming,4,0.0,1.0,2.154105620639743e-06,0,1,0
2233,132341,潘禮,cluster2_yuan_ming,0,0.0,0.0,7.067932822769843e-42,0,1,0
2234,132345,潘鑑,cluster2_yuan_ming,43,0.0001390691805351201,0.42967884828349945,0.00010276517769528996,0,1,0
2235,132352,鄭之文,cluster2_yuan_ming,25,1.1294474617419888e-05,0.7566666666666667,5.262144269332956e-05,0,1,0
2236,132380,鄭宣化,cluster2_yuan_ming,8,0.0,1.0,2.1148734632281136e-05,0,1,0
2237,132395,鄭普,cluster2_yuan_ming,10,5.415027271893687e-07,0.8222222222222222,1.3509186143077076e-05,0,1,0
2238,132452,歐陽席,cluster2_yuan_ming,17,0.0,1.0,4.471915013873964e-05,0,1,0
2239,132539,蔣用文,cluster2_yuan_ming,12,0.0001911691401399665,0.7272727272727273,2.5937969296908185e-05,0,1,0
2240,132558,蔣恭,cluster2_yuan_ming,0,0.0,0.0,7.067932822769843e-42,0,1,0
2241,132570,蔣敵,cluster2_yuan_ming,1,0.0,0.0,3.7056323637843556e-36,0,1,0
2242,132583,蔡汝楠,cluster2_yuan_ming,106,0.001120966545040042,0.3047619047619048,0.0003441373348301936,0,1,0
2243,132642,劉一焜,cluster2_yuan_ming,62,0.0002540732236685801,0.4357482813326282,0.0001791977755273087,0,1,0
2244,132680,劉日升,cluster2_yuan_ming,71,0.0005705564952344451,0.40080482897384306,0.0001374073766460533,0,1,0
2245,132724,劉志選,cluster2_yuan_ming,2,0.0,1.0,3.102253989090799e-06,0,1,0
2246,132741,劉伯淵,cluster2_yuan_ming,2,0.0,1.0,3.5736730789350004e-06,0,1,0
2247,132768,劉采,cluster2_yuan_ming,23,4.937718161248005e-05,0.4308300395256917,3.040958479488747e-05,0,1,0
2248,132775,劉宣,cluster2_yuan_ming,35,0.0002135174530819622,0.5378151260504201,0.0001384189979813073,0,1,0
2249,132785,劉俊,cluster2_yuan_ming,0,0.0,0.0,7.067932822769843e-42,0,1,0
2250,132794,劉浩,cluster2_yuan_ming,12,0.0,1.0,5.186716701883755e-05,0,1,0
2251,132917,劉慤,cluster2_yuan_ming,22,0.00021195862067374368,0.5194805194805194,7.031716331295453e-05,0,1,0
2252,132983,諸壽賢,cluster2_yuan_ming,23,2.387565343411675e-06,0.7272727272727273,4.225924808664225e-05,0,1,0
2253,132984,諸觀,cluster2_yuan_ming,5,0.0,1.0,5.973626566025397e-05,0,1,0
2254,133063,盧勳,cluster2_yuan_ming,52,8.482914647611037e-05,0.45475113122171945,0.00010189484702657572,0,1,0
2255,133090,錢士鰲,cluster2_yuan_ming,7,3.2457123019523286e-06,0.7619047619047619,6.452131258886343e-06,0,1,0
2256,133122,錢喜起,cluster2_yuan_ming,0,0.0,0.0,7.067932822769843e-42,0,1,0
2257,133146,謝一夔,cluster2_yuan_ming,11,1.439607018176316e-06,0.6909090909090909,7.72081542689343e-05,0,1,0
2258,133164,謝廷[⿱艹氵臣],cluster2_yuan_ming,18,1.5390162547721776e-05,0.5490196078431373,2.574495323731973e-05,0,1,0
2259,133233,韓邦憲,cluster2_yuan_ming,1,0.0,0.0,4.911195551401184e-07,0,1,0
2260,133248,韓重,cluster2_yuan_ming,0,0.0,0.0,7.067932822769843e-42,0,1,0
2261,133281,薛三才,cluster2_yuan_ming,42,5.5436837201376864e-05,0.5040650406504065,6.759327669548753e-05,0,1,0
2262,133351,蕭鼎,cluster2_yuan_ming,24,8.494166228259315e-05,0.9202898550724637,0.0001289727183469328,0,1,0
2263,133356,蕭禎,cluster2_yuan_ming,26,4.4026621448441686e-05,0.8061538461538461,0.0001390384573971056,0,1,0
2264,133366,繆昌,cluster2_yuan_ming,0,0.0,0.0,7.067932822769843e-42,0,1,0
2265,133370,繆國維,cluster2_yuan_ming,2,0.0,1.0,2.306253501302053e-06,0,1,0
2266,133391,顏容暄,cluster2_yuan_ming,0,0.0,0.0,7.067932822769843e-42,0,1,0
2267,133408,戴思恭,cluster2_yuan_ming,15,0.00020424617291410705,0.42857142857142855,0.0003750454173422487,0,1,0
2268,133415,戴祥,cluster2_yuan_ming,3,0.0,1.0,6.293980228002402e-05,0,1,0
2269,133425,戴縉,cluster2_yuan_ming,10,0.0,1.0,2.0533372449291885e-05,0,1,0
2270,133464,魏有本,cluster2_yuan_ming,36,1.2620352126965996e-05,0.5761904761904761,8.945401237078203e-05,0,1,0
2271,133473,魏尚純,cluster2_yuan_ming,0,0.0,0.0,7.067932822769843e-42,0,1,0
2272,133599,嚴時泰,cluster2_yuan_ming,8,0.00026935621472244485,0.42857142857142855,1.0002608229438703e-05,0,1,0
2273,133629,顧玉柱,cluster2_yuan_ming,11,0.0,1.0,2.1329522341834173e-05,0,1,0
2274,133631,顧可學,cluster2_yuan_ming,0,0.0,0.0,7.067932822769843e-42,0,1,0
2275,133642,顧其志,cluster2_yuan_ming,20,0.0,1.0,4.61388531446639e-05,0,1,0
2276,133691,饒位,cluster2_yuan_ming,1,0.0,0.0,1.2342962812159482e-07,0,1,0
2277,133692,饒伸,cluster2_yuan_ming,9,0.00017165426613515382,0.5555555555555556,1.5311019602589872e-05,0,1,0
2278,133711,龔情,cluster2_yuan_ming,0,0.0,0.0,7.067932822769843e-42,0,1,0
2279,133712,龔理,cluster2_yuan_ming,0,0.0,0.0,7.067932822769843e-42,0,1,0
2280,133718,龔輝,cluster2_yuan_ming,11,1.7803969830153793e-06,0.8181818181818182,7.6285216579916105e-06,0,1,0
2281,134432,樓釐,cluster2_yuan_ming,9,0.0,1.0,0.00033723440676678237,0,1,0
2282,138722,屈突通,cluster1_song_and_before,2,0.0,1.0,8.214785971249928e-33,1,0,0
2283,140346,韋頊,cluster1_song_and_before,0,0.0,0.0,7.067932822769843e-42,1,0,0
2284,142232,孟公行,cluster1_song_and_before,0,0.0,0.0,7.067932822769843e-42,1,0,0
2285,144863,羅讓,cluster1_song_and_before,0,0.0,0.0,7.067932822769843e-42,1,0,0
2286,144915,龔某某,cluster1_song_and_before,0,0.0,0.0,7.067932822769843e-42,1,0,0
2287,144924,程惟誠,cluster1_song_and_before,0,0.0,0.0,7.067932822769843e-42,1,0,0
2288,144930,孫拙,cluster1_song_and_before,0,0.0,0.0,7.067932822769843e-42,1,0,0
2289,144933,李宗師,cluster1_song_and_before,0,0.0,0.0,7.067932822769843e-42,1,0,0
2290,144968,張仁憲,cluster1_song_and_before,0,0.0,0.0,7.067932822769843e-42,1,0,0
2291,145255,李良,cluster1_song_and_before,0,0.0,0.0,7.067932822769843e-42,1,0,0
2292,145267,盧虔,cluster1_song_and_before,0,0.0,0.0,7.067932822769843e-42,1,0,0
2293,145498,王用,cluster1_song_and_before,0,0.0,0.0,7.067932822769843e-42,1,0,0
2294,145504,支謨,cluster1_song_and_before,0,0.0,0.0,7.067932822769843e-42,1,0,0
2295,145600,任佶,cluster1_song_and_before,0,0.0,0.0,7.067932822769843e-42,1,0,0
2296,145610,程懷信,cluster1_song_and_before,0,0.0,0.0,7.067932822769843e-42,1,0,0
2297,145621,崔備,cluster1_song_and_before,10,1.3572848971944185e-06,0.5555555555555556,3.9757230490315574e-05,1,0,0
2298,145634,史用誠,cluster1_song_and_before,0,0.0,0.0,7.067932822769843e-42,1,0,0
2299,145644,盧涗,cluster1_song_and_before,0,0.0,0.0,7.067932822769843e-42,1,0,0
2300,145710,崔淙,cluster1_song_and_before,0,0.0,0.0,7.067932822769843e-42,1,0,0
2301,145751,韋渢,cluster1_song_and_before,0,0.0,0.0,7.067932822769843e-42,1,0,0
2302,145811,趙憬,cluster1_song_and_before,8,0.0,1.0,2.1016499457208996e-05,1,0,0
2303,145987,李彙,cluster1_song_and_before,2,0.0,1.0,0.00012079087551016343,1,0,0
2304,145995,張誠,cluster1_song_and_before,0,0.0,0.0,7.067932822769843e-42,1,0,0
2305,146000,李建,cluster1_song_and_before,18,0.0,1.0,0.00048458039602140705,1,0,0
2306,146006,李從易,cluster1_song_and_before,0,0.0,0.0,7.067932822769843e-42,1,0,0
2307,146010,韋正貫,cluster1_song_and_before,0,0.0,0.0,7.067932822769843e-42,1,0,0
2308,146094,馮昭泰,cluster1_song_and_before,0,0.0,0.0,7.067932822769843e-42,1,0,0
2309,146100,薛丹,cluster1_song_and_before,0,0.0,0.0,7.067932822769843e-42,1,0,0
2310,146136,裴虬,cluster1_song_and_before,0,0.0,0.0,7.067932822769843e-42,1,0,0
2311,146140,裴伷先,cluster1_song_and_before,0,0.0,0.0,7.067932822769843e-42,1,0,0
2312,146148,韋向,cluster1_song_and_before,1,0.0,0.0,3.7056323637843556e-36,1,0,0
2313,146238,李懷讓,cluster1_song_and_before,0,0.0,0.0,7.067932822769843e-42,1,0,0
2314,146626,李弘節,cluster1_song_and_before,1,0.0,0.0,1.21904963336619e-06,1,0,0
2315,147490,薛獻,cluster1_song_and_before,1,0.0,0.0,3.7056323637843556e-36,1,0,0
2316,147585,翟道生干,cluster1_song_and_before,0,0.0,0.0,7.067932822769843e-42,1,0,0
2317,148359,朱某(朱信子),cluster1_song_and_before,0,0.0,0.0,7.067932822769843e-42,1,0,0
2318,148891,王遊藝,cluster1_song_and_before,0,0.0,0.0,7.067932822769843e-42,1,0,0
2319,148892,某行莊(某旦父),cluster1_song_and_before,0,0.0,0.0,7.067932822769843e-42,1,0,0
2320,149033,斐悌,cluster1_song_and_before,0,0.0,0.0,7.067932822769843e-42,1,0,0
2321,149212,爾朱義琛,cluster1_song_and_before,0,0.0,0.0,7.067932822769843e-42,1,0,0
2322,149302,樊叡,cluster1_song_and_before,0,0.0,0.0,7.067932822769843e-42,1,0,0
2323,149416,鄭植,cluster1_song_and_before,0,0.0,0.0,7.067932822769843e-42,1,0,0
2324,151811,盧義恭,cluster1_song_and_before,0,0.0,0.0,7.067932822769843e-42,1,0,0
2325,155515,韋縝,cluster1_song_and_before,0,0.0,0.0,7.067932822769843e-42,1,0,0
2326,155914,崔珪璋,cluster1_song_and_before,0,0.0,0.0,7.067932822769843e-42,1,0,0
2327,156680,李正叔,cluster1_song_and_before,0,0.0,0.0,7.067932822769843e-42,1,0,0
2328,156713,崔衍,cluster1_song_and_before,18,0.0,1.0,0.00048458039602140705,1,0,0
2329,156814,鄭□易,cluster1_song_and_before,0,0.0,0.0,7.067932822769843e-42,1,0,0
2330,156830,裴譔,cluster1_song_and_before,6,1.063446041598606e-07,0.8,4.055232376185524e-05,1,0,0
2331,158002,楊玄珪,cluster1_song_and_before,0,0.0,0.0,7.067932822769843e-42,1,0,0
2332,158369,張伯禽,cluster1_song_and_before,0,0.0,0.0,7.067932822769843e-42,1,0,0
2333,159865,崔授,cluster1_song_and_before,0,0.0,0.0,7.067932822769843e-42,1,0,0
2334,160060,閻濟美,cluster1_song_and_before,0,0.0,0.0,7.067932822769843e-42,1,0,0
2335,161691,張守瑜,cluster1_song_and_before,0,0.0,0.0,7.067932822769843e-42,1,0,0
2336,163926,閻毗,cluster1_song_and_before,1,0.0,0.0,3.7056323637843556e-36,1,0,0
2337,163927,閻立德,cluster1_song_and_before,1,0.0,0.0,3.7056323637843556e-36,1,0,0
2338,168914,崔潔,cluster1_song_and_before,0,0.0,0.0,7.067932822769843e-42,1,0,0
2339,170052,李景温,cluster1_song_and_before,0,0.0,0.0,7.067932822769843e-42,1,0,0
2340,170360,羅邮,cluster1_song_and_before,0,0.0,0.0,7.067932822769843e-42,1,0,0
2341,170688,裴弘策,cluster1_song_and_before,0,0.0,0.0,7.067932822769843e-42,1,0,0
2342,170806,裴常憲,cluster1_song_and_before,0,0.0,0.0,7.067932822769843e-42,1,0,0
2343,170856,裴興,cluster1_song_and_before,0,0.0,0.0,7.067932822769843e-42,1,0,0
2344,170883,裴澡,cluster1_song_and_before,0,0.0,0.0,7.067932822769843e-42,1,0,0
2345,171262,裴思猷,cluster1_song_and_before,0,0.0,0.0,7.067932822769843e-42,1,0,0
2346,171972,竇德洽,cluster1_song_and_before,0,0.0,0.0,7.067932822769843e-42,1,0,0
2347,172145,竇鋼,cluster1_song_and_before,0,0.0,0.0,7.067932822769843e-42,1,0,0
2348,172204,竇璡,cluster1_song_and_before,1,0.0,0.0,3.7056323637843556e-36,1,0,0
2349,172213,竇克順,cluster1_song_and_before,0,0.0,0.0,7.067932822769843e-42,1,0,0
2350,172491,楊恕,cluster1_song_and_before,0,0.0,0.0,7.067932822769843e-42,1,0,0
2351,172661,楊昉,cluster1_song_and_before,0,0.0,0.0,7.067932822769843e-42,1,0,0
2352,172665,楊維友,cluster1_song_and_before,0,0.0,0.0,7.067932822769843e-42,1,0,0
2353,172770,楊緘,cluster1_song_and_before,0,0.0,0.0,7.067932822769843e-42,1,0,0
2354,172819,楊弘暕,cluster1_song_and_before,0,0.0,0.0,7.067932822769843e-42,1,0,0
2355,172898,高少逸,cluster1_song_and_before,0,0.0,0.0,7.067932822769843e-42,1,0,0
2356,173236,杜楚客,cluster1_song_and_before,0,0.0,0.0,7.067932822769843e-42,1,0,0
2357,173426,李咸,cluster1_song_and_before,5,0.0,1.0,2.388861741355814e-05,1,0,0
2358,173428,李義琛,cluster1_song_and_before,0,0.0,0.0,7.067932822769843e-42,1,0,0
2359,173450,李回,cluster1_song_and_before,2,2.6177133331657995e-07,0.0,5.48707648222967e-06,1,0,0
2360,173725,李舒,cluster1_song_and_before,0,0.0,0.0,7.067932822769843e-42,1,0,0
2361,173840,李思冲,cluster1_song_and_before,0,0.0,0.0,7.067932822769843e-42,1,0,0
2362,174003,李元恭,cluster1_song_and_before,0,0.0,0.0,7.067932822769843e-42,1,0,0
2363,175676,王鼎,cluster1_song_and_before,0,0.0,0.0,7.067932822769843e-42,1,0,0
2364,175863,王遵,cluster1_song_and_before,0,0.0,0.0,7.067932822769843e-42,1,0,0
2365,175881,王仁皎,cluster1_song_and_before,0,0.0,0.0,7.067932822769843e-42,1,0,0
2366,175932,王儼,cluster1_song_and_before,0,0.0,0.0,7.067932822769843e-42,1,0,0
2367,176041,温無隱,cluster1_song_and_before,0,0.0,0.0,7.067932822769843e-42,1,0,0
2368,176640,張承纘,cluster1_song_and_before,0,0.0,0.0,7.067932822769843e-42,1,0,0
2369,176985,崔照,cluster1_song_and_before,0,0.0,0.0,7.067932822769843e-42,1,0,0
2370,177021,崔柅,cluster1_song_and_before,0,0.0,0.0,7.067932822769843e-42,1,0,0
2371,177068,崔侁,cluster1_song_and_before,0,0.0,0.0,7.067932822769843e-42,1,0,0
2372,177514,崔眾,cluster1_song_and_before,2,0.0,1.0,9.961269043141234e-06,1,0,0
2373,177865,崔宥,cluster1_song_and_before,0,0.0,0.0,7.067932822769843e-42,1,0,0
2374,178038,崔抗,cluster1_song_and_before,0,0.0,0.0,7.067932822769843e-42,1,0,0
2375,178095,柳幹,cluster1_song_and_before,0,0.0,0.0,7.067932822769843e-42,1,0,0
2376,178163,柳肅,cluster1_song_and_before,0,0.0,0.0,7.067932822769843e-42,1,0,0
2377,179521,陸審傳,cluster1_song_and_before,0,0.0,0.0,7.067932822769843e-42,1,0,0
2378,179558,陸包,cluster1_song_and_before,0,0.0,0.0,7.067932822769843e-42,1,0,0
2379,179754,姜還,cluster1_song_and_before,0,0.0,0.0,7.067932822769843e-42,1,0,0
2380,179779,陸桂,cluster1_song_and_before,0,0.0,0.0,7.067932822769843e-42,1,0,0
2381,179905,韋正己,cluster1_song_and_before,0,0.0,0.0,7.067932822769843e-42,1,0,0
2382,180193,薛孝廉,cluster1_song_and_before,1,0.0,0.0,3.7056323637843556e-36,1,0,0
2383,180456,薛弘悌,cluster1_song_and_before,0,0.0,0.0,7.067932822769843e-42,1,0,0
2384,180633,薛季連,cluster1_song_and_before,0,0.0,0.0,7.067932822769843e-42,1,0,0
2385,180730,韋文恪,cluster1_song_and_before,0,0.0,0.0,7.067932822769843e-42,1,0,0
2386,180734,韋發,cluster1_song_and_before,1,0.0,0.0,2.3756478423316417e-07,1,0,0
2387,180800,韋蘭,cluster1_song_and_before,0,0.0,0.0,7.067932822769843e-42,1,0,0
2388,180905,韋珣,cluster1_song_and_before,0,0.0,0.0,7.067932822769843e-42,1,0,0
2389,181054,韋琡,cluster1_song_and_before,0,0.0,0.0,7.067932822769843e-42,1,0,0
2390,181499,武士彠,cluster1_song_and_before,0,0.0,0.0,7.067932822769843e-42,1,0,0
2391,181728,袁倜,cluster1_song_and_before,0,0.0,0.0,7.067932822769843e-42,1,0,0
2392,181775,姚璹,cluster1_song_and_before,0,0.0,0.0,7.067932822769843e-42,1,0,0
2393,181784,姚喬栵,cluster1_song_and_before,0,0.0,0.0,7.067932822769843e-42,1,0,0
2394,181803,唐防,cluster1_song_and_before,0,0.0,0.0,7.067932822769843e-42,1,0,0
2395,182284,朱密,cluster1_song_and_before,1,0.0,0.0,3.7056323637843556e-36,1,0,0
2396,182286,朱岳,cluster1_song_and_before,1,0.0,0.0,3.7056323637843556e-36,1,0,0
2397,183058,鄭越客,cluster1_song_and_before,0,0.0,0.0,7.067932822769843e-42,1,0,0
2398,184058,源弼,cluster1_song_and_before,2,0.0,1.0,1.5124663002148345e-05,1,0,0
2399,184075,牛遼允,cluster1_song_and_before,0,0.0,0.0,7.067932822769843e-42,1,0,0
2400,184204,齊玘,cluster1_song_and_before,2,0.0,1.0,2.4297770944129037e-06,1,0,0
2401,184374,元孝節,cluster1_song_and_before,0,0.0,0.0,7.067932822769843e-42,1,0,0
2402,184580,蔣曙,cluster1_song_and_before,0,0.0,0.0,7.067932822769843e-42,1,0,0
2403,186447,元佑,cluster1_song_and_before,0,0.0,0.0,7.067932822769843e-42,1,0,0
2404,187226,李哲,cluster1_song_and_before,0,0.0,0.0,7.067932822769843e-42,1,0,0
2405,187371,李岫,cluster1_song_and_before,2,0.0,1.0,1.9221791239385573e-05,1,0,0
2406,187418,李珍,cluster1_song_and_before,0,0.0,0.0,7.067932822769843e-42,1,0,0
2407,187492,李話,cluster1_song_and_before,0,0.0,0.0,7.067932822769843e-42,1,0,0
2408,188652,李己,cluster1_song_and_before,0,0.0,0.0,7.067932822769843e-42,1,0,0
2409,189466,馮定,cluster1_song_and_before,1,0.0,0.0,4.143285740708879e-06,1,0,0
2410,189511,高瑀,cluster1_song_and_before,20,1.4263687165682934e-05,0.8526315789473684,0.000493384582625433,1,0,0
2411,189545,衛洙,cluster1_song_and_before,0,0.0,0.0,7.067932822769843e-42,1,0,0
2412,189661,庾簡休,cluster1_song_and_before,0,0.0,0.0,7.067932822769843e-42,1,0,0
2413,189929,楊某,cluster1_song_and_before,0,0.0,0.0,7.067932822769843e-42,1,0,0
2414,190364,劉公濟,cluster1_song_and_before,0,0.0,0.0,7.067932822769843e-42,1,0,0
2415,190438,張元亮,cluster1_song_and_before,0,0.0,0.0,7.067932822769843e-42,1,0,0
2416,191194,辛京杲,cluster1_song_and_before,0,0.0,0.0,7.067932822769843e-42,1,0,0
2417,191343,吳凑,cluster1_song_and_before,0,0.0,0.0,7.067932822769843e-42,1,0,0
2418,191756,韋訥,cluster1_song_and_before,0,0.0,0.0,7.067932822769843e-42,1,0,0
2419,192165,栢季纂,cluster1_song_and_before,0,0.0,0.0,7.067932822769843e-42,1,0,0
2420,192167,康復,cluster1_song_and_before,0,0.0,0.0,7.067932822769843e-42,1,0,0
2421,192955,蘇晟,cluster1_song_and_before,0,0.0,0.0,7.067932822769843e-42,1,0,0
2422,193353,薛腴,cluster1_song_and_before,0,0.0,0.0,7.067932822769843e-42,1,0,0
2423,194490,韋慎知,cluster1_song_and_before,1,0.0,0.0,3.7056323637843556e-36,1,0,0
2424,194500,盧寔,cluster1_song_and_before,0,0.0,0.0,7.067932822769843e-42,1,0,0
2425,194998,李忠臣,cluster1_song_and_before,11,2.9371523213060056e-06,0.7818181818181819,0.00015392433549148548,1,0,0
2426,195641,丘行淹,cluster1_song_and_before,0,0.0,0.0,7.067932822769843e-42,1,0,0
2427,195771,慕容忠,cluster1_song_and_before,0,0.0,0.0,7.067932822769843e-42,1,0,0
2428,195881,趙國珍,cluster1_song_and_before,0,0.0,0.0,7.067932822769843e-42,1,0,0
2429,198031,黃載,cluster2_yuan_ming,0,0.0,0.0,7.067932822769843e-42,0,1,0
2430,198038,周子諒,cluster2_yuan_ming,0,0.0,0.0,7.067932822769843e-42,0,1,0
2431,198269,李清,cluster2_yuan_ming,0,0.0,0.0,7.067932822769843e-42,0,1,0
2432,198297,黃會,cluster2_yuan_ming,0,0.0,0.0,7.067932822769843e-42,0,1,0
2433,198316,塗淮,cluster2_yuan_ming,0,0.0,0.0,7.067932822769843e-42,0,1,0
2434,198471,李述,cluster2_yuan_ming,0,0.0,0.0,7.067932822769843e-42,0,1,0
2435,198585,倪顒,cluster2_yuan_ming,0,0.0,0.0,7.067932822769843e-42,0,1,0
2436,199054,畢瑜,cluster2_yuan_ming,0,0.0,0.0,7.067932822769843e-42,0,1,0
2437,199311,鄭齡,cluster2_yuan_ming,0,0.0,0.0,7.067932822769843e-42,0,1,0
2438,199453,馬鉉,cluster2_yuan_ming,0,0.0,0.0,7.067932822769843e-42,0,1,0
2439,199466,彭載,cluster2_yuan_ming,4,0.0,1.0,2.0333168385418967e-05,0,1,0
2440,199565,吳郁,cluster2_yuan_ming,0,0.0,0.0,7.067932822769843e-42,0,1,0
2441,199949,吳湜,cluster2_yuan_ming,0,0.0,0.0,7.067932822769843e-42,0,1,0
2442,200035,丁鍊,cluster2_yuan_ming,0,0.0,0.0,7.067932822769843e-42,0,1,0
2443,200211,江潭,cluster2_yuan_ming,0,0.0,0.0,7.067932822769843e-42,0,1,0
2444,200321,汪僎,cluster2_yuan_ming,2,0.0,1.0,4.935997887743191e-05,0,1,0
2445,200381,謝緝,cluster2_yuan_ming,0,0.0,0.0,7.067932822769843e-42,0,1,0
2446,200449,仲棐,cluster2_yuan_ming,2,0.0,1.0,2.972617954036658e-07,0,1,0
2447,200451,汪璿,cluster2_yuan_ming,0,0.0,0.0,7.067932822769843e-42,0,1,0
2448,200601,曹忠,cluster2_yuan_ming,1,0.0,0.0,3.7056323637843556e-36,0,1,0
2449,201095,周臣,cluster2_yuan_ming,0,0.0,0.0,7.067932822769843e-42,0,1,0
2450,201228,楊瑋,cluster2_yuan_ming,1,0.0,0.0,3.7056323637843556e-36,0,1,0
2451,201309,汪彬,cluster2_yuan_ming,0,0.0,0.0,7.067932822769843e-42,0,1,0
2452,201315,廖俊,cluster2_yuan_ming,0,0.0,0.0,7.067932822769843e-42,0,1,0
2453,201462,李汛,cluster2_yuan_ming,0,0.0,0.0,7.067932822769843e-42,0,1,0
2454,201490,李緋,cluster2_yuan_ming,0,0.0,0.0,7.067932822769843e-42,0,1,0
2455,201883,林文沛,cluster2_yuan_ming,0,0.0,0.0,7.067932822769843e-42,0,1,0
2456,202129,蔣泮,cluster2_yuan_ming,3,0.0,1.0,9.415314629101815e-06,0,1,0
2457,202418,程烈,cluster2_yuan_ming,0,0.0,0.0,7.067932822769843e-42,0,1,0
2458,202429,周志偉,cluster2_yuan_ming,0,0.0,0.0,7.067932822769843e-42,0,1,0
2459,202454,孫世祐,cluster2_yuan_ming,0,0.0,0.0,7.067932822769843e-42,0,1,0
2460,202569,周如底,cluster2_yuan_ming,1,0.0,0.0,2.068225876096241e-06,0,1,0
2461,202619,賈士元,cluster2_yuan_ming,0,0.0,0.0,7.067932822769843e-42,0,1,0
2462,202627,楊伊志,cluster2_yuan_ming,10,0.0,1.0,6.386089766528629e-05,0,1,0
2463,202628,唐國相,cluster2_yuan_ming,0,0.0,0.0,7.067932822769843e-42,0,1,0
2464,202638,劉儒,cluster2_yuan_ming,2,0.0,1.0,5.110303970683669e-06,0,1,0
2465,202645,王椿,cluster2_yuan_ming,0,0.0,0.0,7.067932822769843e-42,0,1,0
2466,202650,呂瑚,cluster2_yuan_ming,1,0.0,0.0,7.865529494999088e-07,0,1,0
2467,202656,叚承恩,cluster2_yuan_ming,0,0.0,0.0,7.067932822769843e-42,0,1,0
2468,202665,李乗雲,cluster2_yuan_ming,14,0.0,1.0,3.972579464849278e-05,0,1,0
2469,202666,周鎬,cluster2_yuan_ming,0,0.0,0.0,7.067932822769843e-42,0,1,0
2470,202673,鄭汝舟,cluster2_yuan_ming,0,0.0,0.0,7.067932822769843e-42,0,1,0
2471,202676,何思,cluster2_yuan_ming,0,0.0,0.0,7.067932822769843e-42,0,1,0
2472,202684,賈樞,cluster2_yuan_ming,0,0.0,0.0,7.067932822769843e-42,0,1,0
2473,202697,趙愈和,cluster2_yuan_ming,0,0.0,0.0,7.067932822769843e-42,0,1,0
2474,202698,廖希顏,cluster2_yuan_ming,0,0.0,0.0,7.067932822769843e-42,0,1,0
2475,202708,應鳴鳳,cluster2_yuan_ming,0,0.0,0.0,7.067932822769843e-42,0,1,0
2476,202712,楊登,cluster2_yuan_ming,0,0.0,0.0,7.067932822769843e-42,0,1,0
2477,202715,張遜,cluster2_yuan_ming,0,0.0,0.0,7.067932822769843e-42,0,1,0
2478,202717,陳豪,cluster2_yuan_ming,0,0.0,0.0,7.067932822769843e-42,0,1,0
2479,202726,高尚志,cluster2_yuan_ming,0,0.0,0.0,7.067932822769843e-42,0,1,0
2480,202727,嚴寬,cluster2_yuan_ming,13,0.0,1.0,1.9697432347082284e-05,0,1,0
2481,202729,陳文浩,cluster2_yuan_ming,0,0.0,0.0,7.067932822769843e-42,0,1,0
2482,202739,賈文元,cluster2_yuan_ming,0,0.0,0.0,7.067932822769843e-42,0,1,0
2483,202747,張壽,cluster2_yuan_ming,0,0.0,0.0,7.067932822769843e-42,0,1,0
2484,202748,趙允亨,cluster2_yuan_ming,0,0.0,0.0,7.067932822769843e-42,0,1,0
2485,202753,王獻芝,cluster2_yuan_ming,17,0.0,1.0,4.471915013873964e-05,0,1,0
2486,202761,胡汝翼,cluster2_yuan_ming,1,0.0,0.0,2.3368924392737473e-06,0,1,0
2487,202762,黃德純,cluster2_yuan_ming,2,0.0,1.0,5.022397013359818e-07,0,1,0
2488,202776,王繼芳,cluster2_yuan_ming,0,0.0,0.0,7.067932822769843e-42,0,1,0
2489,202782,范愛,cluster2_yuan_ming,0,0.0,0.0,7.067932822769843e-42,0,1,0
2490,202783,何城,cluster2_yuan_ming,13,0.0,1.0,2.0036173901525046e-05,0,1,0
2491,202789,王梴,cluster2_yuan_ming,0,0.0,0.0,7.067932822769843e-42,0,1,0
2492,202792,朱默,cluster2_yuan_ming,0,0.0,0.0,7.067932822769843e-42,0,1,0
2493,202793,羅大用,cluster2_yuan_ming,0,0.0,0.0,7.067932822769843e-42,0,1,0
2494,202795,王玉汝,cluster2_yuan_ming,0,0.0,0.0,7.067932822769843e-42,0,1,0
2495,202802,李大魁,cluster2_yuan_ming,0,0.0,0.0,7.067932822769843e-42,0,1,0
2496,202803,王良柱,cluster2_yuan_ming,0,0.0,0.0,7.067932822769843e-42,0,1,0
2497,202804,閔旦,cluster2_yuan_ming,1,0.0,0.0,3.7056323637843556e-36,0,1,0
2498,203489,雷夢麟,cluster2_yuan_ming,0,0.0,0.0,7.067932822769843e-42,0,1,0
2499,203523,陸夢豹,cluster2_yuan_ming,0,0.0,0.0,7.067932822769843e-42,0,1,0
2500,203549,尚薰,cluster2_yuan_ming,0,0.0,0.0,7.067932822769843e-42,0,1,0
2501,203551,陳絳,cluster2_yuan_ming,0,0.0,0.0,7.067932822769843e-42,0,1,0
2502,203745,胡朝臣,cluster2_yuan_ming,0,0.0,0.0,7.067932822769843e-42,0,1,0
2503,203852,徐鷁,cluster2_yuan_ming,1,0.0,0.0,1.1304754264262904e-34,0,1,0
2504,203868,王大猷,cluster2_yuan_ming,0,0.0,0.0,7.067932822769843e-42,0,1,0
2505,203878,卜大有,cluster2_yuan_ming,0,0.0,0.0,7.067932822769843e-42,0,1,0
2506,203941,許嶽,cluster2_yuan_ming,0,0.0,0.0,7.067932822769843e-42,0,1,0
2507,203953,李伸,cluster2_yuan_ming,0,0.0,0.0,7.067932822769843e-42,0,1,0
2508,203966,陳瑞龍,cluster2_yuan_ming,0,0.0,0.0,7.067932822769843e-42,0,1,0
2509,204208,徐用光,cluster2_yuan_ming,31,0.0003494735661388118,0.7462365591397849,6.180672513857905e-05,0,1,0
2510,204235,葉可成,cluster2_yuan_ming,2,0.0,1.0,1.6087400596528008e-07,0,1,0
2511,204487,應存性,cluster2_yuan_ming,4,0.0,1.0,1.3794485264639138e-07,0,1,0
2512,204735,程道東,cluster2_yuan_ming,0,0.0,0.0,7.067932822769843e-42,0,1,0
2513,204893,李輔,cluster2_yuan_ming,0,0.0,0.0,7.067932822769843e-42,0,1,0
2514,205059,李寅賓,cluster2_yuan_ming,1,0.0,0.0,8.731594206411923e-07,0,1,0
2515,205282,熊子臣,cluster2_yuan_ming,0,0.0,0.0,7.067932822769843e-42,0,1,0
2516,205459,高克謙,cluster2_yuan_ming,0,0.0,0.0,7.067932822769843e-42,0,1,0
2517,205466,金學曾,cluster2_yuan_ming,0,0.0,0.0,7.067932822769843e-42,0,1,0
2518,205509,來經濟,cluster2_yuan_ming,1,0.0,0.0,4.0151797510724186e-07,0,1,0
2519,205521,劉應麒,cluster2_yuan_ming,11,0.0,1.0,2.0332364150879072e-05,0,1,0
2520,205533,陳所敏,cluster2_yuan_ming,0,0.0,0.0,7.067932822769843e-42,0,1,0
2521,205693,張試,cluster2_yuan_ming,0,0.0,0.0,7.067932822769843e-42,0,1,0
2522,205763,陳以朝,cluster2_yuan_ming,0,0.0,0.0,7.067932822769843e-42,0,1,0
2523,205784,熊惟學,cluster2_yuan_ming,0,0.0,0.0,7.067932822769843e-42,0,1,0
2524,205934,范梅,cluster2_yuan_ming,0,0.0,0.0,7.067932822769843e-42,0,1,0
2525,206262,宋希堯,cluster2_yuan_ming,0,0.0,0.0,7.067932822769843e-42,0,1,0
2526,206434,羅用敬,cluster2_yuan_ming,0,0.0,0.0,7.067932822769843e-42,0,1,0
2527,206508,徐秉正,cluster2_yuan_ming,0,0.0,0.0,7.067932822769843e-42,0,1,0
2528,206683,余繼善,cluster2_yuan_ming,0,0.0,0.0,7.067932822769843e-42,0,1,0
2529,206740,陳所學,cluster2_yuan_ming,48,0.0005217497174994116,0.475177304964539,0.0002951595747798586,0,1,0
2530,206888,羅朝國,cluster2_yuan_ming,0,0.0,0.0,7.067932822769843e-42,0,1,0
2531,206991,楊耿光,cluster2_yuan_ming,0,0.0,0.0,7.067932822769843e-42,0,1,0
2532,206994,韓文,cluster2_yuan_ming,0,0.0,0.0,7.067932822769843e-42,0,1,0
2533,207016,宋應和,cluster2_yuan_ming,0,0.0,0.0,7.067932822769843e-42,0,1,0
2534,207017,劉道亨,cluster2_yuan_ming,3,0.0,1.0,5.574286808480023e-06,0,1,0
2535,207018,黃之俊,cluster2_yuan_ming,0,0.0,0.0,7.067932822769843e-42,0,1,0
2536,207022,楊伯柯,cluster2_yuan_ming,0,0.0,0.0,7.067932822769843e-42,0,1,0
2537,207023,高環,cluster2_yuan_ming,0,0.0,0.0,7.067932822769843e-42,0,1,0
2538,207035,梁賛化,cluster2_yuan_ming,0,0.0,0.0,7.067932822769843e-42,0,1,0
2539,207057,林欲廈,cluster2_yuan_ming,19,0.0,1.0,3.060654307012183e-05,0,1,0
2540,207062,劉曰梧,cluster2_yuan_ming,31,2.9671432188635277e-05,0.524731182795699,4.706328819460531e-05,0,1,0
2541,207080,楊光訓,cluster2_yuan_ming,19,0.0,1.0,3.060654307012183e-05,0,1,0
2542,207085,陸應川,cluster2_yuan_ming,11,0.0,1.0,1.800632439392588e-05,0,1,0
2543,207091,蕭奇烋,cluster2_yuan_ming,0,0.0,0.0,7.067932822769843e-42,0,1,0
2544,207092,江鍾廉,cluster2_yuan_ming,0,0.0,0.0,7.067932822769843e-42,0,1,0
2545,207097,鄭舉,cluster2_yuan_ming,0,0.0,0.0,7.067932822769843e-42,0,1,0
2546,207100,延論,cluster2_yuan_ming,14,0.0,1.0,2.0625094140762934e-05,0,1,0
2547,207106,曾礪,cluster2_yuan_ming,0,0.0,0.0,7.067932822769843e-42,0,1,0
2548,207126,崔邦亮,cluster2_yuan_ming,0,0.0,0.0,7.067932822769843e-42,0,1,0
2549,207133,洪澄源,cluster2_yuan_ming,0,0.0,0.0,7.067932822769843e-42,0,1,0
2550,207150,葉重第,cluster2_yuan_ming,6,0.00014028262312624395,0.4666666666666667,1.4381719226853831e-05,0,1,0
2551,207180,彭應捷,cluster2_yuan_ming,0,0.0,0.0,7.067932822769843e-42,0,1,0
2552,207181,韓擢,cluster2_yuan_ming,0,0.0,0.0,7.067932822769843e-42,0,1,0
2553,207182,許子偉,cluster2_yuan_ming,4,0.0,1.0,9.948822213879022e-06,0,1,0
2554,207183,周應鏊,cluster2_yuan_ming,63,0.00011199746232334299,0.5197132616487455,0.00013062621458945645,0,1,0
2555,207190,吳洪績,cluster2_yuan_ming,0,0.0,0.0,7.067932822769843e-42,0,1,0
2556,207197,王希夔,cluster2_yuan_ming,0,0.0,0.0,7.067932822769843e-42,0,1,0
2557,207207,吳鴻洙,cluster2_yuan_ming,0,0.0,0.0,7.067932822769843e-42,0,1,0
2558,207222,陳鳴華,cluster2_yuan_ming,45,0.00027873057954169977,0.6070707070707071,0.00027228303227359385,0,1,0
2559,207227,張濤,cluster2_yuan_ming,9,1.6520582663838894e-06,0.7777777777777778,2.191160979504764e-05,0,1,0
2560,207229,陳義,cluster2_yuan_ming,0,0.0,0.0,7.067932822769843e-42,0,1,0
2561,207237,張令聞,cluster2_yuan_ming,0,0.0,0.0,7.067932822769843e-42,0,1,0
2562,207242,聶世潤,cluster2_yuan_ming,0,0.0,0.0,7.067932822769843e-42,0,1,0
2563,207277,沈思充,cluster2_yuan_ming,0,0.0,0.0,7.067932822769843e-42,0,1,0
2564,207279,趙標,cluster2_yuan_ming,26,7.686054470045972e-06,0.68,4.3059804484616573e-05,0,1,0
2565,207411,吳士奇,cluster2_yuan_ming,5,0.0,1.0,2.623591786756759e-05,0,1,0
2566,207460,徐應鶴,cluster2_yuan_ming,0,0.0,0.0,7.067932822769843e-42,0,1,0
2567,207468,王演疇,cluster2_yuan_ming,5,0.0,1.0,0.0002034480381966685,0,1,0
2568,207478,趙應選,cluster2_yuan_ming,0,0.0,0.0,7.067932822769843e-42,0,1,0
2569,207526,張鶴鳴,cluster2_yuan_ming,0,0.0,0.0,7.067932822769843e-42,0,1,0
2570,207539,陳民志,cluster2_yuan_ming,0,0.0,0.0,7.067932822769843e-42,0,1,0
2571,207647,鄒之麟,cluster2_yuan_ming,4,0.0,1.0,3.5723926219737102e-06,0,1,0
2572,207661,李篤培,cluster2_yuan_ming,0,0.0,0.0,7.067932822769843e-42,0,1,0
2573,207685,李純元,cluster2_yuan_ming,1,0.0,0.0,3.907697813322323e-07,0,1,0
2574,207713,余合中,cluster2_yuan_ming,0,0.0,0.0,7.067932822769843e-42,0,1,0
2575,207715,吳瑞徵,cluster2_yuan_ming,19,0.0,1.0,3.060654307012183e-05,0,1,0
2576,207731,徐爾恆,cluster2_yuan_ming,0,0.0,0.0,7.067932822769843e-42,0,1,0
2577,207750,郭忠寧,cluster2_yuan_ming,0,0.0,0.0,7.067932822769843e-42,0,1,0
2578,207765,顧起鳳,cluster2_yuan_ming,14,0.0,1.0,3.972579464849278e-05,0,1,0
2579,207770,趙琦,cluster2_yuan_ming,0,0.0,0.0,7.067932822769843e-42,0,1,0
2580,207775,葉官,cluster2_yuan_ming,5,0.0,1.0,8.696180409214641e-06,0,1,0
2581,207776,孫枝芳,cluster2_yuan_ming,0,0.0,0.0,7.067932822769843e-42,0,1,0
2582,207783,何應瑞,cluster2_yuan_ming,31,0.0001749786365806456,0.567741935483871,0.0002820780664137326,0,1,0
2583,207817,史孔吉,cluster2_yuan_ming,6,0.0,1.0,6.6390782734514245e-06,0,1,0
2584,207824,胡一鴻,cluster2_yuan_ming,6,0.0,1.0,6.6390782734514245e-06,0,1,0
2585,208217,李方,cluster2_yuan_ming,0,0.0,0.0,7.067932822769843e-42,0,1,0
2586,208239,諸餘齡,cluster2_yuan_ming,0,0.0,0.0,7.067932822769843e-42,0,1,0
2587,208864,郭子立,cluster2_yuan_ming,0,0.0,0.0,7.067932822769843e-42,0,1,0
2588,209394,陳冠,cluster2_yuan_ming,0,0.0,0.0,7.067932822769843e-42,0,1,0
2589,210050,馮淮,cluster2_yuan_ming,0,0.0,0.0,7.067932822769843e-42,0,1,0
2590,210623,劉勳,cluster2_yuan_ming,0,0.0,0.0,7.067932822769843e-42,0,1,0
2591,210680,王雲鴈,cluster2_yuan_ming,0,0.0,0.0,7.067932822769843e-42,0,1,0
2592,212887,蔣三益,cluster2_yuan_ming,0,0.0,0.0,7.067932822769843e-42,0,1,0
2593,213162,孫甸,cluster2_yuan_ming,0,0.0,0.0,7.067932822769843e-42,0,1,0
2594,214218,楊楠,cluster2_yuan_ming,0,0.0,0.0,7.067932822769843e-42,0,1,0
2595,214533,沈汝材,cluster2_yuan_ming,0,0.0,0.0,7.067932822769843e-42,0,1,0
2596,214618,葉選,cluster2_yuan_ming,0,0.0,0.0,7.067932822769843e-42,0,1,0
2597,214897,閻蘭,cluster2_yuan_ming,0,0.0,0.0,7.067932822769843e-42,0,1,0
2598,215205,董懋,cluster2_yuan_ming,0,0.0,0.0,7.067932822769843e-42,0,1,0
2599,215365,郝鉞,cluster2_yuan_ming,1,0.0,0.0,3.7056323637843556e-36,0,1,0
2600,215368,郝國奇,cluster2_yuan_ming,1,0.0,0.0,3.7056323637843556e-36,0,1,0
2601,216949,丁此召,cluster2_yuan_ming,0,0.0,0.0,7.067932822769843e-42,0,1,0
2602,221049,章蕃,cluster2_yuan_ming,8,0.0,1.0,6.19885488811695e-05,0,1,0
2603,221093,章憼,cluster2_yuan_ming,8,0.0,1.0,6.19885488811695e-05,0,1,0
2604,221806,郝操,cluster2_yuan_ming,0,0.0,0.0,7.067932822769843e-42,0,1,0
2605,222027,翟觀,cluster2_yuan_ming,0,0.0,0.0,7.067932822769843e-42,0,1,0
2606,222076,朱儒,cluster2_yuan_ming,1,0.0,0.0,1.2052278136484851e-06,0,1,0
2607,222143,劉志伊,cluster2_yuan_ming,2,0.0,1.0,3.102253989090799e-06,0,1,0
2608,222297,陸夢熊,cluster2_yuan_ming,0,0.0,0.0,7.067932822769843e-42,0,1,0
2609,222736,詹思謙,cluster2_yuan_ming,0,0.0,0.0,7.067932822769843e-42,0,1,0
2610,223051,周瀅,cluster2_yuan_ming,0,0.0,0.0,7.067932822769843e-42,0,1,0
2611,223591,葛昕,cluster2_yuan_ming,0,0.0,0.0,7.067932822769843e-42,0,1,0
2612,223954,沈橋,cluster2_yuan_ming,0,0.0,0.0,7.067932822769843e-42,0,1,0
2613,224234,張時用,cluster2_yuan_ming,0,0.0,0.0,7.067932822769843e-42,0,1,0
2614,224589,徐袍,cluster2_yuan_ming,33,0.0003071205449570162,0.5928030303030303,0.0009551675747750063,0,1,0
2615,224851,何雲鳳,cluster2_yuan_ming,2,0.0,1.0,8.214785971249928e-33,0,1,0
2616,224855,何惠,cluster2_yuan_ming,2,0.0,1.0,8.214785971249928e-33,0,1,0
2617,224856,何卿遷,cluster2_yuan_ming,2,0.0,1.0,8.214785971249928e-33,0,1,0
2618,225781,陳鑑,cluster2_yuan_ming,0,0.0,0.0,7.067932822769843e-42,0,1,0
2619,225844,閔仕朝,cluster2_yuan_ming,1,0.0,0.0,3.7056323637843556e-36,0,1,0
2620,225917,陸大治,cluster2_yuan_ming,0,0.0,0.0,7.067932822769843e-42,0,1,0
2621,228669,周泉,cluster2_yuan_ming,0,0.0,0.0,7.067932822769843e-42,0,1,0
2622,228829,王衣,cluster2_yuan_ming,0,0.0,0.0,7.067932822769843e-42,0,1,0
2623,230970,蘇起,cluster2_yuan_ming,0,0.0,0.0,7.067932822769843e-42,0,1,0
2624,231275,鄒希魯,cluster2_yuan_ming,0,0.0,0.0,7.067932822769843e-42,0,1,0
2625,232978,岳和聲,cluster2_yuan_ming,1,0.0,0.0,1.43617275985499e-06,0,1,0
2626,234365,余啟,cluster2_yuan_ming,0,0.0,0.0,7.067932822769843e-42,0,1,0
2627,235073,陳伯英,cluster2_yuan_ming,0,0.0,0.0,7.067932822769843e-42,0,1,0
2628,236313,潘諫,cluster2_yuan_ming,1,0.0,0.0,3.7056323637843556e-36,0,1,0
2629,236325,潘同春,cluster2_yuan_ming,1,0.0,0.0,3.7056323637843556e-36,0,1,0
2630,236700,劉公弼,cluster2_yuan_ming,0,0.0,0.0,7.067932822769843e-42,0,1,0
2631,237822,蕭傑,cluster2_yuan_ming,0,0.0,0.0,7.067932822769843e-42,0,1,0
2632,239199,羅綬,cluster2_yuan_ming,0,0.0,0.0,7.067932822769843e-42,0,1,0
2633,239548,毛永震,cluster2_yuan_ming,0,0.0,0.0,7.067932822769843e-42,0,1,0
2634,239805,宋玹,cluster2_yuan_ming,0,0.0,0.0,7.067932822769843e-42,0,1,0
2635,240087,高清,cluster2_yuan_ming,0,0.0,0.0,7.067932822769843e-42,0,1,0
2636,240649,蔣彥升,cluster2_yuan_ming,1,0.0,0.0,3.7056323637843556e-36,0,1,0
2637,240709,翟通,cluster2_yuan_ming,0,0.0,0.0,7.067932822769843e-42,0,1,0
2638,240767,王孟宜,cluster2_yuan_ming,0,0.0,0.0,7.067932822769843e-42,0,1,0
2639,241142,張時達,cluster2_yuan_ming,0,0.0,0.0,7.067932822769843e-42,0,1,0
2640,241438,吳泰,cluster2_yuan_ming,0,0.0,0.0,7.067932822769843e-42,0,1,0
2641,242056,韓肅,cluster2_yuan_ming,3,0.0,1.0,5.043008696981789e-05,0,1,0
2642,242554,蔣讓,cluster2_yuan_ming,0,0.0,0.0,7.067932822769843e-42,0,1,0
2643,242643,李宗善,cluster2_yuan_ming,0,0.0,0.0,7.067932822769843e-42,0,1,0
2644,243454,李昇,cluster2_yuan_ming,0,0.0,0.0,7.067932822769843e-42,0,1,0
2645,243972,李宗政,cluster2_yuan_ming,0,0.0,0.0,7.067932822769843e-42,0,1,0
2646,244025,王致中,cluster2_yuan_ming,0,0.0,0.0,7.067932822769843e-42,0,1,0
2647,244515,陳駿,cluster2_yuan_ming,1,0.0,0.0,3.7056323637843556e-36,0,1,0
2648,245493,林鈍,cluster2_yuan_ming,1,0.0,0.0,3.7056323637843556e-36,0,1,0
2649,245497,林清源,cluster2_yuan_ming,1,0.0,0.0,3.7056323637843556e-36,0,1,0
2650,246035,項備,cluster2_yuan_ming,0,0.0,0.0,7.067932822769843e-42,0,1,0
2651,246368,孟鑑,cluster2_yuan_ming,0,0.0,0.0,7.067932822769843e-42,0,1,0
2652,246821,李綸,cluster2_yuan_ming,0,0.0,0.0,7.067932822769843e-42,0,1,0
2653,246846,胡思弘,cluster2_yuan_ming,0,0.0,0.0,7.067932822769843e-42,0,1,0
2654,247474,張聰,cluster2_yuan_ming,1,0.0,0.0,3.7056323637843556e-36,0,1,0
2655,247478,張輔,cluster2_yuan_ming,1,0.0,0.0,3.7056323637843556e-36,0,1,0
2656,248149,劉昭,cluster2_yuan_ming,0,0.0,0.0,7.067932822769843e-42,0,1,0
2657,248749,向銘,cluster2_yuan_ming,1,0.0,0.0,3.7056323637843556e-36,0,1,0
2658,248752,向濬,cluster2_yuan_ming,1,0.0,0.0,3.7056323637843556e-36,0,1,0
2659,249095,樂鐩,cluster2_yuan_ming,0,0.0,0.0,7.067932822769843e-42,0,1,0
2660,249950,張聰,cluster2_yuan_ming,1,0.0,0.0,3.7056323637843556e-36,0,1,0
2661,249956,張旭,cluster2_yuan_ming,1,0.0,0.0,3.7056323637843556e-36,0,1,0
2662,250074,滑志鏞,cluster2_yuan_ming,1,0.0,0.0,3.7056323637843556e-36,0,1,0
2663,250083,滑思傑,cluster2_yuan_ming,1,0.0,0.0,3.7056323637843556e-36,0,1,0
2664,251622,朱信,cluster2_yuan_ming,0,0.0,0.0,7.067932822769843e-42,0,1,0
2665,253611,汪某清,cluster2_yuan_ming,0,0.0,0.0,7.067932822769843e-42,0,1,0
2666,253840,趙怡,cluster2_yuan_ming,0,0.0,0.0,7.067932822769843e-42,0,1,0
2667,255042,尚綗,cluster2_yuan_ming,0,0.0,0.0,7.067932822769843e-42,0,1,0
2668,258078,仲蘭,cluster2_yuan_ming,2,0.0,1.0,2.972617954036658e-07,0,1,0
2669,258578,戴冕,cluster2_yuan_ming,0,0.0,0.0,7.067932822769843e-42,0,1,0
2670,260290,曹暠,cluster2_yuan_ming,1,0.0,0.0,3.7056323637843556e-36,0,1,0
2671,260984,李昂,cluster2_yuan_ming,1,0.0,0.0,6.754628445252483e-06,0,1,0
2672,261518,官毅,cluster2_yuan_ming,0,0.0,0.0,7.067932822769843e-42,0,1,0
2673,261873,方彬,cluster2_yuan_ming,0,0.0,0.0,7.067932822769843e-42,0,1,0
2674,262480,寧得中,cluster2_yuan_ming,0,0.0,0.0,7.067932822769843e-42,0,1,0
2675,263110,呂錡,cluster2_yuan_ming,0,0.0,0.0,7.067932822769843e-42,0,1,0
2676,263208,臧麟,cluster2_yuan_ming,0,0.0,0.0,7.067932822769843e-42,0,1,0
2677,263711,楊珪,cluster2_yuan_ming,0,0.0,0.0,7.067932822769843e-42,0,1,0
2678,264201,高淮,cluster2_yuan_ming,2,0.0,1.0,1.3986653832249526e-05,0,1,0
2679,265720,胡瑛,cluster2_yuan_ming,0,0.0,0.0,7.067932822769843e-42,0,1,0
2680,265743,李倫,cluster2_yuan_ming,0,0.0,0.0,7.067932822769843e-42,0,1,0
2681,265747,孫端,cluster2_yuan_ming,0,0.0,0.0,7.067932822769843e-42,0,1,0
2682,266171,王拳,cluster2_yuan_ming,0,0.0,0.0,7.067932822769843e-42,0,1,0
2683,266367,李耑,cluster2_yuan_ming,0,0.0,0.0,7.067932822769843e-42,0,1,0
2684,266607,程昂,cluster2_yuan_ming,0,0.0,0.0,7.067932822769843e-42,0,1,0
2685,267294,胡睿,cluster2_yuan_ming,0,0.0,0.0,7.067932822769843e-42,0,1,0
2686,267301,孫善,cluster2_yuan_ming,0,0.0,0.0,7.067932822769843e-42,0,1,0
2687,268124,費傑,cluster2_yuan_ming,0,0.0,0.0,7.067932822769843e-42,0,1,0
2688,268529,李勳,cluster2_yuan_ming,0,0.0,0.0,7.067932822769843e-42,0,1,0
2689,269125,楊雲,cluster2_yuan_ming,1,0.0,0.0,3.7056323637843556e-36,0,1,0
2690,269496,張珷,cluster2_yuan_ming,0,0.0,0.0,7.067932822769843e-42,0,1,0
2691,269784,康澤,cluster2_yuan_ming,6,0.0,1.0,1.0807914305383721e-05,0,1,0
2692,270167,韓士明,cluster2_yuan_ming,0,0.0,0.0,7.067932822769843e-42,0,1,0
2693,272267,高恮,cluster2_yuan_ming,0,0.0,0.0,7.067932822769843e-42,0,1,0
2694,272619,李鋒,cluster2_yuan_ming,0,0.0,0.0,7.067932822769843e-42,0,1,0
2695,274121,高銓,cluster2_yuan_ming,2,0.0,1.0,1.3986653832249526e-05,0,1,0
2696,275293,屠奎,cluster2_yuan_ming,0,0.0,0.0,7.067932822769843e-42,0,1,0
2697,277139,張王忽,cluster2_yuan_ming,0,0.0,0.0,7.067932822769843e-42,0,1,0
2698,277629,張繪,cluster2_yuan_ming,0,0.0,0.0,7.067932822769843e-42,0,1,0
2699,278021,傅浚,cluster2_yuan_ming,0,0.0,0.0,7.067932822769843e-42,0,1,0
2700,278849,鄭汜,cluster2_yuan_ming,0,0.0,0.0,7.067932822769843e-42,0,1,0
2701,279518,高魁,cluster2_yuan_ming,0,0.0,0.0,7.067932822769843e-42,0,1,0
2702,281306,朱稷,cluster2_yuan_ming,0,0.0,0.0,7.067932822769843e-42,0,1,0
2703,282018,王格,cluster2_yuan_ming,0,0.0,0.0,7.067932822769843e-42,0,1,0
2704,283643,張澤,cluster2_yuan_ming,1,0.0,0.0,3.7056323637843556e-36,0,1,0
2705,283976,張瓉,cluster2_yuan_ming,1,0.0,0.0,3.7056323637843556e-36,0,1,0
2706,287788,王觀,cluster2_yuan_ming,0,0.0,0.0,7.067932822769843e-42,0,1,0
2707,288722,丁栝,cluster2_yuan_ming,0,0.0,0.0,7.067932822769843e-42,0,1,0
2708,288868,徐惪,cluster2_yuan_ming,0,0.0,0.0,7.067932822769843e-42,0,1,0
2709,290765,黃珂,cluster2_yuan_ming,0,0.0,0.0,7.067932822769843e-42,0,1,0
2710,292092,張翼翶,cluster2_yuan_ming,0,0.0,0.0,7.067932822769843e-42,0,1,0
2711,292308,王山,cluster2_yuan_ming,0,0.0,0.0,7.067932822769843e-42,0,1,0
2712,292584,吳傑,cluster2_yuan_ming,1,0.0,0.0,3.7056323637843556e-36,0,1,0
2713,292592,吳希曾,cluster2_yuan_ming,1,0.0,0.0,3.7056323637843556e-36,0,1,0
2714,292633,胡應相,cluster2_yuan_ming,0,0.0,0.0,7.067932822769843e-42,0,1,0
2715,293621,陶埜,cluster2_yuan_ming,1,0.0,0.0,3.7056323637843556e-36,0,1,0
2716,293627,陶欽時,cluster2_yuan_ming,1,0.0,0.0,3.7056323637843556e-36,0,1,0
2717,293642,劉廷重,cluster2_yuan_ming,0,0.0,0.0,7.067932822769843e-42,0,1,0
2718,294567,雷瀛,cluster2_yuan_ming,10,0.0,1.0,2.0533372449291885e-05,0,1,0
2719,294830,周復吳,cluster2_yuan_ming,3,0.0,1.0,3.406919415136126e-06,0,1,0
2720,295716,陳澐,cluster2_yuan_ming,0,0.0,0.0,7.067932822769843e-42,0,1,0
2721,296107,林庭木昂,cluster2_yuan_ming,2,0.0,1.0,9.973144231295968e-07,0,1,0
2722,298129,林庭木昂,cluster2_yuan_ming,0,0.0,0.0,7.067932822769843e-42,0,1,0
2723,298392,盧志,cluster2_yuan_ming,0,0.0,0.0,7.067932822769843e-42,0,1,0
2724,298672,吳洲,cluster2_yuan_ming,1,0.0,0.0,5.900619509591884e-07,0,1,0
2725,299005,沈經,cluster2_yuan_ming,0,0.0,0.0,7.067932822769843e-42,0,1,0
2726,299719,劉錄,cluster2_yuan_ming,0,0.0,0.0,7.067932822769843e-42,0,1,0
2727,302480,陸傑,cluster2_yuan_ming,1,0.0,0.0,2.1977877570904855e-06,0,1,0
2728,303081,陳禮,cluster2_yuan_ming,1,0.0,0.0,3.7056323637843556e-36,0,1,0
2729,303538,杜琇,cluster2_yuan_ming,0,0.0,0.0,7.067932822769843e-42,0,1,0
2730,304921,徐翼,cluster2_yuan_ming,0,0.0,0.0,7.067932822769843e-42,0,1,0
2731,305371,許龜年,cluster2_yuan_ming,1,0.0,0.0,3.7056323637843556e-36,0,1,0
2732,305376,許應元,cluster2_yuan_ming,1,0.0,0.0,3.7056323637843556e-36,0,1,0
2733,305789,陸階,cluster2_yuan_ming,2,0.0,1.0,4.417088567719273e-06,0,1,0
2734,306526,任琦,cluster2_yuan_ming,0,0.0,0.0,7.067932822769843e-42,0,1,0
2735,306782,趙世美,cluster2_yuan_ming,3,8.151893760722973e-08,0.6666666666666666,6.070700234807703e-06,0,1,0
2736,307461,叚鍊,cluster2_yuan_ming,0,0.0,0.0,7.067932822769843e-42,0,1,0
2737,307518,朱寅,cluster2_yuan_ming,0,0.0,0.0,7.067932822769843e-42,0,1,0
2738,307591,徐綬,cluster2_yuan_ming,0,0.0,0.0,7.067932822769843e-42,0,1,0
2739,308709,徐椅,cluster2_yuan_ming,0,0.0,0.0,7.067932822769843e-42,0,1,0
2740,311406,阮子游,cluster2_yuan_ming,0,0.0,0.0,7.067932822769843e-42,0,1,0
2741,312399,張湧,cluster2_yuan_ming,0,0.0,0.0,7.067932822769843e-42,0,1,0
2742,313691,劉术,cluster2_yuan_ming,0,0.0,0.0,7.067932822769843e-42,0,1,0
2743,314124,紀鶴,cluster2_yuan_ming,0,0.0,0.0,7.067932822769843e-42,0,1,0
2744,314532,王滔,cluster2_yuan_ming,0,0.0,0.0,7.067932822769843e-42,0,1,0
2745,315004,陸佐,cluster2_yuan_ming,0,0.0,0.0,7.067932822769843e-42,0,1,0
2746,315065,葉正英,cluster2_yuan_ming,0,0.0,0.0,7.067932822769843e-42,0,1,0
2747,315746,徐朝,cluster2_yuan_ming,0,0.0,0.0,7.067932822769843e-42,0,1,0
2748,316401,葉允,cluster2_yuan_ming,5,3.661902050876297e-05,0.4,5.576804418657878e-06,0,1,0
2749,316873,周宗仁,cluster2_yuan_ming,0,0.0,0.0,7.067932822769843e-42,0,1,0
2750,317774,孫愚,cluster2_yuan_ming,0,0.0,0.0,7.067932822769843e-42,0,1,0
2751,318298,吳大田,cluster2_yuan_ming,0,0.0,0.0,7.067932822769843e-42,0,1,0
2752,320598,章汝植,cluster2_yuan_ming,0,0.0,0.0,7.067932822769843e-42,0,1,0
2753,320629,盛文剛,cluster2_yuan_ming,1,0.0,0.0,3.7056323637843556e-36,0,1,0
2754,320636,何廷銑,cluster2_yuan_ming,0,0.0,0.0,7.067932822769843e-42,0,1,0
2755,321474,童信,cluster2_yuan_ming,0,0.0,0.0,7.067932822769843e-42,0,1,0
2756,322068,李鏞,cluster2_yuan_ming,1,0.0,0.0,3.7056323637843556e-36,0,1,0
2757,322072,李時濟,cluster2_yuan_ming,1,0.0,0.0,3.7056323637843556e-36,0,1,0
2758,322438,王士嘉,cluster2_yuan_ming,0,0.0,0.0,7.067932822769843e-42,0,1,0
2759,322993,陸夢韓,cluster2_yuan_ming,0,0.0,0.0,7.067932822769843e-42,0,1,0
2760,323235,陳煥,cluster2_yuan_ming,1,0.0,0.0,1.9224602529298347e-06,0,1,0
2761,323457,楊兆,cluster2_yuan_ming,0,0.0,0.0,7.067932822769843e-42,0,1,0
2762,323678,徐卿麟,cluster2_yuan_ming,0,0.0,0.0,7.067932822769843e-42,0,1,0
2763,324355,楊廷秀,cluster2_yuan_ming,0,0.0,0.0,7.067932822769843e-42,0,1,0
2764,325065,嚴元,cluster2_yuan_ming,0,0.0,0.0,7.067932822769843e-42,0,1,0
2765,326723,陳端郎,cluster2_yuan_ming,0,0.0,0.0,7.067932822769843e-42,0,1,0
2766,328159,王籥,cluster2_yuan_ming,0,0.0,0.0,7.067932822769843e-42,0,1,0
2767,328395,朱朋信,cluster2_yuan_ming,0,0.0,0.0,7.067932822769843e-42,0,1,0
2768,328753,孫讓,cluster2_yuan_ming,0,0.0,0.0,7.067932822769843e-42,0,1,0
2769,329165,郭崇登,cluster2_yuan_ming,0,0.0,0.0,7.067932822769843e-42,0,1,0
2770,329208,潘瑾,cluster2_yuan_ming,0,0.0,0.0,7.067932822769843e-42,0,1,0
2771,329344,王利,cluster2_yuan_ming,0,0.0,0.0,7.067932822769843e-42,0,1,0
2772,329721,安盡善,cluster2_yuan_ming,0,0.0,0.0,7.067932822769843e-42,0,1,0
2773,330535,葉選,cluster2_yuan_ming,1,0.0,0.0,1.7308913887502018e-07,0,1,0
2774,331377,翟觀,cluster2_yuan_ming,0,0.0,0.0,7.067932822769843e-42,0,1,0
2775,331799,王熠,cluster2_yuan_ming,0,0.0,0.0,7.067932822769843e-42,0,1,0
2776,332839,許某,cluster2_yuan_ming,0,0.0,0.0,7.067932822769843e-42,0,1,0
2777,333313,暴孟珠,cluster2_yuan_ming,0,0.0,0.0,7.067932822769843e-42,0,1,0
2778,333574,李方至,cluster2_yuan_ming,0,0.0,0.0,7.067932822769843e-42,0,1,0
2779,333923,江曉,cluster2_yuan_ming,0,0.0,0.0,7.067932822769843e-42,0,1,0
2780,333980,袁一龍,cluster2_yuan_ming,0,0.0,0.0,7.067932822769843e-42,0,1,0
2781,335498,徐養正,cluster2_yuan_ming,0,0.0,0.0,7.067932822769843e-42,0,1,0
2782,335657,謝萬鍾,cluster2_yuan_ming,0,0.0,0.0,7.067932822769843e-42,0,1,0
2783,336714,張棠,cluster2_yuan_ming,0,0.0,0.0,7.067932822769843e-42,0,1,0
2784,337590,何瞻,cluster2_yuan_ming,0,0.0,0.0,7.067932822769843e-42,0,1,0
2785,337874,施教,cluster2_yuan_ming,1,0.0,0.0,3.6527141247767836e-06,0,1,0
2786,338693,程奎,cluster2_yuan_ming,0,0.0,0.0,7.067932822769843e-42,0,1,0
2787,338940,方文瑞,cluster3_qing_after,0,0.0,0.0,7.067932822769843e-42,0,0,1
2788,338944,方謙,cluster2_yuan_ming,12,6.4720419348253005e-06,0.5909090909090909,3.2867049494881726e-05,0,1,0
2789,339168,商周祚,cluster2_yuan_ming,8,0.0,1.0,0.0002220576856654501,0,1,0
2790,339480,孫寘,cluster1_song_and_before,6,0.0,1.0,0.004767923386250854,1,0,0
2791,339894,文祥,cluster3_qing_after,0,0.0,0.0,7.067932822769843e-42,0,0,1
2792,339907,文蔚,cluster3_qing_after,3,0.0,1.0,4.770783148136985e-29,0,0,1
2793,339918,文輅,cluster3_qing_after,0,0.0,0.0,7.067932822769843e-42,0,0,1
2794,340087,龍文,cluster2_yuan_ming,0,0.0,0.0,7.067932822769843e-42,0,1,0
2795,340613,謝莘,cluster3_qing_after,0,0.0,0.0,7.067932822769843e-42,0,0,1
2796,341270,許翼權,cluster2_yuan_ming,0,0.0,0.0,7.067932822769843e-42,0,1,0
2797,341395,許如蘭,cluster2_yuan_ming,0,0.0,0.0,7.067932822769843e-42,0,1,0
2798,341488,麟魁,cluster3_qing_after,0,0.0,0.0,7.067932822769843e-42,0,0,1
2799,341729,王三才,cluster2_yuan_ming,0,0.0,0.0,7.067932822769843e-42,0,1,0
2800,342107,王舜鼎,cluster2_yuan_ming,0,0.0,0.0,7.067932822769843e-42,0,1,0
2801,343269,王懿,cluster3_qing_after,0,0.0,0.0,7.067932822769843e-42,0,0,1
2802,343459,王思沂,cluster3_qing_after,0,0.0,0.0,7.067932822769843e-42,0,0,1
2803,343989,聶心湯,cluster2_yuan_ming,0,0.0,0.0,7.067932822769843e-42,0,1,0
2804,343996,聶遜,cluster2_yuan_ming,0,0.0,0.0,7.067932822769843e-42,0,1,0
2805,344047,丁雲錦,cluster3_qing_after,0,0.0,0.0,7.067932822769843e-42,0,0,1
2806,344250,夏謐,cluster2_yuan_ming,0,0.0,0.0,7.067932822769843e-42,0,1,0
2807,344944,張應曾,cluster3_qing_after,0,0.0,0.0,7.067932822769843e-42,0,0,1
2808,344980,張文淵,cluster2_yuan_ming,0,0.0,0.0,7.067932822769843e-42,0,1,0
2809,345783,張儉,cluster2_yuan_ming,5,0.0002464780433920804,0.6,6.838575918072399e-06,0,1,0
2810,345868,張安茂,cluster2_yuan_ming,0,0.0,0.0,7.067932822769843e-42,0,1,0
2811,346344,張茂頤,cluster2_yuan_ming,0,0.0,0.0,7.067932822769843e-42,0,1,0
2812,347187,張悅,cluster2_yuan_ming,2,7.038326121387645e-08,0.0,7.770742539862265e-06,0,1,0
2813,347346,孔昭銘,cluster3_qing_after,0,0.0,0.0,7.067932822769843e-42,0,0,1
2814,347502,孫允恭,cluster2_yuan_ming,0,0.0,0.0,7.067932822769843e-42,0,1,0
2815,347693,孫如洵,cluster2_yuan_ming,4,0.0,1.0,7.339691563808887e-05,0,1,0
2816,348253,胥庭清,cluster2_yuan_ming,0,0.0,0.0,7.067932822769843e-42,0,1,0
2817,348533,邵輔忠,cluster2_yuan_ming,0,0.0,0.0,7.067932822769843e-42,0,1,0
2818,348839,毛堪,cluster2_yuan_ming,0,0.0,0.0,7.067932822769843e-42,0,1,0
2819,349606,熊守謙,cluster3_qing_after,0,0.0,0.0,7.067932822769843e-42,0,0,1
2820,349683,熊尚文,cluster2_yuan_ming,0,0.0,0.0,7.067932822769843e-42,0,1,0
2821,350382,魁齡,cluster3_qing_after,0,0.0,0.0,7.067932822769843e-42,0,0,1
2822,350434,德興,cluster3_qing_after,1,0.0,0.0,3.7056323637843556e-36,0,0,1
2823,350443,儲龍光,cluster3_qing_after,0,0.0,0.0,7.067932822769843e-42,0,0,1
2824,350670,朱廷煥,cluster2_yuan_ming,0,0.0,0.0,7.067932822769843e-42,0,1,0
2825,350697,朱壬林,cluster3_qing_after,0,0.0,0.0,7.067932822769843e-42,0,0,1
2826,350897,朱淥,cluster3_qing_after,0,0.0,0.0,7.067932822769843e-42,0,0,1
2827,351406,魏夢龍,cluster3_qing_after,0,0.0,0.0,7.067932822769843e-42,0,0,1
2828,351442,魏睦庭,cluster3_qing_after,0,0.0,0.0,7.067932822769843e-42,0,0,1
2829,351444,魏時應,cluster2_yuan_ming,26,6.789892300296124e-06,0.7876923076923077,6.341783988087323e-05,0,1,0
2830,351578,吳元龍,cluster3_qing_after,0,0.0,0.0,7.067932822769843e-42,0,0,1
2831,351761,吳卜雄,cluster3_qing_after,0,0.0,0.0,7.067932822769843e-42,0,0,1
2832,352434,程文彝,cluster2_yuan_ming,0,0.0,0.0,7.067932822769843e-42,0,1,0
2833,352439,程誥,cluster2_yuan_ming,0,0.0,0.0,7.067932822769843e-42,0,1,0
2834,352590,程葆,cluster3_qing_after,0,0.0,0.0,7.067932822769843e-42,0,0,1
2835,352672,穆彰阿,cluster3_qing_after,7,5.104540999673309e-06,0.2857142857142857,8.410570302394391e-29,0,0,1
2836,352717,黎祖壽,cluster2_yuan_ming,0,0.0,0.0,7.067932822769843e-42,0,1,0
2837,353177,烏拉布,cluster3_qing_after,0,0.0,0.0,7.067932822769843e-42,0,0,1
2838,353180,鄔璉,cluster2_yuan_ming,0,0.0,0.0,7.067932822769843e-42,0,1,0
2839,353200,鄒奕孝,cluster3_qing_after,0,0.0,0.0,7.067932822769843e-42,0,0,1
2840,353629,徐璂,cluster3_qing_after,0,0.0,0.0,7.067932822769843e-42,0,0,1
2841,353801,徐準,cluster3_qing_after,0,0.0,0.0,7.067932822769843e-42,0,0,1
2842,354192,宜振,cluster3_qing_after,0,0.0,0.0,7.067932822769843e-42,0,0,1
2843,354247,甯之鳳,cluster2_yuan_ming,0,0.0,0.0,7.067932822769843e-42,0,1,0
2844,354269,甯曾綸,cluster3_qing_after,0,0.0,0.0,7.067932822769843e-42,0,0,1
2845,354486,宋劭穀,cluster3_qing_after,0,0.0,0.0,7.067932822769843e-42,0,0,1
2846,354554,宋良翰,cluster2_yuan_ming,0,0.0,0.0,7.067932822769843e-42,0,1,0
2847,354805,江起鵬,cluster2_yuan_ming,0,0.0,0.0,7.067932822769843e-42,0,1,0
2848,354979,汪潤,cluster3_qing_after,0,0.0,0.0,7.067932822769843e-42,0,0,1
2849,355067,汪起鳳,cluster2_yuan_ming,5,0.0,1.0,2.623591786756759e-05,0,1,0
2850,355121,汪全德,cluster3_qing_after,0,0.0,0.0,7.067932822769843e-42,0,0,1
2851,355834,潘鵬雲,cluster3_qing_after,0,0.0,0.0,7.067932822769843e-42,0,0,1
2852,356108,梁知先,cluster2_yuan_ming,0,0.0,0.0,7.067932822769843e-42,0,1,0
2853,356391,沈孝徵,cluster2_yuan_ming,0,0.0,0.0,7.067932822769843e-42,0,1,0
2854,356623,洪承龍,cluster2_yuan_ming,0,0.0,0.0,7.067932822769843e-42,0,1,0
2855,356636,洪佐聖,cluster2_yuan_ming,0,0.0,0.0,7.067932822769843e-42,0,1,0
2856,357008,祁文友,cluster2_yuan_ming,0,0.0,0.0,7.067932822769843e-42,0,1,0
2857,357131,涂紹煃,cluster2_yuan_ming,0,0.0,0.0,7.067932822769843e-42,0,1,0
2858,357213,左峴,cluster2_yuan_ming,0,0.0,0.0,7.067932822769843e-42,0,1,0
2859,357717,李玘,cluster2_yuan_ming,0,0.0,0.0,7.067932822769843e-42,0,1,0
2860,357730,李承端,cluster3_qing_after,0,0.0,0.0,7.067932822769843e-42,0,0,1
2861,357762,李珍,cluster3_qing_after,0,0.0,0.0,7.067932822769843e-42,0,0,1
2862,358002,李得中,cluster2_yuan_ming,0,0.0,0.0,7.067932822769843e-42,0,1,0
2863,358436,李士瑜,cluster3_qing_after,0,0.0,0.0,7.067932822769843e-42,0,0,1
2864,358976,李拯,cluster2_yuan_ming,0,0.0,0.0,7.067932822769843e-42,0,1,0
2865,359434,李肖筠,cluster3_qing_after,0,0.0,0.0,7.067932822769843e-42,0,0,1
2866,359441,李當泰,cluster2_yuan_ming,0,0.0,0.0,7.067932822769843e-42,0,1,0
2867,359603,袁一鳳,cluster2_yuan_ming,0,0.0,0.0,7.067932822769843e-42,0,1,0
2868,360052,彭會淇,cluster3_qing_after,0,0.0,0.0,7.067932822769843e-42,0,0,1
2869,360403,戴翼子,cluster3_qing_after,0,0.0,0.0,7.067932822769843e-42,0,0,1
2870,360983,莊瑤,cluster3_qing_after,4,4.475214027110846e-06,0.5,5.228068036723043e-29,0,0,1
2871,361308,蔣繼珠,cluster3_qing_after,0,0.0,0.0,7.067932822769843e-42,0,0,1
2872,361707,萬堯一,cluster2_yuan_ming,0,0.0,0.0,7.067932822769843e-42,0,1,0
2873,361794,樊士鑑,cluster3_qing_after,0,0.0,0.0,7.067932822769843e-42,0,0,1
2874,361980,韓雄胤,cluster2_yuan_ming,0,0.0,0.0,7.067932822769843e-42,0,1,0
2875,362152,英綬,cluster3_qing_after,0,0.0,0.0,7.067932822769843e-42,0,0,1
2876,362156,英淳,cluster3_qing_after,0,0.0,0.0,7.067932822769843e-42,0,0,1
2877,362536,黃孫茂,cluster2_yuan_ming,0,0.0,0.0,7.067932822769843e-42,0,1,0
2878,362805,黃洽,cluster3_qing_after,0,0.0,0.0,7.067932822769843e-42,0,0,1
2879,363071,黃驤雲,cluster3_qing_after,0,0.0,0.0,7.067932822769843e-42,0,0,1
2880,363114,黃金貴,cluster2_yuan_ming,0,0.0,0.0,7.067932822769843e-42,0,1,0
2881,363232,蔡雲翰,cluster2_yuan_ming,0,0.0,0.0,7.067932822769843e-42,0,1,0
2882,363247,蔡瓊珠,cluster2_yuan_ming,0,0.0,0.0,7.067932822769843e-42,0,1,0
2883,363438,葉應震,cluster2_yuan_ming,0,0.0,0.0,7.067932822769843e-42,0,1,0
2884,363519,葉憲祖,cluster2_yuan_ming,3,0.0012524206113014497,0.3333333333333333,2.14814450041444e-05,0,1,0
2885,363658,葉棠,cluster3_qing_after,0,0.0,0.0,7.067932822769843e-42,0,0,1
2886,363761,杜來錫,cluster3_qing_after,0,0.0,0.0,7.067932822769843e-42,0,0,1
2887,364485,楊西狩,cluster2_yuan_ming,0,0.0,0.0,7.067932822769843e-42,0,1,0
2888,365270,楊鏞,cluster2_yuan_ming,0,0.0,0.0,7.067932822769843e-42,0,1,0
2889,365653,胡永煥,cluster3_qing_after,0,0.0,0.0,7.067932822769843e-42,0,0,1
2890,366072,趙亮熙,cluster3_qing_after,0,0.0,0.0,7.067932822769843e-42,0,0,1
2891,366078,趙應元,cluster2_yuan_ming,19,2.237151954129728e-05,0.7543859649122807,0.0002955439710367624,0,1,0
2892,366155,趙瑗,cluster3_qing_after,0,0.0,0.0,7.067932822769843e-42,0,0,1
2893,366279,趙贊化,cluster2_yuan_ming,0,0.0,0.0,7.067932822769843e-42,0,1,0
2894,366304,趙從蕃,cluster3_qing_after,0,0.0,0.0,7.067932822769843e-42,0,0,1
2895,367695,恩寧,cluster3_qing_after,0,0.0,0.0,7.067932822769843e-42,0,0,1
2896,367880,畢至,cluster3_qing_after,0,0.0,0.0,7.067932822769843e-42,0,0,1
2897,368388,瞿士達,cluster2_yuan_ming,0,0.0,0.0,7.067932822769843e-42,0,1,0
2898,368541,單國祚,cluster2_yuan_ming,0,0.0,0.0,7.067932822769843e-42,0,1,0
2899,368617,鄂恆,cluster3_qing_after,0,0.0,0.0,7.067932822769843e-42,0,0,1
2900,368629,喻以恕,cluster2_yuan_ming,0,0.0,0.0,7.067932822769843e-42,0,1,0
2901,369442,劉季箎,cluster2_yuan_ming,0,0.0,0.0,7.067932822769843e-42,0,1,0
2902,369581,劉伸,cluster2_yuan_ming,0,0.0,0.0,7.067932822769843e-42,0,1,0
2903,369604,劉儼,cluster3_qing_after,0,0.0,0.0,7.067932822769843e-42,0,0,1
2904,369795,劉泓,cluster2_yuan_ming,0,0.0,0.0,7.067932822769843e-42,0,1,0
2905,369843,劉洪謨,cluster2_yuan_ming,0,0.0,0.0,7.067932822769843e-42,0,1,0
2906,369966,劉士龍,cluster2_yuan_ming,0,0.0,0.0,7.067932822769843e-42,0,1,0
2907,370116,劉若璪,cluster3_qing_after,0,0.0,0.0,7.067932822769843e-42,0,0,1
2908,370225,劉青照,cluster3_qing_after,0,0.0,0.0,7.067932822769843e-42,0,0,1
2909,370329,劉是,cluster2_yuan_ming,0,0.0,0.0,7.067932822769843e-42,0,1,0
2910,370384,劉長發,cluster2_yuan_ming,0,0.0,0.0,7.067932822769843e-42,0,1,0
2911,370645,丘園卜,cluster2_yuan_ming,0,0.0,0.0,7.067932822769843e-42,0,1,0
2912,370734,陸化熙,cluster2_yuan_ming,1,0.0,0.0,3.429563172189897e-06,0,1,0
2913,370771,陸遐昌,cluster3_qing_after,0,0.0,0.0,7.067932822769843e-42,0,0,1
2914,371173,陳廷桂,cluster3_qing_after,0,0.0,0.0,7.067932822769843e-42,0,0,1
2915,371805,陳大綬,cluster2_yuan_ming,19,3.8892338554808255e-06,0.847953216374269,0.0001025509443463133,0,1,0
2916,371960,陳萬全,cluster3_qing_after,0,0.0,0.0,7.067932822769843e-42,0,0,1
2917,372274,陳所聞,cluster2_yuan_ming,0,0.0,0.0,7.067932822769843e-42,0,1,0
2918,372454,陳欽銘,cluster3_qing_after,0,0.0,0.0,7.067932822769843e-42,0,0,1
2919,372471,陳筆鋒,cluster3_qing_after,0,0.0,0.0,7.067932822769843e-42,0,0,1
2920,372579,邱文愷,cluster3_qing_after,0,0.0,0.0,7.067932822769843e-42,0,0,1
2921,372645,覺羅德成格,cluster3_qing_after,0,0.0,0.0,7.067932822769843e-42,0,0,1
2922,372867,周鼎,cluster2_yuan_ming,0,0.0,0.0,7.067932822769843e-42,0,1,0
2923,373978,歐陽旭,cluster2_yuan_ming,0,0.0,0.0,7.067932822769843e-42,0,1,0
2924,374044,全慶,cluster3_qing_after,0,0.0,0.0,7.067932822769843e-42,0,0,1
2925,374176,金樟,cluster3_qing_after,0,0.0,0.0,7.067932822769843e-42,0,0,1
2926,374419,俞成,cluster3_qing_after,0,0.0,0.0,7.067932822769843e-42,0,0,1
2927,374441,俞恆澤,cluster3_qing_after,0,0.0,0.0,7.067932822769843e-42,0,0,1
2928,374555,善慶,cluster3_qing_after,0,0.0,0.0,7.067932822769843e-42,0,0,1
2929,374625,曾臯,cluster2_yuan_ming,0,0.0,0.0,7.067932822769843e-42,0,1,0
2930,374951,鍾琇,cluster3_qing_after,0,0.0,0.0,7.067932822769843e-42,0,0,1
2931,375151,錢志霖,cluster3_qing_after,0,0.0,0.0,7.067932822769843e-42,0,0,1
2932,375247,饒元珙,cluster2_yuan_ming,0,0.0,0.0,7.067932822769843e-42,0,1,0
2933,375283,饒景暉,cluster2_yuan_ming,2,0.0,1.0,5.022397013359818e-07,0,1,0
2934,375296,錫齡,cluster3_qing_after,0,0.0,0.0,7.067932822769843e-42,0,0,1
2935,375557,鄭士超,cluster3_qing_after,0,0.0,0.0,7.067932822769843e-42,0,0,1
2936,375625,鄭日奎,cluster2_yuan_ming,0,0.0,0.0,7.067932822769843e-42,0,1,0
2937,375707,鄭尚友,cluster2_yuan_ming,0,0.0,0.0,7.067932822769843e-42,0,1,0
2938,375745,舒清,cluster2_yuan_ming,0,0.0,0.0,7.067932822769843e-42,0,1,0
2939,375827,管玉音,cluster2_yuan_ming,0,0.0,0.0,7.067932822769843e-42,0,1,0
2940,376098,徐彥伯,cluster1_song_and_before,0,0.0,0.0,7.067932822769843e-42,1,0,0
2941,379664,劉從諫,cluster1_song_and_before,0,0.0,0.0,7.067932822769843e-42,1,0,0
2942,386323,朱傑,cluster1_song_and_before,1,0.0,0.0,0.0001331206251615702,1,0,0
2943,386530,張安道,cluster1_song_and_before,1,0.0,0.0,3.7056323637843556e-36,1,0,0
2944,386531,張至道,cluster1_song_and_before,1,0.0,0.0,3.7056323637843556e-36,1,0,0
2945,386582,葉蓁,cluster1_song_and_before,1,0.0,0.0,0.00021387621515650066,1,0,0
2946,386675,王奇,cluster1_song_and_before,3,2.0002294283882662e-07,0.6666666666666666,0.0015597572484381567,1,0,0
2947,387174,高丹桂,cluster2_yuan_ming,0,0.0,0.0,7.067932822769843e-42,0,1,0
2948,387245,應汝化,cluster2_yuan_ming,4,0.0,1.0,1.3794485264639138e-07,0,1,0
2949,387246,應大桂,cluster2_yuan_ming,4,0.0,1.0,1.3794485264639138e-07,0,1,0
2950,387291,康汝芳,cluster2_yuan_ming,1,0.0,0.0,5.666923787945794e-07,0,1,0
2951,387353,唐賡堯,cluster3_qing_after,0,0.0,0.0,7.067932822769843e-42,0,0,1
2952,387429,唐良懿,cluster2_yuan_ming,0,0.0,0.0,7.067932822769843e-42,0,1,0
2953,398833,尹文煥,cluster1_song_and_before,0,0.0,0.0,7.067932822769843e-42,1,0,0
2954,438358,(那拉)德瑛,cluster3_qing_after,0,0.0,0.0,7.067932822769843e-42,0,0,1
2955,438400,(博爾濟吉特)明敘,cluster3_qing_after,0,0.0,0.0,7.067932822769843e-42,0,0,1
2956,438416,豐培,cluster3_qing_after,0,0.0,0.0,7.067932822769843e-42,0,0,1
2957,438553,朱應榮,cluster3_qing_after,0,0.0,0.0,7.067932822769843e-42,0,0,1
2958,438572,奎璧,cluster3_qing_after,0,0.0,0.0,7.067932822769843e-42,0,0,1
2959,438584,張霖,cluster2_yuan_ming,0,0.0,0.0,7.067932822769843e-42,0,1,0
2960,438657,蘇崇阿,cluster3_qing_after,0,0.0,0.0,7.067932822769843e-42,0,0,1
2961,438665,文麟,cluster3_qing_after,0,0.0,0.0,7.067932822769843e-42,0,0,1
2962,438692,阿禮布,cluster3_qing_after,0,0.0,0.0,7.067932822769843e-42,0,0,1
2963,438753,恩祥,cluster3_qing_after,0,0.0,0.0,7.067932822769843e-42,0,0,1
2964,438793,傅顯,cluster3_qing_after,0,0.0,0.0,7.067932822769843e-42,0,0,1
2965,438981,卞永式,cluster3_qing_after,0,0.0,0.0,7.067932822769843e-42,0,0,1
2966,439033,李光倬,cluster2_yuan_ming,1,0.0,0.0,2.35783785488845e-07,0,1,0
2967,439106,陳文緯,cluster3_qing_after,0,0.0,0.0,7.067932822769843e-42,0,0,1
2968,439347,韓文顯,cluster3_qing_after,0,0.0,0.0,7.067932822769843e-42,0,0,1
2969,439554,朱其煊,cluster3_qing_after,0,0.0,0.0,7.067932822769843e-42,0,0,1
2970,439574,傅德,cluster2_yuan_ming,0,0.0,0.0,7.067932822769843e-42,0,1,0
2971,439728,沈炳垣,cluster3_qing_after,0,0.0,0.0,7.067932822769843e-42,0,0,1
2972,444853,趙文恪,cluster1_song_and_before,0,0.0,0.0,7.067932822769843e-42,1,0,0
2973,444868,龐承訓,cluster1_song_and_before,0,0.0,0.0,7.067932822769843e-42,1,0,0
2974,450722,崔寧,cluster1_song_and_before,2,0.0,1.0,0.00012083752492689687,1,0,0
2975,469750,劉先,cluster1_song_and_before,4,0.0,1.0,0.000674253345409682,1,0,0
2976,472983,朱國華,cluster2_yuan_ming,1,0.0,0.0,1.1304754264262904e-34,0,1,0
2977,476181,彭懋,cluster2_yuan_ming,0,0.0,0.0,7.067932822769843e-42,0,1,0
2978,479398,傅庸,cluster1_song_and_before,0,0.0,0.0,7.067932822769843e-42,1,0,0
2979,502739,謝約,cluster1_song_and_before,3,0.0,1.0,0.0006693660651036554,1,0,0
2980,503974,倪阜,cluster2_yuan_ming,7,0.0,1.0,2.306531605981367e-05,0,1,0
2981,512631,盛玄,cluster1_song_and_before,3,0.0,1.0,0.002058976103485072,1,0,0
2982,513174,彭份,cluster2_yuan_ming,0,0.0,0.0,7.067932822769843e-42,0,1,0
2983,525432,劉愨,cluster2_yuan_ming,3,0.0,1.0,4.410931194278821e-05,0,1,0
2984,531015,許孚,cluster2_yuan_ming,0,0.0,0.0,7.067932822769843e-42,0,1,0
2985,550643,彭大科,cluster2_yuan_ming,0,0.0,0.0,7.067932822769843e-42,0,1,0
2986,551393,徐致甫,cluster1_song_and_before,1,0.0,0.0,7.649154963433118e-06,1,0,0
2987,551402,王信,cluster1_song_and_before,3,0.0,1.0,0.0016585947089851106,1,0,0
2988,554900,李士睿,cluster3_qing_after,6,0.00034328038222803005,0.4666666666666667,1.3142651020994882e-05,0,0,1
2989,555265,姜天樞,cluster2_yuan_ming,0,0.0,0.0,7.067932822769843e-42,0,1,0
2990,555283,張顯,cluster2_yuan_ming,0,0.0,0.0,7.067932822769843e-42,0,1,0
2991,555350,楊三炯,cluster3_qing_after,0,0.0,0.0,7.067932822769843e-42,0,0,1
2992,556111,馬權奇,cluster2_yuan_ming,0,0.0,0.0,7.067932822769843e-42,0,1,0
2993,561479,章有期,cluster2_yuan_ming,0,0.0,0.0,7.067932822769843e-42,0,1,0
2994,561490,朱啟元,cluster2_yuan_ming,3,0.0,1.0,8.316990487822247e-06,0,1,0
2995,562209,劉廷棟,cluster3_qing_after,0,0.0,0.0,7.067932822769843e-42,0,0,1
2996,562792,熊汝學,cluster2_yuan_ming,0,0.0,0.0,7.067932822769843e-42,0,1,0
2997,562900,張夏,cluster1_song_and_before,2,0.0,1.0,0.0014763199485712157,1,0,0
2998,563128,諶廷詔,cluster2_yuan_ming,0,0.0,0.0,7.067932822769843e-42,0,1,0
2999,563200,龔澄元,cluster2_yuan_ming,0,0.0,0.0,7.067932822769843e-42,0,1,0
3000,563214,劉貺,cluster1_song_and_before,4,0.0,1.0,0.000674253345409682,1,0,0
3001,570888,姜諤,cluster1_song_and_before,0,0.0,0.0,7.067932822769843e-42,1,0,0
3002,570923,趙隨,cluster1_song_and_before,5,7.152236762354244e-08,0.9,0.002599608940180023,1,0,0
3003,571259,張正,cluster1_song_and_before,1,0.0,0.0,0.00014814722205523634,1,0,0
3004,571577,任之立,cluster1_song_and_before,4,0.0,1.0,0.000476082653591056,1,0,0
3005,571594,石崧,cluster1_song_and_before,1,0.0,0.0,0.0006897721631652245,1,0,0
3006,571666,藥紹言,cluster1_song_and_before,0,0.0,0.0,7.067932822769843e-42,1,0,0
3007,573137,許立禮,cluster2_yuan_ming,0,0.0,0.0,7.067932822769843e-42,0,1,0
3008,573203,程鑾,cluster3_qing_after,0,0.0,0.0,7.067932822769843e-42,0,0,1
3009,573545,蘇昌嗣,cluster1_song_and_before,0,0.0,0.0,7.067932822769843e-42,1,0,0
3010,575342,郭權,cluster1_song_and_before,0,0.0,0.0,7.067932822769843e-42,1,0,0
3011,575526,董宏,cluster3_qing_after,0,0.0,0.0,7.067932822769843e-42,0,0,1
3012,575944,莫象年,cluster3_qing_after,0,0.0,0.0,7.067932822769843e-42,0,0,1
3013,575953,歐陽方曜,cluster3_qing_after,0,0.0,0.0,7.067932822769843e-42,0,0,1
3014,576624,汪廷棟,cluster3_qing_after,0,0.0,0.0,7.067932822769843e-42,0,0,1
3015,576780,馮維師,cluster1_song_and_before,1,0.0,0.0,0.00013647608908233018,1,0,0
3016,578729,方宏靜,cluster2_yuan_ming,18,0.0,1.0,3.541366919163764e-05,0,1,0
3017,579059,鄭俠如,cluster2_yuan_ming,0,0.0,0.0,7.067932822769843e-42,0,1,0
3018,684063,孫延郃,cluster1_song_and_before,0,0.0,0.0,7.067932822769843e-42,1,0,0
3019,684185,席啟㝢,cluster2_yuan_ming,0,0.0,0.0,7.067932822769843e-42,0,1,0
3020,684322,楊公亶,cluster1_song_and_before,1,0.0,0.0,5.272818928661116e-06,1,0,0
3021,686170,羅愷,cluster1_song_and_before,0,0.0,0.0,7.067932822769843e-42,1,0,0
3022,689212,任康,cluster1_song_and_before,0,0.0,0.0,7.067932822769843e-42,1,0,0
3023,689429,李蔚,cluster2_yuan_ming,0,0.0,0.0,7.067932822769843e-42,0,1,0
3024,690118,王正規,cluster1_song_and_before,2,0.0,1.0,6.592130217652657e-05,1,0,0
3025,690119,王正臣,cluster1_song_and_before,2,0.0,1.0,6.592130217652657e-05,1,0,0
3026,690127,王正思,cluster1_song_and_before,2,0.0,1.0,6.323031483723962e-05,1,0,0
3027,690188,馬籍,cluster1_song_and_before,0,0.0,0.0,7.067932822769843e-42,1,0,0
3028,690192,劉藏用,cluster1_song_and_before,0,0.0,0.0,7.067932822769843e-42,1,0,0
3029,690925,汪思蔚,cluster3_qing_after,0,0.0,0.0,7.067932822769843e-42,0,0,1
3030,690938,余俊,cluster3_qing_after,0,0.0,0.0,7.067932822769843e-42,0,0,1
3031,691329,杜子華,cluster2_yuan_ming,0,0.0,0.0,7.067932822769843e-42,0,1,0
3032,691516,曹仁,cluster2_yuan_ming,0,0.0,0.0,7.067932822769843e-42,0,1,0
3033,692004,沈允芳,cluster2_yuan_ming,2,0.0,0.0,1.5987336799815692e-34,0,1,0
3034,692609,王道,cluster2_yuan_ming,0,0.0,0.0,7.067932822769843e-42,0,1,0
3035,694310,凌行堂,cluster3_qing_after,0,0.0,0.0,7.067932822769843e-42,0,0,1
3036,694852,盛皚,cluster2_yuan_ming,1,0.0,0.0,3.0219008745163854e-06,0,1,0
3037,695366,董允霖,cluster3_qing_after,0,0.0,0.0,7.067932822769843e-42,0,0,1
3038,696195,楊仲安,cluster1_song_and_before,2,0.0,1.0,5.5999880830430706e-05,1,0,0
3039,696581,石祖賢,cluster1_song_and_before,4,8.582009555700751e-05,0.6666666666666666,0.0016395661052451035,1,0,0
3040,696583,石祖元,cluster1_song_and_before,4,8.582009555700751e-05,0.6666666666666666,0.0016395661052451035,1,0,0
3041,696584,石祖良,cluster1_song_and_before,2,0.0,1.0,2.6421021622151735e-05,1,0,0
3042,696908,黎伯巽,cluster1_song_and_before,1,0.0,0.0,5.154202235833767e-06,1,0,0
3043,696921,璩悚,cluster1_song_and_before,0,0.0,0.0,7.067932822769843e-42,1,0,0
3044,697054,蔡勖,cluster1_song_and_before,8,0.0,1.0,0.004318939173027282,1,0,0
3045,697077,任迥,cluster1_song_and_before,0,0.0,0.0,7.067932822769843e-42,1,0,0
3046,697106,張鎡,cluster2_yuan_ming,0,0.0,0.0,7.067932822769843e-42,0,1,0
3047,697621,盧震,cluster1_song_and_before,3,0.0,1.0,0.0006920546655443235,1,0,0
3048,697636,劉舜卿,cluster1_song_and_before,0,0.0,0.0,7.067932822769843e-42,1,0,0
3049,698679,瞿敬邦,cluster3_qing_after,0,0.0,0.0,7.067932822769843e-42,0,0,1
3050,699122,戴瑞,cluster2_yuan_ming,0,0.0,0.0,7.067932822769843e-42,0,1,0
3051,699428,李宗孟,cluster1_song_and_before,2,0.0,1.0,0.0002777105721261421,1,0,0
3052,699468,李經,cluster1_song_and_before,1,0.0,0.0,0.000101652798940685,1,0,0
3053,699631,任中孚,cluster1_song_and_before,2,0.0,1.0,8.214785971249928e-33,1,0,0
3054,699635,章仁守,cluster1_song_and_before,1,0.0,0.0,3.7056323637843556e-36,1,0,0
3055,699640,任允孚,cluster1_song_and_before,2,0.0,1.0,8.214785971249928e-33,1,0,0
3056,699695,林倩,cluster1_song_and_before,11,3.3270068716544707e-06,0.4727272727272727,0.0034180207383420415,1,0,0
3057,699791,朱祥,cluster2_yuan_ming,2,0.0,1.0,8.214785971249928e-33,0,1,0
3058,699794,朱同芳,cluster2_yuan_ming,2,0.0,1.0,8.214785971249928e-33,0,1,0
3059,700027,沈縉,cluster2_yuan_ming,0,0.0,0.0,7.067932822769843e-42,0,1,0
3060,700129,孫鑄,cluster1_song_and_before,1,0.0,0.0,0.0004222117004392807,1,0,0
3061,700146,張景晟,cluster1_song_and_before,21,0.00011883949742875119,0.3761904761904762,0.0056742334230599056,1,0,0
3062,700465,沈群玉,cluster1_song_and_before,1,0.0,0.0,3.7056323637843556e-36,1,0,0
3063,700520,沈文禎,cluster1_song_and_before,1,0.0,0.0,3.7056323637843556e-36,1,0,0
