id,name_zh,name_en,index_year,cluster,dynasty_zh,bureau_type,bureau_zh,is_high_official,has_civil_exam,has_yin_privilege,has_recommendation,has_technical_exam,has_geo,x_coord,y_coord,addr_name_chn,bureau_astronomical,bureau_medical,bureau_hydraulic,bureau_military_industrial,bureau_construction,degree,clustering,eigenvector,betweenness,degree_z,clustering_z,eigenvector_z,betweenness_z,x_coord_z,y_coord_z
3,安燾,An Tao,1065,cluster1_song_and_before,宋,military_industrial,军器/制造,1,1,0,0,0,1,114.34333,34.785477,開封,0,0,0,1,0,2,0.0,0.004265066383703475,5.232154524665142e-05,0.45684964587212995,-0.17812319241819308,0.029911052534489082,0.06441092412353154,-0.3918899761925293,0.8423193593235898
4,查道,Zha Dao,955,cluster1_song_and_before,宋,works_general,工部,0,1,0,0,0,1,120.558662,32.384022,如皋,0,0,0,0,0,5,0.2,0.005108572901288774,0.00027459836566181493,1.5586846579243614,1.367248988127309,0.07762565713699458,0.796626162858863,0.9963451959203228,0.1667979309351339
10,晁謙之,Chao Qianzhi,1091,cluster1_song_and_before,宋,works_general,工部,0,0,0,0,0,1,117.776588,28.208446,鉛山,0,0,0,0,0,0,0.0,1.3975995756472907e-33,0.0,-0.2777070288293577,-0.17812319241819308,-0.21135081309332437,-0.107944576878429,0.37495071880780795,-1.0077779257286632
13,晁補之,Chao Buzhi,1049,cluster1_song_and_before,宋,works_general,工部,0,1,0,0,0,1,116.08870697,35.396209717,鉅野,0,0,0,0,0,17,0.0661764705882353,0.09911607645690022,0.0016335920391283125,5.966024706133287,0.3332131908505392,5.395344925821878,5.27336771062123,-0.0020485810185032144,1.0141164728865761
15,陳安期,Chen Anqi,1020,cluster1_song_and_before,宋,works_general,工部,0,0,0,0,0,1,112.785721,34.840869,河陽,0,0,0,0,0,4,0.8333333333333334,0.002107693015993836,0.0,1.1914063205736174,6.260927559854733,-0.09212501366559403,-0.107944576878429,-0.7397921635896829,0.8579009475529307
16,陳安民,Chen Anmin,1027,cluster1_song_and_before,宋,hydraulic,水利/河道,0,1,1,0,0,1,112.785721,34.840869,河陽,0,0,1,0,0,1,0.0,0.00010957515284634163,0.0,0.0895713085213861,-0.17812319241819308,-0.20515247913463794,-0.107944576878429,-0.7397921635896829,0.8579009475529307
18,陳安道,Chen Andao,1020,cluster1_song_and_before,宋,works_general,工部,0,0,0,0,0,1,112.785721,34.840869,河陽,0,0,0,0,0,5,0.5,0.0059598441600470405,7.29214605056407e-05,1.5586846579243614,3.685307258945562,0.12577948959036428,0.13227032503234284,-0.7397921635896829,0.8579009475529307
22,陳求道,Chen Qiudao,1067,cluster1_song_and_before,宋,hydraulic,水利/河道,0,1,0,0,0,1,114.271622,29.892479,咸寧,0,0,1,0,0,0,0.0,1.3975995756472907e-33,0.0,-0.2777070288293577,-0.17812319241819308,-0.21135081309332437,-0.107944576878429,-0.4079064283662619,-0.5340649568771547
25,陳洎,Chen Ji,986,cluster1_song_and_before,宋,works_general,工部,0,0,0,0,0,1,117.187683,34.269634,彭城,0,0,0,0,0,2,0.0,0.008695393046947707,0.0003866689807252532,0.45684964587212995,-0.17812319241819308,0.280521190796117,1.165804613453133,0.24341492409352491,0.6972144124542192
28,陳絳,Chen Jiang,970,cluster1_song_and_before,宋,works_general,工部,0,1,0,0,0,1,119.011101,25.433954,莆田,0,0,0,0,0,0,0.0,1.3975995756472907e-33,0.0,-0.2777070288293577,-0.17812319241819308,-0.21135081309332437,-0.107944576878429,0.6506872952337401,-1.788233440777808
33,陳知儉,Chen Zhijian,1035,cluster1_song_and_before,宋,hydraulic,水利/河道,0,0,1,0,0,1,113.641312,34.758076,管城,0,0,1,0,0,3,0.0,0.002824293957244123,0.0010150237205963479,0.8241279832228736,-0.17812319241819308,-0.051589072500109155,3.2357051771099443,-0.5486903014295904,0.8346115477429978
34,陳執中,Chen Zhizhong,990,cluster1_song_and_before,宋,works_general,工部,1,0,1,0,0,1,114.34333,34.785477,開封,0,0,0,0,0,4,0.0,0.018672351763112223,0.00042399200804138764,1.1914063205736174,-0.17812319241819308,0.8448874764770937,1.2887526082353384,-0.3918899761925293,0.8423193593235898
36,陳之淵,Chen Zhiyuan,1102,cluster1_song_and_before,宋,works_general,工部,0,1,0,0,0,1,120.297668,31.574614,無錫,0,0,0,0,0,0,0.0,1.3975995756472907e-33,0.0,-0.2777070288293577,-0.17812319241819308,-0.21135081309332437,-0.107944576878429,0.938050474011595,-0.06088588921100437
37,陳靖,Chen Jing (5),940,cluster1_song_and_before,宋,works_general,工部,0,0,0,1,0,1,119.011101,25.433954,莆田,0,0,0,0,0,2,1.0,0.0005729392781419383,0.0,0.45684964587212995,7.548737710309318,-0.1789413763576764,-0.107944576878429,0.6506872952337401,-1.788233440777808
53,陳紘,Chen Hong,1019,cluster1_song_and_before,宋,works_general,工部,0,1,0,0,0,1,112.38263,34.665276,洛陽,0,0,0,0,0,0,0.0,1.3975995756472907e-33,0.0,-0.2777070288293577,-0.17812319241819308,-0.21135081309332437,-0.107944576878429,-0.8298251825437993,0.808507211599097
56,陳若拙,Chen Ruozhuo,955,cluster1_song_and_before,宋,works_general,工部,0,1,0,0,0,1,118.86195374,39.877319336,盧龍,0,0,0,0,0,0,0.0,1.3975995756472907e-33,0.0,-0.2777070288293577,-0.17812319241819308,-0.21135081309332437,-0.107944576878429,0.6173742763706691,2.2746379361628533
62,陳康伯,Chen Kangbo,1097,cluster1_song_and_before,宋,works_general,工部,1,1,0,0,0,1,117.421311,28.401876,弋陽,0,0,0,0,0,2,1.0,0.006110695701496818,0.0,0.45684964587212995,7.548737710309318,0.1343127036247499,-0.107944576878429,0.2955972703930268,-0.9533667000787214
63,陳膏,Chen Gao,1085,cluster1_song_and_before,宋,works_general,工部,0,1,0,0,0,1,121.542656,29.866316,鄞縣,0,0,0,0,0,0,0.0,1.3975995756472907e-33,0.0,-0.2777070288293577,-0.17812319241819308,-0.21135081309332437,-0.107944576878429,1.2161267103990354,-0.541424523111345
67,陳貫,Chen Guan,975,cluster1_song_and_before,宋,works_general,工部,0,1,0,0,0,1,112.785721,34.840869,河陽,0,0,0,0,0,7,0.23809523809523808,0.01434577393994316,0.0006683266381575247,2.293241332625849,1.6616055939454997,0.600146095337019,2.093629784306332,-0.7397921635896829,0.8579009475529307
78,陳世卿,Chen Shiqing,953,cluster1_song_and_before,宋,works_general,工部,0,1,0,0,0,1,117.781792,26.39761,沙縣,0,0,0,0,0,0,0.0,1.3975995756472907e-33,0.0,-0.2777070288293577,-0.17812319241819308,-0.21135081309332437,-0.107944576878429,0.37611306634381475,-1.5171601632876586
79,陳師錫,Chen Shixi,1046,cluster1_song_and_before,宋,works_general,工部,0,1,0,0,0,1,118.10537,27.33988,建陽,0,0,0,0,0,1,0.0,0.00662711023924432,0.0,0.0895713085213861,-0.17812319241819308,0.16352470728554666,-0.107944576878429,0.4483863351767474,-1.2521026975730851
93,陳從易,Chen Congyi,968,cluster1_song_and_before,宋,works_general,工部,0,1,0,0,0,1,118.589905,24.909641,晉江,0,0,0,0,0,1,0.0,0.011418007655216066,0.0,0.0895713085213861,-0.17812319241819308,0.43453123910068536,-0.107944576878429,0.5566104057685858,-1.9357209709137615
94,陳敦夫,Chen Dunfu,1034,cluster1_song_and_before,宋,military_industrial,军器/制造,0,1,0,0,0,1,119.321577,26.073954,侯官,0,0,0,1,0,0,0.0,1.3975995756472907e-33,0.0,-0.2777070288293577,-0.17812319241819308,-0.21135081309332437,-0.107944576878429,0.7200341464231732,-1.6082035363371199
98,陳堯佐,Chen Yaozuo,963,cluster1_song_and_before,宋,military_industrial,军器/制造,1,1,0,0,0,1,113.641312,34.758076,管城,0,0,0,1,0,7,0.047619047619047616,0.031825578978038754,0.0012528415252950468,2.293241332625849,0.1898225648545455,1.5889256347165388,4.019114892606716,-0.5486903014295904,0.8346115477429978
99,陳堯咨,Chen Yaozi,970,cluster1_song_and_before,宋,construction,将作/营缮,1,1,0,0,0,1,113.641312,34.758076,管城,0,0,0,0,1,2,1.0,0.028879859586932694,0.0,0.45684964587212995,7.548737710309318,1.4222952257199117,-0.107944576878429,-0.5486903014295904,0.8346115477429978
105,陳祐甫,Chen Youfu,998,cluster1_song_and_before,宋,hydraulic,水利/河道,0,0,0,0,0,1,114.34333,34.785477,開封,0,0,1,0,0,0,0.0,1.3975995756472907e-33,0.0,-0.2777070288293577,-0.17812319241819308,-0.21135081309332437,-0.107944576878429,-0.3918899761925293,0.8423193593235898
116,程戡,Cheng Kan,997,cluster1_song_and_before,宋,military_industrial,军器/制造,1,1,0,0,0,1,113.467056,34.162491,陽翟,0,0,0,1,0,3,0.3333333333333333,0.042173605678865,5.232154524665142e-05,0.8241279832228736,2.397497108490977,2.1742821105142065,0.06441092412353154,-0.5876115220742312,0.6670754373737681
117,程克俊,Cheng Kejun,1089,cluster1_song_and_before,宋,works_general,工部,1,1,0,0,0,1,117.236359,29.382742,浮梁,0,0,0,0,0,0,0.0,1.3975995756472907e-33,0.0,-0.2777070288293577,-0.17812319241819308,-0.21135081309332437,-0.107944576878429,0.2542870279872101,-0.6774523059394721
118,程琳,Cheng Lin,988,cluster1_song_and_before,宋,works_general,工部,1,1,0,0,0,1,112.38263,34.665276,洛陽,0,0,0,0,0,7,0.0,0.04623299717948034,0.0003173196157227876,2.293241332625849,-0.17812319241819308,2.4039095719985752,0.9373567629009217,-0.8298251825437993,0.808507211599097
122,程師孟,Cheng Shimeng,1009,cluster1_song_and_before,宋,construction,将作/营缮,0,1,0,0,0,1,120.618622,31.31271,吳縣,0,0,0,0,1,2,1.0,0.04841761031041195,0.0,0.45684964587212995,7.548737710309318,2.5274865089619607,-0.107944576878429,1.0097376552322135,-0.1345586268557452
123,程嗣恭,Cheng Sigong,1018,cluster1_song_and_before,宋,construction,将作/营缮,0,0,0,0,0,1,112.38263,34.665276,洛陽,0,0,0,0,1,1,0.0,0.0040252621052282445,0.0,0.0895713085213861,-0.17812319241819308,0.016346052038476132,-0.107944576878429,-0.8298251825437993,0.808507211599097
128,程瑀,Cheng Yu,1087,cluster1_song_and_before,宋,works_general,工部,0,1,0,0,0,1,117.236359,29.382742,浮梁,0,0,0,0,0,2,0.0,0.01866116687217875,9.657355249481669e-05,0.45684964587212995,-0.17812319241819308,0.8442547811306006,0.2101840820768136,0.2542870279872101,-0.6774523059394721
145,錢勰,Qian Xie,1034,cluster1_song_and_before,宋,works_general,工部,0,0,1,0,0,1,114.34333,34.785477,開封,0,0,0,0,0,1,0.0,0.04305271222744958,0.0,0.0895713085213861,-0.17812319241819308,2.22401050086413,-0.107944576878429,-0.3918899761925293,0.8423193593235898
149,錢時敏,Qian Shimin,1086,cluster1_song_and_before,宋,works_general,工部,0,1,0,0,0,1,119.486,31.430706,溧陽,0,0,0,0,0,0,0.0,1.3975995756472907e-33,0.0,-0.2777070288293577,-0.17812319241819308,-0.21135081309332437,-0.107944576878429,0.7567591020175503,-0.10136673841139571
150,錢端禮,Qian Duanli,1109,cluster1_song_and_before,宋,construction,将作/营缮,1,1,1,0,0,1,120.168625,30.294125,錢塘,0,0,0,0,1,3,0.0,0.005664551574381264,0.00043835245834694545,0.8241279832228736,-0.17812319241819308,0.10907568390143055,1.3360582181014113,0.9092278734948482,-0.4210832521912416
152,錢遹,Qian Yu,1050,cluster1_song_and_before,宋,works_general,工部,0,1,0,0,0,1,119.883675,29.458708,浦江,0,0,0,0,0,0,0.0,1.3975995756472907e-33,0.0,-0.2777070288293577,-0.17812319241819308,-0.21135081309332437,-0.107944576878429,0.8455824218450297,-0.6560833188758135
168,詹大方,Zhan Dafang,1085,cluster1_song_and_before,宋,works_general,工部,1,1,0,0,0,1,118.738399,29.480773,遂安,0,0,0,0,0,0,0.0,1.3975995756472907e-33,0.0,-0.2777070288293577,-0.17812319241819308,-0.21135081309332437,-0.107944576878429,0.589777514725553,-0.6498765066234957
171,詹棫,Zhan Yu,1094,cluster1_song_and_before,宋,military_industrial,军器/制造,0,1,0,0,0,1,118.738399,29.480773,遂安,0,0,0,1,0,0,0.0,1.3975995756472907e-33,0.0,-0.2777070288293577,-0.17812319241819308,-0.21135081309332437,-0.107944576878429,0.589777514725553,-0.6498765066234957
172,湛俞,Zhan Yu,1008,cluster1_song_and_before,宋,works_general,工部,0,1,0,0,0,1,119.321577,26.073954,閩縣,0,0,0,0,0,0,0.0,1.3975995756472907e-33,0.0,-0.2777070288293577,-0.17812319241819308,-0.21135081309332437,-0.107944576878429,0.7200341464231732,-1.6082035363371199
174,張闡,Zhang Chan,1094,cluster1_song_and_before,宋,works_general,工部,0,1,0,0,0,1,120.653221,28.018291,永嘉,0,0,0,0,0,2,0.0,0.023957607323902244,3.944195699485482e-05,0.45684964587212995,-0.17812319241819308,1.1438583487214653,0.02198350965454775,1.0174655688368177,-1.0612679046019733
185,張去華,Zhang Quhua,938,cluster1_song_and_before,宋,works_general,工部,0,1,0,0,0,1,112.38263,34.665276,洛陽,0,0,0,0,0,8,0.14285714285714285,0.007942771168816849,0.00028914561294410155,2.6605196699765927,0.9257140794000226,0.23794765451448713,0.8445471117092487,-0.8298251825437993,0.808507211599097
197,張頡,Zhang Jie,1019,cluster1_song_and_before,宋,works_general,工部,0,1,0,0,0,1,111.477768,28.901598,桃源,0,0,0,0,0,0,0.0,1.3975995756472907e-33,0.0,-0.2777070288293577,-0.17812319241819308,-0.21135081309332437,-0.107944576878429,-1.0319320457505259,-0.8127965377241758
198,張鑑,Zhang Jian,947,cluster1_song_and_before,宋,works_general,工部,0,1,0,0,0,1,114.34333,34.785477,開封,0,0,0,0,0,1,0.0,7.50330558788574e-25,0.0,0.0895713085213861,-0.17812319241819308,-0.21135081309332437,-0.107944576878429,-0.3918899761925293,0.8423193593235898
200,張知白,Zhang Zhibo,965,cluster1_song_and_before,宋,works_general,工部,1,1,0,0,0,1,117.024101,38.209126,清池,0,0,0,0,0,4,0.0,0.005014737674714757,9.22892274322882e-05,1.1914063205736174,-0.17812319241819308,0.07231768305449086,0.196070833144155,0.20687781136574598,1.8053806129305523
205,張景憲,Zhang Jingxian,1004,cluster1_song_and_before,宋,construction,将作/营缮,0,0,1,0,0,1,112.38263,34.665276,洛陽,0,0,0,0,1,4,0.5,0.024794248297915402,0.00044670684058990747,1.1914063205736174,3.685307258945562,1.191184590353328,1.3635788834460525,-0.8298251825437993,0.808507211599097
211,張浚,Zhang Jun,1097,cluster1_song_and_before,宋,works_general,工部,1,1,0,0,0,1,112.597038,26.901617,衡陽,0,0,0,0,0,6,0.06666666666666667,0.031323335434613526,0.00040842844835033625,1.9259629952751052,0.3370008677636409,1.5605152412114611,1.2374837644869447,-0.781935749319257,-1.3753846444635367
213,張中庸,Zhang Zhongyong,996,cluster1_song_and_before,宋,works_general,工部,0,0,0,0,0,1,103.810936,30.423536,新津,0,0,0,0,0,2,0.0,0.026449843137758132,0.00025679955285976816,0.45684964587212995,-0.17812319241819308,1.2848365675676663,0.7379940394520488,-2.744369264080989,-0.3846803616231581
217,張方平,Zhang Fangping,1007,cluster1_song_and_before,宋,works_general,工部,1,1,0,0,0,1,115.646072,34.447662,宋城,0,0,0,0,0,27,0.04843304843304843,0.18084207609110406,0.002267427471622098,9.638808079640725,0.19611223591903673,10.018336778278083,7.3613225484469025,-0.10091400506360927,0.7472931059351041
218,張傅,Zhang Fu,968,cluster1_song_and_before,宋,works_general,工部,0,1,0,0,0,1,115.770905,33.879292,譙縣,0,0,0,0,0,0,0.0,1.3975995756472907e-33,0.0,-0.2777070288293577,-0.17812319241819308,-0.21135081309332437,-0.107944576878429,-0.0730317356626574,0.5874124859554885
223,張錫,Zhang Xi,982,cluster1_song_and_before,宋,works_general,工部,0,1,0,0,0,1,114.26899,30.552242,漢陽,0,0,0,0,0,1,0.0,0.026108982656436113,0.0,0.0895713085213861,-0.17812319241819308,1.2655551242689722,-0.107944576878429,-0.40849430283105137,-0.3484757852466841
237,張徽,Zhang Hui,1061,cluster1_song_and_before,宋,works_general,工部,0,0,0,0,0,1,113.164116,30.65625,景陵,0,0,0,0,0,2,1.0,0.04938104651714261,0.0,0.45684964587212995,7.548737710309318,2.5819851722271707,-0.107944576878429,-0.655275158230732,-0.31921867540126675
245,張若谷,Zhang Ruogu,962,cluster1_song_and_before,宋,works_general,工部,0,1,0,0,0,1,117.781792,26.39761,沙縣,0,0,0,0,0,2,0.0,0.04585318739809989,2.1583372195678503e-05,0.45684964587212995,-0.17812319241819308,2.3824248849630663,-0.03684551222807764,0.37611306634381475,-1.5171601632876586
249,張可久,Zhang Kejiu,969,cluster1_song_and_before,宋,works_general,工部,0,0,1,0,0,1,118.478098,36.69748,益都,0,0,0,0,0,1,0.0,1.5805041769285014e-05,0.0,0.0895713085213861,-0.17812319241819308,-0.2104567698310312,-0.107944576878429,0.5316375789126077,1.3801595427303213
252,張綱,Zhang Gang,1083,cluster1_song_and_before,宋,works_general,工部,1,1,0,0,0,1,119.57061768,31.74697876,金壇,0,0,0,0,0,0,0.0,1.3975995756472907e-33,0.0,-0.2777070288293577,-0.17812319241819308,-0.21135081309332437,-0.107944576878429,0.7756590159012465,-0.012400246598907158
257,張鞏,Zhang Gong,994,cluster1_song_and_before,宋,hydraulic,水利/河道,0,0,0,0,0,1,114.374245,36.359043,釜陽,0,0,1,0,0,0,0.0,1.3975995756472907e-33,0.0,-0.2777070288293577,-0.17812319241819308,-0.21135081309332437,-0.107944576878429,-0.3849849081533837,1.2849583227784576
262,張沔,Zhang Mian,983,cluster1_song_and_before,宋,works_general,工部,0,1,0,0,0,1,120.618622,31.31271,吳縣,0,0,0,0,0,8,0.10714285714285714,0.00655673917020393,0.0006303947438305562,2.6605196699765927,0.6497547614454687,0.15954402940728915,1.9686760846428746,1.0097376552322135,-0.1345586268557452
267,張保雍,Zhang Baoyong,975,cluster1_song_and_before,宋,works_general,工部,0,1,0,0,0,1,114.346001,33.007538,汝陽,0,0,0,0,0,2,0.0,0.043710772964375526,2.3576460632365563e-05,0.45684964587212995,-0.17812319241819308,2.261235000274924,-0.030279961565783352,-0.39129339082191317,0.34219094014956986
268,張佖,Zhang Bi,955,cluster1_song_and_before,宋,works_general,工部,0,0,0,0,0,1,119.952301,31.782784,武進,0,0,0,0,0,1,0.0,0.0008071039741019809,0.0,0.0895713085213861,-0.17812319241819308,-0.16569538993473273,-0.107944576878429,0.8609104891021656,-0.002328349824414023
269,張秉,Zhang Bing,950,cluster1_song_and_before,宋,works_general,工部,0,1,0,0,0,1,118.433945,29.86577,歙縣,0,0,0,0,0,0,0.0,1.3975995756472907e-33,0.0,-0.2777070288293577,-0.17812319241819308,-0.21135081309332437,-0.107944576878429,0.521775716737858,-0.541578111123571
271,張掞,Zhang Shan,995,cluster1_song_and_before,宋,works_general,工部,0,1,0,0,0,1,117.00148773,36.650131226,歷城,0,0,0,0,0,3,0.3333333333333333,0.03241677126830353,9.116138764184491e-05,0.8241279832228736,2.397497108490977,1.622367588970533,0.1923555492928196,0.20182698917788935,1.3668404876387532
279,張士遜,Zhang Shixun,964,cluster1_song_and_before,宋,works_general,工部,1,1,0,0,0,1,113.464426,31.640304,光化,0,0,0,0,0,7,0.047619047619047616,0.03216552327455162,0.0001141212288435725,2.293241332625849,0.1898225648545455,1.6081552522201734,0.2679889220189907,-0.5881989498259026,-0.04240750730052189
280,張師德,Zhang Shide,981,cluster1_song_and_before,宋,construction,将作/营缮,0,1,0,0,0,1,112.38263,34.665276,洛陽,0,0,0,0,1,4,0.5,0.00615454983284612,5.4335195510522845e-05,1.1914063205736174,3.685307258945562,0.13679339878702132,0.0710442087185522,-0.8298251825437993,0.808507211599097
282,張師顏,Zhang Shiyan,968,cluster1_song_and_before,宋,construction,将作/营缮,0,0,0,0,0,1,112.38263,34.665276,洛陽,0,0,0,0,1,3,1.0,0.0033860753546261168,0.0,0.8241279832228736,7.548737710309318,-0.019810803227383354,-0.107944576878429,-0.8298251825437993,0.808507211599097
283,張綬,Zhang Shou,1033,cluster1_song_and_before,宋,construction,将作/营缮,0,1,0,0,0,1,117.580116,28.953411,德興,0,0,0,0,1,0,0.0,1.3975995756472907e-33,0.0,-0.2777070288293577,-0.17812319241819308,-0.21135081309332437,-0.107944576878429,0.3310674088357331,-0.7982217104760739
295,張唐民,Zhang Tangmin,1004,cluster1_song_and_before,宋,hydraulic,水利/河道,0,1,0,0,0,1,118.478098,36.69748,益都,0,0,1,0,0,1,0.0,0.001147721362845738,0.0,0.0895713085213861,-0.17812319241819308,-0.1464276976456773,-0.107944576878429,0.5316375789126077,1.3801595427303213
299,張存,Zhang Cun,986,cluster1_song_and_before,宋,works_general,工部,0,1,0,0,0,1,115.563812,37.565983,信都,0,0,0,0,0,5,0.1,0.043329988960931244,0.00011418785465006564,1.5586846579243614,0.594562897854558,2.2396952044529366,0.2682083980341514,-0.1192873156539382,1.6244665928810267
301,張璪,Zhang Zao,1030,cluster1_song_and_before,宋,construction,将作/营缮,1,1,0,0,0,1,118.264374,32.098347,全椒,0,0,0,0,1,2,0.0,0.00594902883938974,0.00010464309049330284,0.45684964587212995,-0.17812319241819308,0.12516769971316252,0.23676642512549206,0.48390092157481046,0.08643848882404895
310,張洞,Zhang Dong,1019,cluster1_song_and_before,宋,works_general,工部,0,1,0,0,0,1,114.34333,34.785477,開封,0,0,0,0,0,1,0.0,0.008629479991307015,0.0,0.0895713085213861,-0.17812319241819308,0.276792689210804,-0.107944576878429,-0.3918899761925293,0.8423193593235898
315,張琬,Zhang Wan,1022,cluster1_song_and_before,宋,astronomical,天文/历算,0,0,0,0,0,1,110.437637,35.465939,韓城,1,0,0,0,0,1,0.0,0.005863433070140954,0.0,0.0895713085213861,-0.17812319241819308,0.12032580673402485,-0.107944576878429,-1.2642521274138891,1.0337310918790883
318,張昷之,Zhang Wenzhi,985,cluster1_song_and_before,宋,works_general,工部,0,1,0,0,0,1,119.437187,32.39127,廣陵,0,0,0,0,0,4,0.0,0.009270217682155685,0.00016381543800585778,1.1914063205736174,-0.17812319241819308,0.31303727646104434,0.43168955961837546,0.7458563982751986,0.16883676960292385
325,張宇,Zhang Yu,1081,cluster1_song_and_before,宋,construction,将作/营缮,0,1,0,0,0,1,119.952301,31.782784,武進,0,0,0,0,1,0,0.0,1.3975995756472907e-33,0.0,-0.2777070288293577,-0.17812319241819308,-0.21135081309332437,-0.107944576878429,0.8609104891021656,-0.002328349824414023
326,張友直,Zhang Youzhi,1002,cluster1_song_and_before,宋,works_general,工部,0,1,1,0,0,1,113.464426,31.640304,光化,0,0,0,0,0,3,0.0,0.009366443898487127,1.4693279474754067e-05,0.8241279832228736,-0.17812319241819308,0.3184805015801503,-0.05954257473390827,-0.5881989498259026,-0.04240750730052189
330,張雍,Zhang Yong,939,cluster1_song_and_before,宋,construction,将作/营缮,0,1,0,0,0,1,116.578407,37.332096,安德,0,0,0,0,1,0,0.0,1.3975995756472907e-33,0.0,-0.2777070288293577,-0.17812319241819308,-0.21135081309332437,-0.107944576878429,0.10732913290421416,1.5586749455999023
332,張詠,Zhang Yong,946,cluster1_song_and_before,宋,works_general,工部,0,1,0,0,0,1,115.5583,35.61019,鄄城,0,0,0,0,0,10,0.06666666666666667,0.07747446380881913,0.0012740170238930435,3.3950763446780803,0.3370008677636409,4.171144556369074,4.0888703566821505,-0.1205184570102938,1.074308425856392
334,章傑,Zhang Jie,1094,cluster1_song_and_before,宋,works_general,工部,0,1,0,0,0,1,118.536255,27.924686,浦城,0,0,0,0,0,0,0.0,1.3975995756472907e-33,0.0,-0.2777070288293577,-0.17812319241819308,-0.21135081309332437,-0.107944576878429,0.5446273263475893,-1.0875986846100525
345,章楶,Zhang Jie,1035,cluster1_song_and_before,宋,works_general,工部,0,1,1,0,0,1,118.536255,27.924686,浦城,0,0,0,0,0,2,0.0,0.0005219020299495762,5.178461945656837e-05,0.45684964587212995,-0.17812319241819308,-0.18182839864704742,0.06264220507835845,0.5446273263475893,-1.0875986846100525
348,趙昌言,Zhao Changyan,945,cluster1_song_and_before,宋,works_general,工部,1,1,0,0,0,1,111.782768,37.143234,孝義,0,0,0,0,0,2,0.0,0.0034582208547157553,8.47720948031559e-05,0.45684964587212995,-0.17812319241819308,-0.015729751168080185,0.1713082013395219,-0.9638082950813052,1.5055486833929066
371,趙令鑠,Zhao Lingshuo,1061,cluster1_song_and_before,宋,construction,将作/营缮,0,1,0,0,0,1,114.34333,34.785477,開封,0,0,0,0,1,0,0.0,1.3975995756472907e-33,0.0,-0.2777070288293577,-0.17812319241819308,-0.21135081309332437,-0.107944576878429,-0.3918899761925293,0.8423193593235898
373,趙霈,Zhao Pei,1082,cluster1_song_and_before,宋,works_general,工部,0,1,0,0,0,1,118.867645,28.956821,西安,0,0,0,0,0,1,0.0,0.007887579832314676,0.0,0.0895713085213861,-0.17812319241819308,0.23482564805243428,-0.107944576878429,0.6186454566238925,-0.7972624886414752
375,趙抃,Zhao Bian,1008,cluster1_song_and_before,宋,hydraulic,水利/河道,1,1,0,0,0,1,118.867645,28.956821,西安,0,0,1,0,0,11,0.09090909090909091,0.09059470788692396,0.0008100895773036345,3.7623546820288243,0.5243187078297624,4.913316958625385,2.5606194782240963,0.6186454566238925,-0.7972624886414752
380,趙不棄,Zhao Buqi,1086,cluster1_song_and_before,宋,works_general,工部,0,0,0,0,0,1,114.34333,34.785477,開封,0,0,0,0,0,0,0.0,1.3975995756472907e-33,0.0,-0.2777070288293577,-0.17812319241819308,-0.21135081309332437,-0.107944576878429,-0.3918899761925293,0.8423193593235898
383,趙不溢,Zhao Buyi,1090,cluster1_song_and_before,宋,military_industrial,军器/制造,0,0,0,0,0,1,120.932022,30.517859,海鹽,0,0,0,1,0,0,0.0,1.3975995756472907e-33,0.0,-0.2777070288293577,-0.17812319241819308,-0.21135081309332437,-0.107944576878429,1.0797376010018311,-0.3581476105660339
391,李秬,Li Ju (2),1043,cluster1_song_and_before,宋,construction,将作/营缮,0,0,0,0,0,1,103.696481,30.328339,依政,0,0,0,0,1,0,0.0,1.3975995756472907e-33,0.0,-0.2777070288293577,-0.17812319241819308,-0.21135081309332437,-0.107944576878429,-2.7699335391067104,-0.41145896601853305
402,趙揚,Zhao Yang,1027,cluster1_song_and_before,宋,works_general,工部,0,1,0,0,0,1,118.867645,28.956821,西安,0,0,0,0,0,2,0.0,0.011724827864314518,4.082491163507242e-06,0.45684964587212995,-0.17812319241819308,0.4518871274737829,-0.09449620094638597,0.6186454566238925,-0.7972624886414752
405,折彥質,She Yanzhi,1097,cluster1_song_and_before,宋,works_general,工部,0,1,0,0,0,1,113.025139,25.802719,郴縣,0,0,0,0,0,1,0.0,0.0027271380081698624,0.0,0.0895713085213861,-0.17812319241819308,-0.05708488977977909,-0.107944576878429,-0.6863165828102626,-1.6845010537292606
416,鄭驤,Zheng Xiang (2),997,cluster1_song_and_before,宋,works_general,工部,0,1,0,0,0,1,112.38263,34.665276,洛陽,0,0,0,0,0,0,0.0,1.3975995756472907e-33,0.0,-0.2777070288293577,-0.17812319241819308,-0.21135081309332437,-0.107944576878429,-0.8298251825437993,0.808507211599097
419,鄭鬲,Zheng Ge,1088,cluster1_song_and_before,宋,works_general,工部,0,1,0,0,0,1,119.517273,26.661217,寧德,0,0,0,0,0,0,0.0,1.3975995756472907e-33,0.0,-0.2777070288293577,-0.17812319241819308,-0.21135081309332437,-0.107944576878429,0.7637441317050204,-1.4430083773190705
420,李誡,Li Jie,1047,cluster1_song_and_before,宋,construction,将作/营缮,0,0,0,1,0,1,113.641312,34.758076,管城,0,0,0,0,1,0,0.0,1.3975995756472907e-33,0.0,-0.2777070288293577,-0.17812319241819308,-0.21135081309332437,-0.107944576878429,-0.5486903014295904,0.8346115477429978
423,鄭天益,Zheng Tianyi,962,cluster1_song_and_before,宋,works_general,工部,0,1,0,0,0,1,115.745026,29.330564,德安,0,0,0,0,0,0,0.0,1.3975995756472907e-33,0.0,-0.2777070288293577,-0.17812319241819308,-0.21135081309332437,-0.107944576878429,-0.07881198006780149,-0.6921298064924509
427,鄭望之,Zheng Wangzhi,1078,cluster1_song_and_before,宋,works_general,工部,0,1,0,0,0,1,117.96489,28.450691,上饒,0,0,0,0,0,0,0.0,1.3975995756472907e-33,0.0,-0.2777070288293577,-0.17812319241819308,-0.21135081309332437,-0.107944576878429,0.4170092056881845,-0.9396352004142342
434,賈安宅,Jia Anzhai,1079,cluster1_song_and_before,宋,works_general,工部,0,1,0,0,0,1,120.099312,30.864964,烏程,0,0,0,0,0,0,0.0,1.3975995756472907e-33,0.0,-0.2777070288293577,-0.17812319241819308,-0.21135081309332437,-0.107944576878429,0.8937463602812871,-0.2605081105959014
453,江嗣宗,Jiang Sizong,955,cluster1_song_and_before,宋,works_general,工部,0,1,0,0,0,1,118.169182,26.642174,劍浦,0,0,0,0,0,0,0.0,1.3975995756472907e-33,0.0,-0.2777070288293577,-0.17812319241819308,-0.21135081309332437,-0.107944576878429,0.4626391639561084,-1.448365110866358
456,姜詵,Jiang Shen,1111,cluster1_song_and_before,宋,works_general,工部,0,0,0,0,0,1,121.120598,28.843132,臨海,0,0,0,0,0,1,0.0,7.50330558788574e-25,0.0,0.0895713085213861,-0.17812319241819308,-0.21135081309332437,-0.107944576878429,1.1218572875795312,-0.8292428320882839
460,蔣及祖,Jiang Jizu,1091,cluster1_song_and_before,宋,construction,将作/营缮,0,1,0,0,0,1,119.814385,31.363638,宜興,0,0,0,0,1,0,0.0,1.3975995756472907e-33,0.0,-0.2777070288293577,-0.17812319241819308,-0.21135081309332437,-0.107944576878429,0.8301060458323416,-0.12023274720987676
487,周沆,Zhou Hang,999,cluster1_song_and_before,宋,works_general,工部,0,1,0,0,0,1,118.478098,36.69748,益都,0,0,0,0,0,2,0.0,0.031956853418235474,2.8028699211771168e-05,0.45684964587212995,-0.17812319241819308,1.5963514315276088,-0.015613578772304567,0.5316375789126077,1.3801595427303213
512,朱昂,Zhu Ang,925,cluster1_song_and_before,宋,works_general,工部,0,0,0,0,0,1,112.190773,30.350445,江陵,0,0,0,0,0,3,0.0,0.00019065544913588665,0.00015696463573995425,0.8241279832228736,-0.17812319241819308,-0.20056601276140282,0.4091219261274526,-0.872677701993456,-0.4052406206004612
513,朱昌符,Zhu Changfu,985,cluster1_song_and_before,宋,works_general,工部,0,1,0,0,0,1,103.831459,30.050497,眉山,0,0,0,0,0,1,0.0,0.0001966211531418219,0.0,0.0895713085213861,-0.17812319241819308,-0.2002285509850153,-0.107944576878429,-2.7397853174089097,-0.489615010877298
521,朱巽,Zhu Xun,970,cluster1_song_and_before,宋,works_general,工部,0,1,0,0,0,1,118.998154,32.690521,天長,0,0,0,0,0,2,0.0,0.004815482250252334,5.178461945656837e-05,0.45684964587212995,-0.17812319241819308,0.06104640820963764,0.06264220507835845,0.6477954978569724,0.253015096061955
530,朱壽隆,Zhu Shoulong,992,cluster1_song_and_before,宋,construction,将作/营缮,0,0,1,0,0,1,103.831459,30.050497,眉山,0,0,0,0,1,1,0.0,0.0001966211531418219,0.0,0.0895713085213861,-0.17812319241819308,-0.2002285509850153,-0.107944576878429,-2.7397853174089097,-0.489615010877298
531,朱台符,Zhu Taifu,962,cluster1_song_and_before,宋,works_general,工部,0,1,0,0,0,1,103.831459,30.050497,眉山,0,0,0,0,0,3,0.0,0.002258335131390423,0.00010464309049330284,0.8241279832228736,-0.17812319241819308,-0.08360364622766395,0.23676642512549206,-2.7397853174089097,-0.489615010877298
549,鍾浚,Zhong Jun,1031,cluster1_song_and_before,宋,construction,将作/营缮,0,0,0,0,0,0,,,,0,0,0,0,1,0,0.0,1.3975995756472907e-33,0.0,-0.2777070288293577,-0.17812319241819308,-0.21135081309332437,-0.107944576878429,-3.174087617753835e-15,-1.9987334503111837e-15
557,樊賓,Fan Bin,1086,cluster1_song_and_before,宋,works_general,工部,0,0,0,0,0,0,,,,0,0,0,0,0,0,0.0,1.3975995756472907e-33,0.0,-0.2777070288293577,-0.17812319241819308,-0.21135081309332437,-0.107944576878429,-3.174087617753835e-15,-1.9987334503111837e-15
559,范純仁,Fan Chunren,1027,cluster1_song_and_before,宋,hydraulic,水利/河道,0,1,1,0,0,1,112.38263,34.665276,洛陽,0,0,1,0,0,37,0.04804804804804805,0.26729716306795115,0.004487491523566426,13.311591453148164,0.19313739149664225,14.908838754225563,14.674567027857536,-0.8298251825437993,0.808507211599097
561,范純粹,Fan Chuncui,1046,cluster1_song_and_before,宋,construction,将作/营缮,0,0,1,0,0,1,112.38263,34.665276,洛陽,0,0,0,0,1,4,0.3333333333333333,0.03940206146703082,5.344852183099488e-06,1.1914063205736174,2.397497108490977,2.0175042629824502,-0.09033778274693319,-0.8298251825437993,0.808507211599097
562,范沖,Fan Chong,1067,cluster1_song_and_before,宋,works_general,工部,0,1,0,0,0,1,114.34333,34.785477,開封,0,0,0,0,0,1,0.0,0.026108982656436113,0.0,0.0895713085213861,-0.17812319241819308,1.2655551242689722,-0.107944576878429,-0.3918899761925293,0.8423193593235898
569,范諷,Fan Feng,966,cluster1_song_and_before,宋,construction,将作/营缮,0,1,1,0,0,1,117.00148773,36.650131226,歷城,0,0,0,0,1,1,0.0,3.184214381287576e-05,0.0,0.0895713085213861,-0.17812319241819308,-0.2095495996230635,-0.107944576878429,0.20182698917788935,1.3668404876387532
571,范祥,Fan Xiang,997,cluster1_song_and_before,宋,works_general,工部,0,1,0,0,0,1,108.32904,35.190163,三水,0,0,0,0,0,0,0.0,1.3975995756472907e-33,0.0,-0.2777070288293577,-0.17812319241819308,-0.21135081309332437,-0.107944576878429,-1.7352210988560626,0.9561562060555958
586,范子奇,Fan Ziqi,1039,cluster1_song_and_before,宋,construction,将作/营缮,0,0,1,0,0,1,112.38263,34.665276,洛陽,0,0,0,0,1,1,0.0,1.9073279924920832e-06,0.0,0.0895713085213861,-0.17812319241819308,-0.21124292133539277,-0.107944576878429,-0.8298251825437993,0.808507211599097
589,范子淵,Fan Ziyuan,1040,cluster1_song_and_before,宋,hydraulic,水利/河道,0,1,0,0,0,1,119.952301,31.782784,武進,0,0,1,0,0,2,0.0,0.0002478031601188994,0.0008205549656974845,0.45684964587212995,-0.17812319241819308,-0.19733334013037365,2.595094133957196,0.8609104891021656,-0.002328349824414023
593,范雍,Fan Yong,979,cluster1_song_and_before,宋,works_general,工部,0,1,0,0,0,1,112.38263,34.665276,洛陽,0,0,0,0,0,3,0.0,2.190700563521586e-05,0.0004379316583672757,0.8241279832228736,-0.17812319241819308,-0.21011160024775977,1.334672035966008,-0.8298251825437993,0.808507211599097
596,方仲荀,Fang Zhongxun,970,cluster1_song_and_before,宋,works_general,工部,0,1,0,0,0,1,118.433945,29.86577,歙縣,0,0,0,0,0,0,0.0,1.3975995756472907e-33,0.0,-0.2777070288293577,-0.17812319241819308,-0.21135081309332437,-0.107944576878429,0.521775716737858,-0.541578111123571
597,方偕,Fang Xie,992,cluster1_song_and_before,宋,works_general,工部,0,1,0,0,0,1,119.011101,25.433954,莆田,0,0,0,0,0,3,0.3333333333333333,0.0005769624720595647,5.232154524665142e-05,0.8241279832228736,2.397497108490977,-0.1787137964836426,0.06441092412353154,0.6506872952337401,-1.788233440777808
598,方略,Fang Lue,1076,cluster1_song_and_before,宋,hydraulic,水利/河道,0,1,0,0,0,1,119.011101,25.433954,莆田,0,0,1,0,0,0,0.0,1.3975995756472907e-33,0.0,-0.2777070288293577,-0.17812319241819308,-0.21135081309332437,-0.107944576878429,0.6506872952337401,-1.788233440777808
602,方澤,Fang Ze,1022,cluster1_song_and_before,宋,hydraulic,水利/河道,0,0,0,0,0,1,119.011101,25.433954,莆田,0,0,1,0,0,3,0.3333333333333333,0.006003705341194442,0.00015696463573995425,0.8241279832228736,2.397497108490977,0.12826058353832598,0.4091219261274526,0.6506872952337401,-1.788233440777808
606,馮拯,Feng Zheng,958,cluster1_song_and_before,宋,works_general,工部,1,1,0,0,0,1,112.785721,34.840869,河陽,0,0,0,0,0,0,0.0,1.3975995756472907e-33,0.0,-0.2777070288293577,-0.17812319241819308,-0.21135081309332437,-0.107944576878429,-0.7397921635896829,0.8579009475529307
621,傅求,Fu Qiu,1003,cluster1_song_and_before,宋,works_general,工部,0,1,0,0,0,1,115.193667,34.681436,考城,0,0,0,0,0,3,0.0,0.018758001326300143,1.4663171521888032e-05,0.8241279832228736,-0.17812319241819308,0.8497324124161638,-0.059641755124623136,-0.20196162939642254,0.8130529666862242
628,富弼,Fu Bi,1004,cluster1_song_and_before,宋,construction,将作/营缮,1,1,0,0,0,1,112.38263,34.665276,洛陽,0,0,0,0,1,14,0.13186813186813187,0.14889093048704657,0.0006405298859546391,4.864189694081055,0.8408035200293907,8.210957407388378,2.0020628565795113,-0.8298251825437993,0.808507211599097
629,富元衡,Fu Yuanheng,1094,cluster1_song_and_before,宋,works_general,工部,0,1,0,0,0,1,120.733788,31.646582,常熟,0,0,0,0,0,0,0.0,1.3975995756472907e-33,0.0,-0.2777070288293577,-0.17812319241819308,-0.21135081309332437,-0.107944576878429,1.0354607367717918,-0.040641526456649514
630,韓琦,Han Qi,1008,cluster1_song_and_before,宋,works_general,工部,1,1,0,0,0,1,114.345497,36.098343,安陽,0,0,0,0,0,31,0.03655913978494624,0.1502620605073384,0.002613144379761241,11.107921429043701,0.10436419542345785,8.28851807279276,8.500169091037964,-0.39140596252793847,1.211624266391446
631,韓跂,Han Qi (2),1052,cluster1_song_and_before,宋,works_general,工部,0,0,1,0,0,1,114.345497,36.098343,安陽,0,0,0,0,0,1,0.0,0.001266928058990407,0.0,0.0895713085213861,-0.17812319241819308,-0.13968453650354812,-0.107944576878429,-0.39140596252793847,1.211624266391446
634,韓縝,Han Zhen,1019,cluster1_song_and_before,宋,works_general,工部,1,1,1,0,0,1,114.76066,34.49547,雍邱,0,0,0,0,0,4,0.16666666666666666,0.013974634353002858,6.113953854301167e-05,1.1914063205736174,1.109686958036392,0.5791518548966624,0.09345879809708107,-0.29867658318667445,0.7607413397968225
636,韓絳,Han Jiang,1012,cluster1_song_and_before,宋,military_industrial,军器/制造,1,1,1,0,0,1,114.76066,34.49547,雍邱,0,0,0,1,0,9,0.19444444444444445,0.07858918505594976,0.0002588598830464952,3.0277980073273367,1.3243219831121562,4.2342009553891,0.7447810951456214,-0.29867658318667445,0.7607413397968225
642,韓琚,Han Ju (2),989,cluster1_song_and_before,宋,construction,将作/营缮,0,1,1,0,0,1,114.345497,36.098343,安陽,0,0,0,0,1,3,0.6666666666666666,0.015606744337692866,0.0,0.8241279832228736,4.973117409400148,0.6714753651052363,-0.107944576878429,-0.39140596252793847,1.211624266391446
646,韓肖胄,Han Xiaozhou,1089,cluster1_song_and_before,宋,works_general,工部,0,0,1,0,0,1,120.578262,30.004515,會稽,0,0,0,0,0,0,0.0,1.3975995756472907e-33,0.0,-0.2777070288293577,-0.17812319241819308,-0.21135081309332437,-0.107944576878429,1.0007229844879177,-0.5025495969179097
655,韓鐸,Han Duo,1010,cluster1_song_and_before,宋,works_general,工部,0,0,0,0,0,0,,,,0,0,0,0,0,1,0.0,0.0022905264844148973,0.0,0.0895713085213861,-0.17812319241819308,-0.08178267905176169,-0.107944576878429,-3.174087617753835e-15,-1.9987334503111837e-15
656,韓粹彥,Han Cuiyan,1065,cluster1_song_and_before,宋,works_general,工部,0,0,1,0,0,1,114.345497,36.098343,安陽,0,0,0,0,0,2,1.0,0.016620665741048826,0.0,0.45684964587212995,7.548737710309318,0.7288298227775267,-0.107944576878429,-0.39140596252793847,1.211624266391446
663,韓宗道,Han Zongdao,1027,cluster1_song_and_before,宋,construction,将作/营缮,0,1,1,0,0,1,114.76066,34.49547,雍邱,0,0,0,0,1,2,0.0,0.027257494107077333,7.5804645765347e-06,0.45684964587212995,-0.17812319241819308,1.3305229325861785,-0.08297331955494866,-0.29867658318667445,0.7607413397968225
664,韓宗彥,Han Zongyan,1012,cluster1_song_and_before,宋,construction,将作/营缮,0,1,1,0,0,1,114.76066,34.49547,雍邱,0,0,0,0,1,5,0.2,0.07289363602509652,0.00015327353389862049,1.5586846579243614,1.367248988127309,3.912021026324278,0.39696284894207345,-0.29867658318667445,0.7607413397968225
667,韓彥直,Han Yanzhi,1131,cluster1_song_and_before,宋,works_general,工部,0,1,0,0,0,1,120.618622,31.31271,吳縣,0,0,0,0,0,1,0.0,7.50330558788574e-25,0.0,0.0895713085213861,-0.17812319241819308,-0.21135081309332437,-0.107944576878429,1.0097376552322135,-0.1345586268557452
673,何昌言,He Changyan,1064,cluster1_song_and_before,宋,works_general,工部,0,1,0,0,0,1,115.393806,27.759735,新淦,0,0,0,0,0,0,0.0,1.3975995756472907e-33,0.0,-0.2777070288293577,-0.17812319241819308,-0.21135081309332437,-0.107944576878429,-0.1572592709204016,-1.1339988608091092
680,何俌,He Fu,1112,cluster1_song_and_before,宋,works_general,工部,0,1,0,0,0,1,120.618622,31.31271,吳縣,0,0,0,0,0,0,0.0,1.3975995756472907e-33,0.0,-0.2777070288293577,-0.17812319241819308,-0.21135081309332437,-0.107944576878429,1.0097376552322135,-0.1345586268557452
685,何郯,He Tan,1004,cluster1_song_and_before,宋,works_general,工部,0,1,0,0,0,1,104.077995,30.650385,成都,0,0,0,0,0,2,0.0,0.008958547066181443,1.383924320894049e-05,0.45684964587212995,-0.17812319241819308,0.29540701528653424,-0.06235590617842563,-2.6847198846384606,-0.32086848069743024
686,何琬,He Wan,1023,cluster1_song_and_before,宋,works_general,工部,0,1,0,0,0,1,119.12091,28.082565,龍泉,0,0,0,0,0,1,0.0,0.0010016991582969682,0.0,0.0895713085213861,-0.17812319241819308,-0.15468773074320002,-0.107944576878429,0.6752138556836949,-1.0431878388550666
690,侯陟,Hou Zhi,920,cluster1_song_and_before,宋,works_general,工部,0,0,0,0,0,1,117.864911,36.882379,長山,0,0,0,0,0,0,0.0,1.3975995756472907e-33,0.0,-0.2777070288293577,-0.17812319241819308,-0.21135081309332437,-0.107944576878429,0.3946782402188166,1.4321710260134135
694,侯叔獻,Hou Shuxian,1016,cluster1_song_and_before,宋,hydraulic,水利/河道,0,1,0,0,0,1,116.210182,27.546391,宜黃,0,0,1,0,0,0,0.0,1.3975995756472907e-33,0.0,-0.2777070288293577,-0.17812319241819308,-0.21135081309332437,-0.107944576878429,0.025083663756106184,-1.1940118294544122
698,夏安期,Xia Anqi,1015,cluster1_song_and_before,宋,construction,将作/营缮,0,1,1,0,0,1,114.34333,34.785477,開封,0,0,0,0,1,0,0.0,1.3975995756472907e-33,0.0,-0.2777070288293577,-0.17812319241819308,-0.21135081309332437,-0.107944576878429,-0.3918899761925293,0.8423193593235898
704,向傳式,Xiang Zhuanshi,978,cluster1_song_and_before,宋,works_general,工部,0,0,0,0,0,1,114.34333,34.785477,開封,0,0,0,0,0,1,0.0,7.50330558788574e-25,0.0,0.0895713085213861,-0.17812319241819308,-0.21135081309332437,-0.107944576878429,-0.3918899761925293,0.8423193593235898
709,向宗儒,Xiang Zongru,1025,cluster1_song_and_before,宋,construction,将作/营缮,0,0,0,0,0,1,114.34333,34.785477,開封,0,0,0,0,1,0,0.0,1.3975995756472907e-33,0.0,-0.2777070288293577,-0.17812319241819308,-0.21135081309332437,-0.107944576878429,-0.3918899761925293,0.8423193593235898
716,蕭振,Xiao Zhen,1086,cluster1_song_and_before,宋,works_general,工部,0,1,0,0,0,1,120.556442,27.675718,平陽,0,0,0,0,0,0,0.0,1.3975995756472907e-33,0.0,-0.2777070288293577,-0.17812319241819308,-0.21135081309332437,-0.107944576878429,0.9958493443580759,-1.157632567811286
718,蕭固,Xiao Gu,1002,cluster1_song_and_before,宋,works_general,工部,0,1,0,0,0,1,114.931137,27.804075,新喻,0,0,0,0,0,1,0.0,0.04305271222744958,0.0,0.0895713085213861,-0.17812319241819308,2.22401050086413,-0.107944576878429,-0.260599426980652,-1.1215261639920773
721,蕭倫,Xiao Lun,1094,cluster1_song_and_before,宋,hydraulic,水利/河道,0,1,0,0,0,1,119.011101,25.433954,莆田,0,0,1,0,0,0,0.0,1.3975995756472907e-33,0.0,-0.2777070288293577,-0.17812319241819308,-0.21135081309332437,-0.107944576878429,0.6506872952337401,-1.788233440777808
726,謝伋,Xie Ji,1101,cluster1_song_and_before,宋,works_general,工部,0,0,0,0,0,1,114.226669,33.264837,上蔡,0,0,0,0,0,0,0.0,1.3975995756472907e-33,0.0,-0.2777070288293577,-0.17812319241819308,-0.21135081309332437,-0.107944576878429,-0.41794697578866485,0.4145683063725154
728,謝景溫,Xie Jingwen,1019,cluster1_song_and_before,宋,construction,将作/营缮,0,1,0,0,0,1,120.637787,31.167065,吳江,0,0,0,0,1,3,0.3333333333333333,0.050151355412085236,0.0005194869744843224,0.8241279832228736,2.397497108490977,2.625559209389561,1.6033282329965513,1.0140182836963958,-0.17552808846865717
741,熊彥詩,Xiong Yanshi,1094,cluster1_song_and_before,宋,hydraulic,水利/河道,0,1,0,0,0,1,116.903259,28.40443,安仁,0,0,1,0,0,0,0.0,1.3975995756472907e-33,0.0,-0.2777070288293577,-0.17812319241819308,-0.21135081309332437,-0.107944576878429,0.1798869579940426,-0.9526482682413128
743,徐琛,Xu Chen,1102,cluster1_song_and_before,宋,military_industrial,军器/制造,0,1,0,0,0,1,114.559631,29.038708,分寧,0,0,0,1,0,0,0.0,1.3975995756472907e-33,0.0,-0.2777070288293577,-0.17812319241819308,-0.21135081309332437,-0.107944576878429,-0.3435777290007166,-0.7742279436650154
754,徐休復,Xu Xiufu,947,cluster1_song_and_before,宋,works_general,工部,0,1,0,0,0,1,115.5583,35.61019,鄄城,0,0,0,0,0,0,0.0,1.3975995756472907e-33,0.0,-0.2777070288293577,-0.17812319241819308,-0.21135081309332437,-0.107944576878429,-0.1205184570102938,1.074308425856392
770,徐的,Xu Di,989,cluster1_song_and_before,宋,works_general,工部,0,1,0,0,0,1,118.323784,27.038864,建安,0,0,0,0,0,1,0.0,0.04305271222744958,0.0,0.0895713085213861,-0.17812319241819308,2.22401050086413,-0.107944576878429,0.497170534778936,-1.3367775127529573
780,許幾,Xu Ji,1054,cluster1_song_and_before,宋,works_general,工部,0,1,0,0,0,1,117.202271,28.287901,貴溪,0,0,0,0,0,2,0.0,0.020970071718530936,2.8799579584019924e-05,0.45684964587212995,-0.17812319241819308,0.9748625233492166,-0.013074176081784537,0.2466732495845473,-0.9854274943890766
784,許驤,Xu Xiang,943,cluster1_song_and_before,宋,works_general,工部,0,1,0,0,0,1,115.646072,34.447662,宋城,0,0,0,0,0,0,0.0,1.3975995756472907e-33,0.0,-0.2777070288293577,-0.17812319241819308,-0.21135081309332437,-0.107944576878429,-0.10091400506360927,0.7472931059351041
793,許暘,Xu Yang,1087,cluster1_song_and_before,宋,works_general,工部,0,1,0,0,0,1,119.44429016,32.206489563,丹徒,0,0,0,0,0,0,0.0,1.3975995756472907e-33,0.0,-0.2777070288293577,-0.17812319241819308,-0.21135081309332437,-0.107944576878429,0.7474429356548823,0.11685863770351972
796,許尹,Xu Yin,1082,cluster1_song_and_before,宋,works_general,工部,0,1,0,0,0,1,117.124092,28.964994,樂平,0,0,0,0,0,0,0.0,1.3975995756472907e-33,0.0,-0.2777070288293577,-0.17812319241819308,-0.21135081309332437,-0.107944576878429,0.2292114571138315,-0.7949634505024227
797,許元,Xu Yuan,989,cluster1_song_and_before,宋,works_general,工部,0,1,1,0,0,1,118.7425,30.946941,宣城,0,0,0,0,0,2,0.0,0.01686689849334205,4.5646647100858584e-06,0.45684964587212995,-0.17812319241819308,0.7427584625342073,-0.09290784450930677,0.5906934999763558,-0.23744824891412958
805,薛良朋,Xue Liangpeng,1116,cluster1_song_and_before,宋,works_general,工部,0,1,0,0,0,1,120.630691,27.790512,瑞安,0,0,0,0,0,0,0.0,1.3975995756472907e-33,0.0,-0.2777070288293577,-0.17812319241819308,-0.21135081309332437,-0.107944576878429,1.0124333455496777,-1.1253413914825916
810,薛映,Xue Ying,950,cluster1_song_and_before,宋,works_general,工部,0,1,0,0,0,1,104.077995,30.650385,成都,0,0,0,0,0,1,0.0,7.50330558788574e-25,0.0,0.0895713085213861,-0.17812319241819308,-0.21135081309332437,-0.107944576878429,-2.6847198846384606,-0.32086848069743024
818,胡奕脩,Hu Yixiu,1058,cluster1_song_and_before,宋,construction,将作/营缮,0,0,1,0,0,1,119.952301,31.782784,武進,0,0,0,0,1,1,0.0,0.00662711023924432,0.0,0.0895713085213861,-0.17812319241819308,0.16352470728554666,-0.107944576878429,0.8609104891021656,-0.002328349824414023
826,胡松年,Hu Songnian,1087,cluster1_song_and_before,宋,works_general,工部,1,1,0,0,0,1,119.952301,31.782784,武進,0,0,0,0,0,0,0.0,1.3975995756472907e-33,0.0,-0.2777070288293577,-0.17812319241819308,-0.21135081309332437,-0.107944576878429,0.8609104891021656,-0.002328349824414023
828,胡旦,Hu Dan,948,cluster1_song_and_before,宋,works_general,工部,0,1,0,0,0,1,118.02375,37.36813,渤海,0,0,0,0,0,7,0.0,0.005153766379283666,0.0012138112350461255,2.293241332625849,-0.17812319241819308,0.08018211507559045,3.8905429018829656,0.4301559727845482,1.5688111918133645
830,胡宗回,Hu Zonghui,1045,cluster1_song_and_before,宋,construction,将作/营缮,0,1,0,0,0,1,119.952301,31.782784,武進,0,0,0,0,1,1,0.0,0.0012920949679572807,0.0,0.0895713085213861,-0.17812319241819308,-0.1382609208166661,-0.107944576878429,0.8609104891021656,-0.002328349824414023
832,胡宗炎,Hu Zongyan,1035,cluster1_song_and_before,宋,construction,将作/营缮,0,1,0,0,0,1,119.952301,31.782784,武進,0,0,0,0,1,2,0.0,0.014840693233276133,5.232154524665142e-05,0.45684964587212995,-0.17812319241819308,0.6281421782352714,0.06441092412353154,0.8609104891021656,-0.002328349824414023
840,黃震,Huang Zhen,959,cluster1_song_and_before,宋,works_general,工部,0,1,0,0,0,1,118.536255,27.924686,浦城,0,0,0,0,0,2,0.0,0.0002651818766537404,5.232154524665142e-05,0.45684964587212995,-0.17812319241819308,-0.1963502788609329,0.06441092412353154,0.5446273263475893,-1.0875986846100525
843,黃中,Huang Zhong,1096,cluster1_song_and_before,宋,works_general,工部,0,1,0,0,0,1,117.483398,27.337692,邵武,0,0,0,0,0,2,0.0,2.1262940533200443e-22,0.0,0.45684964587212995,-0.17812319241819308,-0.21135081309332437,-0.107944576878429,0.30946480910712254,-1.2527181748088918
846,黃然,Huang Ran,1105,cluster1_song_and_before,宋,military_industrial,军器/制造,0,0,0,0,0,1,114.559631,29.038708,分寧,0,0,0,1,0,0,0.0,1.3975995756472907e-33,0.0,-0.2777070288293577,-0.17812319241819308,-0.21135081309332437,-0.107944576878429,-0.3435777290007166,-0.7742279436650154
853,黃裳,Huang Shang,1044,cluster1_song_and_before,宋,works_general,工部,0,1,0,0,0,1,118.169182,26.642174,劍浦,0,0,0,0,0,1,0.0,0.005903589600171239,0.0,0.0895713085213861,-0.17812319241819308,0.12259733980775704,-0.107944576878429,0.4626391639561084,-1.448365110866358
859,黃祖舜,Huang Zushun,1094,cluster1_song_and_before,宋,works_general,工部,0,1,0,0,0,1,119.381439,25.727917,福清,0,0,0,0,0,0,0.0,1.3975995756472907e-33,0.0,-0.2777070288293577,-0.17812319241819308,-0.21135081309332437,-0.107944576878429,0.733404716792224,-1.705542611404217
861,黃宗旦,Huang Zongdan,968,cluster1_song_and_before,宋,works_general,工部,0,1,0,0,0,1,118.802818,25.022078,惠安,0,0,0,0,0,3,0.0,0.00414239060505557,5.57487154536852e-05,0.8241279832228736,-0.17812319241819308,0.022971655919930802,0.07570056848070204,0.604165920936571,-1.9040928109675153
874,任顓,Ren Zhuan,990,cluster1_song_and_before,宋,works_general,工部,0,1,0,0,0,1,118.73851,36.879799,壽光,0,0,0,0,0,5,0.0,0.0003657297007070917,0.00016978979500163345,1.5586846579243614,-0.17812319241819308,-0.19066259350423642,0.45137004283646975,0.5898023073036662,1.4314452804611366
875,任中正,Ren Zhongzheng,960,cluster1_song_and_before,宋,works_general,工部,1,1,0,0,0,1,115.282862,34.990951,濟陰,0,0,0,0,0,1,0.0,1.5959248592679233e-20,0.0,0.0895713085213861,-0.17812319241819308,-0.21135081309332437,-0.107944576878429,-0.18203934106547076,0.9001185227377246
882,任布,Ren Bu,975,cluster1_song_and_before,宋,works_general,工部,0,1,0,0,0,1,112.38263,34.665276,洛陽,0,0,0,0,0,1,0.0,7.50330558788574e-25,0.0,0.0895713085213861,-0.17812319241819308,-0.21135081309332437,-0.107944576878429,-0.8298251825437993,0.808507211599097
890,康戩,Kang Jian,943,cluster1_song_and_before,宋,works_general,工部,0,1,0,0,0,1,117.706978,29.854147,祁門,0,0,0,0,0,0,0.0,1.3975995756472907e-33,0.0,-0.2777070288293577,-0.17812319241819308,-0.21135081309332437,-0.107944576878429,0.3594028686960566,-0.5448476229662493
899,寇平,Kou Ping,1004,cluster1_song_and_before,宋,construction,将作/营缮,0,1,1,0,0,1,119.94828,36.788235,膠水,0,0,0,0,1,1,0.0,0.00036736681681518845,0.0,0.0895713085213861,-0.17812319241819308,-0.1905699868128147,-0.107944576878429,0.8600123723761278,1.4056886270701883
911,高若訥,Gao Ruona,997,cluster1_song_and_before,宋,military_industrial,军器/制造,1,1,0,0,0,1,112.744682,37.678467,榆次,0,0,0,1,0,4,0.16666666666666666,0.0700039673048132,0.00017080270523448386,1.1914063205736174,1.109686958036392,3.748561233725102,0.4547067304253004,-0.7489584934379253,1.656107973773379
913,高良夫,Gao Liangfu,980,cluster1_song_and_before,宋,works_general,工部,0,0,0,0,0,1,109.759888,34.519627,鄭縣,0,0,0,0,0,1,0.0,0.0029497844171839046,0.0,0.0895713085213861,-0.17812319241819308,-0.04449045790427381,-0.107944576878429,-1.4156318123067158,0.7675366247992821
924,高旦,Gao Dan,1030,cluster1_song_and_before,宋,construction,将作/营缮,0,1,0,0,0,1,114.34333,34.785477,祥符,0,0,0,0,1,1,0.0,0.008629479991307015,0.0,0.0895713085213861,-0.17812319241819308,0.276792689210804,-0.107944576878429,-0.3918899761925293,0.8423193593235898
933,耿琬,Geng Wan,1015,cluster1_song_and_before,宋,hydraulic,水利/河道,0,1,0,0,0,1,112.804997,34.720623,偃師,0,0,1,0,0,0,0.0,1.3975995756472907e-33,0.0,-0.2777070288293577,-0.17812319241819308,-0.21135081309332437,-0.107944576878429,-0.7354867425473871,0.8240761414757838
941,龔原,Gong Yuan,1033,cluster1_song_and_before,宋,works_general,工部,0,1,0,0,0,1,118.361122,31.714224,歷陽,0,0,0,0,0,2,0.0,0.04338155195085529,5.178461945656837e-05,0.45684964587212995,-0.17812319241819308,2.242611966357032,0.06264220507835845,0.5055102220002039,-0.021614053337622133
942,郭勸,Guo Quan,992,cluster1_song_and_before,宋,works_general,工部,0,1,0,0,0,1,116.282559,35.956072,須城,0,0,0,0,0,1,0.0,0.026108982656436113,0.0,0.0895713085213861,-0.17812319241819308,1.2655551242689722,-0.107944576878429,0.04124954146819237,1.1716038999310066
944,郭知章,Guo Zhizhang,1048,cluster1_song_and_before,宋,works_general,工部,0,1,0,0,0,1,114.505661,26.327883,泉江,0,0,0,0,0,0,0.0,1.3975995756472907e-33,0.0,-0.2777070288293577,-0.17812319241819308,-0.21135081309332437,-0.107944576878429,-0.3556322825207731,-1.536774140079746
948,郭孝友,Guo Xiaoyou,1077,cluster1_song_and_before,宋,works_general,工部,0,1,0,0,0,1,114.505661,26.327883,龍泉,0,0,0,0,0,0,0.0,1.3975995756472907e-33,0.0,-0.2777070288293577,-0.17812319241819308,-0.21135081309332437,-0.107944576878429,-0.3556322825207731,-1.536774140079746
953,郭茂恂,Guo Maoxun,1052,cluster1_song_and_before,宋,works_general,工部,0,0,0,0,0,1,116.282559,35.956072,須城,0,0,0,0,0,2,0.0,0.012013128521965595,5.640221851726034e-05,0.45684964587212995,-0.17812319241819308,0.46819542100759354,0.07785331162691135,0.04124954146819237,1.1716038999310066
960,郭大亨,Guo Daheng,1038,cluster1_song_and_before,宋,construction,将作/营缮,0,0,0,1,0,1,104.077995,30.650385,華陽,0,0,0,0,1,0,0.0,1.3975995756472907e-33,0.0,-0.2777070288293577,-0.17812319241819308,-0.21135081309332437,-0.107944576878429,-2.6847198846384606,-0.32086848069743024
962,來之邵,Lai Zhishao,1052,cluster1_song_and_before,宋,construction,将作/营缮,0,1,0,0,0,1,114.459076,34.475006,咸平,0,0,0,0,1,5,0.3,0.04861615446411143,0.00022622599233466307,1.5586846579243614,2.13993507840006,2.5387175493776644,0.637279862971271,-0.36603734784839964,0.7549848836023324
964,郎簡,Lang Jian,975,cluster1_song_and_before,宋,works_general,工部,0,1,0,0,0,1,119.71658,30.318827,臨安,0,0,0,0,0,1,0.0,0.04305271222744958,0.0,0.0895713085213861,-0.17812319241819308,2.22401050086413,-0.107944576878429,0.8082606575234775,-0.414134660473283
968,雷有終,Lei Youzhong,947,cluster1_song_and_before,宋,works_general,工部,0,0,1,0,0,1,110.151016,35.242584,郃陽,0,0,0,0,0,1,0.0,7.50330558788574e-25,0.0,0.0895713085213861,-0.17812319241819308,-0.21135081309332437,-0.107944576878429,-1.3282708078747485,0.9709020617129173
971,李常,Li Chang,1027,cluster1_song_and_before,宋,construction,将作/营缮,0,1,0,0,0,1,115.761818,29.087832,建昌,0,0,0,0,1,3,0.0,0.05495836371206674,0.0004962078435229289,0.8241279832228736,-0.17812319241819308,2.897477085034648,1.5266430689627535,-0.07506137671947961,-0.7604095233122902
985,李章,Li Zhang,1013,cluster1_song_and_before,宋,works_general,工部,0,1,0,0,0,1,112.58267212,35.092437744,濟源,0,0,0,0,0,1,0.0,0.0016256956437113086,0.0,0.0895713085213861,-0.17812319241819308,-0.1193901426935766,-0.107944576878429,-0.7851444628512698,0.9286664115257189
986,李昭遘,Li Zhaogou,996,cluster1_song_and_before,宋,works_general,工部,0,0,1,1,0,1,114.34333,34.785477,開封,0,0,0,0,0,3,0.0,0.0067409019834298,0.00020407821057964623,0.8241279832228736,-0.17812319241819308,0.1699615610236573,0.5643215433636841,-0.3918899761925293,0.8423193593235898
987,李昭述,Li Zhaoshu,991,cluster1_song_and_before,宋,works_general,工部,0,1,1,0,0,1,114.34333,34.785477,開封,0,0,0,0,0,1,0.0,7.50330558788574e-25,0.0,0.0895713085213861,-0.17812319241819308,-0.21135081309332437,-0.107944576878429,-0.3918899761925293,0.8423193593235898
1004,李梲,Li Jue,1088,cluster1_song_and_before,宋,works_general,工部,0,0,0,0,0,1,119.141106,33.502789,山陽,0,0,0,0,0,1,0.0,0.01837893233793975,0.0,0.0895713085213861,-0.17812319241819308,0.8282896297943225,-0.107944576878429,0.6797247647607948,0.4815034248435631
1005,李擢,Li Zhuo,1128,cluster1_song_and_before,宋,works_general,工部,0,1,0,0,0,1,121.120598,28.843132,臨海,0,0,0,0,0,1,0.0,7.50330558788574e-25,0.0,0.0895713085213861,-0.17812319241819308,-0.21135081309332437,-0.107944576878429,1.1218572875795312,-0.8292428320882839
1006,李周,Li Zhou,964,cluster1_song_and_before,宋,works_general,工部,0,1,0,0,0,1,109.9481,34.7968,馮翊,0,0,0,0,0,2,0.0,0.027388430871399846,2.5951459926583437e-05,0.45684964587212995,-0.17812319241819308,1.3379296280975126,-0.022456335728577744,-1.3735934275167005,0.8455044821485608
1007,李周士,Li Zhoushi,959,cluster1_song_and_before,宋,works_general,工部,0,1,0,0,0,1,112.38263,34.665276,洛陽,0,0,0,0,0,0,0.0,1.3975995756472907e-33,0.0,-0.2777070288293577,-0.17812319241819308,-0.21135081309332437,-0.107944576878429,-0.8298251825437993,0.808507211599097
1024,李復圭,Li Fugui,1012,cluster1_song_and_before,宋,works_general,工部,0,1,0,0,0,1,116.584183,34.703617,豐縣,0,0,0,0,0,2,0.0,0.044363016763746044,1.917758120957737e-05,0.45684964587212995,-0.17812319241819308,2.298130453176096,-0.044770570801190006,0.10861924039229687,0.8192924093587234
1025,李含章,Li Hanzhang,950,cluster1_song_and_before,宋,works_general,工部,0,1,0,0,0,1,118.7425,30.946941,宣城,0,0,0,0,0,1,0.0,1.503516943899234e-22,0.0,0.0895713085213861,-0.17812319241819308,-0.21135081309332437,-0.107944576878429,0.5906934999763558,-0.23744824891412958
1031,李欣,Li Xin,953,cluster1_song_and_before,宋,works_general,工部,0,1,0,0,0,1,119.011101,25.433954,莆田,0,0,0,0,0,0,0.0,1.3975995756472907e-33,0.0,-0.2777070288293577,-0.17812319241819308,-0.21135081309332437,-0.107944576878429,0.6506872952337401,-1.788233440777808
1036,李徽之,Li Huizhi,1027,cluster1_song_and_before,宋,works_general,工部,0,1,0,0,0,1,114.34333,34.785477,開封,0,0,0,0,0,2,0.0,0.026131621390992857,2.9344384727444366e-05,0.45684964587212995,-0.17812319241819308,1.2668357287996503,-0.011279501192105617,-0.3918899761925293,0.8423193593235898
1040,李誼,Li Yi,1094,cluster1_song_and_before,宋,works_general,工部,0,1,0,0,0,1,115.89772,28.674896,南昌,0,0,0,0,0,0,0.0,1.3975995756472907e-33,0.0,-0.2777070288293577,-0.17812319241819308,-0.21135081309332437,-0.107944576878429,-0.044706773560632615,-0.876567068031227
1048,李寬,Li Kuan,1006,cluster1_song_and_before,宋,construction,将作/营缮,0,0,1,0,0,1,115.89772,28.674896,南昌,0,0,0,0,1,3,0.6666666666666666,0.048760951478741224,4.3171219762641045e-05,0.8241279832228736,4.973117409400148,2.546908277198549,0.034268295007879604,-0.044706773560632615,-0.876567068031227
1056,李立之,Li Lizhi,1001,cluster1_song_and_before,宋,hydraulic,水利/河道,0,0,0,0,0,1,114.34333,34.785477,開封,0,0,1,0,0,0,0.0,1.3975995756472907e-33,0.0,-0.2777070288293577,-0.17812319241819308,-0.21135081309332437,-0.107944576878429,-0.3918899761925293,0.8423193593235898
1058,李良臣,Li Liangchen,1085,cluster1_song_and_before,宋,works_general,工部,0,1,0,0,0,1,104.197617,31.342484,綿竹,0,0,0,0,0,1,0.0,0.0027271380081698624,0.0,0.0895713085213861,-0.17812319241819308,-0.05708488977977909,-0.107944576878429,-2.6580015262694348,-0.12618329814509366
1063,李彌大,Li Mida,1080,cluster1_song_and_before,宋,works_general,工部,0,1,0,0,0,1,120.618622,31.31271,吳縣,0,0,0,0,0,0,0.0,1.3975995756472907e-33,0.0,-0.2777070288293577,-0.17812319241819308,-0.21135081309332437,-0.107944576878429,1.0097376552322135,-0.1345586268557452
1079,李士衡,Li Shiheng,959,cluster1_song_and_before,宋,works_general,工部,0,1,0,0,0,1,108.906976,34.246423,長安,0,0,0,0,0,3,0.0,5.098781071949047e-20,0.0,0.8241279832228736,-0.17812319241819308,-0.21135081309332437,-0.107944576878429,-1.6061353022437168,0.6906852341542608
1081,李士觀,Li Shiguan,1061,cluster1_song_and_before,宋,works_general,工部,0,1,0,0,0,1,106.259559,30.003943,石照,0,0,0,0,0,0,0.0,1.3975995756472907e-33,0.0,-0.2777070288293577,-0.17812319241819308,-0.21135081309332437,-0.107944576878429,-2.1974532551140533,-0.502710498645004
1086,李肅之,Li Suzhi,1006,cluster1_song_and_before,宋,construction,将作/营缮,0,0,1,0,0,1,115.5583,35.61019,鄄城,0,0,0,0,1,4,0.3333333333333333,0.018585113226766474,3.3100770850510524e-05,1.1914063205736174,2.397497108490977,0.8399526571472385,0.0010946328122664252,-0.1205184570102938,1.074308425856392
1089,李鞉,Li Tao,1073,cluster1_song_and_before,宋,construction,将作/营缮,0,1,0,0,0,1,119.947754,30.053434,富陽,0,0,0,0,1,0,0.0,1.3975995756472907e-33,0.0,-0.2777070288293577,-0.17812319241819308,-0.21135081309332437,-0.107944576878429,0.8598948868257947,-0.4887888423939508
1092,李大臨,Li Dalin,1008,cluster1_song_and_before,宋,works_general,工部,0,1,0,0,0,1,104.077995,30.650385,華陽,0,0,0,0,0,2,0.0,0.018352137593674368,1.2287067250850531e-05,0.45684964587212995,-0.17812319241819308,0.8267739324032604,-0.06746902093141383,-2.6847198846384606,-0.32086848069743024
1096,李迪,Li Di,971,cluster1_song_and_before,宋,construction,将作/营缮,1,1,0,0,0,1,114.34333,34.785477,開封,0,0,0,0,1,7,0.09523809523809523,0.032844149797776334,8.991655249174289e-05,2.293241332625849,0.557768322127284,1.6465430957677676,0.1882548640980448,-0.3918899761925293,0.8423193593235898
1107,李維,Li Wei (3),1077,cluster1_song_and_before,宋,works_general,工部,0,0,0,0,0,1,117.483398,27.337692,邵武,0,0,0,0,0,0,0.0,1.3975995756472907e-33,0.0,-0.2777070288293577,-0.17812319241819308,-0.21135081309332437,-0.107944576878429,0.30946480910712254,-1.2527181748088918
1108,李偉,Li Wei,1053,cluster1_song_and_before,宋,hydraulic,水利/河道,0,0,0,0,0,1,112.38263,34.665276,洛陽,0,0,1,0,0,1,0.0,7.50330558788574e-25,0.0,0.0895713085213861,-0.17812319241819308,-0.21135081309332437,-0.107944576878429,-0.8298251825437993,0.808507211599097
1115,李嚴老,Li Yanlao,1097,cluster1_song_and_before,宋,construction,将作/营缮,0,0,0,0,0,1,120.753204,30.767469,嘉興,0,0,0,0,1,0,0.0,1.3975995756472907e-33,0.0,-0.2777070288293577,-0.17812319241819308,-0.21135081309332437,-0.107944576878429,1.039797427732425,-0.2879331348669096
1123,李虞卿,Li Yuqing,967,cluster1_song_and_before,宋,construction,将作/营缮,0,0,1,0,0,1,115.701694,34.704596,楚丘,0,0,0,0,1,0,0.0,1.3975995756472907e-33,0.0,-0.2777070288293577,-0.17812319241819308,-0.21135081309332437,-0.107944576878429,-0.08849046650713949,0.8195677988531728
1130,李永德,Li Yongde,974,cluster1_song_and_before,宋,works_general,工部,0,0,0,0,0,1,116.121414,34.237991,下邑,0,0,0,0,0,0,0.0,1.3975995756472907e-33,0.0,-0.2777070288293577,-0.17812319241819308,-0.21135081309332437,-0.107944576878429,0.0052567486760885795,0.688313340163255
1136,梁弁,Liang Bian,1085,cluster1_song_and_before,宋,works_general,工部,0,1,0,0,0,1,118.867645,28.956821,西安,0,0,0,0,0,0,0.0,1.3975995756472907e-33,0.0,-0.2777070288293577,-0.17812319241819308,-0.21135081309332437,-0.107944576878429,0.6186454566238925,-0.7972624886414752
1144,廖剛,Liao Gang,1071,cluster1_song_and_before,宋,works_general,工部,0,1,0,0,0,1,117.806282,26.797091,順昌,0,0,0,0,0,2,1.0,0.0053390631445844414,0.0,0.45684964587212995,7.548737710309318,0.09066379092056184,-0.107944576878429,0.38158306848771373,-1.4047874660128608
1162,林乂,Lin Yi,1051,cluster1_song_and_before,宋,works_general,工部,0,0,1,0,0,1,118.18219,26.171848,尤溪,0,0,0,0,0,0,0.0,1.3975995756472907e-33,0.0,-0.2777070288293577,-0.17812319241819308,-0.21135081309332437,-0.107944576878429,0.4655445860830105,-1.5806662746725626
1163,林一飛,Lin Yifei,1113,cluster1_song_and_before,宋,works_general,工部,0,0,1,0,0,1,118.68367004,25.364557266,仙遊,0,0,0,0,0,0,0.0,1.3975995756472907e-33,0.0,-0.2777070288293577,-0.17812319241819308,-0.21135081309332437,-0.107944576878429,0.5775534425110413,-1.8077545148254894
1169,林特,Lin Te,965,cluster1_song_and_before,宋,works_general,工部,0,0,0,0,0,1,117.806282,26.797091,順昌,0,0,0,0,0,5,0.0,0.009851348889324598,0.00019591921668321328,1.5586846579243614,-0.17812319241819308,0.34591010576842113,0.5374445183434485,0.38158306848771373,-1.4047874660128608
1171,林旦,Lin Dan,1027,cluster1_song_and_before,宋,works_general,工部,0,1,0,0,0,1,119.381439,25.727917,福清,0,0,0,0,0,1,0.0,0.005903589600171239,0.0,0.0895713085213861,-0.17812319241819308,0.12259733980775704,-0.107944576878429,0.733404716792224,-1.705542611404217
1175,林英,Lin Ying,1016,cluster1_song_and_before,宋,works_general,工部,0,1,0,0,0,1,119.011101,25.433954,莆田,0,0,0,0,0,0,0.0,1.3975995756472907e-33,0.0,-0.2777070288293577,-0.17812319241819308,-0.21135081309332437,-0.107944576878429,0.6506872952337401,-1.788233440777808
1176,凌策,Ling Ce,957,cluster1_song_and_before,宋,works_general,工部,0,1,0,0,0,1,118.406586,30.68671,涇縣,0,0,0,0,0,0,0.0,1.3975995756472907e-33,0.0,-0.2777070288293577,-0.17812319241819308,-0.21135081309332437,-0.107944576878429,0.5156649046245516,-0.31065037713679233
1178,劉拯,Liu Zheng,1040,cluster1_song_and_before,宋,works_general,工部,0,1,0,0,0,1,118.332405,30.924437,南陵,0,0,0,0,0,0,0.0,1.3975995756472907e-33,0.0,-0.2777070288293577,-0.17812319241819308,-0.21135081309332437,-0.107944576878429,0.4990960916789974,-0.24377855042902466
1183,劉章,Liu Zhang,1100,cluster1_song_and_before,宋,works_general,工部,0,1,0,0,0,1,119.172379,29.034788,龍遊,0,0,0,0,0,1,0.0,0.0003748353261215973,0.0,0.0895713085213861,-0.17812319241819308,-0.19014751589990989,-0.107944576878429,0.6867097944482681,-0.7753306268297149
1195,劉奉世,Liu Fengshi,1041,cluster1_song_and_before,宋,military_industrial,军器/制造,0,1,0,0,0,1,114.34333,34.785477,開封,0,0,0,1,0,0,0.0,1.3975995756472907e-33,0.0,-0.2777070288293577,-0.17812319241819308,-0.21135081309332437,-0.107944576878429,-0.3918899761925293,0.8423193593235898
1201,劉彝,Liu Yi,1022,cluster1_song_and_before,宋,hydraulic,水利/河道,0,1,0,0,0,1,119.321577,26.073954,閩縣,0,0,1,0,0,2,0.0,0.04338155195085529,5.232154524665142e-05,0.45684964587212995,-0.17812319241819308,2.242611966357032,0.06441092412353154,0.7200341464231732,-1.6082035363371199
1204,劉璯,Liu Kuai,1015,cluster1_song_and_before,宋,hydraulic,水利/河道,0,0,0,0,0,1,114.23687,26.945564,永新,0,0,1,0,0,1,0.0,0.000562363237036834,0.0,0.0895713085213861,-0.17812319241819308,-0.17953963091655578,-0.107944576878429,-0.41566851552448003,-1.3630224972597011
1206,劉觀,Liu Guan (2),1076,cluster1_song_and_before,宋,works_general,工部,0,1,0,0,0,1,103.831459,30.050497,眉山,0,0,0,0,0,0,0.0,1.3975995756472907e-33,0.0,-0.2777070288293577,-0.17812319241819308,-0.21135081309332437,-0.107944576878429,-2.7397853174089097,-0.489615010877298
1207,劉立之,Liu Lizhi,978,cluster1_song_and_before,宋,works_general,工部,0,1,0,0,0,1,114.34333,34.785477,開封,0,0,0,0,0,3,0.0,0.0013120138243378162,1.1463766907498107e-05,0.8241279832228736,-0.17812319241819308,-0.1371341715426331,-0.0701811033533808,-0.3918899761925293,0.8423193593235898
1209,劉立德,Liu Lide,989,cluster1_song_and_before,宋,works_general,工部,0,1,0,0,0,1,114.34333,34.785477,開封,0,0,0,0,0,0,0.0,1.3975995756472907e-33,0.0,-0.2777070288293577,-0.17812319241819308,-0.21135081309332437,-0.107944576878429,-0.3918899761925293,0.8423193593235898
1221,劉保勳,Liu Baoxun,925,cluster1_song_and_before,宋,works_general,工部,0,0,0,0,0,1,112.38263,34.665276,洛陽,0,0,0,0,0,0,0.0,1.3975995756472907e-33,0.0,-0.2777070288293577,-0.17812319241819308,-0.21135081309332437,-0.107944576878429,-0.8298251825437993,0.808507211599097
1225,劉忱,Liu Chen,998,cluster1_song_and_before,宋,works_general,工部,0,0,0,0,0,1,112.38263,34.665276,洛陽,0,0,0,0,0,1,0.0,0.026108982656436113,0.0,0.0895713085213861,-0.17812319241819308,1.2655551242689722,-0.107944576878429,-0.8298251825437993,0.808507211599097
1229,劉師道,Liu Shidao,961,cluster1_song_and_before,宋,works_general,工部,0,1,1,0,0,1,114.859356,34.92438,東明,0,0,0,0,0,2,0.0,0.007558338252619077,4.679162583033866e-06,0.45684964587212995,-0.17812319241819308,0.21620145076839706,-0.09253067028475774,-0.27663218418323343,0.8813923184119096
1230,劉述,Liu Shu,1004,cluster1_song_and_before,宋,works_general,工部,1,1,0,0,0,1,119.901375,31.013893,長興,0,0,0,0,0,4,0.3333333333333333,0.053516171022512826,3.856018517536403e-05,1.1914063205736174,2.397497108490977,2.815896620025698,0.01907881287999155,0.8495358329494412,-0.21861487053582795
1232,劉隨,Liu Sui,971,cluster1_song_and_before,宋,works_general,工部,0,1,0,0,0,1,115.193667,34.681436,考城,0,0,0,0,0,2,0.0,0.0012808508137506199,7.103118384664448e-05,0.45684964587212995,-0.17812319241819308,-0.1388969685067258,0.12604345273608825,-0.20196162939642254,0.8130529666862242
1236,劉定,Liu Ding,1023,cluster1_song_and_before,宋,hydraulic,水利/河道,0,1,0,0,0,1,116.663833,28.994167,鄱陽,0,0,1,0,0,1,0.0,0.04305271222744958,0.0,0.0895713085213861,-0.17812319241819308,2.22401050086413,-0.107944576878429,0.126409590362144,-0.7867571811239099
1237,劉才邵,Liu Caishao,1086,cluster1_song_and_before,宋,works_general,工部,0,1,0,0,0,1,114.971275,27.103239,廬陵,0,0,0,0,0,1,0.0,0.006229044638128083,0.0,0.0895713085213861,-0.17812319241819308,0.14100734391354497,-0.107944576878429,-0.251634341392583,-1.318669036036756
1241,劉宗傑,Liu Zongjie,922,cluster1_song_and_before,宋,works_general,工部,0,0,0,0,0,1,113.051003,34.785107,鞏縣,0,0,0,0,0,1,0.0,0.0005917578872275715,0.0,0.0895713085213861,-0.17812319241819308,-0.1778768647350981,-0.107944576878429,-0.6805396887535132,0.8422152795350859
1243,劉度,Liu Du,1133,cluster1_song_and_before,宋,military_industrial,军器/制造,0,1,0,0,0,1,119.901375,31.013893,長興,0,0,0,1,0,1,0.0,1.503516943899234e-22,0.0,0.0895713085213861,-0.17812319241819308,-0.21135081309332437,-0.107944576878429,0.8495358329494412,-0.21861487053582795
1249,劉無極,Liu Wuji,1085,cluster1_song_and_before,宋,works_general,工部,0,1,0,0,0,1,119.44429016,32.206489563,丹徒,0,0,0,0,0,0,0.0,1.3975995756472907e-33,0.0,-0.2777070288293577,-0.17812319241819308,-0.21135081309332437,-0.107944576878429,0.7474429356548823,0.11685863770351972
1258,柳庭俊,Liu Tingjun,1063,cluster1_song_and_before,宋,works_general,工部,0,1,0,0,0,1,121.227638,31.009476,華亭,0,0,0,0,0,0,0.0,1.3975995756472907e-33,0.0,-0.2777070288293577,-0.17812319241819308,-0.21135081309332437,-0.107944576878429,1.1457653737160332,-0.2198573581731944
1274,盧士倫,Lu Shilun,985,cluster1_song_and_before,宋,works_general,工部,0,0,0,0,0,1,117.960956,36.635994,淄川,0,0,0,0,0,0,0.0,1.3975995756472907e-33,0.0,-0.2777070288293577,-0.17812319241819308,-0.21135081309332437,-0.107944576878429,0.41613052098283115,1.362863732254633
1302,呂和卿,Lv Heqing,1034,cluster1_song_and_before,宋,military_industrial,军器/制造,0,0,0,1,0,1,118.589905,24.909641,晉江,0,0,0,1,0,1,0.0,0.005903589600171239,0.0,0.0895713085213861,-0.17812319241819308,0.12259733980775704,-0.107944576878429,0.5566104057685858,-1.9357209709137615
1306,呂希道,Lv Xidao,1025,cluster1_song_and_before,宋,works_general,工部,0,1,0,0,0,1,114.34333,34.785477,開封,0,0,0,0,0,0,0.0,1.3975995756472907e-33,0.0,-0.2777070288293577,-0.17812319241819308,-0.21135081309332437,-0.107944576878429,-0.3918899761925293,0.8423193593235898
1309,呂惠卿,Lv Huiqing,1032,cluster1_song_and_before,宋,military_industrial,军器/制造,1,1,0,0,0,1,118.589905,24.909641,晉江,0,0,0,1,0,11,0.03636363636363636,0.06780700730202069,0.0013799991004438167,3.7623546820288243,0.1028535676809891,3.6242858716794686,4.437992191961007,0.5566104057685858,-1.9357209709137615
1314,呂公著,Lv Gongzhu,1018,cluster1_song_and_before,宋,works_general,工部,0,1,0,0,0,1,114.34333,34.785477,開封,0,0,0,0,0,13,0.2692307692307692,0.169164305915486,0.000756518122009536,4.496911356730312,1.9021855121622904,9.35776074839317,2.3841465745074495,-0.3918899761925293,0.8423193593235898
1315,呂公孺,Lv Gongru,1009,cluster1_song_and_before,宋,hydraulic,水利/河道,0,1,1,0,0,1,114.34333,34.785477,開封,0,0,1,0,0,4,0.3333333333333333,0.03163825174912858,1.0873769949661918e-05,1.1914063205736174,2.397497108490977,1.578329101705366,-0.07212464727545174,-0.3918899761925293,0.8423193593235898
1316,呂公弼,Lv Gongbi,1007,cluster1_song_and_before,宋,works_general,工部,0,1,1,0,0,1,114.34333,34.785477,開封,0,0,0,0,0,6,0.3333333333333333,0.08346979166163566,0.00015681935418308194,1.9259629952751052,2.397497108490977,4.510282063899479,0.4086433455464887,-0.3918899761925293,0.8423193593235898
1320,呂弸中,Lv Bengzhong,1090,cluster1_song_and_before,宋,construction,将作/营缮,0,0,1,0,0,1,119.649918,29.104712,金華,0,0,0,0,1,1,0.0,0.00017912287068410284,0.0,0.0895713085213861,-0.17812319241819308,-0.20121837573596466,-0.107944576878429,0.7933712625493429,-0.7556612345826669
1326,呂大忠,Lv Dazhong,1023,cluster1_song_and_before,宋,works_general,工部,0,1,0,0,0,1,109.321556,34.153698,藍田,0,0,0,0,0,1,0.0,0.04305271222744958,0.0,0.0895713085213861,-0.17812319241819308,2.22401050086413,-0.107944576878429,-1.5135361397766842,0.6646019952647872
1340,馬騏,Ma Qi,1105,cluster1_song_and_before,宋,military_industrial,军器/制造,0,1,0,0,0,1,103.923309,30.579893,雙流,0,0,0,1,0,0,0.0,1.3975995756472907e-33,0.0,-0.2777070288293577,-0.17812319241819308,-0.21135081309332437,-0.107944576878429,-2.7192700174122924,-0.3406976494846697
1346,馬仲甫,Ma Zhongfu,997,cluster1_song_and_before,宋,hydraulic,水利/河道,0,1,0,0,0,1,117.276459,31.864456,合肥,0,0,1,0,0,1,0.0,1.456260631037592e-06,0.0,0.0895713085213861,-0.17812319241819308,-0.21126843684754615,-0.107944576878429,0.26324362602601775,0.020645716356023556
1349,馬亮,Ma Liang,959,cluster1_song_and_before,宋,works_general,工部,0,1,0,0,0,1,117.276459,31.864456,合肥,0,0,0,0,0,2,0.0,1.6726215704189335e-05,5.232154524665142e-05,0.45684964587212995,-0.17812319241819308,-0.21040466181626458,0.06441092412353154,0.26324362602601775,0.020645716356023556
1361,梅詢,Mei Xun,964,cluster1_song_and_before,宋,works_general,工部,0,1,0,0,0,1,118.7425,30.946941,宣城,0,0,0,0,0,3,0.0,0.04575924501998722,0.00022794130077603538,0.8241279832228736,-0.17812319241819308,2.3771108496431057,0.6429303620991524,0.5906934999763558,-0.23744824891412958
1364,孟嵩,Meng Song,1134,cluster1_song_and_before,宋,military_industrial,军器/制造,0,0,1,0,0,1,120.618622,31.31271,長洲,0,0,0,1,0,1,0.0,7.50330558788574e-25,0.0,0.0895713085213861,-0.17812319241819308,-0.21135081309332437,-0.107944576878429,1.0097376552322135,-0.1345586268557452
1366,米友仁,Mi Youren,1072,cluster1_song_and_before,宋,construction,将作/营缮,0,0,0,0,0,1,120.618622,31.31271,吳縣,0,0,0,0,1,3,0.0,0.021541860808553717,6.531077904046297e-05,0.8241279832228736,-0.17812319241819308,1.0072068974324964,0.10719952846635276,1.0097376552322135,-0.1345586268557452
1369,莫將,Mo Jiang,1083,cluster1_song_and_before,宋,works_general,工部,0,1,0,0,0,1,107.9395,35.5011,定安,0,0,0,0,0,0,0.0,1.3975995756472907e-33,0.0,-0.2777070288293577,-0.17812319241819308,-0.21135081309332437,-0.107944576878429,-1.8222274130714344,1.043621766051025
1371,莫濛,Mo Meng,1196,cluster1_song_and_before,宋,works_general,工部,0,0,1,0,0,1,120.099312,30.864964,歸安,0,0,0,0,0,0,0.0,1.3975995756472907e-33,0.0,-0.2777070288293577,-0.17812319241819308,-0.21135081309332437,-0.107944576878429,0.8937463602812871,-0.2605081105959014
1385,歐陽載,Ouyang Zai,959,cluster1_song_and_before,宋,works_general,工部,0,1,0,0,0,1,115.432716,27.322115,永豐,0,0,0,0,0,0,0.0,1.3975995756472907e-33,0.0,-0.2777070288293577,-0.17812319241819308,-0.21135081309332437,-0.107944576878429,-0.14856846718748548,-1.257099933904943
1386,潘景珪,Pan Jinggui,1131,cluster1_song_and_before,宋,works_general,工部,0,0,0,0,0,1,119.649918,29.104712,金華,0,0,0,0,0,0,0.0,1.3975995756472907e-33,0.0,-0.2777070288293577,-0.17812319241819308,-0.21135081309332437,-0.107944576878429,0.7933712625493429,-0.7556612345826669
1387,潘汝士,Pan Rushi,967,cluster1_song_and_before,宋,works_general,工部,0,0,1,0,0,1,115.89772,28.674896,新建,0,0,0,0,0,0,0.0,1.3975995756472907e-33,0.0,-0.2777070288293577,-0.17812319241819308,-0.21135081309332437,-0.107944576878429,-0.044706773560632615,-0.876567068031227
1388,潘良貴,Pan Lianggui,1094,cluster1_song_and_before,宋,works_general,工部,0,1,0,0,0,1,119.649918,29.104712,金華,0,0,0,0,0,0,0.0,1.3975995756472907e-33,0.0,-0.2777070288293577,-0.17812319241819308,-0.21135081309332437,-0.107944576878429,0.7933712625493429,-0.7556612345826669
1391,龐籍,Pang Ji,988,cluster1_song_and_before,宋,works_general,工部,1,1,0,0,0,1,115.875175,34.962231,成武,0,0,0,0,0,7,0.09523809523809523,0.033880463161310596,0.00015148075607941986,2.293241332625849,0.557768322127284,1.7051641986928312,0.3910571533484728,-0.04974234719616735,0.8920396807759489
1392,龐寅孫,Pang Yinsun,1048,cluster1_song_and_before,宋,construction,将作/营缮,0,0,0,0,0,1,115.875175,34.962231,成武,0,0,0,0,1,1,0.0,0.0029497844171839046,0.0,0.0895713085213861,-0.17812319241819308,-0.04449045790427381,-0.107944576878429,-0.04974234719616735,0.8920396807759489
1393,龐元英,Pang Yuanying,1018,cluster1_song_and_before,宋,works_general,工部,0,1,0,0,0,1,115.875175,34.962231,成武,0,0,0,0,0,2,0.0,0.008219069076465527,3.752215135086337e-06,0.45684964587212995,-0.17812319241819308,0.2535769888955616,-0.09558418277259294,-0.04974234719616735,0.8920396807759489
1405,皮公弼,Pi Gongbi,1016,cluster1_song_and_before,宋,works_general,工部,0,0,0,0,0,1,112.38263,34.665276,洛陽,0,0,0,0,0,2,0.0,0.026308406343819927,5.232154524665142e-05,0.45684964587212995,-0.17812319241819308,1.2768359172367991,0.06441092412353154,-0.8298251825437993,0.808507211599097
1406,皮彥仲,Pi Yanzhong,1046,cluster1_song_and_before,宋,construction,将作/营缮,0,0,0,0,0,1,112.38263,34.665276,洛陽,0,0,0,0,1,1,0.0,0.0022905264844148973,0.0,0.0895713085213861,-0.17812319241819308,-0.08178267905176169,-0.107944576878429,-0.8298251825437993,0.808507211599097
1408,蒲宗孟,Pu Zongmeng,1023,cluster1_song_and_before,宋,hydraulic,水利/河道,0,1,0,0,0,1,106.058586,31.359615,南部,0,0,1,0,0,3,0.0,0.033624760574795534,0.00039278952897087453,0.8241279832228736,-0.17812319241819308,1.6906998791445589,1.1859666739256924,-2.242341892960756,-0.12136440393732192
1414,鮑由,Bao You,1061,cluster1_song_and_before,宋,works_general,工部,0,1,0,0,0,1,119.12091,28.082565,劍川,0,0,0,0,0,1,0.0,0.04305271222744958,0.0,0.0895713085213861,-0.17812319241819308,2.22401050086413,-0.107944576878429,0.6752138556836949,-1.0431878388550666
1443,沈起,Shen Qi,1017,cluster1_song_and_before,宋,works_general,工部,0,1,0,0,0,1,121.542656,29.866316,鄞縣,0,0,0,0,0,2,0.0,0.04466490054563777,0.0002089170100588224,0.45684964587212995,-0.17812319241819308,2.315207102838636,0.5802613193116205,1.2161267103990354,-0.541424523111345
1446,沈繼宗,Shen Jizong,958,cluster1_song_and_before,宋,works_general,工部,0,0,1,0,0,1,114.856377,34.063873,太康,0,0,0,0,0,3,0.0,2.9488847609843456e-20,0.0,0.8241279832228736,-0.17812319241819308,-0.21135081309332437,-0.107944576878429,-0.27729756337419836,0.6393345168798117
1448,沈該,Shen Gai,1103,cluster1_song_and_before,宋,military_industrial,军器/制造,1,1,0,0,0,1,120.099312,30.864964,歸安,0,0,0,1,0,0,0.0,1.3975995756472907e-33,0.0,-0.2777070288293577,-0.17812319241819308,-0.21135081309332437,-0.107944576878429,0.8937463602812871,-0.2605081105959014
1450,沈括,Shen Kuo,1029,cluster1_song_and_before,宋,military_industrial,军器/制造,0,1,1,0,0,1,120.618622,31.31271,吳縣,0,0,0,1,0,11,0.0,0.018517293833604797,0.001205328611712578,3.7623546820288243,-0.17812319241819308,0.8361163198319622,3.8625997899665974,1.0097376552322135,-0.1345586268557452
1452,沈立,Shen Li,1000,cluster1_song_and_before,宋,hydraulic,水利/河道,0,1,0,0,0,1,118.361122,31.714224,歷陽,0,0,1,0,0,0,0.0,1.3975995756472907e-33,0.0,-0.2777070288293577,-0.17812319241819308,-0.21135081309332437,-0.107944576878429,0.5055102220002039,-0.021614053337622133
1453,沈遼,Shen Liao,1032,cluster1_song_and_before,宋,construction,将作/营缮,0,0,1,0,0,1,120.168625,30.294125,錢塘,0,0,0,0,1,5,0.2,0.05862815015864416,0.00035926021735292507,1.5586846579243614,1.367248988127309,3.1050657706269535,1.0755157827121462,0.9092278734948482,-0.4210832521912416
1455,沈邈,Shen Miao,1001,cluster1_song_and_before,宋,works_general,工部,0,1,0,0,0,1,117.421311,28.401876,弋陽,0,0,0,0,0,2,0.0,2.1262940533200443e-22,0.0,0.45684964587212995,-0.17812319241819308,-0.21135081309332437,-0.107944576878429,0.2955972703930268,-0.9533667000787214
1462,師頏,Shi Hang,936,cluster1_song_and_before,宋,works_general,工部,0,1,0,0,0,1,114.745884,35.921836,內黃,0,0,0,0,0,1,0.0,7.50330558788574e-25,0.0,0.0895713085213861,-0.17812319241819308,-0.21135081309332437,-0.107944576878429,-0.30197689971089814,1.1619734252303326
1464,施昌言,Shi Changyan,1001,cluster1_song_and_before,宋,construction,将作/营缮,0,1,0,0,0,1,120.618622,31.31271,吳縣,0,0,0,0,1,2,0.0,0.01288651161613898,3.1189353191456264e-06,0.45684964587212995,-0.17812319241819308,0.517600052905748,-0.0976703073210241,1.0097376552322135,-0.1345586268557452
1473,時彥,Shi Yan,1044,cluster1_song_and_before,宋,works_general,工部,0,1,0,0,0,1,114.34333,34.785477,開封,0,0,0,0,0,0,0.0,1.3975995756472907e-33,0.0,-0.2777070288293577,-0.17812319241819308,-0.21135081309332437,-0.107944576878429,-0.3918899761925293,0.8423193593235898
1477,孫全照,Sun Quanzhao,952,cluster1_song_and_before,宋,works_general,工部,0,0,1,0,0,1,115.34796,38.83195,寶塞,0,0,0,0,0,0,0.0,1.3975995756472907e-33,0.0,-0.2777070288293577,-0.17812319241819308,-0.21135081309332437,-0.107944576878429,-0.16749927575050272,1.9805789648108136
1486,司馬池,Sima Chi,980,cluster1_song_and_before,宋,works_general,工部,0,1,0,0,0,1,111.220055,35.137451,夏縣,0,0,0,0,0,3,0.3333333333333333,0.033605539510985265,1.0375608867089386e-05,0.8241279832228736,2.397497108490977,1.689612601879207,-0.07376566920172911,-1.0894939347873003,0.9413284930510998
1488,司馬光,Sima Guang,1019,cluster1_song_and_before,宋,construction,将作/营缮,1,1,1,0,0,1,111.220055,35.137451,夏縣,0,0,0,0,1,45,0.045454545454545456,0.29988105820664757,0.0061719222617385465,16.249818151954116,0.17309775770578467,16.75201084660383,20.22335008485906,-1.0894939347873003,0.9413284930510998
1489,蘇安世,Su Anshi,996,cluster1_song_and_before,宋,works_general,工部,0,1,0,0,0,1,114.34333,34.785477,開封,0,0,0,0,0,2,0.0,0.04407352245650082,0.0001142099246062944,0.45684964587212995,-0.17812319241819308,2.281754638506134,0.26828109998408367,-0.3918899761925293,0.8423193593235898
1490,蘇耆,Su Qi,987,cluster1_song_and_before,宋,works_general,工部,0,1,1,0,0,1,114.34333,34.785477,開封,0,0,0,0,0,1,0.0,0.003009510607896698,0.0,0.0895713085213861,-0.17812319241819308,-0.04111192849772827,-0.107944576878429,-0.3918899761925293,0.8423193593235898
1491,蘇遲,Su Chi,1092,cluster1_song_and_before,宋,works_general,工部,0,0,0,1,0,1,119.649918,29.104712,金華,0,0,0,0,0,2,0.0,2.1262940533200443e-22,0.0,0.45684964587212995,-0.17812319241819308,-0.21135081309332437,-0.107944576878429,0.7933712625493429,-0.7556612345826669
1496,蘇籀,Su Zhou,1091,cluster1_song_and_before,宋,construction,将作/营缮,0,0,1,0,0,1,119.649918,29.104712,金華,0,0,0,0,1,1,0.0,1.503516943899234e-22,0.0,0.0895713085213861,-0.17812319241819308,-0.21135081309332437,-0.107944576878429,0.7933712625493429,-0.7556612345826669
1497,蘇涓,Su Juan,1036,cluster1_song_and_before,宋,works_general,工部,0,0,0,0,0,1,114.34333,34.785477,開封,0,0,0,0,0,0,0.0,1.3975995756472907e-33,0.0,-0.2777070288293577,-0.17812319241819308,-0.21135081309332437,-0.107944576878429,-0.3918899761925293,0.8423193593235898
1501,蘇澥,Su Xie,1036,cluster1_song_and_before,宋,works_general,工部,0,0,1,0,0,1,114.34333,34.785477,開封,0,0,0,0,0,0,0.0,1.3975995756472907e-33,0.0,-0.2777070288293577,-0.17812319241819308,-0.21135081309332437,-0.107944576878429,-0.3918899761925293,0.8423193593235898
1502,蘇液,Su Ye,1038,cluster1_song_and_before,宋,hydraulic,水利/河道,0,0,0,0,0,1,114.34333,34.785477,開封,0,0,1,0,0,2,0.0,0.008165149169011954,3.808268475829238e-05,0.45684964587212995,-0.17812319241819308,0.25052690331742516,0.017505850475592815,-0.3918899761925293,0.8423193593235898
1510,孫昌齡,Sun Changling,1016,cluster1_song_and_before,宋,works_general,工部,0,1,0,0,0,1,119.952301,31.782784,武進,0,0,0,0,0,0,0.0,1.3975995756472907e-33,0.0,-0.2777070288293577,-0.17812319241819308,-0.21135081309332437,-0.107944576878429,0.8609104891021656,-0.002328349824414023
1531,孫抗,Sun Kang,998,cluster1_song_and_before,宋,works_general,工部,0,1,0,0,0,1,117.930214,29.933117,黟縣,0,0,0,0,0,2,1.0,0.05039971169785793,0.0,0.45684964587212995,7.548737710309318,2.6396079709926306,-0.107944576878429,0.40926409362849536,-0.5226336205386231
1532,孫固,Sun Gu,1016,cluster1_song_and_before,宋,works_general,工部,1,1,0,0,0,1,113.641312,34.758076,管城,0,0,0,0,0,1,0.0,0.0012920949679572807,0.0,0.0895713085213861,-0.17812319241819308,-0.1382609208166661,-0.107944576878429,-0.5486903014295904,0.8346115477429978
1537,孫冕,Sun Mian,955,cluster1_song_and_before,宋,works_general,工部,0,1,0,0,0,1,115.393806,27.759735,新淦,0,0,0,0,0,2,0.0,0.0016245023129706113,5.232154524665142e-05,0.45684964587212995,-0.17812319241819308,-0.11945764579315596,0.06441092412353154,-0.1572592709204016,-1.1339988608091092
1538,孫樸,Sun Piao,1046,cluster1_song_and_before,宋,works_general,工部,0,0,0,0,0,1,113.641312,34.758076,管城,0,0,0,0,0,2,0.0,0.014840693233276137,5.178461945656837e-05,0.45684964587212995,-0.17812319241819308,0.6281421782352716,0.06264220507835845,-0.5486903014295904,0.8346115477429978
1552,孫瑜,Sun Yu,992,cluster1_song_and_before,宋,works_general,工部,0,0,1,0,0,1,116.282559,35.956072,須城,0,0,0,0,0,1,0.0,0.001692639007154933,0.0,0.0895713085213861,-0.17812319241819308,-0.11560335972168172,-0.107944576878429,0.04124954146819237,1.1716038999310066
1555,孫永,Sun Yong,1020,cluster1_song_and_before,宋,works_general,工部,0,1,0,0,0,1,113.819748,34.031391,長社,0,0,0,0,0,3,0.6666666666666666,0.0476531948697662,3.4431758267008796e-05,0.8241279832228736,4.973117409400148,2.484245846629113,0.005479117290246301,-0.5088354503659407,0.6301974366359949
1558,宋祁,Song Qi,998,cluster1_song_and_before,宋,works_general,工部,0,1,0,0,0,1,114.76066,34.49547,雍邱,0,0,0,0,0,18,0.05228758169934641,0.09402525040244165,0.0007268327680803992,6.333303043484031,0.22589567831265714,5.107372340874947,2.2863582919795298,-0.29867658318667445,0.7607413397968225
1571,宋敏求,Song Minqiu,1019,cluster1_song_and_before,宋,works_general,工部,0,1,1,0,0,1,114.772179,37.752926,平棘,0,0,0,0,0,6,0.3333333333333333,0.1101953149349307,0.0004283488510911238,1.9259629952751052,2.397497108490977,6.022063833447428,1.3031047429646208,-0.29610373897697534,1.6770530466714257
1579,宋璫,Song Dang,933,cluster1_song_and_before,宋,works_general,工部,0,1,0,0,0,1,109.501236,34.502998,渭南,0,0,0,0,0,0,0.0,1.3975995756472907e-33,0.0,-0.2777070288293577,-0.17812319241819308,-0.21135081309332437,-0.107944576878429,-1.473403433152928,0.7628589415478062
1591,湯東野,Tang Dongye,1072,cluster1_song_and_before,宋,works_general,工部,0,1,0,0,0,1,119.569855,31.995802,丹陽,0,0,0,0,0,1,0.0,0.0029996363525039704,0.0,0.0895713085213861,-0.17812319241819308,-0.04167048516799193,-0.107944576878429,0.775488666320394,0.05759291608831527
1595,唐詢,Tang Xun,1005,cluster1_song_and_before,宋,construction,将作/营缮,0,1,1,0,0,1,120.168625,30.294125,錢塘,0,0,0,0,1,2,0.0,0.0053481045856362975,9.282199002674335e-05,0.45684964587212995,-0.17812319241819308,0.09117523781022094,0.19782583796004008,0.9092278734948482,-0.4210832521912416
1600,唐肅,Tang Su,967,cluster1_song_and_before,宋,works_general,工部,0,1,0,0,0,1,120.168625,30.294125,錢塘,0,0,0,0,0,3,0.0,0.00279874575285362,0.0003914942405382877,0.8241279832228736,-0.17812319241819308,-0.05303425691230139,1.1816997875849296,0.9092278734948482,-0.4210832521912416
1602,唐堯封,Tang Yaofeng,1102,cluster1_song_and_before,宋,military_industrial,军器/制造,0,1,0,0,0,1,119.649918,29.104712,金華,0,0,0,1,0,0,0.0,1.3975995756472907e-33,0.0,-0.2777070288293577,-0.17812319241819308,-0.21135081309332437,-0.107944576878429,0.7933712625493429,-0.7556612345826669
1608,滕茂實,Teng Maoshi,1065,cluster1_song_and_before,宋,works_general,工部,0,1,0,0,0,1,120.227981,29.260567,東陽,0,0,0,0,0,0,0.0,1.3975995756472907e-33,0.0,-0.2777070288293577,-0.17812319241819308,-0.21135081309332437,-0.107944576878429,0.9224854254447556,-0.7118197334004733
1615,田錫,Tian Xi,940,cluster1_song_and_before,宋,works_general,工部,0,1,0,0,0,1,108.94420624,34.266605377,京兆府,0,0,0,0,0,6,0.13333333333333333,0.03924637621314762,0.001425282182223661,1.9259629952751052,0.8521249279454749,2.0086976205006075,4.587161873595693,-1.5978196839253065,0.6963624707209725
1617,田況,Tian Kuang,1005,cluster1_song_and_before,宋,military_industrial,军器/制造,0,1,0,0,0,1,114.34333,34.785477,開封,0,0,0,1,0,4,0.16666666666666666,0.07621739092251328,4.139734064981379e-05,1.1914063205736174,1.109686958036392,4.100035756998656,0.02842485476224155,-0.3918899761925293,0.8423193593235898
1634,刁湛,Diao Zhan,971,cluster1_song_and_before,宋,works_general,工部,0,1,0,0,0,1,119.569855,31.995802,丹陽,0,0,0,0,0,4,0.0,0.03604747921137985,3.208431988891118e-05,1.1914063205736174,-0.17812319241819308,1.8277457221792597,-0.002253718500839951,0.775488666320394,0.05759291608831527
1635,刁約,Diao Yue,1004,cluster1_song_and_before,宋,works_general,工部,0,1,0,0,0,1,119.569855,31.995802,丹陽,0,0,0,0,0,4,0.16666666666666666,0.07598810181639344,0.00012706289863298982,1.1914063205736174,1.109686958036392,4.0870655679010195,0.3106208429579029,0.775488666320394,0.05759291608831527
1637,丁婁明,Ding Louming,1108,cluster1_song_and_before,宋,works_general,工部,0,1,0,0,0,1,119.952301,31.782784,武進,0,0,0,0,0,0,0.0,1.3975995756472907e-33,0.0,-0.2777070288293577,-0.17812319241819308,-0.21135081309332437,-0.107944576878429,0.8609104891021656,-0.002328349824414023
1653,蔡抗,Cai Kang,1008,cluster1_song_and_before,宋,works_general,工部,0,1,0,0,0,1,115.646072,34.447662,宋城,0,0,0,0,0,4,0.16666666666666666,0.020469253252152854,9.624782750683813e-05,1.1914063205736174,1.109686958036392,0.9465327421291837,0.2091110921024685,-0.10091400506360927,0.7472931059351041
1658,蔡碩,Cai Shuo,1035,cluster1_song_and_before,宋,military_industrial,军器/制造,0,1,0,0,0,1,118.589905,24.909641,晉江,0,0,0,1,0,2,0.0,0.0040158713009806795,5.232154524665142e-05,0.45684964587212995,-0.17812319241819308,0.01581484273276169,0.06441092412353154,0.5566104057685858,-1.9357209709137615
1661,蔡挺,Cai Ting,1014,cluster1_song_and_before,宋,works_general,工部,0,1,0,0,0,1,115.646072,34.447662,宋城,0,0,0,0,0,4,0.5,0.0432099704958279,2.5432655711149287e-05,1.1914063205736174,3.685307258945562,2.2329061240036245,-0.024165359421428344,-0.10091400506360927,0.7472931059351041
1662,蔡延慶,Cai Yanqing,1029,cluster1_song_and_before,宋,works_general,工部,0,1,0,0,0,1,119.94828,36.788235,膠水,0,0,0,0,0,2,0.0,0.0234511867313906,0.00043771439072198625,0.45684964587212995,-0.17812319241819308,1.1152116722222336,1.3339563217477286,0.8600123723761278,1.4056886270701883
1668,曹耜,Cao Si,1137,cluster1_song_and_before,宋,military_industrial,军器/制造,0,0,1,0,0,1,121.026558,29.138258,天台,0,0,0,1,0,1,0.0,0.006229044638128083,0.0,0.0895713085213861,-0.17812319241819308,0.14100734391354497,-0.107944576878429,1.100852836717453,-0.7462248546227176
1679,崔嶧,Cui Yi,990,cluster1_song_and_before,宋,works_general,工部,0,1,0,0,0,1,108.906976,34.246423,長安,0,0,0,0,0,1,0.0,7.50330558788574e-25,0.0,0.0895713085213861,-0.17812319241819308,-0.21135081309332437,-0.107944576878429,-1.6061353022437168,0.6906852341542608
1681,崔曥,Cui Lu,955,cluster1_song_and_before,宋,works_general,工部,0,1,0,0,0,1,112.804997,34.720623,偃師,0,0,0,0,0,0,0.0,1.3975995756472907e-33,0.0,-0.2777070288293577,-0.17812319241819308,-0.21135081309332437,-0.107944576878429,-0.7354867425473871,0.8240761414757838
1695,曾孝寬,Zeng Xiaokuan,1029,cluster1_song_and_before,宋,hydraulic,水利/河道,0,0,1,0,0,1,118.589905,24.909641,晉江,0,0,1,0,0,0,0.0,1.3975995756472907e-33,0.0,-0.2777070288293577,-0.17812319241819308,-0.21135081309332437,-0.107944576878429,0.5566104057685858,-1.9357209709137615
1696,曾孝廣,Zeng Xiaoguang,1038,cluster1_song_and_before,宋,hydraulic,水利/河道,0,0,0,0,0,1,118.589905,24.909641,晉江,0,0,1,0,0,0,0.0,1.3975995756472907e-33,0.0,-0.2777070288293577,-0.17812319241819308,-0.21135081309332437,-0.107944576878429,0.5566104057685858,-1.9357209709137615
1698,曾孝宗,Zeng Xiaozong,1029,cluster1_song_and_before,宋,construction,将作/营缮,0,0,0,0,0,1,118.589905,24.909641,晉江,0,0,0,0,1,0,0.0,1.3975995756472907e-33,0.0,-0.2777070288293577,-0.17812319241819308,-0.21135081309332437,-0.107944576878429,0.5566104057685858,-1.9357209709137615
1719,都潔,Du Jie,1094,cluster1_song_and_before,宋,construction,将作/营缮,0,1,0,0,0,1,119.569855,31.995802,丹陽,0,0,0,0,1,0,0.0,1.3975995756472907e-33,0.0,-0.2777070288293577,-0.17812319241819308,-0.21135081309332437,-0.107944576878429,0.775488666320394,0.05759291608831527
1722,杜杞,Du Qi,1005,cluster1_song_and_before,宋,construction,将作/营缮,0,0,1,0,0,1,114.34333,34.785477,開封,0,0,0,0,1,2,0.0,0.05447071988266566,4.283204971037605e-05,0.45684964587212995,-0.17812319241819308,2.8698925530581403,0.03315101485096881,-0.3918899761925293,0.8423193593235898
1730,杜衍,Du Yan,978,cluster1_song_and_before,宋,works_general,工部,1,1,0,0,0,1,115.646072,34.447662,宋城,0,0,0,0,0,11,0.12727272727272726,0.08722607160497257,0.0004679907806912119,3.7623546820288243,0.8052954679289445,4.722763424192605,1.4336915711001088,-0.10091400506360927,0.7472931059351041
1732,段少連,Duan Shaolian,994,cluster1_song_and_before,宋,works_general,工部,0,1,0,0,0,1,114.34333,34.785477,開封,0,0,0,0,0,1,0.0,0.007346999470408343,0.0,0.0895713085213861,-0.17812319241819308,0.2042466570351756,-0.107944576878429,-0.3918899761925293,0.8423193593235898
1746,董必,Dong Bi,1046,cluster1_song_and_before,宋,works_general,工部,0,1,0,0,0,1,118.332405,30.924437,南陵,0,0,0,0,0,0,0.0,1.3975995756472907e-33,0.0,-0.2777070288293577,-0.17812319241819308,-0.21135081309332437,-0.107944576878429,0.4990960916789974,-0.24377855042902466
1749,董堯問,Dong Yaowen,1042,cluster1_song_and_before,宋,construction,将作/营缮,0,0,1,0,0,1,115.30854797,37.84853363,束鹿,0,0,0,0,1,0,0.0,1.3975995756472907e-33,0.0,-0.2777070288293577,-0.17812319241819308,-0.21135081309332437,-0.107944576878429,-0.17630221117701875,1.7039471599412694
1750,董儼,Dong Yan,948,cluster1_song_and_before,宋,works_general,工部,0,1,0,0,0,1,112.38263,34.665276,洛陽,0,0,0,0,0,1,0.0,0.0004487102468190573,0.0,0.0895713085213861,-0.17812319241819308,-0.1859686357636763,-0.107944576878429,-0.8298251825437993,0.808507211599097
1762,王安石,Wang Anshi,1021,cluster1_song_and_before,宋,works_general,工部,1,1,0,0,0,1,116.351341,27.984781,臨川,0,0,0,0,0,84,0.013769363166953529,0.49449513556413816,0.011617696442005719,30.573673308633122,-0.07172923850800361,27.760738767019745,38.16259734444875,0.0566124523486191,-1.0706941578797973
1763,王昂,Wang Ang,1089,cluster1_song_and_before,宋,works_general,工部,0,1,0,0,0,1,104.077995,30.650385,成都,0,0,0,0,0,0,0.0,1.3975995756472907e-33,0.0,-0.2777070288293577,-0.17812319241819308,-0.21135081309332437,-0.107944576878429,-2.6847198846384606,-0.32086848069743024
1765,王琪,Wang Qi (2),1012,cluster1_song_and_before,宋,works_general,工部,0,1,0,0,0,1,114.859356,34.92438,東明,0,0,0,0,0,0,0.0,1.3975995756472907e-33,0.0,-0.2777070288293577,-0.17812319241819308,-0.21135081309332437,-0.107944576878429,-0.27663218418323343,0.8813923184119096
1767,王欽臣,Wang Qinchen,1027,cluster1_song_and_before,宋,works_general,工部,0,1,0,0,0,1,115.646072,34.447662,宋城,0,0,0,0,0,2,0.0,0.004219517960868394,5.232154524665142e-05,0.45684964587212995,-0.17812319241819308,0.027334516443143674,0.06441092412353154,-0.10091400506360927,0.7472931059351041
1773,王詔,Wang Zhao,1079,cluster1_song_and_before,宋,works_general,工部,0,0,0,0,0,1,114.563645,38.14011,真定,0,0,0,0,0,1,0.0,1.2214683322293895e-20,0.0,0.0895713085213861,-0.17812319241819308,-0.21135081309332437,-0.107944576878429,-0.3426811757705982,1.7859666381104302
1776,王軫,Wang Zhen,971,cluster1_song_and_before,宋,works_general,工部,0,1,0,0,0,1,114.8824,33.73398,宛邱,0,0,0,0,0,0,0.0,1.3975995756472907e-33,0.0,-0.2777070288293577,-0.17812319241819308,-0.21135081309332437,-0.107944576878429,-0.2714851556244747,0.5465366961522311
1777,王濟,Wang Ji,952,cluster1_song_and_before,宋,works_general,工部,0,1,0,0,0,1,115.736023,38.245987,饒陽,0,0,0,0,0,2,0.0,0.006796809451494719,5.232154524665142e-05,0.45684964587212995,-0.17812319241819308,0.17312407687555773,0.06441092412353154,-0.08082285917361949,1.8157494915361594
1789,王兢,Wang Jing (2),1032,cluster1_song_and_before,宋,construction,将作/营缮,0,1,0,0,0,1,112.535469,33.001678,南陽,0,0,0,0,1,2,0.0,0.00594902883938974,0.00043729234207768843,0.45684964587212995,-0.17812319241819308,0.12516769971316252,1.3325660263122205,-0.795687589335495,0.34054254133703526
1790,王覺,Wang Jue,1037,cluster1_song_and_before,宋,works_general,工部,0,1,0,0,0,1,103.888771,30.807074,郫縣,0,0,0,0,0,0,0.0,1.3975995756472907e-33,0.0,-0.2777070288293577,-0.17812319241819308,-0.21135081309332437,-0.107944576878429,-2.7269843062667625,-0.27679237804601314
1804,王扶,Wang Fu,958,cluster1_song_and_before,宋,works_general,工部,0,1,0,0,0,1,114.967086,36.320159,洹水,0,0,0,0,0,2,1.0,0.010460966796539585,0.0,0.45684964587212995,7.548737710309318,0.3803943412721836,-0.107944576878429,-0.25256998202062925,1.274020380896782
1807,凌景夏,Ling Jingxia,1112,cluster1_song_and_before,宋,works_general,工部,0,1,0,0,0,1,119.9406,30.27177,餘杭,0,0,0,0,0,0,0.0,1.3975995756472907e-33,0.0,-0.2777070288293577,-0.17812319241819308,-0.21135081309332437,-0.107944576878429,0.8582969939986224,-0.42737164049400994
1813,王晞亮,Wang Xiliang,1129,cluster1_song_and_before,宋,works_general,工部,0,1,0,0,0,1,119.011101,25.433954,莆田,0,0,0,0,0,0,0.0,1.3975995756472907e-33,0.0,-0.2777070288293577,-0.17812319241819308,-0.21135081309332437,-0.107944576878429,0.6506872952337401,-1.788233440777808
1814,王夏,Wang Xia,1032,cluster1_song_and_before,宋,construction,将作/营缮,0,0,0,0,0,1,115.745026,29.330564,德安,0,0,0,0,1,0,0.0,1.3975995756472907e-33,0.0,-0.2777070288293577,-0.17812319241819308,-0.21135081309332437,-0.107944576878429,-0.07881198006780149,-0.6921298064924509
1820,王㬇,Wang Huan,1084,cluster1_song_and_before,宋,works_general,工部,0,0,0,0,0,1,117.96489,28.450691,上饒,0,0,0,0,0,0,0.0,1.3975995756472907e-33,0.0,-0.2777070288293577,-0.17812319241819308,-0.21135081309332437,-0.107944576878429,0.4170092056881845,-0.9396352004142342
1821,王誨,Wang Hui,1004,cluster1_song_and_before,宋,works_general,工部,0,0,0,0,0,1,114.563645,38.14011,真定,0,0,0,0,0,0,0.0,1.3975995756472907e-33,0.0,-0.2777070288293577,-0.17812319241819308,-0.21135081309332437,-0.107944576878429,-0.3426811757705982,1.7859666381104302
1822,王會,Wang Hui (2),1079,cluster1_song_and_before,宋,military_industrial,军器/制造,0,0,0,0,0,1,117.96489,28.450691,上饒,0,0,0,1,0,0,0.0,1.3975995756472907e-33,0.0,-0.2777070288293577,-0.17812319241819308,-0.21135081309332437,-0.107944576878429,0.4170092056881845,-0.9396352004142342
1824,王繹,Wang Yi (2),1001,cluster1_song_and_before,宋,works_general,工部,0,0,0,0,0,1,114.34333,34.785477,開封,0,0,0,0,0,1,0.0,7.50330558788574e-25,0.0,0.0895713085213861,-0.17812319241819308,-0.21135081309332437,-0.107944576878429,-0.3918899761925293,0.8423193593235898
1828,王益柔,Wang Yirou,1015,cluster1_song_and_before,宋,construction,将作/营缮,0,0,1,0,0,1,112.38263,34.665276,洛陽,0,0,0,0,1,2,0.0,0.017437576534247105,6.237764027159261e-06,0.45684964587212995,-0.17812319241819308,0.7750399879396866,-0.08739638895766325,-0.8298251825437993,0.808507211599097
1829,王貽永,Wang Yiyong,982,cluster1_song_and_before,宋,military_industrial,军器/制造,1,0,1,0,0,1,112.3153,37.353817,祁縣,0,0,0,1,0,1,0.0,0.011418007655216066,0.0,0.0895713085213861,-0.17812319241819308,0.43453123910068536,-0.107944576878429,-0.8448637796997317,1.5647849917785837
1834,王克臣,Wang Kechen,1014,cluster1_song_and_before,宋,works_general,工部,0,1,0,0,0,1,112.38263,34.665276,洛陽,0,0,0,0,0,0,0.0,1.3975995756472907e-33,0.0,-0.2777070288293577,-0.17812319241819308,-0.21135081309332437,-0.107944576878429,-0.8298251825437993,0.808507211599097
1835,王逵,Wang Kui,991,cluster1_song_and_before,宋,works_general,工部,0,1,0,0,0,1,115.5583,35.61019,鄄城,0,0,0,0,0,1,0.0,0.026108982656436113,0.0,0.0895713085213861,-0.17812319241819308,1.2655551242689722,-0.107944576878429,-0.1205184570102938,1.074308425856392
1840,王古,Wang Gu,1066,cluster1_song_and_before,宋,works_general,工部,0,1,0,0,0,1,115.665085,36.236708,莘縣,0,0,0,0,0,0,0.0,1.3975995756472907e-33,0.0,-0.2777070288293577,-0.17812319241819308,-0.21135081309332437,-0.107944576878429,-0.09666732679648161,1.2505458878413458
1844,王廣淵,Wang Guangyuan,1009,cluster1_song_and_before,宋,works_general,工部,0,1,0,0,0,1,114.967086,36.320159,洹水,0,0,0,0,0,7,0.2857142857142857,0.09460651390224177,0.000559085170656127,2.293241332625849,2.029551351218238,5.140252653575111,1.7337709962557666,-0.25256998202062925,1.274020380896782
1846,王珪,Wang Gui,1093,cluster1_song_and_before,宋,works_general,工部,0,1,0,0,0,1,116.351341,27.984781,臨川,0,0,0,0,0,0,0.0,1.3975995756472907e-33,0.0,-0.2777070288293577,-0.17812319241819308,-0.21135081309332437,-0.107944576878429,0.0566124523486191,-1.0706941578797973
1847,王拱辰,Wang Gongchen,1012,cluster1_song_and_before,宋,construction,将作/营缮,0,1,0,0,0,1,114.459076,34.475006,咸平,0,0,0,0,1,11,0.2727272727272727,0.1511984530287093,0.0008884054536761897,3.7623546820288243,1.9292025083256732,8.341486956824458,2.8186044449326864,-0.36603734784839964,0.7549848836023324
1851,王令圖,Wang Lingtu,978,cluster1_song_and_before,宋,hydraulic,水利/河道,0,0,0,0,0,1,114.34333,34.785477,開封,0,0,1,0,0,0,0.0,1.3975995756472907e-33,0.0,-0.2777070288293577,-0.17812319241819308,-0.21135081309332437,-0.107944576878429,-0.3918899761925293,0.8423193593235898
1852,王綸,Wang Lun,1098,cluster1_song_and_before,宋,works_general,工部,0,1,0,0,0,1,118.76899,32.052563,上元,0,0,0,0,0,0,0.0,1.3975995756472907e-33,0.0,-0.2777070288293577,-0.17812319241819308,-0.21135081309332437,-0.107944576878429,0.5966102152393962,0.07355959953512392
1867,王森,Wang Sen,1035,cluster1_song_and_before,宋,hydraulic,水利/河道,0,1,0,0,0,1,112.78279877,34.903179169,孟州,0,0,1,0,0,0,0.0,1.3975995756472907e-33,0.0,-0.2777070288293577,-0.17812319241819308,-0.21135081309332437,-0.107944576878429,-0.7404448628287577,0.8754285940697324
1872,王師心,Wang Shixin,1097,cluster1_song_and_before,宋,construction,将作/营缮,0,1,0,0,0,1,119.649918,29.104712,金華,0,0,0,0,1,0,0.0,1.3975995756472907e-33,0.0,-0.2777070288293577,-0.17812319241819308,-0.21135081309332437,-0.107944576878429,0.7933712625493429,-0.7556612345826669
1873,王世修,Wang Shixiu,1100,cluster1_song_and_before,宋,works_general,工部,0,0,0,0,0,0,,,,0,0,0,0,0,0,0.0,1.3975995756472907e-33,0.0,-0.2777070288293577,-0.17812319241819308,-0.21135081309332437,-0.107944576878429,-3.174087617753835e-15,-1.9987334503111837e-15
1875,王時雍,Wang Shiyong,1070,cluster1_song_and_before,宋,works_general,工部,0,1,0,0,0,1,104.143768,30.004446,仁壽,0,0,0,0,0,0,0.0,1.3975995756472907e-33,0.0,-0.2777070288293577,-0.17812319241819308,-0.21135081309332437,-0.107944576878429,-2.6700290536457847,-0.5025690063919821
1877,王曙,Wang Shu (2),963,cluster1_song_and_before,宋,works_general,工部,1,1,0,0,0,1,112.38263,34.665276,洛陽,0,0,0,0,0,4,0.0,0.019441193986871406,5.6801329364787675e-05,1.1914063205736174,-0.17812319241819308,0.8883785485003407,0.07916804630755984,-0.8298251825437993,0.808507211599097
1881,王素,Wang Su,1007,cluster1_song_and_before,宋,works_general,工部,0,1,0,0,0,1,114.34333,34.785477,開封,0,0,0,0,0,6,0.0,0.031558848820998193,0.00010631065288222347,1.9259629952751052,-0.17812319241819308,1.5738375189599614,0.24225964115417645,-0.3918899761925293,0.8423193593235898
1882,王隨,Wang Sui,972,cluster1_song_and_before,宋,works_general,工部,1,1,0,0,0,1,112.785721,34.840869,河陽,0,0,0,0,0,2,0.0,0.0028680291961943097,2.7436907873244033e-05,0.45684964587212995,-0.17812319241819308,-0.04911510272015042,-0.01756303367008385,-0.7397921635896829,0.8579009475529307
1883,王綯,Wang Tao,1074,cluster1_song_and_before,宋,works_general,工部,1,1,0,0,0,1,114.34333,34.785477,開封,0,0,0,0,0,0,0.0,1.3975995756472907e-33,0.0,-0.2777070288293577,-0.17812319241819308,-0.21135081309332437,-0.107944576878429,-0.3918899761925293,0.8423193593235898
1884,王鈇,Wang Fu,1086,cluster1_song_and_before,宋,works_general,工部,0,0,1,0,0,1,114.559631,29.038708,分寧,0,0,0,0,0,1,0.0,0.0009899039709508005,0.0,0.0895713085213861,-0.17812319241819308,-0.15535494870619337,-0.107944576878429,-0.3435777290007166,-0.7742279436650154
1885,王田,Wang Tian,991,cluster1_song_and_before,宋,construction,将作/营缮,0,1,1,0,0,1,114.34333,34.785477,開封,0,0,0,0,1,5,0.0,0.01469536902742165,0.000320484978270169,1.5586846579243614,-0.17812319241819308,0.6199216288062405,0.9477839711405652,-0.3918899761925293,0.8423193593235898
1888,王同老,Wang Tonglao,1033,cluster1_song_and_before,宋,construction,将作/营缮,0,0,0,0,0,1,115.887953,34.510823,虞城,0,0,0,0,1,0,0.0,1.3975995756472907e-33,0.0,-0.2777070288293577,-0.17812319241819308,-0.21135081309332437,-0.107944576878429,-0.04688829707796703,0.7650600884263205
1891,王得君,Wang Dejun,1039,cluster1_song_and_before,宋,construction,将作/营缮,0,1,0,0,0,1,114.967086,36.320159,洹水,0,0,0,0,1,1,0.0,0.008236868909678419,0.0,0.0895713085213861,-0.17812319241819308,0.2545838714578623,-0.107944576878429,-0.25256998202062925,1.274020380896782
1895,王鼎,Wang Ding,992,cluster1_song_and_before,宋,works_general,工部,0,1,0,0,0,1,115.318095,36.525088,館陶,0,0,0,0,0,1,0.0,0.005847870761799363,0.0,0.0895713085213861,-0.17812319241819308,0.11944549416531229,-0.107944576878429,-0.17416981940209714,1.331666237595416
1903,王鬷,Wang Zong,978,cluster1_song_and_before,宋,works_general,工部,1,1,0,0,0,1,114.500061,37.439831,臨城,0,0,0,0,0,3,0.0,2.948884760984346e-20,0.0,0.8241279832228736,-0.17812319241819308,-0.21135081309332437,-0.107944576878429,-0.3568830792543722,1.5889804483419603
1904,王宗望,Wang Zongwang,1022,cluster1_song_and_before,宋,hydraulic,水利/河道,0,0,1,0,0,1,116.282559,35.956072,須城,0,0,1,0,0,0,0.0,1.3975995756472907e-33,0.0,-0.2777070288293577,-0.17812319241819308,-0.21135081309332437,-0.107944576878429,0.04124954146819237,1.1716038999310066
1908,王次翁,Wang Ciweng,1079,cluster1_song_and_before,宋,works_general,工部,0,1,0,0,0,1,121.542656,29.866316,鄞縣,0,0,0,0,0,0,0.0,1.3975995756472907e-33,0.0,-0.2777070288293577,-0.17812319241819308,-0.21135081309332437,-0.107944576878429,1.2161267103990354,-0.541424523111345
1914,王綰,Wang Wan,1079,cluster1_song_and_before,宋,works_general,工部,0,1,0,0,0,1,114.18077087,34.413452148,尉氏,0,0,0,0,0,0,0.0,1.3975995756472907e-33,0.0,-0.2777070288293577,-0.17812319241819308,-0.21135081309332437,-0.107944576878429,-0.42819862419621646,0.7376699865812124
1924,王曮,Wang Yan,1112,cluster1_song_and_before,宋,military_industrial,军器/制造,0,0,0,0,0,1,119.437187,32.39127,江都,0,0,0,1,0,0,0.0,1.3975995756472907e-33,0.0,-0.2777070288293577,-0.17812319241819308,-0.21135081309332437,-0.107944576878429,0.7458563982751986,0.16883676960292385
1932,王俁,Wang Yu (4),1094,cluster1_song_and_before,宋,works_general,工部,0,1,0,0,0,1,121.152763,30.049067,餘姚,0,0,0,0,0,0,0.0,1.3975995756472907e-33,0.0,-0.2777070288293577,-0.17812319241819308,-0.21135081309332437,-0.107944576878429,1.1290415513181373,-0.4900172651950324
1936,王瀹,Wang Yue (4),1115,cluster1_song_and_before,宋,works_general,工部,0,1,0,0,0,1,121.406906,29.651657,奉化,0,0,0,0,0,1,0.0,0.0029996363525039704,0.0,0.0895713085213861,-0.17812319241819308,-0.04167048516799193,-0.107944576878429,1.1858060574372464,-0.6018073969509291
1942,魏兼,Wei Jian,1018,cluster1_song_and_before,宋,works_general,工部,0,0,0,0,0,1,115.89772,28.674896,新建,0,0,0,0,0,1,0.0,0.0001414367939382011,0.0,0.0895713085213861,-0.17812319241819308,-0.20335016276245735,-0.107944576878429,-0.044706773560632615,-0.876567068031227
1945,魏瓘,Wei Guan,1008,cluster1_song_and_before,宋,works_general,工部,0,0,1,0,0,1,116.720093,32.705585,下蔡,0,0,0,0,0,4,0.5,0.0011683757055608458,5.232154524665142e-05,1.1914063205736174,3.685307258945562,-0.14525934414107458,0.06441092412353154,0.13897563040362226,0.2572525499377284
1948,魏廷式,Wei Tingshi,951,cluster1_song_and_before,宋,works_general,工部,0,1,0,0,0,1,115.433306,36.966199,宗城,0,0,0,0,0,0,0.0,1.3975995756472907e-33,0.0,-0.2777070288293577,-0.17812319241819308,-0.21135081309332437,-0.107944576878429,-0.1484366868173379,1.4557493175606306
1949,魏羽,Wei Yu,962,cluster1_song_and_before,宋,works_general,工部,0,0,0,1,0,1,117.844589,29.244728,婺源,0,0,0,0,0,3,1.0,0.0011602284958609186,0.0,0.8241279832228736,7.548737710309318,-0.1457202070761454,-0.107944576878429,0.3901391882152088,-0.7162751922386555
1952,文保雍,Wen Baoyong,1036,cluster1_song_and_before,宋,construction,将作/营缮,0,0,0,0,0,1,110.855438,34.911781,解縣,0,0,0,0,1,1,0.0,7.50330558788574e-25,0.0,0.0895713085213861,-0.17812319241819308,-0.21135081309332437,-0.107944576878429,-1.1709335334684754,0.8778482609649588
1954,文永世,Wen Yongshi,1063,cluster1_song_and_before,宋,construction,将作/营缮,0,0,0,0,0,1,110.855438,34.911781,解縣,0,0,0,0,1,2,0.0,0.002057359994309527,0.0003866689807252532,0.45684964587212995,-0.17812319241819308,-0.09497219999794299,1.165804613453133,-1.1709335334684754,0.8778482609649588
1955,翁挺,Weng Ting,1091,cluster1_song_and_before,宋,construction,将作/营缮,0,0,1,0,0,1,118.026779,27.756025,崇安,0,0,0,0,1,2,1.0,0.005864123960616717,0.0,0.45684964587212995,7.548737710309318,0.12036488831216016,-0.107944576878429,0.4308325198034889,-1.1350424716614131
1957,吳安持,Wu Anchi,1051,cluster1_song_and_before,宋,construction,将作/营缮,0,0,1,0,0,1,113.719086,34.397324,新鄭,0,0,0,0,1,3,0.0,0.045775504805695366,0.0001620845606452077,0.8241279832228736,-0.17812319241819308,2.3780306163903817,0.4259877739914135,-0.5313189683654979,0.7331331913573916
1967,吳中復,Wu Zhongfu,1011,cluster1_song_and_before,宋,hydraulic,水利/河道,0,1,0,0,0,1,115.209625,29.83013,永興,0,0,1,0,0,3,0.3333333333333333,0.006459195952655357,5.232154524665142e-05,0.8241279832228736,2.397497108490977,0.15402630552495336,0.06441092412353154,-0.19839730541878567,-0.551603526427112
1981,吳栻,Wu Shi,1043,cluster1_song_and_before,宋,works_general,工部,0,1,0,0,0,1,118.32378387,27.038864136,甌寧,0,0,0,0,0,0,0.0,1.3975995756472907e-33,0.0,-0.2777070288293577,-0.17812319241819308,-0.21135081309332437,-0.107944576878429,0.4971705057425824,-1.3367774744966026
1988,吳黯,Wu An,1037,cluster1_song_and_before,宋,hydraulic,水利/河道,0,1,0,0,0,1,117.483398,27.337692,邵武,0,0,1,0,0,0,0.0,1.3975995756472907e-33,0.0,-0.2777070288293577,-0.17812319241819308,-0.21135081309332437,-0.107944576878429,0.30946480910712254,-1.2527181748088918
1995,楊晨,Yang Chen,1091,cluster1_song_and_before,宋,works_general,工部,0,1,0,0,0,1,107.208092,31.269159,永睦,0,0,0,0,0,0,0.0,1.3975995756472907e-33,0.0,-0.2777070288293577,-0.17812319241819308,-0.21135081309332437,-0.107944576878429,-1.9855921875942948,-0.14680938055620854
1996,楊椿,Yang Chun,1095,cluster1_song_and_before,宋,works_general,工部,1,1,0,0,0,1,103.869247,30.200752,彭山,0,0,0,0,0,1,0.0,0.01837893233793975,0.0,0.0895713085213861,-0.17812319241819308,0.8282896297943225,-0.107944576878429,-2.7313451197358316,-0.4473487713589608
1998,楊汲,Yang Ji,1027,cluster1_song_and_before,宋,hydraulic,水利/河道,0,1,0,0,0,1,118.589905,24.909641,晉江,0,0,1,0,0,0,0.0,1.3975995756472907e-33,0.0,-0.2777070288293577,-0.17812319241819308,-0.21135081309332437,-0.107944576878429,0.5566104057685858,-1.9357209709137615
2001,楊迥,Yang Jiong,1085,cluster1_song_and_before,宋,works_general,工部,0,0,0,0,0,1,117.455017,26.720821,將樂,0,0,0,0,0,1,0.0,0.004874219989665917,0.0,0.0895713085213861,-0.17812319241819308,0.06436902392502919,-0.107944576878429,0.3031257265899329,-1.4262419672811286
2007,楊繪,Yang Hui,1023,cluster1_song_and_before,宋,hydraulic,水利/河道,0,1,0,0,0,1,104.197617,31.342484,綿竹,0,0,1,0,0,1,0.0,0.04305271222744958,0.0,0.0895713085213861,-0.17812319241819308,2.22401050086413,-0.107944576878429,-2.6580015262694348,-0.12618329814509366
2008,楊紘,Yang Hong,1014,cluster1_song_and_before,宋,works_general,工部,0,1,1,0,0,1,118.536255,27.924686,浦城,0,0,0,0,0,1,0.0,0.003752672845860679,0.0,0.0895713085213861,-0.17812319241819308,0.0009265046390715665,-0.107944576878429,0.5446273263475893,-1.0875986846100525
2014,楊康國,Yang Kangguo,1042,cluster1_song_and_before,宋,works_general,工部,0,1,0,0,0,1,115.146522,36.275528,元城,0,0,0,0,0,0,0.0,1.3975995756472907e-33,0.0,-0.2777070288293577,-0.17812319241819308,-0.21135081309332437,-0.107944576878429,-0.21249177439740735,1.2614658267325767
2015,楊可,Yang Ke,968,cluster1_song_and_before,宋,works_general,工部,0,1,0,0,0,1,104.197617,31.342484,綿竹,0,0,0,0,0,1,0.0,0.003752672845860679,0.0,0.0895713085213861,-0.17812319241819308,0.0009265046390715665,-0.107944576878429,-2.6580015262694348,-0.12618329814509366
2022,楊時,Yang Shi,1053,cluster1_song_and_before,宋,works_general,工部,0,1,0,0,0,1,117.455017,26.720821,將樂,0,0,0,0,0,12,0.07575757575757576,0.05598410869170068,0.000914616348251694,4.129633019379568,0.4072450577884365,2.955500366545676,2.9049473051248693,0.3031257265899329,-1.4262419672811286
2025,楊倓,Yang Tan (3),1118,cluster1_song_and_before,宋,construction,将作/营缮,0,1,0,0,0,1,119.964065,30.550453,武康,0,0,0,0,1,0,0.0,1.3975995756472907e-33,0.0,-0.2777070288293577,-0.17812319241819308,-0.21135081309332437,-0.107944576878429,0.8635380556689611,-0.34897902508894063
2026,楊畋,Yang Tian,1007,cluster1_song_and_before,宋,works_general,工部,0,1,0,0,0,1,110.5254,38.8771,新秦,0,0,0,0,0,1,0.0,0.04305271222744958,0.0,0.0895713085213861,-0.17812319241819308,2.22401050086413,-0.107944576878429,-1.244649685676239,1.9932795119756526
2027,楊挺,Yang Ting,1072,cluster1_song_and_before,宋,works_general,工部,0,0,0,0,0,1,115.146522,36.275528,元城,0,0,0,0,0,0,0.0,1.3975995756472907e-33,0.0,-0.2777070288293577,-0.17812319241819308,-0.21135081309332437,-0.107944576878429,-0.21249177439740735,1.2614658267325767
2032,楊畏,Yang Wei,1044,cluster1_song_and_before,宋,works_general,工部,0,1,0,0,0,1,112.38263,34.665276,洛陽,0,0,0,0,0,5,0.5,0.08787910959751162,0.0001755575872547433,1.5586846579243614,3.685307258945562,4.759703802191835,0.47037006890170907,-0.8298251825437993,0.808507211599097
2034,楊矞,Yang Yu (2),1096,cluster1_song_and_before,宋,works_general,工部,0,0,0,0,0,1,117.455017,26.720821,將樂,0,0,0,0,0,1,0.0,0.004874219989665917,0.0,0.0895713085213861,-0.17812319241819308,0.06436902392502919,-0.107944576878429,0.3031257265899329,-1.4262419672811286
2035,楊淵,Yang Yuan,1083,cluster1_song_and_before,宋,works_general,工部,0,0,0,0,0,1,114.34333,34.785477,開封,0,0,0,0,0,0,0.0,1.3975995756472907e-33,0.0,-0.2777070288293577,-0.17812319241819308,-0.21135081309332437,-0.107944576878429,-0.3918899761925293,0.8423193593235898
2036,楊愿,Yang Yuan,1121,cluster1_song_and_before,宋,works_general,工部,0,1,0,0,0,1,114.931137,27.804075,新喻,0,0,0,0,0,0,0.0,1.3975995756472907e-33,0.0,-0.2777070288293577,-0.17812319241819308,-0.21135081309332437,-0.107944576878429,-0.260599426980652,-1.1215261639920773
2058,葉顒,Ye Yong,1102,cluster1_song_and_before,宋,construction,将作/营缮,1,1,0,0,0,1,118.68367004,25.364557266,仙遊,0,0,0,0,1,2,0.0,0.0062766224760321876,5.178461945656837e-05,0.45684964587212995,-0.17812319241819308,0.1436986778583439,0.06264220507835845,0.5775534425110413,-1.8077545148254894
2064,嚴抑,Yan Yi,1098,cluster1_song_and_before,宋,works_general,工部,0,1,0,0,0,1,119.901375,31.013893,長興,0,0,0,0,0,0,0.0,1.3975995756472907e-33,0.0,-0.2777070288293577,-0.17812319241819308,-0.21135081309332437,-0.107944576878429,0.8495358329494412,-0.21861487053582795
2074,晏敦復,Yan Dunfu,1075,cluster1_song_and_before,宋,works_general,工部,0,1,0,0,0,1,116.351341,27.984781,臨川,0,0,0,0,0,0,0.0,1.3975995756472907e-33,0.0,-0.2777070288293577,-0.17812319241819308,-0.21135081309332437,-0.107944576878429,0.0566124523486191,-1.0706941578797973
2081,游師雄,You Shixiong,1038,cluster1_song_and_before,宋,works_general,工部,0,1,0,0,0,1,108.105102,34.332054,武功,0,0,0,0,0,0,0.0,1.3975995756472907e-33,0.0,-0.2777070288293577,-0.17812319241819308,-0.21135081309332437,-0.107944576878429,-1.7852391200933213,0.7147729540716989
2082,俞充,Yu Chong,1029,cluster1_song_and_before,宋,military_industrial,军器/制造,0,1,0,0,0,1,121.542656,29.866316,鄞縣,0,0,0,1,0,1,0.0,0.026108982656436113,0.0,0.0895713085213861,-0.17812319241819308,1.2655551242689722,-0.107944576878429,1.2161267103990354,-0.541424523111345
2085,俞希孟,Yu Ximeng,1008,cluster1_song_and_before,宋,works_general,工部,0,1,0,0,0,1,118.433945,29.86577,歙縣,0,0,0,0,0,1,0.0,0.005863433070140954,0.0,0.0895713085213861,-0.17812319241819308,0.12032580673402485,-0.107944576878429,0.521775716737858,-0.541578111123571
2086,俞希旦,Yu Xidan,1031,cluster1_song_and_before,宋,works_general,工部,0,1,0,0,0,1,119.44429016,32.206489563,丹徒,0,0,0,0,0,0,0.0,1.3975995756472907e-33,0.0,-0.2777070288293577,-0.17812319241819308,-0.21135081309332437,-0.107944576878429,0.7474429356548823,0.11685863770351972
2104,袁正功,Yuan Zhenggong,1079,cluster1_song_and_before,宋,works_general,工部,0,1,0,0,0,1,120.297668,31.574614,無錫,0,0,0,0,0,0,0.0,1.3975995756472907e-33,0.0,-0.2777070288293577,-0.17812319241819308,-0.21135081309332437,-0.107944576878429,0.938050474011595,-0.06088588921100437
2112,元絳,Yuan Jiang,1008,cluster1_song_and_before,宋,works_general,工部,1,1,0,0,0,1,120.618622,31.31271,吳縣,0,0,0,0,0,5,0.1,0.0616197054521942,0.00023602399740165752,1.5586846579243614,0.594562897854558,3.274288977564223,0.6695560517608147,1.0097376552322135,-0.1345586268557452
2123,石揚休,Shi Yangxiu,995,cluster1_song_and_before,宋,works_general,工部,0,1,0,0,0,1,103.831459,30.050497,眉山,0,0,0,0,0,1,0.0,0.026108982656436113,0.0,0.0895713085213861,-0.17812319241819308,1.2655551242689722,-0.107944576878429,-2.7397853174089097,-0.489615010877298
2126,竇卞,Dou Bian,1027,cluster1_song_and_before,宋,construction,将作/营缮,0,1,0,0,0,1,115.35057,35.26215,宛句,0,0,0,0,1,1,0.0,0.0010016991582969682,0.0,0.0895713085213861,-0.17812319241819308,-0.15468773074320002,-0.107944576878429,-0.16691631513002092,0.9764059134477392
2136,李度,Li Du,945,cluster1_song_and_before,宋,works_general,工部,0,1,0,0,0,1,112.38263,34.665276,洛陽,0,0,0,0,0,0,0.0,1.3975995756472907e-33,0.0,-0.2777070288293577,-0.17812319241819308,-0.21135081309332437,-0.107944576878429,-0.8298251825437993,0.808507211599097
3012,晁迥,Chao Jiong,951,cluster1_song_and_before,宋,works_general,工部,0,1,0,0,0,1,103.94506836,30.99187851,彭州,0,0,0,0,0,4,0.3333333333333333,0.012373126568672451,6.827608594197216e-05,1.1914063205736174,2.397497108490977,0.48855941831903676,0.11696772155439802,-2.714409921624223,-0.22480747449053184
3013,晁仲參,Chao Zhongcan,1013,cluster1_song_and_before,宋,works_general,工部,0,0,1,0,0,1,116.08870697,35.396209717,鉅野,0,0,0,0,0,2,0.0,0.046483229412435816,6.385233875484203e-06,0.45684964587212995,-0.17812319241819308,2.4180644502423765,-0.0869105997962211,-0.0020485810185032144,1.0141164728865761
3033,錢象祖,Qian Xiangzu,1169,cluster1_song_and_before,宋,works_general,工部,1,0,1,0,0,1,121.120598,28.843132,臨海,0,0,0,0,0,1,0.0,0.000493177287764812,0.0,0.0895713085213861,-0.17812319241819308,-0.18345327016502752,-0.107944576878429,1.1218572875795312,-0.8292428320882839
3047,陳安定,Chen Anding,1018,cluster1_song_and_before,宋,works_general,工部,0,0,1,0,0,1,112.785721,34.840869,河陽,0,0,0,0,0,3,1.0,0.0019514021231796775,0.0,0.8241279832228736,7.548737710309318,-0.10096591530432501,-0.107944576878429,-0.7397921635896829,0.8579009475529307
3080,陳師古,Chen Shigu,975,cluster1_song_and_before,宋,works_general,工部,0,1,0,0,0,1,113.641312,34.758076,管城,0,0,0,0,0,2,0.0,0.0013720925828856615,0.0003866689807252532,0.45684964587212995,-0.17812319241819308,-0.13373569844330704,1.165804613453133,-0.5486903014295904,0.8346115477429978
3088,陳宗召,Chen Zongzhao,1145,cluster1_song_and_before,宋,works_general,工部,0,1,0,0,0,1,119.964065,30.550453,武康,0,0,0,0,0,1,0.0,0.01837893233793975,0.0,0.0895713085213861,-0.17812319241819308,0.8282896297943225,-0.107944576878429,0.8635380556689611,-0.34897902508894063
3090,陳宗元,Chen Zongyuan,969,cluster1_song_and_before,宋,construction,将作/营缮,0,0,0,0,0,1,114.34333,34.785477,開封,0,0,0,0,1,1,0.0,0.00231190364427369,0.0,0.0895713085213861,-0.17812319241819308,-0.08057343797428097,-0.107944576878429,-0.3918899761925293,0.8423193593235898
3107,程嗣弼,Cheng Sibi,1027,cluster1_song_and_before,宋,construction,将作/营缮,0,0,1,0,0,1,112.38263,34.665276,洛陽,0,0,0,0,1,1,0.0,0.0040252621052282445,0.0,0.0895713085213861,-0.17812319241819308,0.016346052038476132,-0.107944576878429,-0.8298251825437993,0.808507211599097
3114,程瑜,Cheng Yu,1015,cluster1_song_and_before,宋,construction,将作/营缮,0,0,0,0,0,1,114.34333,34.785477,開封,0,0,0,0,1,1,0.0,0.0040252621052282445,0.0,0.0895713085213861,-0.17812319241819308,0.016346052038476132,-0.107944576878429,-0.3918899761925293,0.8423193593235898
3130,張九齡,Zhang Jiuling,678,cluster1_song_and_before,唐,works_general,工部,1,1,0,0,0,1,113.603417,24.810209,曲江,0,0,0,0,0,4,0.3333333333333333,3.670218456340271e-13,1.414383235326146e-05,1.1914063205736174,2.397497108490977,-0.21135081307256307,-0.06135254103846813,-0.5571543982545427,-1.9636908669424278
3180,張蘊,Zhang Yun,956,cluster1_song_and_before,宋,astronomical,天文/历算,0,0,0,0,0,1,117.00148773,36.650131226,歷城,1,0,0,0,0,2,1.0,0.011008598325014244,0.0,0.45684964587212995,7.548737710309318,0.4113721953898214,-0.107944576878429,0.20182698917788935,1.3668404876387532
3184,章訪,Zhang Fang,1000,cluster1_song_and_before,宋,astronomical,天文/历算,0,0,0,0,0,1,120.618622,31.31271,吳縣,1,0,0,0,0,1,0.0,4.5439239218501795e-05,0.0,0.0895713085213861,-0.17812319241819308,-0.20878045318791888,-0.107944576878429,1.0097376552322135,-0.1345586268557452
3194,趙積,Zhao Ji (2),963,cluster1_song_and_before,宋,works_general,工部,0,0,0,0,0,1,114.34333,34.785477,開封,0,0,0,0,0,0,0.0,1.3975995756472907e-33,0.0,-0.2777070288293577,-0.17812319241819308,-0.21135081309332437,-0.107944576878429,-0.3918899761925293,0.8423193593235898
3273,范琪,Fan Qi,997,cluster1_song_and_before,宋,works_general,工部,0,1,0,0,0,1,120.618622,31.31271,吳縣,0,0,0,0,0,0,0.0,1.3975995756472907e-33,0.0,-0.2777070288293577,-0.17812319241819308,-0.21135081309332437,-0.107944576878429,1.0097376552322135,-0.1345586268557452
3299,方慎從,Fang Shencong,975,cluster1_song_and_before,宋,works_general,工部,0,1,0,0,0,1,119.011101,25.433954,莆田,0,0,0,0,0,1,0.0,7.50330558788574e-25,0.0,0.0895713085213861,-0.17812319241819308,-0.21135081309332437,-0.107944576878429,0.6506872952337401,-1.788233440777808
3303,方鼎,Fang Ding,962,cluster1_song_and_before,宋,works_general,工部,0,0,0,0,0,1,119.011101,25.433954,莆田,0,0,0,0,0,1,0.0,5.023300977416857e-05,0.0,0.0895713085213861,-0.17812319241819308,-0.20850928413130795,-0.107944576878429,0.6506872952337401,-1.788233440777808
3307,傅立,Fu Li,994,cluster1_song_and_before,宋,works_general,工部,0,1,0,0,0,1,116.282559,35.956072,須城,0,0,0,0,0,1,0.0,0.04305271222744958,0.0,0.0895713085213861,-0.17812319241819308,2.22401050086413,-0.107944576878429,0.04124954146819237,1.1716038999310066
3313,富言,Fu Yan,969,cluster1_song_and_before,宋,works_general,工部,0,1,0,0,0,1,112.38263,34.665276,洛陽,0,0,0,0,0,2,0.0,0.019598961892815618,2.1434652682610865e-07,0.45684964587212995,-0.17812319241819308,0.8973030002907586,-0.10723848528948633,-0.8298251825437993,0.808507211599097
3321,韓直彥,Han Zhiyan,1030,cluster1_song_and_before,宋,construction,将作/营缮,0,1,1,0,0,1,114.345497,36.098343,安陽,0,0,0,0,1,3,0.3333333333333333,0.014551591239866926,5.232154524665142e-05,0.8241279832228736,2.397497108490977,0.6117885555687798,0.06441092412353154,-0.39140596252793847,1.211624266391446
3325,韓公彥,Han Gongyan,1008,cluster1_song_and_before,宋,construction,将作/营缮,0,0,1,0,0,1,114.345497,36.098343,安陽,0,0,0,0,1,2,0.0,0.01583014102027113,2.188465098011006e-06,0.45684964587212995,-0.17812319241819308,0.6841122376800299,-0.10073542438465527,-0.39140596252793847,1.211624266391446
3331,韓彥古,Han Yangu,1129,cluster1_song_and_before,宋,construction,将作/营缮,0,0,0,0,0,1,120.618622,31.31271,吳縣,0,0,0,0,1,1,0.0,7.50330558788574e-25,0.0,0.0895713085213861,-0.17812319241819308,-0.21135081309332437,-0.107944576878429,1.0097376552322135,-0.1345586268557452
3343,侯正臣,Hou Zhengchen,1024,cluster1_song_and_before,宋,works_general,工部,0,1,0,0,0,1,120.653221,28.018291,永嘉,0,0,0,0,0,1,0.0,7.50330558788574e-25,0.0,0.0895713085213861,-0.17812319241819308,-0.21135081309332437,-0.107944576878429,1.0174655688368177,-1.0612679046019733
3351,向經,Xiang Jing,1023,cluster1_song_and_before,宋,works_general,工部,0,0,1,0,0,1,114.34333,34.785477,開封,0,0,0,0,0,2,0.0,0.003915028797385508,1.8113961538305807e-06,0.45684964587212995,-0.17812319241819308,0.01011048824840674,-0.1019775495260311,-0.3918899761925293,0.8423193593235898
3356,向紘,Xiang Hong,1046,cluster1_song_and_before,宋,construction,将作/营缮,0,0,0,0,0,1,114.34333,34.785477,開封,0,0,0,0,1,2,0.0,0.00748102317091477,9.571014374387454e-07,0.45684964587212995,-0.17812319241819308,0.2118279711610408,-0.10479173234790533,-0.3918899761925293,0.8423193593235898
3364,蕭服,Xiao Fu,1059,cluster1_song_and_before,宋,construction,将作/营缮,0,1,0,0,0,1,115.132248,27.214367,吉水,0,0,0,0,1,1,0.0,0.005578674985962493,0.0,0.0895713085213861,-0.17812319241819308,0.10421790583381838,-0.107944576878429,-0.21567996592872687,-1.2874090935044358
3374,胥元衡,Xu Yuanheng,1028,cluster1_song_and_before,宋,construction,将作/营缮,0,1,1,0,0,1,112.978134,28.198198,長沙,0,0,0,0,1,0,0.0,1.3975995756472907e-33,0.0,-0.2777070288293577,-0.17812319241819308,-0.21135081309332437,-0.107944576878429,-0.6968154578929071,-1.0106606545735188
3381,徐師閔,Xu Shimin,997,cluster1_song_and_before,宋,works_general,工部,0,0,0,0,0,1,120.618622,31.31271,長洲,0,0,0,0,0,1,0.0,0.005364898082962363,0.0,0.0895713085213861,-0.17812319241819308,0.09212519500450597,-0.107944576878429,1.0097376552322135,-0.1345586268557452
3388,薛季卿,Xue Jiqing,997,cluster1_song_and_before,宋,construction,将作/营缮,0,0,1,0,0,1,104.077995,30.650385,成都,0,0,0,0,1,1,0.0,7.50330558788574e-25,0.0,0.0895713085213861,-0.17812319241819308,-0.21135081309332437,-0.107944576878429,-2.6847198846384606,-0.32086848069743024
3395,胡交脩,Hu Jiaoxiu,1078,cluster1_song_and_before,宋,hydraulic,水利/河道,0,1,0,0,0,1,119.952301,31.782784,武進,0,0,1,0,0,0,0.0,1.3975995756472907e-33,0.0,-0.2777070288293577,-0.17812319241819308,-0.21135081309332437,-0.107944576878429,0.8609104891021656,-0.002328349824414023
3450,高遵甫,Gao Zunfu,988,cluster1_song_and_before,宋,military_industrial,军器/制造,1,0,0,0,0,1,116.555748,33.268639,蒙城,0,0,0,1,0,0,0.0,1.3975995756472907e-33,0.0,-0.2777070288293577,-0.17812319241819308,-0.21135081309332437,-0.107944576878429,0.1022680966208891,0.41563779652358346
3451,高子溶,Gao Zirong,1141,cluster1_song_and_before,宋,military_industrial,军器/制造,0,0,1,0,0,1,116.555748,33.268639,蒙城,0,0,0,1,0,0,0.0,1.3975995756472907e-33,0.0,-0.2777070288293577,-0.17812319241819308,-0.21135081309332437,-0.107944576878429,0.1022680966208891,0.41563779652358346
3461,葛宮,Ge Gong,992,cluster1_song_and_before,宋,works_general,工部,0,1,0,0,0,1,120.26609,31.90877,江陰,0,0,0,0,0,1,0.0,0.0001414367939382011,0.0,0.0895713085213861,-0.17812319241819308,-0.20335016276245735,-0.107944576878429,0.9309973205734562,0.03311109945818705
3468,雷孝先,Lei Xiaoxian,978,cluster1_song_and_before,宋,construction,将作/营缮,0,1,0,0,0,1,110.151016,35.242584,郃陽,0,0,0,0,1,1,0.0,7.50330558788574e-25,0.0,0.0895713085213861,-0.17812319241819308,-0.21135081309332437,-0.107944576878429,-1.3282708078747485,0.9709020617129173
3484,李之儀,Li Zhiyi,1052,cluster1_song_and_before,宋,hydraulic,水利/河道,1,1,0,0,0,1,118.483437,31.555685,當塗,0,0,1,0,0,8,0.07142857142857142,0.07611718591935432,0.0007087950777260873,2.6605196699765927,0.37379544349091476,4.094367463979878,2.2269392678799953,0.5328300795841566,-0.0662105549315634
3501,李孝稱,Li Xiaocheng,1018,cluster1_song_and_before,宋,works_general,工部,0,0,0,0,0,1,114.34333,34.785477,開封,0,0,0,0,0,2,1.0,0.005451061325281737,0.0,0.45684964587212995,7.548737710309318,0.09699918821360178,-0.107944576878429,-0.3918899761925293,0.8423193593235898
3502,李孝先,Li Xiaoxian,980,cluster1_song_and_before,宋,works_general,工部,0,0,1,0,0,1,118.7425,30.946941,宣城,0,0,0,0,0,2,0.0,2.1262940533200443e-22,6.393162895872638e-07,0.45684964587212995,-0.17812319241819308,-0.21135081309332437,-0.1058385672246415,0.5906934999763558,-0.23744824891412958
3504,李虛己,Li Xuji,947,cluster1_song_and_before,宋,works_general,工部,0,1,0,0,0,1,115.89772,28.674896,南昌,0,0,0,0,0,4,0.16666666666666666,0.010043860102933518,6.82576690294412e-05,1.1914063205736174,1.109686958036392,0.356799881066416,0.11690705331206652,-0.044706773560632615,-0.876567068031227
3505,李虛舟,Li Xuzhou,971,cluster1_song_and_before,宋,works_general,工部,0,0,1,0,0,1,115.89772,28.674896,南昌,0,0,0,0,0,4,0.5,0.05551952239067929,6.0168051413397185e-05,1.1914063205736174,3.685307258945562,2.92922012899584,0.09025856480595179,-0.044706773560632615,-0.876567068031227
3518,李茂先,Li Maoxian,1012,cluster1_song_and_before,宋,works_general,工部,0,0,0,0,0,1,114.34333,34.785477,開封,0,0,0,0,0,0,0.0,1.3975995756472907e-33,0.0,-0.2777070288293577,-0.17812319241819308,-0.21135081309332437,-0.107944576878429,-0.3918899761925293,0.8423193593235898
3522,李孟傳,Li Mengchuan,1136,cluster1_song_and_before,宋,construction,将作/营缮,0,0,1,0,0,1,120.973587,29.952654,上虞,0,0,0,0,1,0,0.0,1.3975995756472907e-33,0.0,-0.2777070288293577,-0.17812319241819308,-0.21135081309332437,-0.107944576878429,1.0890214164004066,-0.5171379264088455
3525,李韶,Li Shao,1181,cluster1_song_and_before,宋,works_general,工部,0,1,0,0,0,1,119.534469,26.198015,連江,0,0,0,0,0,0,0.0,1.3975995756472907e-33,0.0,-0.2777070288293577,-0.17812319241819308,-0.21135081309332437,-0.107944576878429,0.7675849711034066,-1.5733055832514693
3528,李淑,Li Shu,1002,cluster1_song_and_before,宋,hydraulic,水利/河道,0,1,0,0,0,1,116.584183,34.703617,豐縣,0,0,1,0,0,3,0.0,0.01504982687001444,6.761258634362447e-06,0.8241279832228736,-0.17812319241819308,0.6399722335792638,-0.0856719143674923,0.10861924039229687,0.8192924093587234
3533,李大性,Li Daxing,1137,cluster1_song_and_before,宋,works_general,工部,0,0,1,0,0,1,115.89772,28.674896,新建,0,0,0,0,0,1,0.0,0.006229044638128083,0.0,0.0895713085213861,-0.17812319241819308,0.14100734391354497,-0.107944576878429,-0.044706773560632615,-0.876567068031227
3590,劉震,Liu Zhen,1020,cluster1_song_and_before,宋,construction,将作/营缮,0,0,0,0,0,1,114.859356,34.92438,東明,0,0,0,0,1,0,0.0,1.3975995756472907e-33,0.0,-0.2777070288293577,-0.17812319241819308,-0.21135081309332437,-0.107944576878429,-0.27663218418323343,0.8813923184119096
3591,劉震孫,Liu Zhensun,1205,cluster1_song_and_before,宋,hydraulic,水利/河道,0,0,0,0,0,1,116.29917145,35.91034317,東平府,0,0,1,0,0,2,0.0,0.021160028311951837,9.662610322344652e-05,0.45684964587212995,-0.17812319241819308,0.9856077915335856,0.21035719254437177,0.04496004114624038,1.1587405297824367
3596,劉克遜,Liu Kexun,1189,cluster1_song_and_before,宋,works_general,工部,0,0,1,0,0,1,119.011101,25.433954,莆田,0,0,0,0,0,0,0.0,1.3975995756472907e-33,0.0,-0.2777070288293577,-0.17812319241819308,-0.21135081309332437,-0.107944576878429,0.6506872952337401,-1.788233440777808
3599,劉詵,Liu Shen,1046,cluster1_song_and_before,宋,military_industrial,军器/制造,0,1,0,0,0,1,119.381439,25.727917,福清,0,0,0,1,0,0,0.0,1.3975995756472907e-33,0.0,-0.2777070288293577,-0.17812319241819308,-0.21135081309332437,-0.107944576878429,0.733404716792224,-1.705542611404217
3604,柳灝,Liu Hao,972,cluster1_song_and_before,宋,works_general,工部,0,1,0,0,0,1,117.276459,31.864456,合肥,0,0,0,0,0,1,0.0,1.7500105718422635e-05,0.0,0.0895713085213861,-0.17812319241819308,-0.2103608852060486,-0.107944576878429,0.26324362602601775,0.020645716356023556
3608,羅弘信,Luo Hongxin,836,cluster1_song_and_before,唐,works_general,工部,1,0,0,0,0,1,115.146522,36.275528,元城,0,0,0,0,0,1,0.0,7.50330558788574e-25,0.0,0.0895713085213861,-0.17812319241819308,-0.21135081309332437,-0.107944576878429,-0.21249177439740735,1.2614658267325767
3615,樓璩,Lou Qu,1119,cluster1_song_and_before,宋,works_general,工部,0,0,0,0,0,1,121.542656,29.866316,鄞縣,0,0,0,0,0,0,0.0,1.3975995756472907e-33,0.0,-0.2777070288293577,-0.17812319241819308,-0.21135081309332437,-0.107944576878429,1.2161267103990354,-0.541424523111345
3634,陸軫,Lu Zhen,982,cluster1_song_and_before,宋,works_general,工部,0,1,0,0,0,1,120.578262,30.004515,山陰,0,0,0,0,0,3,0.0,8.689922682926126e-21,0.0,0.8241279832228736,-0.17812319241819308,-0.21135081309332437,-0.107944576878429,1.0007229844879177,-0.5025495969179097
3638,陸詵,Lu Shen,1012,cluster1_song_and_before,宋,works_general,工部,0,1,0,0,0,1,114.34333,34.785477,開封,0,0,0,0,0,3,0.0,0.003492223455799036,6.631345673682738e-06,0.8241279832228736,-0.17812319241819308,-0.013806327184599936,-0.08609986834551502,-0.3918899761925293,0.8423193593235898
3675,梅正臣,Mei Zhengchen,1004,cluster1_song_and_before,宋,construction,将作/营缮,0,1,0,0,0,1,118.7425,30.946941,宣城,0,0,0,0,1,1,0.0,1.503516943899234e-22,0.0,0.0895713085213861,-0.17812319241819308,-0.21135081309332437,-0.107944576878429,0.5906934999763558,-0.23744824891412958
3700,龐元魯,Pang Yuanlu,1016,cluster1_song_and_before,宋,construction,将作/营缮,0,1,1,0,0,1,115.875175,34.962231,成武,0,0,0,0,1,3,0.6666666666666666,0.03283126734459472,3.3602593083257083e-06,0.8241279832228736,4.973117409400148,1.6458143744750966,-0.09687534767556931,-0.04974234719616735,0.8920396807759489
3709,畢從古,Bi Conggu,1010,cluster1_song_and_before,宋,construction,将作/营缮,0,0,1,0,0,1,113.641312,34.758076,管城,0,0,0,0,1,4,0.0,0.015640037384912632,0.0004944074588039234,1.1914063205736174,-0.17812319241819308,0.6733586517793586,1.5207123150299782,-0.5486903014295904,0.8346115477429978
3713,上官合,Shangguan He,1052,cluster1_song_and_before,宋,hydraulic,水利/河道,0,1,0,0,0,1,117.483398,27.337692,邵武,0,0,1,0,0,0,0.0,1.3975995756472907e-33,0.0,-0.2777070288293577,-0.17812319241819308,-0.21135081309332437,-0.107944576878429,0.30946480910712254,-1.2527181748088918
3716,上官凝,Shangguan Ning,1007,cluster1_song_and_before,宋,works_general,工部,0,1,0,0,0,1,117.483398,27.337692,邵武,0,0,0,0,0,0,0.0,1.3975995756472907e-33,0.0,-0.2777070288293577,-0.17812319241819308,-0.21135081309332437,-0.107944576878429,0.30946480910712254,-1.2527181748088918
3718,邵雍,Shao Yong,1011,cluster1_song_and_before,宋,construction,将作/营缮,0,0,0,0,0,1,112.38263,34.665276,河南,0,0,0,0,1,6,0.5333333333333333,0.08770499059951324,1.4119695847154342e-05,1.9259629952751052,3.9428692890364796,4.749854418731158,-0.0614320505327485,-0.8298251825437993,0.808507211599097
3725,史彌堅,Shi Mijian,1169,cluster1_song_and_before,宋,military_industrial,军器/制造,0,0,0,0,0,1,121.542656,29.866316,鄞縣,0,0,0,1,0,1,0.0,0.002057359994309527,0.0,0.0895713085213861,-0.17812319241819308,-0.09497219999794299,-0.107944576878429,1.2161267103990354,-0.541424523111345
3735,沈立基,Shen Liji,1065,cluster1_song_and_before,宋,construction,将作/营缮,0,0,1,0,0,1,114.856377,34.063873,太康,0,0,0,0,1,1,0.0,1.221468332229389e-20,0.0,0.0895713085213861,-0.17812319241819308,-0.21135081309332437,-0.107944576878429,-0.27729756337419836,0.6393345168798117
3736,沈同,Shen Tong,970,cluster1_song_and_before,宋,works_general,工部,0,1,0,0,0,1,120.168625,30.294125,錢塘,0,0,0,0,0,0,0.0,1.3975995756472907e-33,0.0,-0.2777070288293577,-0.17812319241819308,-0.21135081309332437,-0.107944576878429,0.9092278734948482,-0.4210832521912416
3739,盛京,Sheng Jing,968,cluster1_song_and_before,宋,works_general,工部,0,1,0,0,0,1,114.34333,34.785477,開封,0,0,0,0,0,3,0.3333333333333333,0.04796305302485747,5.232154524665142e-05,0.8241279832228736,2.397497108490977,2.501773582390262,0.06441092412353154,-0.3918899761925293,0.8423193593235898
3759,蘇峴,Su Xian,1118,cluster1_song_and_before,宋,construction,将作/营缮,0,0,0,1,0,1,119.814385,31.363638,宜興,0,0,0,0,1,1,0.0,0.000493177287764812,0.0,0.0895713085213861,-0.17812319241819308,-0.18345327016502752,-0.107944576878429,0.8301060458323416,-0.12023274720987676
3802,宋松年,Song Songnian,1058,cluster1_song_and_before,宋,construction,将作/营缮,0,0,0,0,0,1,114.76066,34.49547,雍邱,0,0,0,0,1,1,0.0,0.008186247951739202,0.0,0.0895713085213861,-0.17812319241819308,0.25172039744513713,-0.107944576878429,-0.29867658318667445,0.7607413397968225
3810,宋延年,Song Yannian,1058,cluster1_song_and_before,宋,construction,将作/营缮,0,0,0,0,0,1,114.76066,34.49547,雍邱,0,0,0,0,1,1,0.0,0.008186247951739202,0.0,0.0895713085213861,-0.17812319241819308,0.25172039744513713,-0.107944576878429,-0.29867658318667445,0.7607413397968225
3829,唐拱,Tang Gong,977,cluster1_song_and_before,宋,astronomical,天文/历算,0,0,1,0,0,1,112.190773,30.350445,江陵,1,0,0,0,0,0,0.0,1.3975995756472907e-33,0.0,-0.2777070288293577,-0.17812319241819308,-0.21135081309332437,-0.107944576878429,-0.872677701993456,-0.4052406206004612
3830,唐淑問,Tang Shuwen,1040,cluster1_song_and_before,宋,works_general,工部,0,1,0,0,0,1,112.190773,30.350445,江陵,0,0,0,0,0,0,0.0,1.3975995756472907e-33,0.0,-0.2777070288293577,-0.17812319241819308,-0.21135081309332437,-0.107944576878429,-0.872677701993456,-0.4052406206004612
3838,田京,Tian Jing,992,cluster1_song_and_before,宋,works_general,工部,0,1,0,0,0,1,115.1844,33.896342,鹿邑,0,0,0,0,0,1,0.0,0.005847870761799363,0.0,0.0895713085213861,-0.17812319241819308,0.11944549416531229,-0.107944576878429,-0.2040314746339708,0.592208595128478
3842,刁衎,Diao Kan,945,cluster1_song_and_before,南唐,works_general,工部,0,0,0,0,0,1,118.76899,32.052563,江寧,0,0,0,0,0,2,0.0,0.006939423472093334,1.974971220111697e-07,0.45684964587212995,-0.17812319241819308,0.1811913193470403,-0.107293989911813,0.5966102152393962,0.07355959953512392
3856,蔡拯,Cai Zheng,998,cluster1_song_and_before,宋,works_general,工部,0,1,0,0,0,1,115.646072,34.447662,宋城,0,0,0,0,0,1,0.0,7.080669916561071e-05,0.0,0.0895713085213861,-0.17812319241819308,-0.20734549294053253,-0.107944576878429,-0.10091400506360927,0.7472931059351041
3857,蔡蕃,Cai Fan,1064,cluster1_song_and_before,宋,construction,将作/营缮,0,0,1,0,0,1,115.646072,34.447662,宋城,0,0,0,0,1,0,0.0,1.3975995756472907e-33,0.0,-0.2777070288293577,-0.17812319241819308,-0.21135081309332437,-0.107944576878429,-0.10091400506360927,0.7472931059351041
3869,曹玘,Cao Qi,961,cluster1_song_and_before,宋,works_general,工部,0,0,0,0,0,1,114.365883,38.30547,靈壽,0,0,0,0,0,0,0.0,1.3975995756472907e-33,0.0,-0.2777070288293577,-0.17812319241819308,-0.21135081309332437,-0.107944576878429,-0.38685261570451934,1.832481864670293
3874,曹修古,Cao Xiugu,970,cluster1_song_and_before,宋,works_general,工部,0,1,0,0,0,1,118.323784,27.038864,建安,0,0,0,0,0,0,0.0,1.3975995756472907e-33,0.0,-0.2777070288293577,-0.17812319241819308,-0.21135081309332437,-0.107944576878429,0.497170534778936,-1.3367775127529573
3908,曾公望,Zeng Gongwang,1010,cluster1_song_and_before,宋,works_general,工部,0,0,1,0,0,1,118.589905,24.909641,晉江,0,0,0,0,0,1,0.0,0.00041925410276046873,0.0,0.0895713085213861,-0.17812319241819308,-0.18763488046667337,-0.107944576878429,0.5566104057685858,-1.9357209709137615
3915,杜甫,Du Fu,712,cluster1_song_and_before,唐,works_general,工部,0,0,0,0,0,1,108.906976,34.246423,長安,0,0,0,0,0,9,0.027777777777777776,3.705341629709421e-13,2.669249564412501e-05,3.0277980073273367,0.03651183265757108,-0.2113508130723644,-0.020015246082713368,-1.6061353022437168,0.6906852341542608
3927,杜佑,Du You,735,cluster1_song_and_before,唐,works_general,工部,1,0,1,0,0,1,108.906976,34.246423,長安,0,0,0,0,0,0,0.0,1.3975995756472907e-33,0.0,-0.2777070288293577,-0.17812319241819308,-0.21135081309332437,-0.107944576878429,-1.6061353022437168,0.6906852341542608
3933,汪逵,Wang Kui,1142,cluster1_song_and_before,宋,works_general,工部,0,1,0,0,0,1,118.240181,28.679602,玉山,0,0,0,0,0,0,0.0,1.3975995756472907e-33,0.0,-0.2777070288293577,-0.17812319241819308,-0.21135081309332437,-0.107944576878429,0.47849725632910484,-0.8752432856401369
3941,王洙,Wang Zhu,997,cluster1_song_and_before,宋,works_general,工部,0,1,0,0,0,1,115.646072,34.447662,宋城,0,0,0,0,0,6,0.0,0.04809679479659982,0.0004456298924752863,1.9259629952751052,-0.17812319241819308,2.509338948661281,1.360031244878162,-0.10091400506360927,0.7472931059351041
3944,王仲端,Wang Zhongduan,1049,cluster1_song_and_before,宋,military_industrial,军器/制造,0,0,0,0,0,1,114.859356,34.92438,東明,0,0,0,1,0,0,0.0,1.3975995756472907e-33,0.0,-0.2777070288293577,-0.17812319241819308,-0.21135081309332437,-0.107944576878429,-0.27663218418323343,0.8813923184119096
3957,王渙,Wang Huan (2),983,cluster1_song_and_before,宋,works_general,工部,0,0,0,0,0,1,115.887953,34.510823,虞城,0,0,0,0,0,4,0.3333333333333333,0.027690165468027283,9.291045335992171e-05,1.1914063205736174,2.397497108490977,1.3549978388022612,0.1981172502652077,-0.04688829707796703,0.7650600884263205
3977,王慎言,Wang Shenyan,1011,cluster1_song_and_before,宋,construction,将作/营缮,0,0,1,0,0,1,112.38263,34.665276,洛陽,0,0,0,0,1,5,0.1,0.05390423522034828,7.721241610957599e-05,1.5586846579243614,0.594562897854558,2.83784823435716,0.14640541602415122,-0.8298251825437993,0.808507211599097
3997,王禹偁,Wang Yucheng,954,cluster1_song_and_before,宋,works_general,工部,0,1,0,0,0,1,116.08870697,35.396209717,鉅野,0,0,0,0,0,9,0.0,0.02358504388877854,0.0007587009596186224,3.0277980073273367,-0.17812319241819308,1.1227835655091578,2.391337189156662,-0.0020485810185032144,1.0141164728865761
4001,魏了翁,Wei Liaoweng,1178,cluster1_song_and_before,宋,works_general,工部,1,1,0,0,0,1,103.502586,30.214197,蒲江,0,0,0,0,0,38,0.025604551920341393,0.21109556035471672,0.0048521069461174085,13.67886979049891,0.01971961874694942,11.729684597639093,15.87566828605935,-2.813241259224773,-0.44356673688207865
4007,吳植,Wu Zhi,976,cluster1_song_and_before,宋,works_general,工部,0,0,0,0,0,1,118.536255,27.924686,浦城,0,0,0,0,0,1,0.0,5.017129200224434e-21,0.0,0.0895713085213861,-0.17812319241819308,-0.21135081309332437,-0.107944576878429,0.5446273263475893,-1.0875986846100525
4042,楊沆,Yang Hang,1026,cluster1_song_and_before,宋,works_general,工部,0,0,0,0,0,1,120.618622,31.31271,吳縣,0,0,0,0,0,1,0.0,5.017129200224434e-21,0.0,0.0895713085213861,-0.17812319241819308,-0.21135081309332437,-0.107944576878429,1.0097376552322135,-0.1345586268557452
4043,楊偰,Yang Xie,1115,cluster1_song_and_before,宋,works_general,工部,0,1,0,0,0,1,119.964065,30.550453,武康,0,0,0,0,0,0,0.0,1.3975995756472907e-33,0.0,-0.2777070288293577,-0.17812319241819308,-0.21135081309332437,-0.107944576878429,0.8635380556689611,-0.34897902508894063
4053,楊坦,Yang Tan,942,cluster1_song_and_before,宋,works_general,工部,0,1,0,0,0,1,114.563645,38.14011,真定,0,0,0,0,0,0,0.0,1.3975995756472907e-33,0.0,-0.2777070288293577,-0.17812319241819308,-0.21135081309332437,-0.107944576878429,-0.3426811757705982,1.7859666381104302
4056,姚憲,Yao Xian,1116,cluster1_song_and_before,宋,works_general,工部,1,1,1,0,0,1,120.815277,29.58749,嵊縣,0,0,0,0,0,0,0.0,1.3975995756472907e-33,0.0,-0.2777070288293577,-0.17812319241819308,-0.21135081309332437,-0.107944576878429,1.0536618394546882,-0.6198573639481882
4067,葉昭映,Ye Zhaoying,992,cluster1_song_and_before,宋,works_general,工部,0,0,0,0,0,1,118.169182,26.642174,劍浦,0,0,0,0,0,1,0.0,0.001612188318188181,0.0,0.0895713085213861,-0.17812319241819308,-0.1201542111188193,-0.107944576878429,0.4626391639561084,-1.448365110866358
4112,閻充國,Yan Chongguo,1019,cluster1_song_and_before,宋,works_general,工部,0,1,0,0,0,1,113.819748,34.031391,長社,0,0,0,0,0,2,0.0,0.023632718848700225,5.6615423977588056e-05,0.45684964587212995,-0.17812319241819308,1.1254803933518347,0.07855564436112068,-0.5088354503659407,0.6301974366359949
4118,晏防,Yan Fang,1063,cluster1_song_and_before,宋,construction,将作/营缮,0,0,1,0,0,1,116.351341,27.984781,臨川,0,0,0,0,1,1,0.0,7.50330558788574e-25,0.0,0.0895713085213861,-0.17812319241819308,-0.21135081309332437,-0.107944576878429,0.0566124523486191,-1.0706941578797973
4124,尹仲宣,Yin Zhongxuan,967,cluster1_song_and_before,宋,works_general,工部,0,1,0,0,0,1,112.38263,34.665276,洛陽,0,0,0,0,0,0,0.0,1.3975995756472907e-33,0.0,-0.2777070288293577,-0.17812319241819308,-0.21135081309332437,-0.107944576878429,-0.8298251825437993,0.808507211599097
4153,趙宗道,Zhao Zongdao,999,cluster1_song_and_before,宋,construction,将作/营缮,0,0,1,0,0,1,114.40882874,35.039676666,封丘,0,0,0,0,1,5,0.2,0.028328848281217168,5.857532545791055e-05,1.5586846579243614,1.367248988127309,1.3911261878575958,0.08501187190491798,-0.37726040296987795,0.9138248930405185
4165,謝微,Xie Wei,985,cluster1_song_and_before,宋,works_general,工部,0,1,0,0,0,1,118.589905,24.909641,晉江,0,0,0,0,0,1,0.0,0.0003606549879937234,0.0,0.0895713085213861,-0.17812319241819308,-0.19094965460636382,-0.107944576878429,0.5566104057685858,-1.9357209709137615
4175,韓瀆,Han Du (2),980,cluster1_song_and_before,宋,works_general,工部,0,0,0,0,0,0,,,,0,0,0,0,0,2,0.0,0.026308406343819927,5.232154524665142e-05,0.45684964587212995,-0.17812319241819308,1.2768359172367991,0.06441092412353154,-3.174087617753835e-15,-1.9987334503111837e-15
4205,魏紹,Wei Shao,1038,cluster1_song_and_before,宋,construction,将作/营缮,0,0,1,0,0,1,116.720093,32.705585,下蔡,0,0,0,0,1,1,0.0,0.00010172410815588695,0.0,0.0895713085213861,-0.17812319241819308,-0.2055965889136519,-0.107944576878429,0.13897563040362226,0.2572525499377284
4207,吳待問,Wu Daiwen,970,cluster1_song_and_before,宋,works_general,工部,0,1,0,0,0,1,113.719086,34.397324,新鄭,0,0,0,0,0,2,0.0,0.009021957505142304,1.3988418238667175e-05,0.45684964587212995,-0.17812319241819308,0.298993951438907,-0.06186449987793662,-0.5313189683654979,0.7331331913573916
7011,張諷,Zhang Feng,1015,cluster1_song_and_before,宋,works_general,工部,0,0,1,0,0,1,120.618622,31.31271,吳縣,0,0,0,0,0,4,0.0,0.006835443528653418,0.00031580058394152706,1.1914063205736174,-0.17812319241819308,0.17530948940928318,0.9323528303438302,1.0097376552322135,-0.1345586268557452
7024,范杲,Fan Gao,1039,cluster1_song_and_before,宋,works_general,工部,0,0,1,0,0,1,114.34333,34.785477,開封,0,0,0,0,0,0,0.0,1.3975995756472907e-33,0.0,-0.2777070288293577,-0.17812319241819308,-0.21135081309332437,-0.107944576878429,-0.3918899761925293,0.8423193593235898
7034,謝綸,Xie Lun,994,cluster1_song_and_before,宋,construction,将作/营缮,0,0,0,0,0,1,120.637787,31.167065,吳江,0,0,0,0,1,0,0.0,1.3975995756472907e-33,0.0,-0.2777070288293577,-0.17812319241819308,-0.21135081309332437,-0.107944576878429,1.0140182836963958,-0.17552808846865717
7042,李維,Li Wei,955,cluster1_song_and_before,宋,works_general,工部,0,1,0,0,0,1,114.34333,34.785477,開封,0,0,0,0,0,3,0.0,0.014686569931654755,2.8423025398470282e-05,0.8241279832228736,-0.17812319241819308,0.6194238906541052,-0.014314605526267492,-0.3918899761925293,0.8423193593235898
7046,劉光世,Liu Guangshi,1089,cluster1_song_and_before,宋,military_industrial,军器/制造,0,0,0,0,0,1,120.168625,30.294125,錢塘,0,0,0,1,0,0,0.0,1.3975995756472907e-33,0.0,-0.2777070288293577,-0.17812319241819308,-0.21135081309332437,-0.107944576878429,0.9092278734948482,-0.4210832521912416
7053,呂誨,Lv Hui,1014,cluster1_song_and_before,宋,works_general,工部,0,1,0,0,0,1,112.38263,34.665276,洛陽,0,0,0,0,0,4,0.16666666666666666,0.07192268087894306,9.173571601903569e-05,1.1914063205736174,1.109686958036392,3.857097039467478,0.19424747841539639,-0.8298251825437993,0.808507211599097
7059,梅堯臣,Mei Yaochen,1002,cluster1_song_and_before,宋,works_general,工部,0,1,1,0,0,1,118.7425,30.946941,宣城,0,0,0,0,0,5,0.0,0.015446609922800947,0.00014685260691863506,1.5586846579243614,-0.17812319241819308,0.6624170470833499,0.37581129309036204,0.5906934999763558,-0.23744824891412958
7063,司馬宏,Sima Hong,1036,cluster1_song_and_before,宋,construction,将作/营缮,0,0,0,0,0,1,111.220055,35.137451,夏縣,0,0,0,0,1,1,0.0,0.023272063860706498,0.0,0.0895713085213861,-0.17812319241819308,1.105079234864874,-0.107944576878429,-1.0894939347873003,0.9413284930510998
7068,蔡交,Cai Jiao,1002,cluster1_song_and_before,宋,works_general,工部,0,0,1,0,0,1,119.94828,36.788235,膠水,0,0,0,0,0,0,0.0,1.3975995756472907e-33,0.0,-0.2777070288293577,-0.17812319241819308,-0.21135081309332437,-0.107944576878429,0.8600123723761278,1.4056886270701883
7069,蔡天球,Cai Tianqiu,1025,cluster1_song_and_before,宋,works_general,工部,0,1,0,0,0,1,115.646072,34.447662,宋城,0,0,0,0,0,2,0.0,0.0008132686889492015,5.232154524665142e-05,0.45684964587212995,-0.17812319241819308,-0.16534667071882866,0.06441092412353154,-0.10091400506360927,0.7472931059351041
7070,崔保孫,Cui Baosun,1044,cluster1_song_and_before,宋,construction,将作/营缮,0,0,1,0,0,1,114.195343,34.107433,鄢陵,0,0,0,0,1,2,0.0,0.02472742122611479,6.123423588100164e-06,0.45684964587212995,-0.17812319241819308,1.1874043856468635,-0.08777304456991461,-0.42494384337379415,0.6515878022508058
7097,楊億,Yang Yi,974,cluster1_song_and_before,宋,works_general,工部,0,1,0,0,0,1,118.536255,27.924686,浦城,0,0,0,0,0,19,0.011695906432748537,0.04310229756989185,0.002283488730425496,6.700581380834775,-0.08775055028102922,2.2268153932501256,7.414230892318091,0.5446273263475893,-1.0875986846100525
7099,楊忱,Yang Chen,1024,cluster1_song_and_before,宋,construction,将作/营缮,0,0,1,0,0,1,112.38263,34.665276,洛陽,0,0,0,0,1,1,0.0,0.04305271222744958,0.0,0.0895713085213861,-0.17812319241819308,2.22401050086413,-0.107944576878429,-0.8298251825437993,0.808507211599097
7108,薛仲孺,Xue Zhongru,1007,cluster1_song_and_before,宋,works_general,工部,0,0,0,0,0,1,111.216148,35.616409,正平,0,0,0,0,0,1,0.0,7.50330558788574e-25,0.0,0.0895713085213861,-0.17812319241819308,-0.21135081309332437,-0.107944576878429,-1.0903665888655445,1.0760578101934477
7109,薛儀,Xue Yi,998,cluster1_song_and_before,宋,construction,将作/营缮,0,0,1,0,0,1,110.801264,35.36078,萬泉,0,0,0,0,1,3,0.0,0.026553939133318764,0.00039899007750029167,0.8241279832228736,-0.17812319241819308,1.2907249622218042,1.2063922680712145,-1.1830336517266868,1.0041502095024033
7120,晁仲約,Chao Zhongyue,1012,cluster1_song_and_before,宋,works_general,工部,0,1,0,0,0,1,116.08870697,35.396209717,鉅野,0,0,0,0,0,1,0.0,0.0040252621052282445,0.0,0.0895713085213861,-0.17812319241819308,0.016346052038476132,-0.107944576878429,-0.0020485810185032144,1.0141164728865761
7121,晁宗恪,Chao Zongke,1007,cluster1_song_and_before,宋,construction,将作/营缮,0,0,1,0,0,1,114.34333,34.785477,開封,0,0,0,0,1,0,0.0,1.3975995756472907e-33,0.0,-0.2777070288293577,-0.17812319241819308,-0.21135081309332437,-0.107944576878429,-0.3918899761925293,0.8423193593235898
7126,陳希亮,Chen Xiliang,1000,cluster1_song_and_before,宋,works_general,工部,0,1,0,0,0,1,112.38263,34.665276,洛陽,0,0,0,0,0,0,0.0,1.3975995756472907e-33,0.0,-0.2777070288293577,-0.17812319241819308,-0.21135081309332437,-0.107944576878429,-0.8298251825437993,0.808507211599097
7144,錢俁,Qian Yu (2),1121,cluster1_song_and_before,宋,construction,将作/营缮,0,1,0,0,0,1,120.733788,31.646582,常熟,0,0,0,0,1,0,0.0,1.3975995756472907e-33,0.0,-0.2777070288293577,-0.17812319241819308,-0.21135081309332437,-0.107944576878429,1.0354607367717918,-0.040641526456649514
7161,張保孫,Zhang Baosun,1015,cluster1_song_and_before,宋,construction,将作/营缮,0,0,1,0,0,1,115.563812,37.565983,信都,0,0,0,0,1,1,0.0,0.003772500270974698,0.0,0.0895713085213861,-0.17812319241819308,0.0020480819237491794,-0.107944576878429,-0.1192873156539382,1.6244665928810267
7179,趙善堅,Zhao Shanjian,1136,cluster1_song_and_before,宋,works_general,工部,0,1,0,0,0,1,113.838638,27.631424,萍鄉,0,0,0,0,0,0,0.0,1.3975995756472907e-33,0.0,-0.2777070288293577,-0.17812319241819308,-0.21135081309332437,-0.107944576878429,-0.5046162449556408,-1.170092324978936
7186,鄭民彝,Zheng Minyi,1021,cluster1_song_and_before,宋,construction,将作/营缮,0,1,1,0,0,1,120.618622,31.31271,吳縣,0,0,0,0,1,0,0.0,1.3975995756472907e-33,0.0,-0.2777070288293577,-0.17812319241819308,-0.21135081309332437,-0.107944576878429,1.0097376552322135,-0.1345586268557452
7214,范仲溫,Fan Zhongwen,985,cluster1_song_and_before,宋,construction,将作/营缮,0,0,1,0,0,1,120.618622,31.31271,吳縣,0,0,0,0,1,0,0.0,1.3975995756472907e-33,0.0,-0.2777070288293577,-0.17812319241819308,-0.21135081309332437,-0.107944576878429,1.0097376552322135,-0.1345586268557452
7239,謝景初,Xie Jingchu,1020,cluster1_song_and_before,宋,works_general,工部,0,1,0,0,0,1,112.080963,32.684826,穰縣,0,0,0,0,0,2,1.0,0.06632477608815608,0.0,0.45684964587212995,7.548737710309318,3.5404405488223283,-0.107944576878429,-0.8972044857999697,0.25141311120915977
7240,謝景平,Xie Jingping,1032,cluster1_song_and_before,宋,construction,将作/营缮,0,1,1,0,0,1,112.080963,32.684826,穰縣,0,0,0,0,1,3,0.6666666666666666,0.07069118448234396,3.851535366682335e-05,0.8241279832228736,4.973117409400148,3.787435024523777,0.01893113075250895,-0.8972044857999697,0.25141311120915977
7272,李處厚,Li Chuhou,1012,cluster1_song_and_before,宋,works_general,工部,0,1,0,0,0,1,119.534469,26.198015,連江,0,0,0,0,0,0,0.0,1.3975995756472907e-33,0.0,-0.2777070288293577,-0.17812319241819308,-0.21135081309332437,-0.107944576878429,0.7675849711034066,-1.5733055832514693
7279,李兌,Li Dui,997,cluster1_song_and_before,宋,works_general,工部,0,1,0,0,0,1,113.9697,33.8078,臨穎,0,0,0,0,0,1,0.0,1.503516943899234e-22,0.0,0.0895713085213861,-0.17812319241819308,-0.21135081309332437,-0.107944576878429,-0.4753426875451188,0.5673020204425611
7288,林高,Lin Gao,985,cluster1_song_and_before,宋,works_general,工部,0,1,0,0,0,1,120.618622,31.31271,吳縣,0,0,0,0,0,0,0.0,1.3975995756472907e-33,0.0,-0.2777070288293577,-0.17812319241819308,-0.21135081309332437,-0.107944576878429,1.0097376552322135,-0.1345586268557452
7308,歐陽發,Ouyang Fa,1040,cluster1_song_and_before,宋,construction,将作/营缮,0,1,1,0,0,1,113.719086,34.397324,新鄭,0,0,0,0,1,0,0.0,1.3975995756472907e-33,0.0,-0.2777070288293577,-0.17812319241819308,-0.21135081309332437,-0.107944576878429,-0.5313189683654979,0.7331331913573916
7317,邊肅,Bian Su,940,cluster1_song_and_before,宋,works_general,工部,0,1,0,0,0,1,115.701694,34.704596,楚丘,0,0,0,0,0,3,0.0,0.00870583000510908,7.10047092458886e-05,0.8241279832228736,-0.17812319241819308,0.2811115778548304,0.12595624118574894,-0.08849046650713949,0.8195677988531728
7323,沈周,Shen Zhou,978,cluster1_song_and_before,宋,works_general,工部,1,1,0,0,0,1,120.168625,30.294125,錢塘,0,0,0,0,0,2,0.0,0.04466490054563777,0.0002093258496088397,0.45684964587212995,-0.17812319241819308,2.315207102838636,0.5816081018873349,0.9092278734948482,-0.4210832521912416
7328,沈惟溫,Shen Weiwen,988,cluster1_song_and_before,宋,construction,将作/营缮,0,0,1,0,0,1,114.856377,34.063873,太康,0,0,0,0,1,1,0.0,1.5959248592679233e-20,0.0,0.0895713085213861,-0.17812319241819308,-0.21135081309332437,-0.107944576878429,-0.27729756337419836,0.6393345168798117
7336,石元之,Shi Yuanzhi,1004,cluster1_song_and_before,宋,works_general,工部,0,1,0,0,0,1,120.902107,29.494654,新昌,0,0,0,0,0,1,0.0,0.0005708605583039409,0.0,0.0895713085213861,-0.17812319241819308,-0.179058963232326,-0.107944576878429,1.0730558895222577,-0.6459718267742123
7358,崔公孺,Cui Gongru,1014,cluster1_song_and_before,宋,construction,将作/营缮,0,0,1,0,0,1,114.195343,34.107433,鄢陵,0,0,0,0,1,3,0.3333333333333333,0.016715842579090284,1.9918578083546635e-06,0.8241279832228736,2.397497108490977,0.7342136877504558,-0.10138308010180987,-0.42494384337379415,0.6515878022508058
7365,曾槃,Zeng Pan,1144,cluster1_song_and_before,宋,works_general,工部,0,0,0,0,0,1,120.578262,30.004515,山陰,0,0,0,0,0,0,0.0,1.3975995756472907e-33,0.0,-0.2777070288293577,-0.17812319241819308,-0.21135081309332437,-0.107944576878429,1.0007229844879177,-0.5025495969179097
7390,魏琰,Wei Yan,1000,cluster1_song_and_before,宋,works_general,工部,0,0,1,0,0,1,117.844589,29.244728,婺源,0,0,0,0,0,5,0.3,0.005600990386057432,0.00014903405109359727,1.5586846579243614,2.13993507840006,0.10548022031494989,0.3829973175456983,0.3901391882152088,-0.7162751922386555
7391,文及甫,Wen Jifu,1036,cluster1_song_and_before,宋,works_general,工部,0,0,0,0,0,1,110.855438,34.911781,解縣,0,0,0,0,0,1,0.0,7.50330558788574e-25,0.0,0.0895713085213861,-0.17812319241819308,-0.21135081309332437,-0.107944576878429,-1.1709335334684754,0.8778482609649588
7397,吳材,Wu Cai,1058,cluster1_song_and_before,宋,works_general,工部,0,1,0,0,0,1,119.12091,28.082565,龍泉,0,0,0,0,0,1,0.0,0.023272063860706498,0.0,0.0895713085213861,-0.17812319241819308,1.105079234864874,-0.107944576878429,0.6752138556836949,-1.0431878388550666
7411,孫寔,Sun Shi,1028,cluster1_song_and_before,宋,construction,将作/营缮,0,0,0,0,0,1,113.467056,34.162491,陽翟,0,0,0,0,1,0,0.0,1.3975995756472907e-33,0.0,-0.2777070288293577,-0.17812319241819308,-0.21135081309332437,-0.107944576878429,-0.5876115220742312,0.6670754373737681
8001,晁宗愨,Chao Zongque,985,cluster1_song_and_before,宋,works_general,工部,1,1,1,0,0,1,114.34333,34.785477,開封,0,0,0,0,0,2,1.0,0.009706740476991256,0.0,0.45684964587212995,7.548737710309318,0.33773004660724965,-0.107944576878429,-0.3918899761925293,0.8423193593235898
8006,錢惟演,Qian Weiyan,977,cluster1_song_and_before,宋,works_general,工部,1,0,1,0,0,1,114.34333,34.785477,開封,0,0,0,0,0,2,0.0,0.0016085152898381646,6.084430566574883e-06,0.45684964587212995,-0.17812319241819308,-0.12036198318905363,-0.08790149379152853,-0.3918899761925293,0.8423193593235898
8012,張洎,Zhang Ji,933,cluster1_song_and_before,宋,works_general,工部,1,1,0,0,0,1,118.264374,32.098347,全椒,0,0,0,0,0,1,0.0,4.5439239218501795e-05,0.0,0.0895713085213861,-0.17812319241819308,-0.20878045318791888,-0.107944576878429,0.48390092157481046,0.08643848882404895
8013,張宏,Zhang Hong,939,cluster1_song_and_before,宋,works_general,工部,0,1,0,0,0,1,118.478098,36.69748,益都,0,0,0,0,0,2,0.0,0.00018153211730962055,0.0003866689807252532,0.45684964587212995,-0.17812319241819308,-0.20108209196372354,1.165804613453133,0.5316375789126077,1.3801595427303213
8016,張昪,Zhang Bian,992,cluster1_song_and_before,宋,works_general,工部,1,1,0,0,0,1,110.437637,35.465939,韓城,0,0,0,0,0,4,0.16666666666666666,0.06734576331972392,0.00010356923891313674,1.1914063205736174,1.109686958036392,3.598194698959692,0.2332289870351459,-1.2642521274138891,1.0337310918790883
8033,周起,Zhou Qi,970,cluster1_song_and_before,宋,construction,将作/营缮,0,1,0,0,0,1,117.684446,37.041858,鄒平,0,0,0,0,1,3,0.0,0.04371545371764921,0.00010464309049330284,0.8241279832228736,-0.17812319241819308,2.261499776286774,0.23676642512549206,0.35437019869579534,1.477031946529501
8048,韓崇訓,Han Chongxun,941,cluster1_song_and_before,宋,military_industrial,军器/制造,0,0,1,0,0,1,114.191864,36.697582,武安,0,0,0,1,0,0,0.0,1.3975995756472907e-33,0.0,-0.2777070288293577,-0.17812319241819308,-0.21135081309332437,-0.107944576878429,-0.4257209008445421,1.380188234996341
8049,韓億,Han Yi,972,cluster1_song_and_before,宋,works_general,工部,1,1,0,0,0,1,114.76066,34.49547,雍邱,0,0,0,0,0,6,0.2,0.03447021602996481,4.7391086795915494e-05,1.9259629952751052,1.367248988127309,1.7385247292333479,0.04816920892877002,-0.29867658318667445,0.7607413397968225
8057,席益,Xi Yi,1091,cluster1_song_and_before,宋,works_general,工部,1,1,0,0,0,1,112.38263,34.665276,洛陽,0,0,0,0,0,0,0.0,1.3975995756472907e-33,0.0,-0.2777070288293577,-0.17812319241819308,-0.21135081309332437,-0.107944576878429,-0.8298251825437993,0.808507211599097
8070,管師仁,Guan Shiren,1043,cluster1_song_and_before,宋,works_general,工部,0,1,0,0,0,1,119.12091,28.082565,龍泉,0,0,0,0,0,0,0.0,1.3975995756472907e-33,0.0,-0.2777070288293577,-0.17812319241819308,-0.21135081309332437,-0.107944576878429,0.6752138556836949,-1.0431878388550666
8071,郭三益,Guo Sanyi,1058,cluster1_song_and_before,宋,works_general,工部,0,1,0,0,0,1,119.952301,31.782784,武進,0,0,0,0,0,0,0.0,1.3975995756472907e-33,0.0,-0.2777070288293577,-0.17812319241819308,-0.21135081309332437,-0.107944576878429,0.8609104891021656,-0.002328349824414023
8072,郭逵,Guo Kui,1022,cluster1_song_and_before,宋,military_industrial,军器/制造,0,0,0,0,0,1,112.38263,34.665276,洛陽,0,0,0,1,0,1,0.0,0.023272063860706498,0.0,0.0895713085213861,-0.17812319241819308,1.105079234864874,-0.107944576878429,-0.8298251825437993,0.808507211599097
8074,李至,Li Zhi,947,cluster1_song_and_before,宋,works_general,工部,1,1,0,0,0,1,113.641312,34.758076,管城,0,0,0,0,0,2,0.0,0.0020692255689767586,0.00043771439072198625,0.45684964587212995,-0.17812319241819308,-0.09430100043774373,1.3339563217477286,-0.5486903014295904,0.8346115477429978
8075,李昉,Li Fang,925,cluster1_song_and_before,宋,works_general,工部,1,1,0,0,0,1,114.34333,34.785477,開封,0,0,0,0,0,5,0.0,0.002156496467086758,0.0006076735190548589,1.5586846579243614,-0.17812319241819308,-0.08936435050106666,1.8938287524180277,-0.3918899761925293,0.8423193593235898
8087,劉昌言,Liu Changyan,953,cluster1_song_and_before,宋,works_general,工部,0,1,0,0,0,1,118.537849,24.953764,南安,0,0,0,0,0,2,1.0,9.591778628167397e-20,0.0,0.45684964587212995,7.548737710309318,-0.21135081309332437,-0.107944576878429,0.5449833567035451,-1.9233093154862047
8090,劉沆,Liu Hang (2),995,cluster1_song_and_before,宋,works_general,工部,1,1,0,0,0,1,114.23687,26.945564,永新,0,0,0,0,0,3,0.3333333333333333,0.006459195952655357,5.232154524665142e-05,0.8241279832228736,2.397497108490977,0.15402630552495336,0.06441092412353154,-0.41566851552448003,-1.3630224972597011
8093,劉大中,Liu Dazhong,1115,cluster1_song_and_before,宋,works_general,工部,0,1,0,0,0,1,119.177627,32.267544,揚子,0,0,0,0,0,0,0.0,1.3975995756472907e-33,0.0,-0.2777070288293577,-0.17812319241819308,-0.21135081309332437,-0.107944576878429,0.6878819696728966,0.13403305092037987
8104,孟忠厚,Meng Zhonghou,1094,cluster1_song_and_before,宋,construction,将作/营缮,0,0,1,0,0,1,120.618622,31.31271,長洲,0,0,0,0,1,1,0.0,7.50330558788574e-25,0.0,0.0895713085213861,-0.17812319241819308,-0.21135081309332437,-0.107944576878429,1.0097376552322135,-0.1345586268557452
8109,盛度,Sheng Du,968,cluster1_song_and_before,宋,works_general,工部,1,1,0,0,0,1,114.34333,34.785477,開封,0,0,0,0,0,4,0.16666666666666666,0.05222296883617303,0.000100489261805145,1.1914063205736174,1.109686958036392,2.7427440957643077,0.22308305202844889,-0.3918899761925293,0.8423193593235898
8116,蘇頌,Su Song,1020,cluster1_song_and_before,宋,works_general,工部,1,1,0,0,0,1,118.58990479,24.909641266,泉州,0,0,0,0,0,33,0.011363636363636364,0.13114468980977137,0.002821605218668068,11.84247810374519,-0.09031795488719865,7.207106412234143,9.186872286818954,0.5566103588637091,-1.9357208960888321
8150,王化基,Wang Huaji,944,cluster1_song_and_before,宋,works_general,工部,1,1,0,0,0,1,114.563645,38.14011,真定,0,0,0,0,0,2,0.0,2.2569789337400257e-20,0.0,0.45684964587212995,-0.17812319241819308,-0.21135081309332437,-0.107944576878429,-0.3426811757705982,1.7859666381104302
8153,王旦,Wang Dan,957,cluster1_song_and_before,宋,works_general,工部,1,1,0,0,0,1,114.34333,34.785477,開封,0,0,0,0,0,10,0.022222222222222223,0.034566453132594696,0.0006588652484692278,3.3950763446780803,-0.006415172357581738,1.743968570157329,2.062462460172197,-0.3918899761925293,0.8423193593235898
8160,溫益,Wen Yi,1037,cluster1_song_and_before,宋,works_general,工部,0,1,0,0,0,1,118.589905,24.909641,晉江,0,0,0,0,0,0,0.0,1.3975995756472907e-33,0.0,-0.2777070288293577,-0.17812319241819308,-0.21135081309332437,-0.107944576878429,0.5566104057685858,-1.9357209709137615
8165,吳育,Wu Yu,1004,cluster1_song_and_before,宋,construction,将作/营缮,1,1,0,0,0,1,113.719086,34.397324,新鄭,0,0,0,0,1,6,0.06666666666666667,0.06052170196289985,0.00028760321212507265,1.9259629952751052,0.3370008677636409,3.2121782513853305,0.8394661978207856,-0.5313189683654979,0.7331331913573916
8166,楊礪,Yang Li,931,cluster1_song_and_before,宋,works_general,工部,0,1,0,0,0,1,108.603897,34.11182,鄠縣,0,0,0,0,0,0,0.0,1.3975995756472907e-33,0.0,-0.2777070288293577,-0.17812319241819308,-0.21135081309332437,-0.107944576878429,-1.673829984961999,0.652821850986402
8177,陳彭年,Chen Pengnian,961,cluster1_song_and_before,宋,works_general,工部,1,1,0,0,0,1,116.627449,27.559717,南城,0,0,0,0,0,1,0.0,0.0008577001455125147,0.0,0.0895713085213861,-0.17812319241819308,-0.16283331802073583,-0.107944576878429,0.11828298529870547,-1.1902632692878865
10061,蔡杭,Cai Hang,1193,cluster1_song_and_before,宋,works_general,工部,1,1,0,0,0,1,118.10537,27.33988,建陽,0,0,0,0,0,0,0.0,1.3975995756472907e-33,0.0,-0.2777070288293577,-0.17812319241819308,-0.21135081309332437,-0.107944576878429,0.4483863351767474,-1.2521026975730851
10138,俞仲溫,Yu Zhongwen,1275,cluster1_song_and_before,元,medical,医学/医官,0,0,0,0,0,1,120.618622,31.31271,吳縣,0,1,0,0,0,0,0.0,1.3975995756472907e-33,0.0,-0.2777070288293577,-0.17812319241819308,-0.21135081309332437,-0.107944576878429,1.0097376552322135,-0.1345586268557452
10164,洪芹,Hong Qin,1205,cluster1_song_and_before,宋,construction,将作/营缮,0,1,0,0,0,1,116.663833,28.994167,鄱陽,0,0,0,0,1,0,0.0,1.3975995756472907e-33,0.0,-0.2777070288293577,-0.17812319241819308,-0.21135081309332437,-0.107944576878429,0.126409590362144,-0.7867571811239099
10178,周濤,Zhou Tao,1023,cluster1_song_and_before,宋,works_general,工部,0,1,0,0,0,1,119.91124,32.495872,海陵,0,0,0,0,0,1,0.0,0.04305271222744958,0.0,0.0895713085213861,-0.17812319241819308,2.22401050086413,-0.107944576878429,0.8517392454096123,0.1982609697034001
10226,趙崇絢,Zhao Chongxuan,1196,cluster1_song_and_before,宋,construction,将作/营缮,0,0,0,0,0,1,121.542656,29.866316,鄞縣,0,0,0,0,1,0,0.0,1.3975995756472907e-33,0.0,-0.2777070288293577,-0.17812319241819308,-0.21135081309332437,-0.107944576878429,1.2161267103990354,-0.541424523111345
10231,袁灼,Yuan Zhuo,1061,cluster1_song_and_before,宋,military_industrial,军器/制造,0,1,0,0,0,1,121.542656,29.866316,鄞縣,0,0,0,1,0,0,0.0,1.3975995756472907e-33,0.0,-0.2777070288293577,-0.17812319241819308,-0.21135081309332437,-0.107944576878429,1.2161267103990354,-0.541424523111345
10242,王埜,Wang Ye,1197,cluster1_song_and_before,宋,military_industrial,军器/制造,0,1,1,0,0,1,119.649918,29.104712,金華,0,0,0,1,0,1,0.0,0.002057359994309527,0.0,0.0895713085213861,-0.17812319241819308,-0.09497219999794299,-0.107944576878429,0.7933712625493429,-0.7556612345826669
10304,趙師淵,Zhao Shiyuan,1142,cluster1_song_and_before,宋,construction,将作/营缮,0,1,0,0,0,1,121.258354,28.642613,黃巖,0,0,0,0,1,0,0.0,1.3975995756472907e-33,0.0,-0.2777070288293577,-0.17812319241819308,-0.21135081309332437,-0.107944576878429,1.152625993799822,-0.8856481702266311
10334,袁韶,Yuan Shao,1157,cluster1_song_and_before,宋,military_industrial,军器/制造,0,1,0,0,0,1,121.542656,29.866316,鄞縣,0,0,0,1,0,0,0.0,1.3975995756472907e-33,0.0,-0.2777070288293577,-0.17812319241819308,-0.21135081309332437,-0.107944576878429,1.2161267103990354,-0.541424523111345
10377,史岩之,Shi Yanzhi,1193,cluster1_song_and_before,宋,construction,将作/营缮,0,1,0,0,0,1,121.542656,29.866316,鄞縣,0,0,0,0,1,0,0.0,1.3975995756472907e-33,0.0,-0.2777070288293577,-0.17812319241819308,-0.21135081309332437,-0.107944576878429,1.2161267103990354,-0.541424523111345
10438,趙希悅,Zhao Xiyue,1181,cluster1_song_and_before,宋,works_general,工部,0,1,0,0,0,1,121.258354,28.642613,黃巖,0,0,0,0,0,0,0.0,1.3975995756472907e-33,0.0,-0.2777070288293577,-0.17812319241819308,-0.21135081309332437,-0.107944576878429,1.152625993799822,-0.8856481702266311
10473,陳宗憲,Chen Zongxian,969,cluster1_song_and_before,宋,works_general,工部,0,0,0,0,0,1,114.34333,34.785477,開封,0,0,0,0,0,0,0.0,1.3975995756472907e-33,0.0,-0.2777070288293577,-0.17812319241819308,-0.21135081309332437,-0.107944576878429,-0.3918899761925293,0.8423193593235898
10474,陳宗纘,Chen Zongzuan,969,cluster1_song_and_before,宋,works_general,工部,0,0,0,0,0,1,114.34333,34.785477,開封,0,0,0,0,0,0,0.0,1.3975995756472907e-33,0.0,-0.2777070288293577,-0.17812319241819308,-0.21135081309332437,-0.107944576878429,-0.3918899761925293,0.8423193593235898
10565,胡銓,Hu Quan,1102,cluster1_song_and_before,宋,works_general,工部,0,1,0,0,0,1,114.971275,27.103239,廬陵,0,0,0,0,0,14,0.06593406593406594,0.06407513568000796,0.0014104235374538387,4.864189694081055,0.3313401638055988,3.413185216071741,4.538215131838734,-0.251634341392583,-1.318669036036756
10566,楊萬里,Yang Wanli,1127,cluster1_song_and_before,宋,construction,将作/营缮,0,1,0,0,0,1,115.132248,27.214367,吉水,0,0,0,0,1,21,0.03333333333333333,0.07154514687321165,0.0023367113478395814,7.435138055536263,0.07943883767272393,3.8357410861560055,7.589554668513854,-0.21567996592872687,-1.2874090935044358
10681,杜訢,Du Xin,1008,cluster1_song_and_before,宋,works_general,工部,0,0,0,0,0,1,115.646072,34.447662,宋城,0,0,0,0,0,2,0.0,0.00803089458710235,1.5215144378259844e-05,0.45684964587212995,-0.17812319241819308,0.24293252893104866,-0.05782346864720807,-0.10091400506360927,0.7472931059351041
10730,何鳳,He Feng,1250,cluster1_song_and_before,元,medical,医学/医官,0,0,0,1,0,1,119.47885132,29.204452515,蘭溪州,0,1,0,0,0,0,0.0,1.3975995756472907e-33,0.0,-0.2777070288293577,-0.17812319241819308,-0.21135081309332437,-0.107944576878429,0.7551623974472746,-0.7276045542946745
10759,岳珂,Yue Ke,1183,cluster1_song_and_before,宋,works_general,工部,0,0,0,0,0,1,117.481834,30.654661,貴池,0,0,0,0,0,0,0.0,1.3975995756472907e-33,0.0,-0.2777070288293577,-0.17812319241819308,-0.21135081309332437,-0.107944576878429,0.3091154794479559,-0.31966565589838564
10831,李心傳,Li Xinchuan,1167,cluster1_song_and_before,宋,works_general,工部,0,1,0,1,0,1,104.077438,29.65851,井研,0,0,0,0,0,2,0.0,0.02137856869044372,1.2989233793811546e-05,0.45684964587212995,-0.17812319241819308,0.997969957719655,-0.06515597253560779,-2.6848442942421418,-0.5998796704897854
10890,陳守,Chen Shou,1148,cluster1_song_and_before,宋,construction,将作/营缮,0,0,1,0,0,1,119.011101,25.433954,莆田,0,0,0,0,1,1,0.0,0.0016977371785040266,0.0,0.0895713085213861,-0.17812319241819308,-0.11531497163570202,-0.107944576878429,0.6506872952337401,-1.788233440777808
10892,陳宓,Chen Mi,1171,cluster1_song_and_before,宋,military_industrial,军器/制造,0,0,1,0,0,1,119.011101,25.433954,莆田,0,0,0,1,0,8,0.0,0.019499808007035428,0.001009810974050474,2.6605196699765927,-0.17812319241819308,0.8916941657931339,3.218533559982145,0.6506872952337401,-1.788233440777808
10895,陳增,Chen Zeng,1200,cluster1_song_and_before,宋,construction,将作/营缮,0,0,1,0,0,1,119.011101,25.433954,莆田,0,0,0,0,1,1,0.0,0.01837893233793975,0.0,0.0895713085213861,-0.17812319241819308,0.8282896297943225,-0.107944576878429,0.6506872952337401,-1.788233440777808
10902,鄭逢辰,Zheng Fengchen,1185,cluster1_song_and_before,宋,construction,将作/营缮,0,0,1,0,0,1,119.321577,26.073954,閩縣,0,0,0,0,1,1,0.0,7.50330558788574e-25,0.0,0.0895713085213861,-0.17812319241819308,-0.21135081309332437,-0.107944576878429,0.7200341464231732,-1.6082035363371199
10935,留元英,Liu Yuanying,1187,cluster1_song_and_before,宋,works_general,工部,0,1,0,0,0,1,118.28717,25.32579,永春,0,0,0,0,0,0,0.0,1.3975995756472907e-33,0.0,-0.2777070288293577,-0.17812319241819308,-0.21135081309332437,-0.107944576878429,0.48899255770679567,-1.8186596198151865
11062,楊汝明,Yang Ruming,1163,cluster1_song_and_before,宋,works_general,工部,0,1,0,0,0,1,103.845108,29.837276,青神,0,0,0,0,0,1,0.0,0.01837893233793975,0.0,0.0895713085213861,-0.17812319241819308,0.8282896297943225,-0.107944576878429,-2.736736723727322,-0.5495933800253417
11135,余象,Yu Xiang,1016,cluster1_song_and_before,宋,works_general,工部,0,1,0,0,0,1,118.68367004,25.364557266,仙遊,0,0,0,0,0,5,0.7,0.11450895582544914,9.594008651064299e-05,1.5586846579243614,5.230679439491064,6.266073411556553,0.20809734426058019,0.5775534425110413,-1.8077545148254894
11146,葉棠,Ye Tang,1170,cluster1_song_and_before,宋,construction,将作/营缮,0,0,1,0,0,1,118.68367004,25.364557266,仙遊,0,0,0,0,1,1,0.0,0.000546466455066657,0.0,0.0895713085213861,-0.17812319241819308,-0.1804388636436847,-0.107944576878429,0.5775534425110413,-1.8077545148254894
11236,方龜年,Fang Guinian,1004,cluster1_song_and_before,宋,works_general,工部,0,1,0,0,0,1,120.618622,31.31271,長洲,0,0,0,0,0,1,0.0,0.0037770019750878645,0.0,0.0895713085213861,-0.17812319241819308,0.002302729667802326,-0.107944576878429,1.0097376552322135,-0.1345586268557452
11247,方惟深,Fang Weishen,1040,cluster1_song_and_before,宋,works_general,工部,0,1,0,0,0,1,120.618622,31.31271,長洲,0,0,0,0,0,2,0.0,0.04338155195085529,5.232154524665142e-05,0.45684964587212995,-0.17812319241819308,2.242611966357032,0.06441092412353154,1.0097376552322135,-0.1345586268557452
11284,方旬,Fang Xun,1067,cluster1_song_and_before,宋,hydraulic,水利/河道,0,1,0,0,0,1,119.011101,25.433954,莆田,0,0,1,0,0,1,0.0,7.50330558788574e-25,0.0,0.0895713085213861,-0.17812319241819308,-0.21135081309332437,-0.107944576878429,0.6506872952337401,-1.788233440777808
11337,薛利和,Xue Lihe,1008,cluster1_song_and_before,宋,works_general,工部,0,1,0,0,0,1,119.011101,25.433954,莆田,0,0,0,0,0,1,0.0,0.04305271222744958,0.0,0.0895713085213861,-0.17812319241819308,2.22401050086413,-0.107944576878429,0.6506872952337401,-1.788233440777808
11372,豐稷,Feng Ji,1033,cluster1_song_and_before,宋,works_general,工部,0,1,0,0,0,1,121.542656,29.866316,鄞縣,0,0,0,0,0,1,0.0,0.0003713356065516885,0.0,0.0895713085213861,-0.17812319241819308,-0.19034548441825147,-0.107944576878429,1.2161267103990354,-0.541424523111345
11384,郭琪,Guo Qi,1012,cluster1_song_and_before,宋,works_general,工部,0,1,0,0,0,1,118.68367004,25.364557266,仙遊,0,0,0,0,0,0,0.0,1.3975995756472907e-33,0.0,-0.2777070288293577,-0.17812319241819308,-0.21135081309332437,-0.107944576878429,0.5775534425110413,-1.8077545148254894
11404,黃艾,Huang Ai,1142,cluster1_song_and_before,宋,works_general,工部,0,1,0,0,0,1,119.011101,25.433954,莆田,0,0,0,0,0,0,0.0,1.3975995756472907e-33,0.0,-0.2777070288293577,-0.17812319241819308,-0.21135081309332437,-0.107944576878429,0.6506872952337401,-1.788233440777808
11428,方會,Fang Hui (2),1046,cluster1_song_and_before,宋,works_general,工部,0,1,0,0,0,1,119.011101,25.433954,莆田,0,0,0,0,0,0,0.0,1.3975995756472907e-33,0.0,-0.2777070288293577,-0.17812319241819308,-0.21135081309332437,-0.107944576878429,0.6506872952337401,-1.788233440777808
11450,林栗,Lin Li,1112,cluster1_song_and_before,宋,works_general,工部,0,1,0,0,0,1,119.381439,25.727917,福清,0,0,0,0,0,2,1.0,0.011807719624090576,0.0,0.45684964587212995,7.548737710309318,0.4565760628406877,-0.107944576878429,0.733404716792224,-1.705542611404217
11516,石中孚,Shi Zhongfu (2),958,cluster1_song_and_before,宋,works_general,工部,0,0,0,0,0,1,112.38263,34.665276,洛陽,0,0,0,0,0,0,0.0,1.3975995756472907e-33,0.0,-0.2777070288293577,-0.17812319241819308,-0.21135081309332437,-0.107944576878429,-0.8298251825437993,0.808507211599097
11538,潘衢,Pan Qu,978,cluster1_song_and_before,宋,works_general,工部,0,1,0,0,0,1,114.865494,30.446987,黃岡,0,0,0,0,0,0,0.0,1.3975995756472907e-33,0.0,-0.2777070288293577,-0.17812319241819308,-0.21135081309332437,-0.107944576878429,-0.2752612216205869,-0.378083672109035
11547,劉若虛,Liu Ruoxu,970,cluster1_song_and_before,宋,works_general,工部,0,1,0,0,0,1,119.321577,26.073954,閩縣,0,0,0,0,0,1,0.0,7.50330558788574e-25,0.0,0.0895713085213861,-0.17812319241819308,-0.21135081309332437,-0.107944576878429,0.7200341464231732,-1.6082035363371199
11557,劉異,Liu Yi,1000,cluster1_song_and_before,宋,works_general,工部,0,1,0,0,0,1,119.321577,26.073954,閩縣,0,0,0,0,0,1,0.0,7.50330558788574e-25,0.0,0.0895713085213861,-0.17812319241819308,-0.21135081309332437,-0.107944576878429,0.7200341464231732,-1.6082035363371199
11578,陳仁玉,Chen Renyu,1229,cluster1_song_and_before,宋,construction,将作/营缮,0,1,0,0,0,1,120.73346,28.852207,仙居,0,0,0,0,1,1,0.0,0.007887579832314676,0.0,0.0895713085213861,-0.17812319241819308,0.23482564805243428,-0.107944576878429,1.0353874758202501,-0.8266900643026602
11602,蘇幹,Su Gan,640,cluster1_song_and_before,唐,works_general,工部,0,0,0,0,0,1,107.86849213,34.361824036,扶風,0,0,0,0,0,0,0.0,1.3975995756472907e-33,0.0,-0.2777070288293577,-0.17812319241819308,-0.21135081309332437,-0.107944576878429,-1.8380874866171115,0.7231471677221305
11605,蘇頲,Su Ting,670,cluster1_song_and_before,唐,works_general,工部,1,1,0,0,0,1,107.86849213,34.361824036,扶風,0,0,0,0,0,2,1.0,2.412854758952077e-13,0.0,0.45684964587212995,7.548737710309318,-0.2113508130796756,-0.107944576878429,-1.8380874866171115,0.7231471677221305
11612,蘇仲昌,Su Zhongchang,976,cluster1_song_and_before,宋,works_general,工部,0,1,0,0,0,1,118.144119,24.736046,同安,0,0,0,0,0,1,0.0,0.011418007655216066,0.0,0.0895713085213861,-0.17812319241819308,0.43453123910068536,-0.107944576878429,0.45704117850357445,-1.9845526760096692
11650,陳賡,Chen Geng,974,cluster1_song_and_before,宋,construction,将作/营缮,0,0,1,0,0,1,112.785721,34.840869,河陽,0,0,0,0,1,2,0.0,0.0012585488160172722,0.0003866689807252532,0.45684964587212995,-0.17812319241819308,-0.14015852485692326,1.165804613453133,-0.7397921635896829,0.8579009475529307
11701,張亢,Zhang Kang,994,cluster1_song_and_before,宋,construction,将作/营缮,0,1,0,0,0,1,115.646072,34.447662,宋城,0,0,0,0,1,2,0.0,0.015306589773077424,1.9579525726590893e-05,0.45684964587212995,-0.17812319241819308,0.6544965320177791,-0.043446501562059675,-0.10091400506360927,0.7472931059351041
11704,張倜,Zhang Ti,1012,cluster1_song_and_before,宋,works_general,工部,0,1,0,0,0,1,119.57061768,31.74697876,金壇,0,0,0,0,0,0,0.0,1.3975995756472907e-33,0.0,-0.2777070288293577,-0.17812319241819308,-0.21135081309332437,-0.107944576878429,0.7756590159012465,-0.012400246598907158
11745,賈耽,Jia Dan,730,cluster1_song_and_before,唐,works_general,工部,1,1,0,0,0,1,116.696785,38.037567,南皮,0,0,0,0,0,0,0.0,1.3975995756472907e-33,0.0,-0.2777070288293577,-0.17812319241819308,-0.21135081309332437,-0.107944576878429,0.13376963571313646,1.7571216279681476
11751,賈湜,Jia Shi,944,cluster1_song_and_before,宋,military_industrial,军器/制造,0,0,0,0,0,1,114.34333,34.785477,開封,0,0,0,1,0,0,0.0,1.3975995756472907e-33,0.0,-0.2777070288293577,-0.17812319241819308,-0.21135081309332437,-0.107944576878429,-0.3918899761925293,0.8423193593235898
11753,賈圭,Jia Gui,1028,cluster1_song_and_before,宋,construction,将作/营缮,0,0,1,0,0,1,114.34333,34.785477,開封,0,0,0,0,1,0,0.0,1.3975995756472907e-33,0.0,-0.2777070288293577,-0.17812319241819308,-0.21135081309332437,-0.107944576878429,-0.3918899761925293,0.8423193593235898
11759,賈守正,Jia Shouzheng,971,cluster1_song_and_before,宋,works_general,工部,0,1,0,0,0,1,116.696785,38.037567,南皮,0,0,0,0,0,0,0.0,1.3975995756472907e-33,0.0,-0.2777070288293577,-0.17812319241819308,-0.21135081309332437,-0.107944576878429,0.13376963571313646,1.7571216279681476
11783,裴奐,Pei Huan,970,cluster1_song_and_before,宋,works_general,工部,0,1,0,0,0,1,105.967034,31.58316,閬中,0,0,0,0,0,0,0.0,1.3975995756472907e-33,0.0,-0.2777070288293577,-0.17812319241819308,-0.21135081309332437,-0.107944576878429,-2.2627906327026213,-0.05848192739327008
11785,裴令孫,Pei Lingsun,1000,cluster1_song_and_before,宋,construction,将作/营缮,0,0,0,0,0,1,105.967034,31.58316,閬中,0,0,0,0,1,0,0.0,1.3975995756472907e-33,0.0,-0.2777070288293577,-0.17812319241819308,-0.21135081309332437,-0.107944576878429,-2.2627906327026213,-0.05848192739327008
11800,劉宰,Liu Zai,1166,cluster1_song_and_before,宋,construction,将作/营缮,0,1,0,0,0,1,119.57061768,31.74697876,金壇,0,0,0,0,1,12,0.0,0.03445302647125327,0.0005741000002154492,4.129633019379568,-0.17812319241819308,1.737552368048089,1.7832322355780448,0.7756590159012465,-0.012400246598907158
11861,劉滋,Liu Zi (2),975,cluster1_song_and_before,宋,works_general,工部,0,1,0,0,0,1,118.026779,27.756025,崇安,0,0,0,0,0,0,0.0,1.3975995756472907e-33,0.0,-0.2777070288293577,-0.17812319241819308,-0.21135081309332437,-0.107944576878429,0.4308325198034889,-1.1350424716614131
11879,詹庠,Zhan Xiang,978,cluster1_song_and_before,宋,works_general,工部,0,1,0,0,0,1,118.026779,27.756025,崇安,0,0,0,0,0,0,0.0,1.3975995756472907e-33,0.0,-0.2777070288293577,-0.17812319241819308,-0.21135081309332437,-0.107944576878429,0.4308325198034889,-1.1350424716614131
11910,朱浚,Zhu Jun (2),1215,cluster1_song_and_before,宋,works_general,工部,0,0,0,0,0,1,118.026779,27.756025,崇安,0,0,0,0,0,0,0.0,1.3975995756472907e-33,0.0,-0.2777070288293577,-0.17812319241819308,-0.21135081309332437,-0.107944576878429,0.4308325198034889,-1.1350424716614131
11986,許章,Xu Zhang,1012,cluster1_song_and_before,宋,works_general,工部,0,1,0,0,0,1,118.68367004,25.364557266,仙遊,0,0,0,0,0,0,0.0,1.3975995756472907e-33,0.0,-0.2777070288293577,-0.17812319241819308,-0.21135081309332437,-0.107944576878429,0.5775534425110413,-1.8077545148254894
12013,蔡準,Cai Zhun,1004,cluster1_song_and_before,宋,works_general,工部,0,1,0,0,0,1,118.68367004,25.364557266,仙遊,0,0,0,0,0,0,0.0,1.3975995756472907e-33,0.0,-0.2777070288293577,-0.17812319241819308,-0.21135081309332437,-0.107944576878429,0.5775534425110413,-1.8077545148254894
12019,蔡勻,Cai Yun,1038,cluster1_song_and_before,宋,construction,将作/营缮,0,0,1,0,0,1,118.68367004,25.364557266,仙遊,0,0,0,0,1,0,0.0,1.3975995756472907e-33,0.0,-0.2777070288293577,-0.17812319241819308,-0.21135081309332437,-0.107944576878429,0.5775534425110413,-1.8077545148254894
12025,商瑤,Shang Yao,1006,cluster1_song_and_before,宋,works_general,工部,0,1,0,0,0,1,117.960956,36.635994,淄川,0,0,0,0,0,0,0.0,1.3975995756472907e-33,0.0,-0.2777070288293577,-0.17812319241819308,-0.21135081309332437,-0.107944576878429,0.41613052098283115,1.362863732254633
12030,蔡傳,Cai Zhuan,1072,cluster1_song_and_before,宋,construction,将作/营缮,0,0,1,0,0,1,118.68367004,25.364557266,仙遊,0,0,0,0,1,0,0.0,1.3975995756472907e-33,0.0,-0.2777070288293577,-0.17812319241819308,-0.21135081309332437,-0.107944576878429,0.5775534425110413,-1.8077545148254894
12053,王遂,Wang Sui,1172,cluster1_song_and_before,宋,works_general,工部,0,1,0,0,0,1,119.57061768,31.74697876,金壇,0,0,0,0,0,2,0.0,0.003022724329554261,0.00010464309049330284,0.45684964587212995,-0.17812319241819308,-0.04036446835240172,0.23676642512549206,0.7756590159012465,-0.012400246598907158
12072,衛湜,Wei Shi,1164,cluster1_song_and_before,宋,construction,将作/营缮,0,0,0,0,0,1,120.94823456,31.386108398,崑山,0,0,0,0,1,1,0.0,0.01837893233793975,0.0,0.0895713085213861,-0.17812319241819308,0.8282896297943225,-0.107944576878429,1.0833587826252729,-0.11391189782755783
12104,蔡黃裳,Cai Huangshang,978,cluster1_song_and_before,宋,works_general,工部,0,1,0,0,0,1,118.589905,24.909641,晉江,0,0,0,0,0,1,0.0,0.00034963669177190095,0.0,0.0895713085213861,-0.17812319241819308,-0.19157292619544714,-0.107944576878429,0.5566104057685858,-1.9357209709137615
12110,蔡潛,Cai Qian,1038,cluster1_song_and_before,宋,construction,将作/营缮,0,0,0,0,0,1,115.646072,34.447662,宋城,0,0,0,0,1,1,0.0,0.001782141539437949,0.0,0.0895713085213861,-0.17812319241819308,-0.11054047301034668,-0.107944576878429,-0.10091400506360927,0.7472931059351041
12134,周必正,Zhou Bizheng,1125,cluster1_song_and_before,宋,military_industrial,军器/制造,0,0,1,0,0,1,114.971275,27.103239,廬陵,0,0,0,1,0,1,0.0,0.006229044638128083,0.0,0.0895713085213861,-0.17812319241819308,0.14100734391354497,-0.107944576878429,-0.251634341392583,-1.318669036036756
12147,歐陽珣,Ouyang Xun (2),1076,cluster1_song_and_before,宋,construction,将作/营缮,0,1,0,0,0,1,114.971275,27.103239,廬陵,0,0,0,0,1,0,0.0,1.3975995756472907e-33,0.0,-0.2777070288293577,-0.17812319241819308,-0.21135081309332437,-0.107944576878429,-0.251634341392583,-1.318669036036756
12262,蕭華,Xiao Hua,701,cluster1_song_and_before,唐,works_general,工部,1,0,0,0,0,1,108.906976,34.246423,長安,0,0,0,0,0,0,0.0,1.3975995756472907e-33,0.0,-0.2777070288293577,-0.17812319241819308,-0.21135081309332437,-0.107944576878429,-1.6061353022437168,0.6906852341542608
12294,蕭映,Xiao Ying (2),997,cluster1_song_and_before,宋,works_general,工部,0,1,0,0,0,1,114.931137,27.804075,新喻,0,0,0,0,0,0,0.0,1.3975995756472907e-33,0.0,-0.2777070288293577,-0.17812319241819308,-0.21135081309332437,-0.107944576878429,-0.260599426980652,-1.1215261639920773
12319,余靖,Yu Jing,1000,cluster1_song_and_before,宋,works_general,工部,0,1,0,0,0,1,113.603417,24.810209,曲江,0,0,0,0,0,13,0.07692307692307693,0.08438580943544903,0.0009535176526528868,4.496911356730312,0.4162507231762308,4.562098410276378,3.0330943959282792,-0.5571543982545427,-1.9636908669424278
12323,林從周,Lin Congzhou,975,cluster1_song_and_before,宋,works_general,工部,0,1,0,0,0,1,116.636658,23.667706,海陽,0,0,0,0,0,1,0.0,0.007346999470408343,0.0,0.0895713085213861,-0.17812319241819308,0.2042466570351756,-0.107944576878429,0.1203398758557964,-2.285073219931802
12324,林冀,Lin Ji (3),986,cluster1_song_and_before,宋,works_general,工部,0,1,0,0,0,1,116.636658,23.667706,海陽,0,0,0,0,0,0,0.0,1.3975995756472907e-33,0.0,-0.2777070288293577,-0.17812319241819308,-0.21135081309332437,-0.107944576878429,0.1203398758557964,-2.285073219931802
12351,晏昭素,Yan Zhaosu,1033,cluster1_song_and_before,宋,works_general,工部,0,0,0,0,0,1,116.351341,27.984781,臨川,0,0,0,0,0,1,0.0,7.50330558788574e-25,0.0,0.0895713085213861,-0.17812319241819308,-0.21135081309332437,-0.107944576878429,0.0566124523486191,-1.0706941578797973
12428,張士程,Zhang Shicheng,977,cluster1_song_and_before,宋,works_general,工部,0,0,1,0,0,1,114.34333,34.785477,開封,0,0,0,0,0,1,0.0,7.50330558788574e-25,0.0,0.0895713085213861,-0.17812319241819308,-0.21135081309332437,-0.107944576878429,-0.3918899761925293,0.8423193593235898
12477,林夢英,Lin Mengying,1145,cluster1_song_and_before,宋,works_general,工部,0,1,0,0,0,1,116.351341,27.984781,臨川,0,0,0,0,0,0,0.0,1.3975995756472907e-33,0.0,-0.2777070288293577,-0.17812319241819308,-0.21135081309332437,-0.107944576878429,0.0566124523486191,-1.0706941578797973
12604,黃棨,Huang Qi,1172,cluster1_song_and_before,宋,works_general,工部,0,1,0,0,0,1,117.483398,27.337692,邵武,0,0,0,0,0,1,0.0,1.503516943899234e-22,0.0,0.0895713085213861,-0.17812319241819308,-0.21135081309332437,-0.107944576878429,0.30946480910712254,-1.2527181748088918
12681,曾天麟,Zeng Tianlin,1187,cluster1_song_and_before,宋,construction,将作/营缮,0,1,0,0,0,1,118.589905,24.909641,晉江,0,0,0,0,1,0,0.0,1.3975995756472907e-33,0.0,-0.2777070288293577,-0.17812319241819308,-0.21135081309332437,-0.107944576878429,0.5566104057685858,-1.9357209709137615
12890,陳韡,Chen Xue,1180,cluster1_song_and_before,宋,works_general,工部,1,1,0,0,0,1,119.321577,26.073954,侯官,0,0,0,0,0,1,0.0,0.0016977371785040266,0.0,0.0895713085213861,-0.17812319241819308,-0.11531497163570202,-0.107944576878429,0.7200341464231732,-1.6082035363371199
12941,楊徽之,Yang Huizhi,920,cluster1_song_and_before,宋,works_general,工部,0,1,0,0,0,1,118.536255,27.924686,浦城,0,0,0,0,0,3,0.0,0.015358434467995554,0.0005314051079680566,0.8241279832228736,-0.17812319241819308,0.6574292291187308,1.6425884623707725,0.5446273263475893,-1.0875986846100525
12944,楊備,Yang Bei,976,cluster1_song_and_before,宋,works_general,工部,0,0,1,0,0,1,120.618622,31.31271,吳縣,0,0,0,0,0,1,0.0,0.003752672845860679,0.0,0.0895713085213861,-0.17812319241819308,0.0009265046390715665,-0.107944576878429,1.0097376552322135,-0.1345586268557452
12951,黃瑊,Huang Zhen,989,cluster1_song_and_before,宋,works_general,工部,0,0,1,1,0,1,118.536255,27.924686,浦城,0,0,0,0,0,1,0.0,2.3087977050290494e-05,0.0,0.0895713085213861,-0.17812319241819308,-0.21004479627773417,-0.107944576878429,0.5446273263475893,-1.0875986846100525
12957,張岐,Zhang Qi (4),959,cluster1_song_and_before,宋,construction,将作/营缮,0,1,0,0,0,1,118.026779,27.756025,崇安,0,0,0,0,1,0,0.0,1.3975995756472907e-33,0.0,-0.2777070288293577,-0.17812319241819308,-0.21135081309332437,-0.107944576878429,0.4308325198034889,-1.1350424716614131
12958,張倣,Zhang Fang (2),962,cluster1_song_and_before,宋,works_general,工部,0,1,0,0,0,1,118.026779,27.756025,崇安,0,0,0,0,0,1,0.0,7.50330558788574e-25,0.0,0.0895713085213861,-0.17812319241819308,-0.21135081309332437,-0.107944576878429,0.4308325198034889,-1.1350424716614131
12978,朱在,Zhu Zai,1155,cluster1_song_and_before,宋,works_general,工部,0,0,1,0,0,1,118.026779,27.756025,崇安,0,0,0,0,0,1,0.0,0.0016977371785040266,0.0,0.0895713085213861,-0.17812319241819308,-0.11531497163570202,-0.107944576878429,0.4308325198034889,-1.1350424716614131
13048,胡順之,Hu Shunzhi,995,cluster1_song_and_before,宋,works_general,工部,0,1,0,0,0,1,115.377151,28.70723,奉新,0,0,0,0,0,0,0.0,1.3975995756472907e-33,0.0,-0.2777070288293577,-0.17812319241819308,-0.21135081309332437,-0.107944576878429,-0.16097927442006013,-0.867471619702813
13097,呂蒙巽,Lv Mengsun,960,cluster1_song_and_before,宋,works_general,工部,0,0,0,0,0,1,114.34333,34.785477,開封,0,0,0,0,0,0,0.0,1.3975995756472907e-33,0.0,-0.2777070288293577,-0.17812319241819308,-0.21135081309332437,-0.107944576878429,-0.3918899761925293,0.8423193593235898
13105,錢燮,Qian Xie (2),1045,cluster1_song_and_before,宋,construction,将作/营缮,0,0,1,0,0,1,114.34333,34.785477,開封,0,0,0,0,1,0,0.0,1.3975995756472907e-33,0.0,-0.2777070288293577,-0.17812319241819308,-0.21135081309332437,-0.107944576878429,-0.3918899761925293,0.8423193593235898
13243,劉立言,Liu Liyan,981,cluster1_song_and_before,宋,works_general,工部,0,1,0,0,0,1,114.931137,27.804075,新喻,0,0,0,0,0,3,0.0,0.0014702153725586378,6.570777723169892e-05,0.8241279832228736,-0.17812319241819308,-0.12818518992424582,0.10850730372078725,-0.260599426980652,-1.1215261639920773
13258,曾宏迪,Zeng Hongdi,1193,cluster1_song_and_before,宋,construction,将作/营缮,0,1,0,0,0,1,115.393806,27.759735,新淦,0,0,0,0,1,1,0.0,0.01837893233793975,0.0,0.0895713085213861,-0.17812319241819308,0.8282896297943225,-0.107944576878429,-0.1572592709204016,-1.1339988608091092
13279,謝諤,Xie E,1121,cluster1_song_and_before,宋,works_general,工部,0,1,0,0,0,1,114.931137,27.804075,新喻,0,0,0,0,0,1,0.0,0.006229044638128083,0.0,0.0895713085213861,-0.17812319241819308,0.14100734391354497,-0.107944576878429,-0.260599426980652,-1.1215261639920773
13312,查陶,Zha Tao,937,cluster1_song_and_before,南唐,works_general,工部,0,1,0,0,0,1,119.91124,32.495872,海陵,0,0,0,0,0,3,0.6666666666666666,0.00426852983669327,0.00016942739095310804,0.8241279832228736,4.973117409400148,0.030106969562422113,0.4501762261964168,0.8517392454096123,0.1982609697034001
13313,查文徽,Zha Wenhui,895,cluster1_song_and_before,南唐,works_general,工部,0,0,0,0,0,1,118.17577362,29.781190872,休寧,0,0,0,0,0,1,0.0,0.0004447763723674551,0.0,0.0895713085213861,-0.17812319241819308,-0.18619116310650163,-0.107944576878429,0.46411144552130795,-0.5653699428915662
13314,查拱之,Zha Gongzhi,962,cluster1_song_and_before,宋,works_general,工部,0,1,0,0,0,1,120.558662,32.384022,如皋,0,0,0,0,0,2,1.0,0.0008164145726822934,0.0,0.45684964587212995,7.548737710309318,-0.1651687176202804,-0.107944576878429,0.9963451959203228,0.1667979309351339
13360,石牧之,Shi Muzhi,1015,cluster1_song_and_before,宋,works_general,工部,0,1,0,0,0,1,120.902107,29.494654,新昌,0,0,0,0,0,1,0.0,0.011418007655216066,0.0,0.0895713085213861,-0.17812319241819308,0.43453123910068536,-0.107944576878429,1.0730558895222577,-0.6459718267742123
13363,石麟之,Shi Linzhi,1019,cluster1_song_and_before,宋,works_general,工部,0,1,0,0,0,1,120.902107,29.494654,新昌,0,0,0,0,0,0,0.0,1.3975995756472907e-33,0.0,-0.2777070288293577,-0.17812319241819308,-0.21135081309332437,-0.107944576878429,1.0730558895222577,-0.6459718267742123
13376,鄭建中,Zheng Jianzhong,971,cluster1_song_and_before,宋,works_general,工部,0,0,0,0,0,1,113.688919,31.263714,安陸,0,0,0,0,0,1,0.0,0.005847870761799363,0.0,0.0895713085213861,-0.17812319241819308,0.11944549416531229,-0.107944576878429,-0.5380569656980839,-0.14834104122758232
13378,鄭獬,Zheng Xie,1022,cluster1_song_and_before,宋,construction,将作/营缮,0,1,0,0,0,1,113.688919,31.263714,安陸,0,0,0,0,1,14,0.03296703296703297,0.06716701275077396,0.0009107903857091075,4.864189694081055,0.07660848569370286,3.588083321581914,2.8923439753162103,-0.5380569656980839,-0.14834104122758232
13406,傅瑩,Fu Ying,989,cluster1_song_and_before,宋,works_general,工部,0,1,0,0,0,1,120.578262,30.004515,山陰,0,0,0,0,0,0,0.0,1.3975995756472907e-33,0.0,-0.2777070288293577,-0.17812319241819308,-0.21135081309332437,-0.107944576878429,1.0007229844879177,-0.5025495969179097
13477,王佐,Wang Zuo,1129,cluster1_song_and_before,宋,works_general,工部,0,1,0,0,0,1,120.578262,30.004515,山陰,0,0,0,0,0,0,0.0,1.3975995756472907e-33,0.0,-0.2777070288293577,-0.17812319241819308,-0.21135081309332437,-0.107944576878429,1.0007229844879177,-0.5025495969179097
13485,史綸,Shi Lun,997,cluster1_song_and_before,宋,works_general,工部,0,1,0,0,0,1,120.815277,29.58749,剡縣,0,0,0,0,0,0,0.0,1.3975995756472907e-33,0.0,-0.2777070288293577,-0.17812319241819308,-0.21135081309332437,-0.107944576878429,1.0536618394546882,-0.6198573639481882
13513,高元常,Gao Yuanchang,1042,cluster1_song_and_before,宋,construction,将作/营缮,0,0,1,0,0,1,117.012772,33.442562,蘄縣,0,0,0,0,1,1,0.0,0.008629479991307015,0.0,0.0895713085213861,-0.17812319241819308,0.276792689210804,-0.107944576878429,0.20434740490236294,0.464561766945518
13518,晁仲熙,Chao Zhongxi,1019,cluster1_song_and_before,宋,construction,将作/营缮,0,0,1,0,0,1,114.34333,34.785477,開封,0,0,0,0,1,2,1.0,0.009706740476991256,0.0,0.45684964587212995,7.548737710309318,0.33773004660724965,-0.107944576878429,-0.3918899761925293,0.8423193593235898
13554,李定,Li Ding,1006,cluster1_song_and_before,宋,works_general,工部,0,1,0,0,0,1,116.304527,35.068165,金鄉,0,0,0,0,0,0,0.0,1.3975995756472907e-33,0.0,-0.2777070288293577,-0.17812319241819308,-0.21135081309332437,-0.107944576878429,0.04615623836884979,0.9218385681150416
13573,張方回,Zhang Fanghui,963,cluster1_song_and_before,宋,works_general,工部,0,0,0,0,0,1,118.264374,32.098347,全椒,0,0,0,0,0,2,0.0,0.0005219020299495762,5.232154524665142e-05,0.45684964587212995,-0.17812319241819308,-0.18182839864704742,0.06441092412353154,0.48390092157481046,0.08643848882404895
13583,高文虎,Gao Wenhu,1130,cluster1_song_and_before,宋,construction,将作/营缮,0,1,0,0,0,1,121.542656,29.866316,鄞縣,0,0,0,0,1,0,0.0,1.3975995756472907e-33,0.0,-0.2777070288293577,-0.17812319241819308,-0.21135081309332437,-0.107944576878429,1.2161267103990354,-0.541424523111345
13606,張子憲,Zhang Zixian,999,cluster1_song_and_before,宋,construction,将作/营缮,0,0,1,0,0,1,112.38263,34.665276,洛陽,0,0,0,0,1,0,0.0,1.3975995756472907e-33,0.0,-0.2777070288293577,-0.17812319241819308,-0.21135081309332437,-0.107944576878429,-0.8298251825437993,0.808507211599097
13612,張恕,Zhang Shu (4),1037,cluster1_song_and_before,宋,construction,将作/营缮,0,0,0,0,0,1,115.646072,34.447662,宋城,0,0,0,0,1,1,0.0,0.015744937527092173,0.0,0.0895713085213861,-0.17812319241819308,0.679292534568044,-0.107944576878429,-0.10091400506360927,0.7472931059351041
13674,張師錫,Zhang Shixi,968,cluster1_song_and_before,宋,works_general,工部,0,0,0,0,0,1,112.38263,34.665276,洛陽,0,0,0,0,0,2,0.0,0.005384677212946403,5.53102429531701e-06,0.45684964587212995,-0.17812319241819308,0.09324404038020227,-0.08972450216581546,-0.8298251825437993,0.808507211599097
13675,張師皋,Zhang Shigao,968,cluster1_song_and_before,宋,works_general,工部,0,0,0,0,0,1,112.38263,34.665276,洛陽,0,0,0,0,0,1,0.0,0.0006915344700529296,0.0,0.0895713085213861,-0.17812319241819308,-0.17223280615481606,-0.107944576878429,-0.8298251825437993,0.808507211599097
13712,張哿,Zhang Ke (3),1056,cluster1_song_and_before,宋,works_general,工部,0,1,0,0,0,1,117.781792,26.39761,沙縣,0,0,0,0,0,2,1.0,0.0053390631445844414,0.0,0.45684964587212995,7.548737710309318,0.09066379092056184,-0.107944576878429,0.37611306634381475,-1.5171601632876586
13809,吳泳,Wu Yong,1178,cluster1_song_and_before,宋,military_industrial,军器/制造,0,1,0,0,0,1,120.099312,30.864964,烏程,0,0,0,1,0,4,0.0,0.0043052533146164425,0.00010464309049330284,1.1914063205736174,-0.17812319241819308,0.03218430529392203,0.23676642512549206,0.8937463602812871,-0.2605081105959014
13810,度正,Du Zheng,1160,cluster1_song_and_before,宋,military_industrial,军器/制造,0,1,0,0,0,1,106.259559,30.003943,石照,0,0,0,1,0,4,0.16666666666666666,0.02994569105643628,0.00011002868508968436,1.1914063205736174,1.109686958036392,1.4825860783452778,0.2545074312535975,-2.1974532551140533,-0.502710498645004
13845,高定子,Gao Dingzi,1172,cluster1_song_and_before,宋,military_industrial,军器/制造,1,1,0,0,0,1,103.502586,30.214197,蒲江,0,0,0,1,0,1,0.0,0.01837893233793975,0.0,0.0895713085213861,-0.17812319241819308,0.8282896297943225,-0.107944576878429,-2.813241259224773,-0.44356673688207865
13855,魏克愚,Wei Keyu,1219,cluster1_song_and_before,宋,military_industrial,军器/制造,0,0,0,0,0,1,103.502586,30.214197,蒲江,0,0,0,1,0,1,0.0,0.01837893233793975,0.0,0.0895713085213861,-0.17812319241819308,0.8282896297943225,-0.107944576878429,-2.813241259224773,-0.44356673688207865
13919,張嶠,Zhang Jiao (2),955,cluster1_song_and_before,宋,works_general,工部,0,0,0,0,0,1,118.026779,27.756025,崇安,0,0,0,0,0,1,0.0,7.50330558788574e-25,0.0,0.0895713085213861,-0.17812319241819308,-0.21135081309332437,-0.107944576878429,0.4308325198034889,-1.1350424716614131
13940,朱晞顏,Zhu Xiyan,1135,cluster1_song_and_before,宋,works_general,工部,0,1,0,0,0,1,118.17577362,29.781190872,休寧,0,0,0,0,0,2,0.0,0.0005506725002170021,5.232154524665142e-05,0.45684964587212995,-0.17812319241819308,-0.18020094043016463,0.06441092412353154,0.46411144552130795,-0.5653699428915662
13963,張堯封,Zhang Yaofeng,994,cluster1_song_and_before,宋,works_general,工部,1,1,0,0,0,1,113.051003,34.785107,鞏縣,0,0,0,0,0,0,0.0,1.3975995756472907e-33,0.0,-0.2777070288293577,-0.17812319241819308,-0.21135081309332437,-0.107944576878429,-0.6805396887535132,0.8422152795350859
13972,張唐卿,Zhang Tangqing,1010,cluster1_song_and_before,宋,construction,将作/营缮,0,1,0,0,0,1,118.478098,36.69748,益都,0,0,0,0,1,2,0.0,0.013182417893788195,5.232154524665142e-05,0.45684964587212995,-0.17812319241819308,0.5343385732883171,0.06441092412353154,0.5316375789126077,1.3801595427303213
13990,張攀,Zhang Pan,1154,cluster1_song_and_before,宋,military_industrial,军器/制造,0,1,0,0,0,1,120.733788,31.646582,常熟,0,0,0,1,0,0,0.0,1.3975995756472907e-33,0.0,-0.2777070288293577,-0.17812319241819308,-0.21135081309332437,-0.107944576878429,1.0354607367717918,-0.040641526456649514
14043,章岷,Zhang Min,1002,cluster1_song_and_before,宋,works_general,工部,0,1,0,0,0,1,119.44429016,32.206489563,丹徒,0,0,0,0,0,2,0.0,2.1262940533200443e-22,0.0,0.45684964587212995,-0.17812319241819308,-0.21135081309332437,-0.107944576878429,0.7474429356548823,0.11685863770351972
14045,章峴,Zhang Xian,1000,cluster1_song_and_before,宋,works_general,工部,0,1,0,0,0,1,118.536255,27.924686,浦城,0,0,0,0,0,1,0.0,1.503516943899234e-22,0.0,0.0895713085213861,-0.17812319241819308,-0.21135081309332437,-0.107944576878429,0.5446273263475893,-1.0875986846100525
14074,章友直,Zhang Youzhi,1006,cluster1_song_and_before,宋,construction,将作/营缮,0,0,0,0,0,1,118.536255,27.924686,浦城,0,0,0,0,1,1,0.0,0.04305271222744958,0.0,0.0895713085213861,-0.17812319241819308,2.22401050086413,-0.107944576878429,0.5446273263475893,-1.0875986846100525
14103,章穎,Zhang Ying,1145,cluster1_song_and_before,宋,military_industrial,军器/制造,0,1,0,0,0,1,114.931137,27.804075,新喻,0,0,0,1,0,1,0.0,0.006229044638128083,0.0,0.0895713085213861,-0.17812319241819308,0.14100734391354497,-0.107944576878429,-0.260599426980652,-1.1215261639920773
14207,陳知章,Chen Zhizhang (2),1007,cluster1_song_and_before,宋,construction,将作/营缮,0,0,1,0,0,1,113.641312,34.758076,管城,0,0,0,0,1,1,0.0,0.00011946031748878828,0.0,0.0895713085213861,-0.17812319241819308,-0.204593305361215,-0.107944576878429,-0.5486903014295904,0.8346115477429978
14209,陳知雄,Chen Zhixiong,1024,cluster1_song_and_before,宋,construction,将作/营缮,0,0,1,0,0,1,113.641312,34.758076,管城,0,0,0,0,1,0,0.0,1.3975995756472907e-33,0.0,-0.2777070288293577,-0.17812319241819308,-0.21135081309332437,-0.107944576878429,-0.5486903014295904,0.8346115477429978
14215,阮逸,Ruan Yi,997,cluster1_song_and_before,宋,works_general,工部,0,1,0,0,0,1,118.10537,27.33988,建陽,0,0,0,0,0,1,0.0,1.503516943899234e-22,0.0,0.0895713085213861,-0.17812319241819308,-0.21135081309332437,-0.107944576878429,0.4483863351767474,-1.2521026975730851
14223,陳知言,Chen Zhiyan,1021,cluster1_song_and_before,宋,construction,将作/营缮,0,0,1,0,0,1,113.641312,34.758076,管城,0,0,0,0,1,0,0.0,1.3975995756472907e-33,0.0,-0.2777070288293577,-0.17812319241819308,-0.21135081309332437,-0.107944576878429,-0.5486903014295904,0.8346115477429978
14224,陳知愚,Chen Zhiyu,1023,cluster1_song_and_before,宋,construction,将作/营缮,0,0,0,0,0,1,113.641312,34.758076,管城,0,0,0,0,1,1,0.0,0.0027708769304965854,0.0,0.0895713085213861,-0.17812319241819308,-0.054610711642384624,-0.107944576878429,-0.5486903014295904,0.8346115477429978
14301,陳粹父,Chen Cuifu (zi),1042,cluster1_song_and_before,宋,construction,将作/营缮,0,0,1,0,0,1,117.187683,34.269634,彭城,0,0,0,0,1,1,0.0,0.0007570605531185119,0.0,0.0895713085213861,-0.17812319241819308,-0.16852619443404887,-0.107944576878429,0.24341492409352491,0.6972144124542192
14310,种放,Chong Fang,952,cluster1_song_and_before,宋,works_general,工部,0,0,0,0,0,1,112.38263,34.665276,洛陽,0,0,0,0,0,1,0.0,0.0027708769304965854,0.0,0.0895713085213861,-0.17812319241819308,-0.054610711642384624,-0.107944576878429,-0.8298251825437993,0.808507211599097
14386,陳漢卿,Chen Hanqing,1009,cluster1_song_and_before,宋,construction,将作/营缮,0,0,1,0,0,1,108.906976,34.246423,長安,0,0,0,0,1,0,0.0,1.3975995756472907e-33,0.0,-0.2777070288293577,-0.17812319241819308,-0.21135081309332437,-0.107944576878429,-1.6061353022437168,0.6906852341542608
14440,傅凝,Fu Ning,912,cluster1_song_and_before,宋,works_general,工部,0,0,0,0,0,1,114.745884,35.921836,內黃,0,0,0,0,0,0,0.0,1.3975995756472907e-33,0.0,-0.2777070288293577,-0.17812319241819308,-0.21135081309332437,-0.107944576878429,-0.30197689971089814,1.1619734252303326
14445,李縝,Li Zhen,1109,cluster1_song_and_before,宋,medical,医学/医官,0,0,1,0,0,1,116.08870697,35.396209717,鉅野,0,1,0,0,0,0,0.0,1.3975995756472907e-33,0.0,-0.2777070288293577,-0.17812319241819308,-0.21135081309332437,-0.107944576878429,-0.0020485810185032144,1.0141164728865761
14650,趙子皓,Zhao Zihao,1073,cluster1_song_and_before,宋,astronomical,天文/历算,0,0,0,0,0,1,114.34333,34.785477,開封,1,0,0,0,0,0,0.0,1.3975995756472907e-33,0.0,-0.2777070288293577,-0.17812319241819308,-0.21135081309332437,-0.107944576878429,-0.3918899761925293,0.8423193593235898
14696,錢昱,Qian Yu,958,cluster1_song_and_before,宋,works_general,工部,0,0,0,0,0,1,120.168625,30.294125,錢塘,0,0,0,0,0,0,0.0,1.3975995756472907e-33,0.0,-0.2777070288293577,-0.17812319241819308,-0.21135081309332437,-0.107944576878429,0.9092278734948482,-0.4210832521912416
14704,慎知禮,Shen Zhili,922,cluster1_song_and_before,吳越,works_general,工部,0,0,0,0,0,1,114.34333,34.785477,開封,0,0,0,0,0,0,0.0,1.3975995756472907e-33,0.0,-0.2777070288293577,-0.17812319241819308,-0.21135081309332437,-0.107944576878429,-0.3918899761925293,0.8423193593235898
14821,趙時侃,Zhao Shikan,1166,cluster1_song_and_before,宋,works_general,工部,0,1,0,0,0,1,119.57061768,31.74697876,金壇,0,0,0,0,0,1,0.0,0.0029996363525039704,0.0,0.0895713085213861,-0.17812319241819308,-0.04167048516799193,-0.107944576878429,0.7756590159012465,-0.012400246598907158
14834,彭欽,Peng Qin,1164,cluster1_song_and_before,宋,military_industrial,军器/制造,0,0,1,0,0,1,115.398987,28.015566,清江,0,0,0,1,0,1,0.0,0.01837893233793975,0.0,0.0895713085213861,-0.17812319241819308,0.8282896297943225,-0.107944576878429,-0.1561020605852615,-1.062034438179475
14852,尤著,You Zhu,1105,cluster1_song_and_before,宋,works_general,工部,0,1,0,0,0,1,120.297668,31.574614,無錫,0,0,0,0,0,0,0.0,1.3975995756472907e-33,0.0,-0.2777070288293577,-0.17812319241819308,-0.21135081309332437,-0.107944576878429,0.938050474011595,-0.06088588921100437
14858,尤焴,You Yu,1182,cluster1_song_and_before,宋,works_general,工部,0,1,0,0,0,1,120.297668,31.574614,無錫,0,0,0,0,0,1,0.0,7.50330558788574e-25,0.0,0.0895713085213861,-0.17812319241819308,-0.21135081309332437,-0.107944576878429,0.938050474011595,-0.06088588921100437
14866,尤帶,You Dai,1201,cluster1_song_and_before,宋,construction,将作/营缮,0,0,0,0,0,1,120.297668,31.574614,無錫,0,0,0,0,1,1,0.0,7.50330558788574e-25,0.0,0.0895713085213861,-0.17812319241819308,-0.21135081309332437,-0.107944576878429,0.938050474011595,-0.06088588921100437
14903,趙彥逾,Zhao Yanyu,1130,cluster1_song_and_before,宋,works_general,工部,0,1,0,0,0,1,121.542656,29.866316,鄞縣,0,0,0,0,0,0,0.0,1.3975995756472907e-33,0.0,-0.2777070288293577,-0.17812319241819308,-0.21135081309332437,-0.107944576878429,1.2161267103990354,-0.541424523111345
14913,趙像之,Zhao Xiangzhi,1128,cluster1_song_and_before,宋,construction,将作/营缮,0,1,0,0,0,1,115.372276,28.425598,高安,0,0,0,0,1,1,0.0,0.006229044638128083,0.0,0.0895713085213861,-0.17812319241819308,0.14100734391354497,-0.107944576878429,-0.16206813764796943,-0.9466937791519372
14973,劉爚,Liu Yue,1144,cluster1_song_and_before,宋,works_general,工部,0,1,0,0,0,1,118.10537,27.33988,建陽,0,0,0,0,0,3,0.0,0.023630309602074705,0.00010356923891313674,0.8241279832228736,-0.17812319241819308,1.1253441095795933,0.2332289870351459,0.4483863351767474,-1.2521026975730851
14994,陳圭,Chen Gui (3),1185,cluster1_song_and_before,宋,construction,将作/营缮,0,0,1,0,0,1,119.011101,25.433954,莆田,0,0,0,0,1,1,0.0,0.0016977371785040266,0.0,0.0895713085213861,-0.17812319241819308,-0.11531497163570202,-0.107944576878429,0.6506872952337401,-1.788233440777808
15026,陳大猷,Chen Dayou,1199,cluster1_song_and_before,宋,construction,将作/营缮,0,1,0,0,0,1,120.227981,29.260567,東陽,0,0,0,0,1,0,0.0,1.3975995756472907e-33,0.0,-0.2777070288293577,-0.17812319241819308,-0.21135081309332437,-0.107944576878429,0.9224854254447556,-0.7118197334004733
15061,陳習,Chen Xi (5),1003,cluster1_song_and_before,宋,works_general,工部,0,1,0,0,0,1,103.831459,30.050497,眉山,0,0,0,0,0,0,0.0,1.3975995756472907e-33,0.0,-0.2777070288293577,-0.17812319241819308,-0.21135081309332437,-0.107944576878429,-2.7397853174089097,-0.489615010877298
15155,李修,Li Xiu,1040,cluster1_song_and_before,宋,construction,将作/营缮,0,0,1,0,0,1,116.282559,35.956072,須城,0,0,0,0,1,0,0.0,1.3975995756472907e-33,0.0,-0.2777070288293577,-0.17812319241819308,-0.21135081309332437,-0.107944576878429,0.04124954146819237,1.1716038999310066
15159,李栖筠,Li Xiyun,719,cluster1_song_and_before,唐,works_general,工部,0,1,0,0,0,1,114.772179,37.752926,平棘,0,0,0,0,0,0,0.0,1.3975995756472907e-33,0.0,-0.2777070288293577,-0.17812319241819308,-0.21135081309332437,-0.107944576878429,-0.29610373897697534,1.6770530466714257
15167,孫夷甫,Sun Yifu,994,cluster1_song_and_before,宋,works_general,工部,0,1,0,0,0,1,119.952301,31.782784,武進,0,0,0,0,0,0,0.0,1.3975995756472907e-33,0.0,-0.2777070288293577,-0.17812319241819308,-0.21135081309332437,-0.107944576878429,0.8609104891021656,-0.002328349824414023
15192,應孟明,Ying Mengming,1132,cluster1_song_and_before,宋,works_general,工部,0,1,0,0,0,1,120.025253,28.897268,永康,0,0,0,0,0,1,0.0,4.7944034443872234e-05,0.0,0.0895713085213861,-0.17812319241819308,-0.20863876452126706,-0.107944576878429,0.8772047968360047,-0.8140145525464072
15218,趙范,Zhao Fan,1184,cluster1_song_and_before,宋,works_general,工部,0,0,0,0,0,1,112.852417,27.245646,衡山,0,0,0,0,0,0,0.0,1.3975995756472907e-33,0.0,-0.2777070288293577,-0.17812319241819308,-0.21135081309332437,-0.107944576878429,-0.7248951744925197,-1.2786104132216223
15223,陳永昇,Chen Yongsheng,999,cluster1_song_and_before,宋,astronomical,天文/历算,0,0,1,0,0,1,114.34333,34.785477,開封,1,0,0,0,0,0,0.0,1.3975995756472907e-33,0.0,-0.2777070288293577,-0.17812319241819308,-0.21135081309332437,-0.107944576878429,-0.3918899761925293,0.8423193593235898
15224,陳永弼,Chen Yongbi,999,cluster1_song_and_before,宋,astronomical,天文/历算,0,0,1,0,0,1,114.34333,34.785477,開封,1,0,0,0,0,0,0.0,1.3975995756472907e-33,0.0,-0.2777070288293577,-0.17812319241819308,-0.21135081309332437,-0.107944576878429,-0.3918899761925293,0.8423193593235898
15267,曹組,Cao Zu,1091,cluster1_song_and_before,宋,military_industrial,军器/制造,0,1,0,0,0,1,113.467056,34.162491,陽翟,0,0,0,1,0,0,0.0,1.3975995756472907e-33,0.0,-0.2777070288293577,-0.17812319241819308,-0.21135081309332437,-0.107944576878429,-0.5876115220742312,0.6670754373737681
15288,鄭向,Zheng Xiang (5),973,cluster1_song_and_before,宋,works_general,工部,0,1,0,0,0,1,119.44429016,32.206489563,丹徒,0,0,0,0,0,2,0.0,2.1262940533200443e-22,6.393162895872638e-07,0.45684964587212995,-0.17812319241819308,-0.21135081309332437,-0.1058385672246415,0.7474429356548823,0.11685863770351972
15289,鄭惇忠,Zheng Dunzhong,1027,cluster1_song_and_before,宋,construction,将作/营缮,0,0,1,0,0,1,119.44429016,32.206489563,丹徒,0,0,0,0,1,1,0.0,1.503516943899234e-22,0.0,0.0895713085213861,-0.17812319241819308,-0.21135081309332437,-0.107944576878429,0.7474429356548823,0.11685863770351972
15316,鄭絳,Zheng Jiang (3),1061,cluster1_song_and_before,宋,astronomical,天文/历算,0,0,0,0,0,1,120.618622,31.31271,吳縣,1,0,0,0,0,0,0.0,1.3975995756472907e-33,0.0,-0.2777070288293577,-0.17812319241819308,-0.21135081309332437,-0.107944576878429,1.0097376552322135,-0.1345586268557452
15353,賀知章,He Zhizhang,659,cluster1_song_and_before,唐,works_general,工部,0,1,0,0,0,1,120.57826233,30.004514694,山陰,0,0,0,0,0,2,0.0,2.4219745518816173e-13,4.891851791353588e-06,0.45684964587212995,-0.17812319241819308,-0.211350813079624,-0.09183003816686358,1.0007230581955837,-0.5025496829947078
15387,江鎬,Jiang Hao,977,cluster1_song_and_before,宋,works_general,工部,0,1,0,0,0,1,118.404884,29.14485,開化,0,0,0,0,0,0,0.0,1.3975995756472907e-33,0.0,-0.2777070288293577,-0.17812319241819308,-0.21135081309332437,-0.107944576878429,0.5152847517601594,-0.7443705466069781
15431,江公亮,Jiang Gongliang,1145,cluster1_song_and_before,宋,works_general,工部,0,0,0,0,0,1,118.404884,29.14485,開化,0,0,0,0,0,1,0.0,0.0029996363525039704,0.0,0.0895713085213861,-0.17812319241819308,-0.04167048516799193,-0.107944576878429,0.5152847517601594,-0.7443705466069781
15460,曾統,Zeng Tong,1077,cluster1_song_and_before,宋,works_general,工部,0,1,1,0,0,1,119.44429016,32.206489563,丹徒,0,0,0,0,0,0,0.0,1.3975995756472907e-33,0.0,-0.2777070288293577,-0.17812319241819308,-0.21135081309332437,-0.107944576878429,0.7474429356548823,0.11685863770351972
15501,馬廷鸞,Ma Tingluan,1222,cluster1_song_and_before,宋,military_industrial,军器/制造,1,1,0,0,0,1,117.124092,28.964994,樂平,0,0,0,1,0,1,0.0,0.00024398404634611503,0.0,0.0895713085213861,-0.17812319241819308,-0.19754937580976836,-0.107944576878429,0.2292114571138315,-0.7949634505024227
15505,曹矩,Cao Ju,1004,cluster1_song_and_before,宋,works_general,工部,0,1,0,0,0,1,118.17577362,29.781190872,休寧,0,0,0,0,0,0,0.0,1.3975995756472907e-33,0.0,-0.2777070288293577,-0.17812319241819308,-0.21135081309332437,-0.107944576878429,0.46411144552130795,-0.5653699428915662
15598,俞康直,Yu Kangzhi,1019,cluster1_song_and_before,宋,works_general,工部,0,0,1,0,0,1,119.44429016,32.206489563,丹徒,0,0,0,0,0,1,0.0,0.0012166923863060738,0.0,0.0895713085213861,-0.17812319241819308,-0.1425262160983136,-0.107944576878429,0.7474429356548823,0.11685863770351972
15613,魏平仲,Wei Pingzhong,989,cluster1_song_and_before,宋,works_general,工部,0,1,0,0,0,1,117.844589,29.244728,婺源,0,0,0,0,0,0,0.0,1.3975995756472907e-33,0.0,-0.2777070288293577,-0.17812319241819308,-0.21135081309332437,-0.107944576878429,0.3901391882152088,-0.7162751922386555
15617,魏紓,Wei Shu,1030,cluster1_song_and_before,宋,construction,将作/营缮,0,0,0,0,0,1,117.844589,29.244728,婺源,0,0,0,0,1,1,0.0,0.0004876438294010907,0.0,0.0895713085213861,-0.17812319241819308,-0.18376628111681628,-0.107944576878429,0.3901391882152088,-0.7162751922386555
15634,汪若容,Wang Ruorong,1107,cluster1_song_and_before,宋,construction,将作/营缮,0,1,0,0,0,1,118.433945,29.86577,歙縣,0,0,0,0,1,0,0.0,1.3975995756472907e-33,0.0,-0.2777070288293577,-0.17812319241819308,-0.21135081309332437,-0.107944576878429,0.521775716737858,-0.541578111123571
15706,王礪,Wang Li (2),950,cluster1_song_and_before,宋,works_general,工部,0,1,0,0,0,1,115.887953,34.510823,虞城,0,0,0,0,0,4,0.0,0.006763862195887099,0.00021738416958930122,1.1914063205736174,-0.17812319241819308,0.1712603505838444,0.6081534909984382,-0.04688829707796703,0.7650600884263205
15751,齊恢,Qi Hui,1011,cluster1_song_and_before,宋,works_general,工部,0,1,0,0,0,1,115.315086,38.412342,蒲陰,0,0,0,0,0,1,0.0,0.013082491886216257,0.0,0.0895713085213861,-0.17812319241819308,0.5286860622034579,-0.107944576878429,-0.1748418992898482,1.862544608338083
15752,王沖,Wang Chong (2),989,cluster1_song_and_before,宋,works_general,工部,0,1,0,0,0,1,115.887953,34.510823,虞城,0,0,0,0,0,1,0.0,0.0005888891218777405,0.0,0.0895713085213861,-0.17812319241819308,-0.17803914208744906,-0.107944576878429,-0.04688829707796703,0.7650600884263205
15760,程莊,Cheng Zhuang,1027,cluster1_song_and_before,宋,works_general,工部,0,0,0,0,0,1,113.467056,34.162491,陽翟,0,0,0,0,0,1,0.0,0.0036718183539067107,0.0,0.0895713085213861,-0.17812319241819308,-0.003647188667963177,-0.107944576878429,-0.5876115220742312,0.6670754373737681
15773,程元岳,Cheng Yuanyue,1218,cluster1_song_and_before,宋,works_general,工部,0,1,0,0,0,1,118.433945,29.86577,歙縣,0,0,0,0,0,0,0.0,1.3975995756472907e-33,0.0,-0.2777070288293577,-0.17812319241819308,-0.21135081309332437,-0.107944576878429,0.521775716737858,-0.541578111123571
15791,季鏞,Ji Yong,1175,cluster1_song_and_before,宋,construction,将作/营缮,0,1,0,0,0,1,119.12091,28.082565,龍泉,0,0,0,0,1,0,0.0,1.3975995756472907e-33,0.0,-0.2777070288293577,-0.17812319241819308,-0.21135081309332437,-0.107944576878429,0.6752138556836949,-1.0431878388550666
15806,上官渙酉,Shangguan Huanyou,1178,cluster1_song_and_before,宋,construction,将作/营缮,0,1,0,0,0,1,117.483398,27.337692,邵武,0,0,0,0,1,1,0.0,0.0029996363525039704,0.0,0.0895713085213861,-0.17812319241819308,-0.04167048516799193,-0.107944576878429,0.30946480910712254,-1.2527181748088918
15848,戚維,Qi Wei,934,cluster1_song_and_before,宋,works_general,工部,0,1,0,0,0,1,115.701694,34.704596,楚丘,0,0,0,0,0,1,0.0,0.0020534205272074737,0.0,0.0895713085213861,-0.17812319241819308,-0.0951950437000369,-0.107944576878429,-0.08849046650713949,0.8195677988531728
15849,戚舜臣,Qi Shunchen,996,cluster1_song_and_before,宋,construction,将作/营缮,0,0,1,0,0,1,115.701694,34.704596,楚丘,0,0,0,0,1,0,0.0,1.3975995756472907e-33,0.0,-0.2777070288293577,-0.17812319241819308,-0.21135081309332437,-0.107944576878429,-0.08849046650713949,0.8195677988531728
15853,齊唐,Qi Tang,997,cluster1_song_and_before,宋,works_general,工部,0,1,0,0,0,1,120.578262,30.004515,山陰,0,0,0,0,0,0,0.0,1.3975995756472907e-33,0.0,-0.2777070288293577,-0.17812319241819308,-0.21135081309332437,-0.107944576878429,1.0007229844879177,-0.5025495969179097
15862,魏咸熙,Wei Xianxi,941,cluster1_song_and_before,宋,works_general,工部,0,0,1,0,0,1,114.070267,35.410385,汲縣,0,0,0,0,0,0,0.0,1.3975995756472907e-33,0.0,-0.2777070288293577,-0.17812319241819308,-0.21135081309332437,-0.107944576878429,-0.4528803884187213,1.018103933580185
15883,時旦,Shi Dan,954,cluster1_song_and_before,宋,works_general,工部,0,0,0,0,0,1,117.157007,35.085022,滕縣,0,0,0,0,0,1,0.0,0.0019455039881446322,0.0,0.0895713085213861,-0.17812319241819308,-0.10129955490902541,-0.107944576878429,0.23656323827211534,0.9265803870199745
15884,時汝賢,Shi Ruxian,982,cluster1_song_and_before,宋,works_general,工部,0,0,1,0,0,1,117.157007,35.085022,滕縣,0,0,0,0,0,4,0.0,0.02234562695977494,0.0001058522539627443,1.1914063205736174,-0.17812319241819308,1.0526735100772766,0.24074960212430577,0.23656323827211534,0.9265803870199745
15885,晁仲綽,Chao Zhongchuo,1012,cluster1_song_and_before,宋,works_general,工部,0,1,0,0,0,1,116.08870697,35.396209717,鉅野,0,0,0,0,0,1,0.0,0.0019455039881446322,0.0,0.0895713085213861,-0.17812319241819308,-0.10129955490902541,-0.107944576878429,-0.0020485810185032144,1.0141164728865761
15940,孔陶,Kong Tao,1016,cluster1_song_and_before,宋,works_general,工部,0,0,0,0,0,1,116.986059,35.597553,仙源,0,0,0,0,0,0,0.0,1.3975995756472907e-33,0.0,-0.2777070288293577,-0.17812319241819308,-0.21135081309332437,-0.107944576878429,0.198380881126537,1.070753679133864
16040,吳淵,Wu Yuan,1190,cluster1_song_and_before,宋,works_general,工部,1,1,0,0,0,1,119.022865,31.656557,溧水,0,0,0,0,0,1,0.0,0.01837893233793975,0.0,0.0895713085213861,-0.17812319241819308,0.8282896297943225,-0.107944576878429,0.6533148618005358,-0.03783559161790578
16098,姜從簡,Jiang Congjian,991,cluster1_song_and_before,宋,construction,将作/营缮,0,0,1,0,0,1,117.864911,36.882379,長山,0,0,0,0,1,1,0.0,7.50330558788574e-25,0.0,0.0895713085213861,-0.17812319241819308,-0.21135081309332437,-0.107944576878429,0.3946782402188166,1.4321710260134135
16100,姜正顏,Jiang Zhengyan,1023,cluster1_song_and_before,宋,works_general,工部,0,0,1,0,0,1,117.864911,36.882379,長山,0,0,0,0,0,0,0.0,1.3975995756472907e-33,0.0,-0.2777070288293577,-0.17812319241819308,-0.21135081309332437,-0.107944576878429,0.3946782402188166,1.4321710260134135
16101,魏峻,Wei Jun,1207,cluster1_song_and_before,宋,military_industrial,军器/制造,0,1,0,0,0,1,121.542656,29.866316,鄞縣,0,0,0,1,0,0,0.0,1.3975995756472907e-33,0.0,-0.2777070288293577,-0.17812319241819308,-0.21135081309332437,-0.107944576878429,1.2161267103990354,-0.541424523111345
16132,蔣鎮,Jiang Zhen (2),721,cluster1_song_and_before,唐,works_general,工部,0,0,0,0,0,1,119.814385,31.363638,義興,0,0,0,0,0,1,0.0,7.50330558788574e-25,0.0,0.0895713085213861,-0.17812319241819308,-0.21135081309332437,-0.107944576878429,0.8301060458323416,-0.12023274720987676
16134,蔣渙,Jiang Huan,721,cluster1_song_and_before,唐,works_general,工部,1,1,0,0,0,1,119.814385,31.363638,義興,0,0,0,0,0,1,0.0,7.50330558788574e-25,0.0,0.0895713085213861,-0.17812319241819308,-0.21135081309332437,-0.107944576878429,0.8301060458323416,-0.12023274720987676
16147,蔣峴,Jiang Xian,1166,cluster1_song_and_before,宋,military_industrial,军器/制造,0,1,0,0,0,1,121.406906,29.651657,奉化,0,0,0,1,0,1,0.0,7.50330558788574e-25,0.0,0.0895713085213861,-0.17812319241819308,-0.21135081309332437,-0.107944576878429,1.1858060574372464,-0.6018073969509291
16153,蔣曉,Jiang Xiao,1217,cluster1_song_and_before,宋,construction,将作/营缮,0,1,0,0,0,1,121.406906,29.651657,奉化,0,0,0,0,1,0,0.0,1.3975995756472907e-33,0.0,-0.2777070288293577,-0.17812319241819308,-0.21135081309332437,-0.107944576878429,1.1858060574372464,-0.6018073969509291
16173,錢冶,Qian Ye,982,cluster1_song_and_before,宋,works_general,工部,0,1,0,0,0,1,119.952301,31.782784,武進,0,0,0,0,0,1,0.0,0.04305271222744958,0.0,0.0895713085213861,-0.17812319241819308,2.22401050086413,-0.107944576878429,0.8609104891021656,-0.002328349824414023
16239,錢延年,Qian Yannian,996,cluster1_song_and_before,宋,works_general,工部,0,1,1,0,0,1,112.144302,34.733059,新安,0,0,0,0,0,1,0.0,0.0001877539669188088,0.0,0.0895713085213861,-0.17812319241819308,-0.20073014080767496,-0.107944576878429,-0.8830573046732889,0.8275743475564452
16266,錢孟回,Qian Menghui,1004,cluster1_song_and_before,宋,construction,将作/营缮,0,0,0,0,0,1,119.952301,31.782784,武進,0,0,0,0,1,0,0.0,1.3975995756472907e-33,0.0,-0.2777070288293577,-0.17812319241819308,-0.21135081309332437,-0.107944576878429,0.8609104891021656,-0.002328349824414023
16302,京鏜,Jing Tang,1138,cluster1_song_and_before,宋,works_general,工部,0,1,0,0,0,1,115.89772,28.674896,新建,0,0,0,0,0,1,0.0,0.006229044638128083,0.0,0.0895713085213861,-0.17812319241819308,0.14100734391354497,-0.107944576878429,-0.044706773560632615,-0.876567068031227
16330,周延荷,Zhou Yanhe,1000,cluster1_song_and_before,宋,works_general,工部,0,0,0,0,0,1,117.684446,37.041858,鄒平,0,0,0,0,0,1,0.0,0.0038060730758314285,0.0,0.0895713085213861,-0.17812319241819308,0.003947193638643532,-0.107944576878429,0.35437019869579534,1.477031946529501
16333,周延雋,Zhou Yanjun,1000,cluster1_song_and_before,宋,works_general,工部,0,0,1,0,0,1,117.684446,37.041858,鄒平,0,0,0,0,0,1,0.0,0.0038060730758314285,0.0,0.0895713085213861,-0.17812319241819308,0.003947193638643532,-0.107944576878429,0.35437019869579534,1.477031946529501
16458,朱正基,Zhu Zhengji,955,cluster1_song_and_before,宋,works_general,工部,0,0,0,0,0,1,112.190773,30.350445,江陵,0,0,0,0,0,1,0.0,1.6599425205758486e-05,0.0,0.0895713085213861,-0.17812319241819308,-0.21041183397009366,-0.107944576878429,-0.872677701993456,-0.4052406206004612
16504,徐僑,Xu Qiao,1160,cluster1_song_and_before,宋,works_general,工部,0,1,0,0,0,1,120.071625,29.300087,義烏,0,0,0,0,0,1,0.0,0.0029996363525039704,0.0,0.0895713085213861,-0.17812319241819308,-0.04167048516799193,-0.107944576878429,0.8875622872164389,-0.700702886801261
16631,劉審禮,Liu Shenli,626,cluster1_song_and_before,唐,works_general,工部,0,0,0,0,0,1,117.187683,34.269634,彭城,0,0,0,0,0,0,0.0,1.3975995756472907e-33,0.0,-0.2777070288293577,-0.17812319241819308,-0.21135081309332437,-0.107944576878429,0.24341492409352491,0.6972144124542192
16667,朱壽昌,Zhu Shouchang,1000,cluster1_song_and_before,宋,construction,将作/营缮,0,0,1,0,0,1,118.998154,32.690521,天長,0,0,0,0,1,3,0.0,0.05488997398542612,0.0004805464404323623,0.8241279832228736,-0.17812319241819308,2.893608485684791,1.4750519134771265,0.6477954978569724,0.253015096061955
16701,朱肱,Zhu Gong (2),1049,cluster1_song_and_before,宋,medical,医学/医官,0,0,0,0,0,1,120.099312,30.864964,烏程,0,1,0,0,0,0,0.0,1.3975995756472907e-33,0.0,-0.2777070288293577,-0.17812319241819308,-0.21135081309332437,-0.107944576878429,0.8937463602812871,-0.2605081105959014
16720,劉榘,Liu Ju,1151,cluster1_song_and_before,宋,works_general,工部,0,1,0,0,0,1,119.011101,25.433954,莆田,0,0,0,0,0,0,0.0,1.3975995756472907e-33,0.0,-0.2777070288293577,-0.17812319241819308,-0.21135081309332437,-0.107944576878429,0.6506872952337401,-1.788233440777808
16730,褚籍,Chu Ji,1105,cluster1_song_and_before,宋,works_general,工部,0,1,0,0,0,1,119.57061768,31.74697876,金壇,0,0,0,0,0,0,0.0,1.3975995756472907e-33,0.0,-0.2777070288293577,-0.17812319241819308,-0.21135081309332437,-0.107944576878429,0.7756590159012465,-0.012400246598907158
16745,范純祐,Fan Chunyou,1024,cluster1_song_and_before,宋,construction,将作/营缮,0,0,1,0,0,1,112.38263,34.665276,洛陽,0,0,0,0,1,3,0.6666666666666666,0.039665704399536365,7.418412606668079e-07,0.8241279832228736,4.973117409400148,2.0324177438133497,-0.10550083364524657,-0.8298251825437993,0.808507211599097
16754,范世文,Fan Shiwen,1035,cluster1_song_and_before,宋,construction,将作/营缮,0,0,1,0,0,1,120.618622,31.31271,吳縣,0,0,0,0,1,0,0.0,1.3975995756472907e-33,0.0,-0.2777070288293577,-0.17812319241819308,-0.21135081309332437,-0.107944576878429,1.0097376552322135,-0.1345586268557452
16783,范仲藝,Fan Zhongyi,1139,cluster1_song_and_before,宋,military_industrial,军器/制造,0,1,0,0,0,1,112.38263,34.665276,洛陽,0,0,0,1,0,0,0.0,1.3975995756472907e-33,0.0,-0.2777070288293577,-0.17812319241819308,-0.21135081309332437,-0.107944576878429,-0.8298251825437993,0.808507211599097
16801,張文蔚,Zhang Wenwei (2),1018,cluster1_song_and_before,宋,works_general,工部,0,0,1,0,0,1,112.736015,38.08202,陽曲,0,0,0,0,0,0,0.0,1.3975995756472907e-33,0.0,-0.2777070288293577,-0.17812319241819308,-0.21135081309332437,-0.107944576878429,-0.7508943247397296,1.769626111315181
16877,朱景,Zhu Jing,998,cluster1_song_and_before,宋,works_general,工部,0,1,0,0,0,1,112.804997,34.720623,偃師,0,0,0,0,0,1,0.0,7.50330558788574e-25,0.0,0.0895713085213861,-0.17812319241819308,-0.21135081309332437,-0.107944576878429,-0.7354867425473871,0.8240761414757838
16882,杜彰壽,Du Zhangshou,1002,cluster1_song_and_before,宋,works_general,工部,0,0,0,0,0,1,115.5583,35.61019,鄄城,0,0,0,0,0,0,0.0,1.3975995756472907e-33,0.0,-0.2777070288293577,-0.17812319241819308,-0.21135081309332437,-0.107944576878429,-0.1205184570102938,1.074308425856392
17100,謝深甫,Xie Shenfu,1136,cluster1_song_and_before,宋,works_general,工部,1,1,0,0,0,1,121.120598,28.843132,臨海,0,0,0,0,0,5,0.0,0.010842005826260371,0.000823786438402743,1.5586846579243614,-0.17812319241819308,0.40194856315691385,2.605739119583354,1.1218572875795312,-0.8292428320882839
17102,謝采伯,Xie Caibo,1172,cluster1_song_and_before,宋,military_industrial,军器/制造,0,1,0,0,0,1,121.425552,29.283617,寧海,0,0,0,1,0,1,0.0,0.0009439459800091851,0.0,0.0895713085213861,-0.17812319241819308,-0.1579546528227451,-0.107944576878429,1.189970763847009,-0.7053358438733522
17108,謝奕禮,Xie Yili,1196,cluster1_song_and_before,宋,construction,将作/营缮,0,0,0,0,0,1,121.120598,28.843132,臨海,0,0,0,0,1,1,0.0,0.0009439459800091851,0.0,0.0895713085213861,-0.17812319241819308,-0.1579546528227451,-0.107944576878429,1.1218572875795312,-0.8292428320882839
17109,謝奕燾,Xie Yidao,1196,cluster1_song_and_before,宋,construction,将作/营缮,0,0,0,0,0,1,121.120598,28.843132,臨海,0,0,0,0,1,1,0.0,0.0009439459800091851,0.0,0.0895713085213861,-0.17812319241819308,-0.1579546528227451,-0.107944576878429,1.1218572875795312,-0.8292428320882839
17271,李昭迴,Li Zhaohui,979,cluster1_song_and_before,宋,works_general,工部,0,1,0,0,0,1,114.34333,34.785477,開封,0,0,0,0,0,0,0.0,1.3975995756472907e-33,0.0,-0.2777070288293577,-0.17812319241819308,-0.21135081309332437,-0.107944576878429,-0.3918899761925293,0.8423193593235898
17275,李宜卿,Li Yiqing,1021,cluster1_song_and_before,宋,works_general,工部,0,0,0,0,0,1,114.34333,34.785477,開封,0,0,0,0,0,1,0.0,7.50330558788574e-25,0.0,0.0895713085213861,-0.17812319241819308,-0.21135081309332437,-0.107944576878429,-0.3918899761925293,0.8423193593235898
17302,田有嘉,Tian Youjia,1077,cluster1_song_and_before,宋,military_industrial,军器/制造,0,0,1,0,0,1,117.202271,28.287901,貴溪,0,0,0,1,0,0,0.0,1.3975995756472907e-33,0.0,-0.2777070288293577,-0.17812319241819308,-0.21135081309332437,-0.107944576878429,0.2466732495845473,-0.9854274943890766
17307,譚申,Tan Shen,1085,cluster1_song_and_before,宋,works_general,工部,0,1,0,0,0,1,112.978134,28.198198,長沙,0,0,0,0,0,0,0.0,1.3975995756472907e-33,0.0,-0.2777070288293577,-0.17812319241819308,-0.21135081309332437,-0.107944576878429,-0.6968154578929071,-1.0106606545735188
17324,向悅,Xiang Yue (2),972,cluster1_song_and_before,宋,works_general,工部,0,0,0,0,0,1,114.34333,34.785477,開封,0,0,0,0,0,0,0.0,1.3975995756472907e-33,0.0,-0.2777070288293577,-0.17812319241819308,-0.21135081309332437,-0.107944576878429,-0.3918899761925293,0.8423193593235898
17355,侯詠,Hou Yong,984,cluster1_song_and_before,宋,construction,将作/营缮,0,0,1,0,0,1,112.38263,34.665276,洛陽,0,0,0,0,1,1,0.0,7.50330558788574e-25,0.0,0.0895713085213861,-0.17812319241819308,-0.21135081309332437,-0.107944576878429,-0.8298251825437993,0.808507211599097
17358,麻希夢,Ma Ximeng,920,cluster1_song_and_before,宋,works_general,工部,0,0,0,0,0,1,118.370405,36.864015,臨淄,0,0,0,0,0,1,0.0,7.50330558788574e-25,0.0,0.0895713085213861,-0.17812319241819308,-0.21135081309332437,-0.107944576878429,0.5075836409427058,1.4270052929428692
17361,麻溫故,Ma Wengu,980,cluster1_song_and_before,宋,works_general,工部,0,0,0,0,0,1,118.370405,36.864015,臨淄,0,0,0,0,0,1,0.0,7.50330558788574e-25,0.0,0.0895713085213861,-0.17812319241819308,-0.21135081309332437,-0.107944576878429,0.5075836409427058,1.4270052929428692
17394,鮑軻,Bao Ke,997,cluster1_song_and_before,宋,works_general,工部,0,1,0,0,0,1,120.653221,28.018291,永嘉,0,0,0,0,0,1,0.0,7.50330558788574e-25,0.0,0.0895713085213861,-0.17812319241819308,-0.21135081309332437,-0.107944576878429,1.0174655688368177,-1.0612679046019733
17517,俞汝尚,Yu Rushang,1012,cluster1_song_and_before,宋,works_general,工部,0,1,0,0,0,1,120.099312,30.864964,烏程,0,0,0,0,0,2,1.0,0.05094029205976426,0.0,0.45684964587212995,7.548737710309318,2.670186962009889,-0.107944576878429,0.8937463602812871,-0.2605081105959014
17648,喻良能,Yu Liangneng,1127,cluster1_song_and_before,宋,works_general,工部,0,1,0,0,0,1,120.071625,29.300087,義烏,0,0,0,0,0,0,0.0,1.3975995756472907e-33,0.0,-0.2777070288293577,-0.17812319241819308,-0.21135081309332437,-0.107944576878429,0.8875622872164389,-0.700702886801261
17667,和凝,He Ning,898,cluster1_song_and_before,五代,works_general,工部,1,1,0,0,0,1,116.282559,35.956072,須昌,0,0,0,0,0,0,0.0,1.3975995756472907e-33,0.0,-0.2777070288293577,-0.17812319241819308,-0.21135081309332437,-0.107944576878429,0.04124954146819237,1.1716038999310066
17724,韓瑄,Han Xuan,987,cluster1_song_and_before,宋,construction,将作/营缮,0,0,1,0,0,1,114.345497,36.098343,安陽,0,0,0,0,1,1,0.0,0.013082491886216257,0.0,0.0895713085213861,-0.17812319241819308,0.5286860622034579,-0.107944576878429,-0.39140596252793847,1.211624266391446
17730,崔立,Cui Li,969,cluster1_song_and_before,宋,works_general,工部,0,1,0,0,0,1,114.195343,34.107433,鄢陵,0,0,0,0,0,3,0.6666666666666666,0.01700428549490662,5.31723020799303e-07,0.8241279832228736,4.973117409400148,0.7505300283970809,-0.10619299658369363,-0.42494384337379415,0.6515878022508058
17743,陳薦,Chen Jian (5),1012,cluster1_song_and_before,宋,works_general,工部,0,1,0,0,0,1,114.499619,36.936829,沙河,0,0,0,0,0,3,0.6666666666666666,0.04063854560045386,7.3044423054748004e-06,0.8241279832228736,4.973117409400148,2.087448419066088,-0.08388258086579024,-0.3569818028537042,1.4474876327271573
17872,唐諲,Tang Yin,997,cluster1_song_and_before,宋,works_general,工部,0,0,0,0,0,1,120.168625,30.294125,錢塘,0,0,0,0,0,1,0.0,0.00024367159232512058,0.0,0.0895713085213861,-0.17812319241819308,-0.19756705038578812,-0.107944576878429,0.9092278734948482,-0.4210832521912416
17879,趙安易,Zhao Anyi,930,cluster1_song_and_before,宋,works_general,工部,0,0,0,0,0,1,112.38263,34.665276,洛陽,0,0,0,0,0,1,0.0,0.0018932258520212616,0.0,0.0895713085213861,-0.17812319241819308,-0.10425677046394889,-0.107944576878429,-0.8298251825437993,0.808507211599097
17917,王汾,Wang Fen (3),1023,cluster1_song_and_before,宋,works_general,工部,0,1,0,0,0,1,116.08870697,35.396209717,鉅野,0,0,0,0,0,1,0.0,0.0020534205272074737,0.0,0.0895713085213861,-0.17812319241819308,-0.0951950437000369,-0.107944576878429,-0.0020485810185032144,1.0141164728865761
17923,呂承簡,Lv Chengjian,976,cluster1_song_and_before,宋,works_general,工部,0,0,0,0,0,1,112.38262939,34.665275574,河南府,0,0,0,0,0,0,0.0,1.3975995756472907e-33,0.0,-0.2777070288293577,-0.17812319241819308,-0.21135081309332437,-0.107944576878429,-0.8298253187913008,0.8085070917666919
17930,呂師簡,Lv Shijian,976,cluster1_song_and_before,宋,works_general,工部,0,0,0,0,0,1,112.38263,34.665276,洛陽,0,0,0,0,0,1,0.0,7.50330558788574e-25,0.0,0.0895713085213861,-0.17812319241819308,-0.21135081309332437,-0.107944576878429,-0.8298251825437993,0.808507211599097
17931,呂昌宗,Lv Changzong,1006,cluster1_song_and_before,宋,construction,将作/营缮,0,0,1,0,0,1,112.38263,34.665276,洛陽,0,0,0,0,1,1,0.0,7.50330558788574e-25,0.0,0.0895713085213861,-0.17812319241819308,-0.21135081309332437,-0.107944576878429,-0.8298251825437993,0.808507211599097
17952,何景先,He Jingxian,1040,cluster1_song_and_before,宋,construction,将作/营缮,0,1,0,0,0,1,119.9406,30.27177,餘杭,0,0,0,0,1,0,0.0,1.3975995756472907e-33,0.0,-0.2777070288293577,-0.17812319241819308,-0.21135081309332437,-0.107944576878429,0.8582969939986224,-0.42737164049400994
17956,何異,He Yi,1124,cluster1_song_and_before,宋,works_general,工部,0,1,0,0,0,1,116.061584,27.75564,崇仁,0,0,0,0,0,1,0.0,0.006229044638128083,0.0,0.0895713085213861,-0.17812319241819308,0.14100734391354497,-0.107944576878429,-0.0081066742830581,-1.1351507709008037
18087,席汝賢,Xi Ruxian,1006,cluster1_song_and_before,宋,construction,将作/营缮,0,0,0,0,0,1,112.38263,34.665276,洛陽,0,0,0,0,1,0,0.0,1.3975995756472907e-33,0.0,-0.2777070288293577,-0.17812319241819308,-0.21135081309332437,-0.107944576878429,-0.8298251825437993,0.808507211599097
18136,史彌忞,Shi Mimin,1184,cluster1_song_and_before,宋,construction,将作/营缮,0,1,0,0,0,1,121.542656,29.866316,鄞縣,0,0,0,0,1,0,0.0,1.3975995756472907e-33,0.0,-0.2777070288293577,-0.17812319241819308,-0.21135081309332437,-0.107944576878429,1.2161267103990354,-0.541424523111345
18165,陸琮,Lu Cong,1017,cluster1_song_and_before,宋,works_general,工部,0,0,0,0,0,1,118.7425,30.946941,宣城,0,0,0,0,0,1,0.0,5.017129200224434e-21,0.0,0.0895713085213861,-0.17812319241819308,-0.21135081309332437,-0.107944576878429,0.5906934999763558,-0.23744824891412958
18199,葉應及,Ye Yingji,1245,cluster1_song_and_before,宋,military_industrial,军器/制造,0,0,0,0,0,1,121.425552,29.283617,寧海,0,0,0,1,0,0,0.0,1.3975995756472907e-33,0.0,-0.2777070288293577,-0.17812319241819308,-0.21135081309332437,-0.107944576878429,1.189970763847009,-0.7053358438733522
18205,史宇之,Shi Yuzhi,1215,cluster1_song_and_before,宋,works_general,工部,0,1,0,0,0,1,121.542656,29.866316,鄞縣,0,0,0,0,0,1,0.0,0.00024586194994240745,0.0,0.0895713085213861,-0.17812319241819308,-0.1974431485006597,-0.107944576878429,1.2161267103990354,-0.541424523111345
18223,謝晟孫,Xie Shengsun,1257,cluster1_song_and_before,元,military_industrial,军器/制造,0,0,0,1,0,1,120.168625,30.294125,錢塘,0,0,0,1,0,0,0.0,1.3975995756472907e-33,0.0,-0.2777070288293577,-0.17812319241819308,-0.21135081309332437,-0.107944576878429,0.9092278734948482,-0.4210832521912416
18246,梁彥回,Liang Yanhui,1026,cluster1_song_and_before,宋,construction,将作/营缮,0,1,0,0,0,1,116.282559,35.956072,須城,0,0,0,0,1,2,0.0,0.011505219746647167,5.178461945656837e-05,0.45684964587212995,-0.17812319241819308,0.4394645625219495,0.06264220507835845,0.04124954146819237,1.1716038999310066
18257,王凝,Wang Ning,1046,cluster1_song_and_before,宋,works_general,工部,0,1,0,0,0,1,112.161679,29.397871,安鄉,0,0,0,0,0,1,0.0,0.001001699158296968,0.0,0.0895713085213861,-0.17812319241819308,-0.15468773074320005,-0.107944576878429,-0.8791760377376177,-0.6731965677765301
18268,仲訥,Zhong Ne,999,cluster1_song_and_before,宋,works_general,工部,0,1,0,0,0,1,115.552425,35.089468,定陶,0,0,0,0,0,1,0.0,0.04305271222744958,0.0,0.0895713085213861,-0.17812319241819308,2.22401050086413,-0.107944576878429,-0.12183067679777539,0.9278310322623843
18272,任廓,Ren Kuo,1020,cluster1_song_and_before,宋,construction,将作/营缮,0,0,0,0,0,1,115.552425,35.089468,定陶,0,0,0,0,1,1,0.0,3.184214381287576e-05,0.0,0.0895713085213861,-0.17812319241819308,-0.2095495996230635,-0.107944576878429,-0.12183067679777539,0.9278310322623843
18320,孟仁裕,Meng Renyu,927,cluster1_song_and_before,宋,military_industrial,军器/制造,0,0,0,0,0,1,114.34333,34.785477,開封,0,0,0,1,0,0,0.0,1.3975995756472907e-33,0.0,-0.2777070288293577,-0.17812319241819308,-0.21135081309332437,-0.107944576878429,-0.3918899761925293,0.8423193593235898
18323,孟玄珏,Meng Xuanjue,929,cluster1_song_and_before,宋,military_industrial,军器/制造,0,0,0,0,0,1,114.34333,34.785477,開封,0,0,0,1,0,0,0.0,1.3975995756472907e-33,0.0,-0.2777070288293577,-0.17812319241819308,-0.21135081309332437,-0.107944576878429,-0.3918899761925293,0.8423193593235898
18324,姚子材,Yao Zicai,1169,cluster1_song_and_before,宋,works_general,工部,0,1,0,0,0,1,119.321577,26.073954,侯官,0,0,0,0,0,0,0.0,1.3975995756472907e-33,0.0,-0.2777070288293577,-0.17812319241819308,-0.21135081309332437,-0.107944576878429,0.7200341464231732,-1.6082035363371199
18336,柳肩吾,Liu Jianwu,942,cluster1_song_and_before,宋,construction,将作/营缮,0,1,0,0,0,1,115.13826,36.24564,大名,0,0,0,0,1,2,0.0,0.00020100118601134806,5.232154524665142e-05,0.45684964587212995,-0.17812319241819308,-0.199980785814079,0.06441092412353154,-0.21433714629258513,1.2530584301951966
18365,宋椿年,Song Chunnian,1027,cluster1_song_and_before,宋,construction,将作/营缮,0,0,1,0,0,1,114.76066,34.49547,雍邱,0,0,0,0,1,0,0.0,1.3975995756472907e-33,0.0,-0.2777070288293577,-0.17812319241819308,-0.21135081309332437,-0.107944576878429,-0.29867658318667445,0.7607413397968225
18395,畢仲達,Bi Zhongda,1040,cluster1_song_and_before,宋,works_general,工部,0,0,0,0,0,1,113.641312,34.758076,管城,0,0,0,0,0,1,0.0,0.00136169181853707,0.0,0.0895713085213861,-0.17812319241819308,-0.13432403812783913,-0.107944576878429,-0.5486903014295904,0.8346115477429978
18399,畢從周,Bi Congzhou,1039,cluster1_song_and_before,宋,construction,将作/营缮,0,0,1,0,0,1,113.641312,34.758076,管城,0,0,0,0,1,0,0.0,1.3975995756472907e-33,0.0,-0.2777070288293577,-0.17812319241819308,-0.21135081309332437,-0.107944576878429,-0.5486903014295904,0.8346115477429978
18401,畢從益,Bi Congyi,998,cluster1_song_and_before,宋,construction,将作/营缮,0,0,0,0,0,1,113.641312,34.758076,管城,0,0,0,0,1,0,0.0,1.3975995756472907e-33,0.0,-0.2777070288293577,-0.17812319241819308,-0.21135081309332437,-0.107944576878429,-0.5486903014295904,0.8346115477429978
18424,江側,Jiang Ce,1043,cluster1_song_and_before,宋,construction,将作/营缮,0,1,0,0,0,1,118.10537,27.33988,建陽,0,0,0,0,1,0,0.0,1.3975995756472907e-33,0.0,-0.2777070288293577,-0.17812319241819308,-0.21135081309332437,-0.107944576878429,0.4483863351767474,-1.2521026975730851
18480,彭方,Peng Fang,1163,cluster1_song_and_before,宋,construction,将作/营缮,0,1,0,0,0,1,116.189186,29.272564,都昌,0,0,0,0,1,0,0.0,1.3975995756472907e-33,0.0,-0.2777070288293577,-0.17812319241819308,-0.21135081309332437,-0.107944576878429,0.02039406943134979,-0.7084450165823882
18521,謝倜,Xie Ti,1136,cluster1_song_and_before,宋,military_industrial,军器/制造,0,1,0,0,0,1,121.120598,28.843132,臨海,0,0,0,1,0,0,0.0,1.3975995756472907e-33,0.0,-0.2777070288293577,-0.17812319241819308,-0.21135081309332437,-0.107944576878429,1.1218572875795312,-0.8292428320882839
18550,謝衒,Xie Xuan,980,cluster1_song_and_before,宋,construction,将作/营缮,0,0,1,0,0,1,118.433945,29.86577,歙縣,0,0,0,0,1,0,0.0,1.3975995756472907e-33,0.0,-0.2777070288293577,-0.17812319241819308,-0.21135081309332437,-0.107944576878429,0.521775716737858,-0.541578111123571
18567,王羽,Wang Yu (11),972,cluster1_song_and_before,宋,works_general,工部,0,0,0,0,0,0,,,,0,0,0,0,0,0,0.0,1.3975995756472907e-33,0.0,-0.2777070288293577,-0.17812319241819308,-0.21135081309332437,-0.107944576878429,-3.174087617753835e-15,-1.9987334503111837e-15
18571,辛若冲,Xin Ruochong,957,cluster1_song_and_before,宋,works_general,工部,0,0,0,0,0,1,111.782768,37.143234,孝義,0,0,0,0,0,0,0.0,1.3975995756472907e-33,0.0,-0.2777070288293577,-0.17812319241819308,-0.21135081309332437,-0.107944576878429,-0.9638082950813052,1.5055486833929066
18574,辛廱,Xin Yong,1026,cluster1_song_and_before,宋,works_general,工部,0,1,0,0,0,1,113.819748,34.031391,長社,0,0,0,0,0,1,0.0,0.011418007655216066,0.0,0.0895713085213861,-0.17812319241819308,0.43453123910068536,-0.107944576878429,-0.5088354503659407,0.6301974366359949
18588,徐誼,Xu Yi (2),1145,cluster1_song_and_before,宋,works_general,工部,0,1,0,0,0,1,120.556442,27.675718,平陽,0,0,0,0,0,0,0.0,1.3975995756472907e-33,0.0,-0.2777070288293577,-0.17812319241819308,-0.21135081309332437,-0.107944576878429,0.9958493443580759,-1.157632567811286
18616,徐執中,Xu Zhizhong,999,cluster1_song_and_before,宋,works_general,工部,0,0,0,0,0,1,120.618622,31.31271,吳縣,0,0,0,0,0,1,0.0,0.00012800383571054516,0.0,0.0895713085213861,-0.17812319241819308,-0.20411002445541665,-0.107944576878429,1.0097376552322135,-0.1345586268557452
18644,許遂,Xu Sui,952,cluster1_song_and_before,宋,construction,将作/营缮,0,0,1,0,0,1,118.7425,30.946941,宣城,0,0,0,0,1,1,0.0,0.04305271222744958,0.0,0.0895713085213861,-0.17812319241819308,2.22401050086413,-0.107944576878429,0.5906934999763558,-0.23744824891412958
18655,許正,Xu Zheng,1000,cluster1_song_and_before,宋,construction,将作/营缮,0,0,1,0,0,1,120.618622,31.31271,吳縣,0,0,0,0,1,1,0.0,0.001612188318188181,0.0,0.0895713085213861,-0.17812319241819308,-0.1201542111188193,-0.107944576878429,1.0097376552322135,-0.1345586268557452
18684,戴溪,Dai Xi,1152,cluster1_song_and_before,宋,works_general,工部,0,1,0,0,0,1,120.653221,28.018291,永嘉,0,0,0,0,0,0,0.0,1.3975995756472907e-33,0.0,-0.2777070288293577,-0.17812319241819308,-0.21135081309332437,-0.107944576878429,1.0174655688368177,-1.0612679046019733
18688,戴侗,Dai Tong,1211,cluster1_song_and_before,宋,military_industrial,军器/制造,0,1,0,0,0,1,120.653221,28.018291,永嘉,0,0,0,1,0,0,0.0,1.3975995756472907e-33,0.0,-0.2777070288293577,-0.17812319241819308,-0.21135081309332437,-0.107944576878429,1.0174655688368177,-1.0612679046019733
18731,薛塾,Xue Shu,977,cluster1_song_and_before,宋,astronomical,天文/历算,0,0,1,0,0,1,111.216148,35.616409,正平,1,0,0,0,0,1,0.0,7.50330558788574e-25,0.0,0.0895713085213861,-0.17812319241819308,-0.21135081309332437,-0.107944576878429,-1.0903665888655445,1.0760578101934477
18734,薛長孺,Xue Changru,1001,cluster1_song_and_before,宋,works_general,工部,0,0,1,0,0,1,111.216148,35.616409,正平,0,0,0,0,0,0,0.0,1.3975995756472907e-33,0.0,-0.2777070288293577,-0.17812319241819308,-0.21135081309332437,-0.107944576878429,-1.0903665888655445,1.0760578101934477
18735,薛良孺,Xue Liangru,1018,cluster1_song_and_before,宋,construction,将作/营缮,0,0,1,0,0,1,111.216148,35.616409,正平,0,0,0,0,1,0,0.0,1.3975995756472907e-33,0.0,-0.2777070288293577,-0.17812319241819308,-0.21135081309332437,-0.107944576878429,-1.0903665888655445,1.0760578101934477
18866,胡淮,Hu Huai,993,cluster1_song_and_before,宋,works_general,工部,0,0,0,0,0,1,120.168625,30.294125,錢塘,0,0,0,0,0,0,0.0,1.3975995756472907e-33,0.0,-0.2777070288293577,-0.17812319241819308,-0.21135081309332437,-0.107944576878429,0.9092278734948482,-0.4210832521912416
18880,胡晏,Hu Yan,988,cluster1_song_and_before,宋,works_general,工部,0,0,0,0,0,1,116.77626,27.910084,金谿,0,0,0,0,0,0,0.0,1.3975995756472907e-33,0.0,-0.2777070288293577,-0.17812319241819308,-0.21135081309332437,-0.107944576878429,0.15152089828505574,-1.091706179398557
18889,胡太初,Hu Taichu,1207,cluster1_song_and_before,宋,military_industrial,军器/制造,0,1,0,0,0,1,121.120598,28.843132,臨海,0,0,0,1,0,0,0.0,1.3975995756472907e-33,0.0,-0.2777070288293577,-0.17812319241819308,-0.21135081309332437,-0.107944576878429,1.1218572875795312,-0.8292428320882839
18946,黃策,Huang Ce (2),1070,cluster1_song_and_before,宋,works_general,工部,0,1,0,0,0,1,120.618622,31.31271,吳縣,0,0,0,0,0,1,0.0,7.50330558788574e-25,0.0,0.0895713085213861,-0.17812319241819308,-0.21135081309332437,-0.107944576878429,1.0097376552322135,-0.1345586268557452
18950,黃涇,Huang Jing,1163,cluster1_song_and_before,宋,military_industrial,军器/制造,0,1,0,0,0,1,120.618622,31.31271,吳縣,0,0,0,1,0,1,0.0,7.50330558788574e-25,0.0,0.0895713085213861,-0.17812319241819308,-0.21135081309332437,-0.107944576878429,1.0097376552322135,-0.1345586268557452
18954,黃由,Huang You,1151,cluster1_song_and_before,宋,construction,将作/营缮,0,1,0,0,0,1,120.618622,31.31271,長洲,0,0,0,0,1,2,0.0,0.018519312829087725,5.232154524665142e-05,0.45684964587212995,-0.17812319241819308,0.836230528281042,0.06441092412353154,1.0097376552322135,-0.1345586268557452
19098,皇甫鑑,Huangfu Jian,1000,cluster1_song_and_before,宋,works_general,工部,0,0,1,0,0,1,115.282862,34.990951,濟陰,0,0,0,0,0,0,0.0,1.3975995756472907e-33,0.0,-0.2777070288293577,-0.17812319241819308,-0.21135081309332437,-0.107944576878429,-0.18203934106547076,0.9001185227377246
19123,文天祥,Wen Tianxiang,1236,cluster1_song_and_before,宋,works_general,工部,1,1,0,0,0,1,115.132248,27.214367,吉水,0,0,0,0,0,11,0.03636363636363636,0.03194311586287111,0.0011570113619937766,3.7623546820288243,0.1028535676809891,1.595574339698737,3.703435076022033,-0.21567996592872687,-1.2874090935044358
19149,李孝基,Li Xiaoji,1016,cluster1_song_and_before,宋,construction,将作/营缮,0,1,0,0,0,1,114.34333,34.785477,開封,0,0,0,0,1,5,0.3,0.044024364956329734,9.393811045846294e-05,1.5586846579243614,2.13993507840006,2.2789739478593973,0.20150251637771094,-0.3918899761925293,0.8423193593235898
19155,李孝孫,Li Xiaosun,1023,cluster1_song_and_before,宋,works_general,工部,0,1,0,0,0,1,112.38263,34.665276,洛陽,0,0,0,0,0,1,0.0,7.50330558788574e-25,0.0,0.0895713085213861,-0.17812319241819308,-0.21135081309332437,-0.107944576878429,-0.8298251825437993,0.808507211599097
19178,蘇諤,Su E,1133,cluster1_song_and_before,宋,works_general,工部,0,0,1,0,0,1,119.649918,29.104712,金華,0,0,0,0,0,1,0.0,1.503516943899234e-22,0.0,0.0895713085213861,-0.17812319241819308,-0.21135081309332437,-0.107944576878429,0.7933712625493429,-0.7556612345826669
19267,蘇壽,Su Shou (2),988,cluster1_song_and_before,宋,works_general,工部,0,0,0,0,0,1,114.34333,34.785477,開封,0,0,0,0,0,0,0.0,1.3975995756472907e-33,0.0,-0.2777070288293577,-0.17812319241819308,-0.21135081309332437,-0.107944576878429,-0.3918899761925293,0.8423193593235898
19289,李璋,Li Zhang,1018,cluster1_song_and_before,宋,astronomical,天文/历算,0,0,1,0,0,1,114.34333,34.785477,開封,1,0,0,0,0,0,0.0,1.3975995756472907e-33,0.0,-0.2777070288293577,-0.17812319241819308,-0.21135081309332437,-0.107944576878429,-0.3918899761925293,0.8423193593235898
19322,高禾,Gao He,1151,cluster1_song_and_before,宋,construction,将作/营缮,0,1,0,0,0,1,118.589905,24.909641,晉江,0,0,0,0,1,1,0.0,0.0016977371785040266,0.0,0.0895713085213861,-0.17812319241819308,-0.11531497163570202,-0.107944576878429,0.5566104057685858,-1.9357209709137615
19374,耿璋,Geng Zhang,1008,cluster1_song_and_before,宋,construction,将作/营缮,0,0,1,0,0,1,112.804997,34.720623,偃師,0,0,0,0,1,0,0.0,1.3975995756472907e-33,0.0,-0.2777070288293577,-0.17812319241819308,-0.21135081309332437,-0.107944576878429,-0.7354867425473871,0.8240761414757838
19424,王棐,Wang Fei (2),1169,cluster1_song_and_before,宋,construction,将作/营缮,0,1,0,0,0,1,121.120598,28.843132,臨海,0,0,0,0,1,0,0.0,1.3975995756472907e-33,0.0,-0.2777070288293577,-0.17812319241819308,-0.21135081309332437,-0.107944576878429,1.1218572875795312,-0.8292428320882839
19494,吳有鄰,Wu Youlin,972,cluster1_song_and_before,宋,works_general,工部,0,1,0,0,0,1,116.061584,27.75564,崇仁,0,0,0,0,0,0,0.0,1.3975995756472907e-33,0.0,-0.2777070288293577,-0.17812319241819308,-0.21135081309332437,-0.107944576878429,-0.0081066742830581,-1.1351507709008037
19560,李堪,Li Kan,965,cluster1_song_and_before,宋,works_general,工部,0,1,0,0,0,1,119.952301,31.782784,晉陵,0,0,0,0,0,1,0.0,7.50330558788574e-25,0.0,0.0895713085213861,-0.17812319241819308,-0.21135081309332437,-0.107944576878429,0.8609104891021656,-0.002328349824414023
19563,李琪,Li Qi,1004,cluster1_song_and_before,宋,works_general,工部,0,1,0,0,0,1,120.618622,31.31271,吳縣,0,0,0,0,0,1,0.0,7.50330558788574e-25,0.0,0.0895713085213861,-0.17812319241819308,-0.21135081309332437,-0.107944576878429,1.0097376552322135,-0.1345586268557452
19586,李秠,Li Pi,1043,cluster1_song_and_before,宋,construction,将作/营缮,0,0,1,0,0,1,103.696481,30.328339,依政,0,0,0,0,1,0,0.0,1.3975995756472907e-33,0.0,-0.2777070288293577,-0.17812319241819308,-0.21135081309332437,-0.107944576878429,-2.7699335391067104,-0.41145896601853305
19597,李沐,Li Mu,1142,cluster1_song_and_before,宋,construction,将作/营缮,0,1,0,0,0,1,120.084801,30.553133,德清,0,0,0,0,1,1,0.0,0.006229044638128083,0.0,0.0895713085213861,-0.17812319241819308,0.14100734391354497,-0.107944576878429,0.8905052332453495,-0.3482251498640958
19598,李公彥,Li Gongyan,1079,cluster1_song_and_before,宋,works_general,工部,0,1,0,0,0,1,116.351341,27.984781,臨川,0,0,0,0,0,1,0.0,7.50330558788574e-25,0.0,0.0895713085213861,-0.17812319241819308,-0.21135081309332437,-0.107944576878429,0.0566124523486191,-1.0706941578797973
19611,李陟,Li Zhi (8),967,cluster1_song_and_before,宋,works_general,工部,0,1,0,0,0,1,114.745884,35.921836,內黃,0,0,0,0,0,3,0.3333333333333333,0.059555615779758014,5.75428492408125e-05,0.8241279832228736,2.397497108490977,3.15752968699425,0.08161073084855874,-0.30197689971089814,1.1619734252303326
19668,李惟簡,Li Weijian,957,cluster1_song_and_before,宋,construction,将作/营缮,0,0,1,0,0,1,113.962967,35.051949,陽武,0,0,0,0,1,1,0.0,7.50330558788574e-25,0.0,0.0895713085213861,-0.17812319241819308,-0.21135081309332437,-0.107944576878429,-0.4768465472607111,0.9172770604112758
19669,李郯,Li Tan (2),987,cluster1_song_and_before,宋,construction,将作/营缮,0,0,1,0,0,1,113.962967,35.051949,陽武,0,0,0,0,1,1,0.0,7.50330558788574e-25,0.0,0.0895713085213861,-0.17812319241819308,-0.21135081309332437,-0.107944576878429,-0.4768465472607111,0.9172770604112758
19699,張元幹,Zhang Yuangan,1092,cluster1_song_and_before,宋,construction,将作/营缮,0,0,0,0,0,1,119.518837,25.959837,長樂,0,0,0,0,1,6,0.06666666666666667,0.01136982179109962,0.0002004147905169579,1.9259629952751052,0.3370008677636409,0.4318055109577326,0.5522536543648269,0.7640934613641902,-1.6403042747825232
19701,曾噩,Zeng E,1167,cluster1_song_and_before,宋,military_industrial,军器/制造,0,1,0,0,0,1,119.321577,26.073954,閩縣,0,0,0,1,0,2,0.0,0.0026876411494548276,1.9358515978671766e-05,0.45684964587212995,-0.17812319241819308,-0.059319107248571,-0.044174542862241956,0.7200341464231732,-1.6082035363371199
19733,李丕緒,Li Pixu,989,cluster1_song_and_before,宋,works_general,工部,0,0,0,0,0,1,105.7258,34.5853,成紀,0,0,0,0,0,1,0.0,2.6805561856770566e-20,0.0,0.0895713085213861,-0.17812319241819308,-0.21135081309332437,-0.107944576878429,-2.3166718289942207,0.7860102246654269
19735,李丕旦,Li Pidan,1004,cluster1_song_and_before,宋,construction,将作/营缮,0,0,1,0,0,1,108.906976,34.246423,長安,0,0,0,0,1,1,0.0,2.6805561856770566e-20,0.0,0.0895713085213861,-0.17812319241819308,-0.21135081309332437,-0.107944576878429,-1.6061353022437168,0.6906852341542608
19806,鄧景儁,Deng Jingjun,1043,cluster1_song_and_before,宋,construction,将作/营缮,0,0,1,0,0,1,116.627449,27.559717,南城,0,0,0,0,1,0,0.0,1.3975995756472907e-33,0.0,-0.2777070288293577,-0.17812319241819308,-0.21135081309332437,-0.107944576878429,0.11828298529870547,-1.1902632692878865
19832,元奉宗,Yuan Fengzong,961,cluster1_song_and_before,宋,works_general,工部,0,1,0,0,0,1,119.9406,30.27177,餘杭,0,0,0,0,0,0,0.0,1.3975995756472907e-33,0.0,-0.2777070288293577,-0.17812319241819308,-0.21135081309332437,-0.107944576878429,0.8582969939986224,-0.42737164049400994
19842,傅野,Fu Ye (2),1017,cluster1_song_and_before,宋,construction,将作/营缮,0,0,0,0,0,1,116.627449,27.559717,南城,0,0,0,0,1,0,0.0,1.3975995756472907e-33,0.0,-0.2777070288293577,-0.17812319241819308,-0.21135081309332437,-0.107944576878429,0.11828298529870547,-1.1902632692878865
19879,王撝,Wang Hui,1193,cluster1_song_and_before,宋,construction,将作/营缮,0,1,0,0,0,1,121.542656,29.866316,鄞縣,0,0,0,0,1,1,0.0,0.00024586194994240745,0.0,0.0895713085213861,-0.17812319241819308,-0.1974431485006597,-0.107944576878429,1.2161267103990354,-0.541424523111345
19880,王應麟,Wang Yinglin,1223,cluster1_song_and_before,宋,astronomical,天文/历算,0,1,0,0,0,1,121.542656,29.866316,鄞縣,1,0,0,0,0,3,0.0,0.002823907273881765,0.00010356923891313674,0.8241279832228736,-0.17812319241819308,-0.05161094600476694,0.2332289870351459,1.2161267103990354,-0.541424523111345
19905,王周,Wang Zhou (2),982,cluster1_song_and_before,宋,construction,将作/营缮,0,1,0,0,0,1,121.406906,29.651657,奉化,0,0,0,0,1,0,0.0,1.3975995756472907e-33,0.0,-0.2777070288293577,-0.17812319241819308,-0.21135081309332437,-0.107944576878429,1.1858060574372464,-0.6018073969509291
19915,張虙,Zhang Fu,1166,cluster1_song_and_before,宋,works_general,工部,0,1,0,0,0,1,121.444199,29.979195,慈溪,0,0,0,0,0,0,0.0,1.3975995756472907e-33,0.0,-0.2777070288293577,-0.17812319241819308,-0.21135081309332437,-0.107944576878429,1.1941356936133336,-0.5096720300123445
19947,樓淳,Lou Chun,1167,cluster1_song_and_before,宋,works_general,工部,0,0,0,0,0,1,121.542656,29.866316,鄞縣,0,0,0,0,0,0,0.0,1.3975995756472907e-33,0.0,-0.2777070288293577,-0.17812319241819308,-0.21135081309332437,-0.107944576878429,1.2161267103990354,-0.541424523111345
19995,李志道,Li Zhidao,1223,cluster1_song_and_before,宋,works_general,工部,0,1,0,0,0,1,113.287287,23.09316,番禺,0,0,0,0,0,0,0.0,1.3975995756472907e-33,0.0,-0.2777070288293577,-0.17812319241819308,-0.21135081309332437,-0.107944576878429,-0.6277641074317866,-2.4466911284892694
20001,楊樸,Yang Pu,1094,cluster1_song_and_before,宋,military_industrial,军器/制造,0,1,0,0,0,1,104.84835815,29.784748077,資州,0,0,0,1,0,0,0.0,1.3975995756472907e-33,0.0,-0.2777070288293577,-0.17812319241819308,-0.21135081309332437,-0.107944576878429,-2.5126542218340213,-0.5643693127724633
20166,林士衡,Lin Shiheng,1154,cluster1_song_and_before,宋,construction,将作/营缮,0,1,0,0,0,1,119.321577,26.073954,閩縣,0,0,0,0,1,0,0.0,1.3975995756472907e-33,0.0,-0.2777070288293577,-0.17812319241819308,-0.21135081309332437,-0.107944576878429,0.7200341464231732,-1.6082035363371199
20180,林洙,Lin Zhu,995,cluster1_song_and_before,宋,construction,将作/营缮,0,0,0,0,0,1,118.16918182,26.642173767,南劍州,0,0,0,0,1,1,0.0,0.0008577001455125147,0.0,0.0895713085213861,-0.17812319241819308,-0.16283331802073583,-0.107944576878429,0.4626391237519275,-1.4483651764084955
20205,林咸德,Lin Xiande,982,cluster1_song_and_before,宋,works_general,工部,0,1,0,0,0,1,119.321577,26.073954,閩縣,0,0,0,0,0,0,0.0,1.3975995756472907e-33,0.0,-0.2777070288293577,-0.17812319241819308,-0.21135081309332437,-0.107944576878429,0.7200341464231732,-1.6082035363371199
20221,劉几,Liu Ji,1008,cluster1_song_and_before,宋,construction,将作/营缮,0,1,1,0,0,1,112.38263,34.665276,洛陽,0,0,0,0,1,2,1.0,0.041853920183528286,0.0,0.45684964587212995,7.548737710309318,2.156198471930341,-0.107944576878429,-0.8298251825437993,0.808507211599097
20265,劉文裕,Liu Wenyu,944,cluster1_song_and_before,宋,military_industrial,军器/制造,0,0,0,0,0,1,115.34796,38.83195,寶塞,0,0,0,1,0,0,0.0,1.3975995756472907e-33,0.0,-0.2777070288293577,-0.17812319241819308,-0.21135081309332437,-0.107944576878429,-0.16749927575050272,1.9805789648108136
20268,劉渙,Liu Huan (2),995,cluster1_song_and_before,宋,works_general,工部,0,0,1,0,0,1,115.34796,38.83195,寶塞,0,0,0,0,0,1,0.0,0.0007570605531185119,0.0,0.0895713085213861,-0.17812319241819308,-0.16852619443404887,-0.107944576878429,-0.16749927575050272,1.9805789648108136
20276,劉師愈,Liu Shiyu,1025,cluster1_song_and_before,宋,construction,将作/营缮,0,0,1,0,0,1,114.76066,34.49547,雍邱,0,0,0,0,1,2,0.0,0.008695393046947707,0.0003866689807252532,0.45684964587212995,-0.17812319241819308,0.280521190796117,1.165804613453133,-0.29867658318667445,0.7607413397968225
20338,劉立義,Liu Liyi,1127,cluster1_song_and_before,宋,military_industrial,军器/制造,0,1,0,0,0,1,120.957687,28.130676,樂清,0,0,0,1,0,0,0.0,1.3975995756472907e-33,0.0,-0.2777070288293577,-0.17812319241819308,-0.21135081309332437,-0.107944576878429,1.085470047103227,-1.029654372085463
20358,麋弇,Mi Yan,1206,cluster1_song_and_before,宋,construction,将作/营缮,0,0,1,0,0,1,120.618622,31.31271,吳縣,0,0,0,0,1,0,0.0,1.3975995756472907e-33,0.0,-0.2777070288293577,-0.17812319241819308,-0.21135081309332437,-0.107944576878429,1.0097376552322135,-0.1345586268557452
20367,劉三傑,Liu Sanjie,1154,cluster1_song_and_before,宋,construction,将作/营缮,0,1,0,0,0,1,119.802269,28.895449,武義,0,0,0,0,1,0,0.0,1.3975995756472907e-33,0.0,-0.2777070288293577,-0.17812319241819308,-0.21135081309332437,-0.107944576878429,0.8273998577565754,-0.8145262312904351
20431,劉有方,Liu Youfang,983,cluster1_song_and_before,宋,works_general,工部,0,0,0,0,0,1,118.537849,24.953764,南安,0,0,0,0,0,2,1.0,9.591778628167397e-20,0.0,0.45684964587212995,7.548737710309318,-0.21135081309332437,-0.107944576878429,0.5449833567035451,-1.9233093154862047
20432,劉有政,Liu Youzheng,983,cluster1_song_and_before,宋,works_general,工部,0,0,0,0,0,1,118.537849,24.953764,南安,0,0,0,0,0,2,1.0,9.591778628167397e-20,0.0,0.45684964587212995,7.548737710309318,-0.21135081309332437,-0.107944576878429,0.5449833567035451,-1.9233093154862047
20498,陸若冲,Lu Ruochong,982,cluster1_song_and_before,宋,works_general,工部,0,0,0,0,0,1,119.9406,30.27177,餘杭,0,0,0,0,0,2,0.0,0.01604898640044711,2.2685582880244542e-05,0.45684964587212995,-0.17812319241819308,0.6964916568860302,-0.03321465473232636,0.8582969939986224,-0.42737164049400994
20531,陸象先,Lu Xiangxian,665,cluster1_song_and_before,唐,works_general,工部,1,1,0,0,0,1,120.618622,31.31271,吳縣,0,0,0,0,0,0,0.0,1.3975995756472907e-33,0.0,-0.2777070288293577,-0.17812319241819308,-0.21135081309332437,-0.107944576878429,1.0097376552322135,-0.1345586268557452
20534,陸景融,Lu Jingrong,665,cluster1_song_and_before,唐,works_general,工部,0,0,1,0,0,1,120.618622,31.31271,吳縣,0,0,0,0,0,0,0.0,1.3975995756472907e-33,0.0,-0.2777070288293577,-0.17812319241819308,-0.21135081309332437,-0.107944576878429,1.0097376552322135,-0.1345586268557452
20604,胥致堯(字),Xu Zhiyao (zi),965,cluster1_song_and_before,宋,astronomical,天文/历算,0,0,0,0,0,1,117.276459,31.864456,合肥,1,0,0,0,0,0,0.0,1.3975995756472907e-33,0.0,-0.2777070288293577,-0.17812319241819308,-0.21135081309332437,-0.107944576878429,0.26324362602601775,0.020645716356023556
20672,馬僑,Ma Qiao,994,cluster1_song_and_before,宋,works_general,工部,0,0,0,0,0,1,115.5583,35.61019,鄄城,0,0,0,0,0,0,0.0,1.3975995756472907e-33,0.0,-0.2777070288293577,-0.17812319241819308,-0.21135081309332437,-0.107944576878429,-0.1205184570102938,1.074308425856392
20767,歐陽程,Ouyang Cheng,953,cluster1_song_and_before,宋,works_general,工部,0,1,0,0,0,1,111.590881,25.531357,營道,0,0,0,0,0,0,0.0,1.3975995756472907e-33,0.0,-0.2777070288293577,-0.17812319241819308,-0.21135081309332437,-0.107944576878429,-1.006667515227748,-1.7608342958055636
20797,商飛卿,Shang Feiqing,1145,cluster1_song_and_before,宋,works_general,工部,0,1,0,0,0,1,121.120598,28.843132,臨海,0,0,0,0,0,0,0.0,1.3975995756472907e-33,0.0,-0.2777070288293577,-0.17812319241819308,-0.21135081309332437,-0.107944576878429,1.1218572875795312,-0.8292428320882839
20849,邵景先,Shao Jingxian,1000,cluster1_song_and_before,宋,works_general,工部,0,1,0,0,0,1,119.569855,31.995802,丹陽,0,0,0,0,0,1,0.0,0.04305271222744958,0.0,0.0895713085213861,-0.17812319241819308,2.22401050086413,-0.107944576878429,0.775488666320394,0.05759291608831527
20853,邵納史,Shao Nashi,1038,cluster1_song_and_before,宋,construction,将作/营缮,0,0,1,0,0,1,119.569855,31.995802,丹陽,0,0,0,0,1,0,0.0,1.3975995756472907e-33,0.0,-0.2777070288293577,-0.17812319241819308,-0.21135081309332437,-0.107944576878429,0.775488666320394,0.05759291608831527
20883,沈玉,Shen Yu (2),964,cluster1_song_and_before,宋,works_general,工部,0,0,0,0,0,1,119.177627,32.267544,揚子,0,0,0,0,0,0,0.0,1.3975995756472907e-33,0.0,-0.2777070288293577,-0.17812319241819308,-0.21135081309332437,-0.107944576878429,0.6878819696728966,0.13403305092037987
20885,沈惟恭,Shen Weigong,988,cluster1_song_and_before,宋,construction,将作/营缮,0,0,1,0,0,1,114.856377,34.063873,太康,0,0,0,0,1,2,0.0,2.2569789337400257e-20,0.0,0.45684964587212995,-0.17812319241819308,-0.21135081309332437,-0.107944576878429,-0.27729756337419836,0.6393345168798117
20889,沈惟清,Shen Weiqing,988,cluster1_song_and_before,宋,construction,将作/营缮,0,0,1,0,0,1,114.856377,34.063873,太康,0,0,0,0,1,1,0.0,1.5959248592679233e-20,0.0,0.0895713085213861,-0.17812319241819308,-0.21135081309332437,-0.107944576878429,-0.27729756337419836,0.6393345168798117
20932,劉子澄,Liu Zicheng,1190,cluster1_song_and_before,宋,military_industrial,军器/制造,0,1,0,0,0,1,114.894874,26.792103,太和,0,0,0,1,0,1,0.0,0.01837893233793975,0.0,0.0895713085213861,-0.17812319241819308,0.8282896297943225,-0.107944576878429,-0.268699005900384,-1.4061905740805956
20977,師仲說,Shi Zhongyue,966,cluster1_song_and_before,宋,works_general,工部,0,0,0,0,0,1,114.745884,35.921836,內黃,0,0,0,0,0,1,0.0,7.50330558788574e-25,0.0,0.0895713085213861,-0.17812319241819308,-0.21135081309332437,-0.107944576878429,-0.30197689971089814,1.1619734252303326
21095,石洵直,Shi Xunzhi,999,cluster1_song_and_before,宋,works_general,工部,0,1,0,0,0,1,103.831459,30.050497,眉山,0,0,0,0,0,0,0.0,1.3975995756472907e-33,0.0,-0.2777070288293577,-0.17812319241819308,-0.21135081309332437,-0.107944576878429,-2.7397853174089097,-0.489615010877298
21169,虞奕,Yu Yi,1055,cluster1_song_and_before,宋,works_general,工部,0,1,0,0,0,1,120.168625,30.294125,錢塘,0,0,0,0,0,1,0.0,0.00662711023924432,0.0,0.0895713085213861,-0.17812319241819308,0.16352470728554666,-0.107944576878429,0.9092278734948482,-0.4210832521912416
21226,司馬京,Sima Jing,1012,cluster1_song_and_before,宋,works_general,工部,0,0,1,0,0,1,111.220055,35.137451,夏縣,0,0,0,0,0,1,0.0,0.026108982656436113,0.0,0.0895713085213861,-0.17812319241819308,1.2655551242689722,-0.107944576878429,-1.0894939347873003,0.9413284930510998
21237,蘇梲,Su Zhuo,1022,cluster1_song_and_before,宋,works_general,工部,0,0,1,0,0,1,118.144119,24.736046,同安,0,0,0,0,0,1,0.0,0.011418007655216066,0.0,0.0895713085213861,-0.17812319241819308,0.43453123910068536,-0.107944576878429,0.45704117850357445,-1.9845526760096692
21274,王利,Wang Li (3),955,cluster1_song_and_before,宋,works_general,工部,0,1,0,0,0,1,112.38263,34.665276,洛陽,0,0,0,0,0,1,0.0,0.00010995239492552495,0.0,0.0895713085213861,-0.17812319241819308,-0.20513113969472563,-0.107944576878429,-0.8298251825437993,0.808507211599097
21429,句希仲,Gou Xizhong,981,cluster1_song_and_before,宋,works_general,工部,0,1,0,0,0,1,114.34333,34.785477,開封,0,0,0,0,0,2,0.0,0.04338155195085529,5.232154524665142e-05,0.45684964587212995,-0.17812319241819308,2.242611966357032,0.06441092412353154,-0.3918899761925293,0.8423193593235898
21432,句中正,Gou Zhongzheng,929,cluster1_song_and_before,宋,works_general,工部,0,1,0,0,0,1,114.34333,34.785477,開封,0,0,0,0,0,1,0.0,0.0037770019750878645,0.0,0.0895713085213861,-0.17812319241819308,0.002302729667802326,-0.107944576878429,-0.3918899761925293,0.8423193593235898
21455,范楷,Fan Kai,1178,cluster1_song_and_before,宋,works_general,工部,0,1,0,0,0,1,121.542656,29.866316,鄞縣,0,0,0,0,0,0,0.0,1.3975995756472907e-33,0.0,-0.2777070288293577,-0.17812319241819308,-0.21135081309332437,-0.107944576878429,1.2161267103990354,-0.541424523111345
21482,單夔,Shan Kui,1100,cluster1_song_and_before,宋,military_industrial,军器/制造,0,0,0,0,0,1,120.168625,30.294125,錢塘,0,0,0,1,0,1,0.0,0.005578674985962493,0.0,0.0895713085213861,-0.17812319241819308,0.10421790583381838,-0.107944576878429,0.9092278734948482,-0.4210832521912416
21493,湯中,Tang Zhong,1196,cluster1_song_and_before,宋,works_general,工部,0,1,0,0,0,1,116.903259,28.40443,安仁,0,0,0,0,0,0,0.0,1.3975995756472907e-33,0.0,-0.2777070288293577,-0.17812319241819308,-0.21135081309332437,-0.107944576878429,0.1798869579940426,-0.9526482682413128
21561,鄧淵,Deng Yuan,1073,cluster1_song_and_before,宋,works_general,工部,0,1,0,0,0,1,113.018793,28.60332,湘陰,0,0,0,0,0,0,0.0,1.3975995756472907e-33,0.0,-0.2777070288293577,-0.17812319241819308,-0.21135081309332437,-0.107944576878429,-0.6877340035373001,-0.8967011624691125
21569,滕強恕,Teng Qiangshu,1163,cluster1_song_and_before,宋,military_industrial,军器/制造,0,1,0,0,0,1,119.649918,29.104712,金華,0,0,0,1,0,0,0.0,1.3975995756472907e-33,0.0,-0.2777070288293577,-0.17812319241819308,-0.21135081309332437,-0.107944576878429,0.7933712625493429,-0.7556612345826669
21585,滕玄錫,Teng Xuanxi,942,cluster1_song_and_before,宋,works_general,工部,0,1,0,0,0,1,119.106499,36.702705,北海,0,0,0,0,0,0,0.0,1.3975995756472907e-33,0.0,-0.2777070288293577,-0.17812319241819308,-0.21135081309332437,-0.107944576878429,0.6719950643037151,1.381629318122045
21610,田懿,Tian Yi (2),914,cluster1_song_and_before,後蜀,works_general,工部,0,0,0,0,0,1,103.151785,29.911529,洪雅,0,0,0,0,0,1,0.0,0.0034169622469706626,0.0,0.0895713085213861,-0.17812319241819308,-0.018063625434567868,-0.107944576878429,-2.891594963678911,-0.5287062542527874
21620,丁宗臣,Ding Zongchen,1001,cluster1_song_and_before,宋,works_general,工部,0,1,0,0,0,1,119.952301,31.782784,晉陵,0,0,0,0,0,0,0.0,1.3975995756472907e-33,0.0,-0.2777070288293577,-0.17812319241819308,-0.21135081309332437,-0.107944576878429,0.8609104891021656,-0.002328349824414023
21629,竇儀,Dou Yi,914,cluster1_song_and_before,宋,works_general,工部,0,1,0,0,0,1,112.38263,34.665276,洛陽,0,0,0,0,0,1,0.0,0.00019947754567753526,0.0,0.0895713085213861,-0.17812319241819308,-0.20006697352522132,-0.107944576878429,-0.8298251825437993,0.808507211599097
21637,竇綱,Dou Gang,997,cluster1_song_and_before,宋,works_general,工部,0,1,0,0,0,1,115.35057,35.26215,宛句,0,0,0,0,0,2,0.0,0.011505219746647167,5.232154524665142e-05,0.45684964587212995,-0.17812319241819308,0.4394645625219495,0.06441092412353154,-0.16691631513002092,0.9764059134477392
21679,曾孝純,Zeng Xiaochun,1029,cluster1_song_and_before,宋,construction,将作/营缮,0,0,1,0,0,1,118.589905,24.909641,晉江,0,0,0,0,1,0,0.0,1.3975995756472907e-33,0.0,-0.2777070288293577,-0.17812319241819308,-0.21135081309332437,-0.107944576878429,0.5566104057685858,-1.9357209709137615
21685,曾孝雍,Zeng Xiaoyong,1014,cluster1_song_and_before,宋,construction,将作/营缮,0,0,0,0,0,1,118.589905,24.909641,晉江,0,0,0,0,1,0,0.0,1.3975995756472907e-33,0.0,-0.2777070288293577,-0.17812319241819308,-0.21135081309332437,-0.107944576878429,0.5566104057685858,-1.9357209709137615
21721,曾漸,Zeng Jian,1165,cluster1_song_and_before,宋,works_general,工部,0,1,0,0,0,1,116.627449,27.559717,南城,0,0,0,0,0,1,0.0,1.503516943899234e-22,0.0,0.0895713085213861,-0.17812319241819308,-0.21135081309332437,-0.107944576878429,0.11828298529870547,-1.1902632692878865
21724,曾穎茂,Zeng Yingmao,1195,cluster1_song_and_before,宋,construction,将作/营缮,0,0,0,0,0,1,115.89772,28.674896,南昌,0,0,0,0,1,2,0.0,2.1262940533200443e-22,0.0,0.45684964587212995,-0.17812319241819308,-0.21135081309332437,-0.107944576878429,-0.044706773560632615,-0.876567068031227
21796,連庠,Lian Xiang,1012,cluster1_song_and_before,宋,works_general,工部,0,1,0,0,0,1,113.818992,31.61832,應山,0,0,0,0,0,0,0.0,1.3975995756472907e-33,0.0,-0.2777070288293577,-0.17812319241819308,-0.21135081309332437,-0.107944576878429,-0.5090043079249787,-0.048591534518059455
21810,崔俞,Cui Yu,1020,cluster1_song_and_before,宋,construction,将作/营缮,0,0,1,0,0,1,108.906976,34.246423,長安,0,0,0,0,1,1,0.0,7.50330558788574e-25,0.0,0.0895713085213861,-0.17812319241819308,-0.21135081309332437,-0.107944576878429,-1.6061353022437168,0.6906852341542608
21838,段思恭,Duan Sigong,920,cluster1_song_and_before,宋,construction,将作/营缮,0,0,1,0,0,1,112.839157,35.504318,晉城,0,0,0,0,1,0,0.0,1.3975995756472907e-33,0.0,-0.2777070288293577,-0.17812319241819308,-0.21135081309332437,-0.107944576878429,-0.7278568824724345,1.04452697891429
21998,王居安,Wang Juan,1157,cluster1_song_and_before,宋,works_general,工部,0,1,0,0,0,1,121.258354,28.642613,黃巖,0,0,0,0,0,1,0.0,0.0016977371785040266,0.0,0.0895713085213861,-0.17812319241819308,-0.11531497163570202,-0.107944576878429,1.152625993799822,-0.8856481702266311
22000,王居正,Wang Juzheng (2),1087,cluster1_song_and_before,宋,works_general,工部,0,1,0,0,0,1,119.437187,32.39127,江都,0,0,0,0,0,1,0.0,0.004874219989665917,0.0,0.0895713085213861,-0.17812319241819308,0.06436902392502919,-0.107944576878429,0.7458563982751986,0.16883676960292385
22047,王會龍,Wang Huilong,1192,cluster1_song_and_before,宋,works_general,工部,0,1,0,0,0,1,121.120598,28.843132,臨海,0,0,0,0,0,0,0.0,1.3975995756472907e-33,0.0,-0.2777070288293577,-0.17812319241819308,-0.21135081309332437,-0.107944576878429,1.1218572875795312,-0.8292428320882839
22072,王貽矩,Wang Yiju,977,cluster1_song_and_before,宋,works_general,工部,0,1,0,0,0,1,114.34333,34.785477,開封,0,0,0,0,0,3,0.0,0.005971970920203417,3.9850683052528695e-05,0.8241279832228736,-0.17812319241819308,0.1264654636212791,0.023329918368412063,-0.3918899761925293,0.8423193593235898
22084,王溉,Wang Gai (5),1116,cluster1_song_and_before,宋,works_general,工部,0,1,0,0,0,1,117.945084,30.374228,石埭,0,0,0,0,0,0,0.0,1.3975995756472907e-33,0.0,-0.2777070288293577,-0.17812319241819308,-0.21135081309332437,-0.107944576878429,0.4125854056693165,-0.39855054057341033
22101,王克明,Wang Keming (2),1112,cluster1_song_and_before,宋,medical,医学/医官,0,0,0,0,1,1,120.099312,30.864964,烏程,0,1,0,0,0,0,0.0,1.3975995756472907e-33,0.0,-0.2777070288293577,-0.17812319241819308,-0.21135081309332437,-0.107944576878429,0.8937463602812871,-0.2605081105959014
22146,王景齊,Wang Jingqi,1145,cluster1_song_and_before,宋,construction,将作/营缮,0,1,0,0,0,1,120.618622,31.31271,平江府,0,0,0,0,1,0,0.0,1.3975995756472907e-33,0.0,-0.2777070288293577,-0.17812319241819308,-0.21135081309332437,-0.107944576878429,1.0097376552322135,-0.1345586268557452
22199,王乙,Wang Yi (17),978,cluster1_song_and_before,宋,astronomical,天文/历算,0,0,0,0,0,1,115.146522,36.275528,元城,1,0,0,0,0,1,0.0,0.04305271222744958,0.0,0.0895713085213861,-0.17812319241819308,2.22401050086413,-0.107944576878429,-0.21249177439740735,1.2614658267325767
22203,王弁,Wang Bian (2),987,cluster1_song_and_before,宋,construction,将作/营缮,0,0,1,0,0,1,119.321577,26.073954,侯官,0,0,0,0,1,0,0.0,1.3975995756472907e-33,0.0,-0.2777070288293577,-0.17812319241819308,-0.21135081309332437,-0.107944576878429,0.7200341464231732,-1.6082035363371199
22231,王延之,Wang Yanzhi,938,cluster1_song_and_before,宋,works_general,工部,0,1,0,0,0,1,115.146522,36.275528,元城,0,0,0,0,0,0,0.0,1.3975995756472907e-33,0.0,-0.2777070288293577,-0.17812319241819308,-0.21135081309332437,-0.107944576878429,-0.21249177439740735,1.2614658267325767
22236,王拱安,Wang Gongan,1012,cluster1_song_and_before,宋,construction,将作/营缮,0,0,0,0,0,1,114.459076,34.475006,咸平,0,0,0,0,1,1,0.0,0.013164019206729188,0.0,0.0895713085213861,-0.17812319241819308,0.5332978153807922,-0.107944576878429,-0.36603734784839964,0.7549848836023324
22250,王師顏,Wang Shiyan,979,cluster1_song_and_before,宋,works_general,工部,0,1,0,0,0,1,114.967086,36.320159,洹水,0,0,0,0,0,9,0.05555555555555555,0.025545510789483354,0.00033973201418834704,3.0277980073273367,0.2511468577333352,1.2336812302613096,1.0111867720869425,-0.25256998202062925,1.274020380896782
22325,吳昭允,Wu Zhaoyun,994,cluster1_song_and_before,宋,construction,将作/营缮,0,0,0,0,0,1,112.736015,38.08202,陽曲,0,0,0,0,1,0,0.0,1.3975995756472907e-33,0.0,-0.2777070288293577,-0.17812319241819308,-0.21135081309332437,-0.107944576878429,-0.7508943247397296,1.769626111315181
22350,吳幾復,Wu Jifu,1017,cluster1_song_and_before,宋,works_general,工部,0,1,0,0,0,1,112.83702087,34.161762238,汝州,0,0,0,0,0,0,0.0,1.3975995756472907e-33,0.0,-0.2777070288293577,-0.17812319241819308,-0.21135081309332437,-0.107944576878429,-0.7283340011200307,0.6668704390093614
22383,吳勢卿,Wu Shiqing,1211,cluster1_song_and_before,宋,military_industrial,军器/制造,0,1,0,0,0,1,118.323784,27.038864,建安,0,0,0,1,0,0,0.0,1.3975995756472907e-33,0.0,-0.2777070288293577,-0.17812319241819308,-0.21135081309332437,-0.107944576878429,0.497170534778936,-1.3367775127529573
22403,吳瑛,Wu Ying,1021,cluster1_song_and_before,宋,works_general,工部,0,0,0,0,0,1,115.47425,30.30481,蘄春,0,0,0,0,0,0,0.0,1.3975995756472907e-33,0.0,-0.2777070288293577,-0.17812319241819308,-0.21135081309332437,-0.107944576878429,-0.13929157584225513,-0.4180775966772595
22404,吳總,Wu Zong,1132,cluster1_song_and_before,宋,works_general,工部,0,0,0,0,0,1,104.077995,30.650385,成都,0,0,0,0,0,0,0.0,1.3975995756472907e-33,0.0,-0.2777070288293577,-0.17812319241819308,-0.21135081309332437,-0.107944576878429,-2.6847198846384606,-0.32086848069743024
22420,楊寘,Yang Zhi,1012,cluster1_song_and_before,宋,construction,将作/营缮,0,1,0,0,0,1,117.276459,31.864456,合肥,0,0,0,0,1,0,0.0,1.3975995756472907e-33,0.0,-0.2777070288293577,-0.17812319241819308,-0.21135081309332437,-0.107944576878429,0.26324362602601775,0.020645716356023556
22451,韓休,Han Xiu,672,cluster1_song_and_before,唐,works_general,工部,1,0,0,0,0,1,108.906976,34.246423,長安,0,0,0,0,0,3,0.3333333333333333,2.5741170923643906e-13,3.1903381247958184e-06,0.8241279832228736,2.397497108490977,-0.21135081307876338,-0.09743509511001677,-1.6061353022437168,0.6906852341542608
22483,楊慥,Yang Zao,1010,cluster1_song_and_before,宋,construction,将作/营缮,0,0,0,0,0,1,112.38263,34.665276,洛陽,0,0,0,0,1,0,0.0,1.3975995756472907e-33,0.0,-0.2777070288293577,-0.17812319241819308,-0.21135081309332437,-0.107944576878429,-0.8298251825437993,0.808507211599097
22497,楊收,Yang Shou,816,cluster1_song_and_before,唐,works_general,工部,1,1,0,0,0,1,107.385918,34.522518,天興,0,0,0,0,0,0,0.0,1.3975995756472907e-33,0.0,-0.2777070288293577,-0.17812319241819308,-0.21135081309332437,-0.107944576878429,-1.9458735840319825,0.7683498536332473
22500,楊凝式,Yang Ningshi,873,cluster1_song_and_before,後周,works_general,工部,0,1,0,0,0,1,112.38263,34.665276,洛陽,0,0,0,0,0,0,0.0,1.3975995756472907e-33,0.0,-0.2777070288293577,-0.17812319241819308,-0.21135081309332437,-0.107944576878429,-0.8298251825437993,0.808507211599097
22548,楊希閔,Yang Ximin,942,cluster1_song_and_before,宋,works_general,工部,0,0,0,0,0,1,112.38263,34.665276,洛陽,0,0,0,0,0,2,0.0,3.151437869300241e-20,0.0,0.45684964587212995,-0.17812319241819308,-0.21135081309332437,-0.107944576878429,-0.8298251825437993,0.808507211599097
22549,楊希甫,Yang Xifu,962,cluster1_song_and_before,宋,works_general,工部,0,1,0,0,0,1,112.38263,34.665276,洛陽,0,0,0,0,0,1,0.0,1.6568601590859526e-20,0.0,0.0895713085213861,-0.17812319241819308,-0.21135081309332437,-0.107944576878429,-0.8298251825437993,0.808507211599097
22550,楊日休,Yang Rixiu,982,cluster1_song_and_before,宋,works_general,工部,0,1,0,0,0,1,112.38263,34.665276,洛陽,0,0,0,0,0,2,0.0,4.3374163447628696e-20,0.0,0.45684964587212995,-0.17812319241819308,-0.21135081309332437,-0.107944576878429,-0.8298251825437993,0.808507211599097
22559,楊汝士,Yang Rushi,778,cluster1_song_and_before,唐,works_general,工部,0,1,0,0,0,1,108.906976,34.246423,長安,0,0,0,0,0,2,0.0,6.853525941575282e-21,1.2761352499183273e-06,0.45684964587212995,-0.17812319241819308,-0.21135081309332437,-0.10374078417106411,-1.6061353022437168,0.6906852341542608
22560,楊虞卿,Yang Yuqing,772,cluster1_song_and_before,唐,works_general,工部,0,1,0,0,0,1,108.906976,34.246423,長安,0,0,0,0,0,2,0.0,6.853525941575282e-21,6.393162895872638e-07,0.45684964587212995,-0.17812319241819308,-0.21135081309332437,-0.1058385672246415,-1.6061353022437168,0.6906852341542608
22561,楊漢公,Yang Hangong,799,cluster1_song_and_before,唐,works_general,工部,0,1,0,0,0,1,108.906976,34.246423,長安,0,0,0,0,0,2,0.0,7.913770094532678e-21,1.2786325791745276e-06,0.45684964587212995,-0.17812319241819308,-0.21135081309332437,-0.103732557570854,-1.6061353022437168,0.6906852341542608
22563,楊文友,Yang Wenyou,988,cluster1_song_and_before,宋,works_general,工部,0,0,0,0,0,1,120.168625,30.294125,錢塘,0,0,0,0,0,0,0.0,1.3975995756472907e-33,0.0,-0.2777070288293577,-0.17812319241819308,-0.21135081309332437,-0.107944576878429,0.9092278734948482,-0.4210832521912416
22702,葉隆禮,Ye Longli,1217,cluster1_song_and_before,宋,military_industrial,军器/制造,0,1,0,0,0,1,120.753204,30.767469,嘉興,0,0,0,1,0,0,0.0,1.3975995756472907e-33,0.0,-0.2777070288293577,-0.17812319241819308,-0.21135081309332437,-0.107944576878429,1.039797427732425,-0.2879331348669096
22754,尹林,Yin Lin,1041,cluster1_song_and_before,宋,works_general,工部,0,0,0,0,0,1,112.38263,34.665276,洛陽,0,0,0,0,0,0,0.0,1.3975995756472907e-33,0.0,-0.2777070288293577,-0.17812319241819308,-0.21135081309332437,-0.107944576878429,-0.8298251825437993,0.808507211599097
22849,喻樗,Yu Shu,1117,cluster1_song_and_before,宋,works_general,工部,0,1,0,0,0,1,119.498856,29.544481,建德,0,0,0,0,0,2,0.0,0.007601357997835779,3.7080344796061297e-06,0.45684964587212995,-0.17812319241819308,0.21863494723857446,-0.0957297208864615,0.7596305739473975,-0.6319556548233275
22865,董儀,Dong Yi,1004,cluster1_song_and_before,宋,works_general,工部,0,1,0,0,0,1,115.432716,27.322115,永豐,0,0,0,0,0,0,0.0,1.3975995756472907e-33,0.0,-0.2777070288293577,-0.17812319241819308,-0.21135081309332437,-0.107944576878429,-0.14856846718748548,-1.257099933904943
23850,毌湜,Guan Shi,1004,cluster1_song_and_before,宋,works_general,工部,0,1,0,0,0,1,108.906976,34.246423,長安,0,0,0,0,0,0,0.0,1.3975995756472907e-33,0.0,-0.2777070288293577,-0.17812319241819308,-0.21135081309332437,-0.107944576878429,-1.6061353022437168,0.6906852341542608
24106,黃輔國,Huang Fuguo,1055,cluster1_song_and_before,宋,works_general,工部,0,1,0,0,0,1,118.536255,27.924686,浦城,0,0,0,0,0,0,0.0,1.3975995756472907e-33,0.0,-0.2777070288293577,-0.17812319241819308,-0.21135081309332437,-0.107944576878429,0.5446273263475893,-1.0875986846100525
24295,李覺,Li Jue,932,cluster1_song_and_before,宋,construction,将作/营缮,0,1,0,0,0,1,118.478098,36.69748,益都,0,0,0,0,1,1,0.0,7.50330558788574e-25,0.0,0.0895713085213861,-0.17812319241819308,-0.21135081309332437,-0.107944576878429,0.5316375789126077,1.3801595427303213
24306,趙忠愿,Zhao Zhongyuan (2),974,cluster1_song_and_before,宋,works_general,工部,0,0,0,0,0,1,117.093374,37.824689,樂陵,0,0,0,0,0,0,0.0,1.3975995756472907e-33,0.0,-0.2777070288293577,-0.17812319241819308,-0.21135081309332437,-0.107944576878429,0.22235039031692144,1.6972397435970141
24324,徐清叟,Xu Qingsou,1184,cluster1_song_and_before,宋,construction,将作/营缮,1,1,0,0,0,1,118.536255,27.924686,浦城,0,0,0,0,1,2,0.0,0.01875376766406135,5.506371682534498e-05,0.45684964587212995,-0.17812319241819308,0.8494929269877372,0.07344407392923827,0.5446273263475893,-1.0875986846100525
24380,趙良規,Zhao Lianggui,997,cluster1_song_and_before,宋,works_general,工部,0,1,0,1,0,1,112.38263,34.665276,洛陽,0,0,0,0,0,1,0.0,0.00043660597639433595,0.0,0.0895713085213861,-0.17812319241819308,-0.18665333761870254,-0.107944576878429,-0.8298251825437993,0.808507211599097
24554,林俊,Lin Jun,1452,cluster2_yuan_ming,明,works_general,工部,0,1,0,0,0,1,119.011101,25.433954,莆田,0,0,0,0,0,15,0.01904761904761905,3.5455687350653266e-12,0.0002539136941222912,5.2314680314318,-0.03094488950909764,-0.2113508128927623,0.7284875612665529,0.6506872952337401,-1.788233440777808
24655,武儒衡,Wu Ruheng,769,cluster1_song_and_before,唐,works_general,工部,0,1,0,0,0,1,112.02419281,37.436981201,文水,0,0,0,0,0,0,0.0,1.3975995756472907e-33,0.0,-0.2777070288293577,-0.17812319241819308,-0.21135081309332437,-0.107944576878429,-0.9098844801245725,1.5881788092143907
24691,馬燧,Ma Sui,726,cluster1_song_and_before,唐,works_general,工部,1,0,0,0,0,1,113.203407,33.972053,郟城,0,0,0,0,0,1,0.0,6.161300137955833e-14,0.0,0.0895713085213861,-0.17812319241819308,-0.2113508130898391,-0.107944576878429,-0.6464992556486214,0.6135058515270871
24710,游佀,You Si,1191,cluster1_song_and_before,宋,military_industrial,军器/制造,1,1,1,0,0,1,120.084801,30.553133,德清,0,0,0,1,0,1,0.0,0.01837893233793975,0.0,0.0895713085213861,-0.17812319241819308,0.8282896297943225,-0.107944576878429,0.8905052332453495,-0.3482251498640958
24735,趙璠,Zhao Fan (2),1244,cluster1_song_and_before,宋,military_industrial,军器/制造,0,1,0,0,0,1,112.852417,27.245646,衡山,0,0,0,1,0,1,0.0,0.002781095974012085,0.0,0.0895713085213861,-0.17812319241819308,-0.05403265135406142,-0.107944576878429,-0.7248951744925197,-1.2786104132216223
24739,趙謐,Zhao Mi,1115,cluster1_song_and_before,宋,military_industrial,军器/制造,0,0,0,0,0,1,111.217209,35.357723,聞喜,0,0,0,1,0,0,0.0,1.3975995756472907e-33,0.0,-0.2777070288293577,-0.17812319241819308,-0.21135081309332437,-0.107944576878429,-1.090129607555841,1.0032902854119738
24793,倪祖常,Ni Zuchang,1177,cluster1_song_and_before,宋,military_industrial,军器/制造,0,0,0,0,0,1,120.099312,30.864964,歸安,0,0,0,1,0,0,0.0,1.3975995756472907e-33,0.0,-0.2777070288293577,-0.17812319241819308,-0.21135081309332437,-0.107944576878429,0.8937463602812871,-0.2605081105959014
24894,吳處厚,Wu Chuhou,1023,cluster1_song_and_before,宋,construction,将作/营缮,0,1,0,0,0,1,117.483398,27.337692,邵武,0,0,0,0,1,1,0.0,0.012963123353843642,0.0,0.0895713085213861,-0.17812319241819308,0.5219337464769054,-0.107944576878429,0.30946480910712254,-1.2527181748088918
24956,鹿何,Lu He,1127,cluster1_song_and_before,宋,works_general,工部,0,1,0,0,0,1,121.120598,28.843132,臨海,0,0,0,0,0,0,0.0,1.3975995756472907e-33,0.0,-0.2777070288293577,-0.17812319241819308,-0.21135081309332437,-0.107944576878429,1.1218572875795312,-0.8292428320882839
24961,黃宜,Huang Yi,1145,cluster1_song_and_before,宋,works_general,工部,0,1,0,0,0,1,121.026558,29.138258,天台,0,0,0,0,0,0,0.0,1.3975995756472907e-33,0.0,-0.2777070288293577,-0.17812319241819308,-0.21135081309332437,-0.107944576878429,1.100852836717453,-0.7462248546227176
24988,李夷行,Li Yixing,1043,cluster1_song_and_before,宋,hydraulic,水利/河道,0,1,0,0,0,0,,,,0,0,1,0,0,1,0.0,0.008629479991307015,0.0,0.0895713085213861,-0.17812319241819308,0.276792689210804,-0.107944576878429,-3.174087617753835e-15,-1.9987334503111837e-15
25195,姚祐,Yao You,1055,cluster1_song_and_before,宋,works_general,工部,0,1,0,0,0,1,119.901375,31.013893,長興,0,0,0,0,0,0,0.0,1.3975995756472907e-33,0.0,-0.2777070288293577,-0.17812319241819308,-0.21135081309332437,-0.107944576878429,0.8495358329494412,-0.21861487053582795
25209,鍾震,Zhong Zhen,1166,cluster1_song_and_before,宋,construction,将作/营缮,0,1,0,0,0,1,112.978134,28.198198,善化,0,0,0,0,1,0,0.0,1.3975995756472907e-33,0.0,-0.2777070288293577,-0.17812319241819308,-0.21135081309332437,-0.107944576878429,-0.6968154578929071,-1.0106606545735188
25322,李亢,Li Kang,1025,cluster1_song_and_before,宋,construction,将作/营缮,0,0,1,0,0,1,115.785782,28.197754,豐城,0,0,0,0,1,0,0.0,1.3975995756472907e-33,0.0,-0.2777070288293577,-0.17812319241819308,-0.21135081309332437,-0.107944576878429,-0.06970886012591684,-1.0107855503197252
25325,李秉,Li Bing (4),1009,cluster1_song_and_before,宋,works_general,工部,0,1,0,0,0,1,115.785782,28.197754,豐城,0,0,0,0,0,0,0.0,1.3975995756472907e-33,0.0,-0.2777070288293577,-0.17812319241819308,-0.21135081309332437,-0.107944576878429,-0.06970886012591684,-1.0107855503197252
25351,丁志夫,Ding Zhifu,1066,cluster1_song_and_before,宋,hydraulic,水利/河道,0,1,0,0,0,1,120.653221,28.018291,永嘉,0,0,1,0,0,0,0.0,1.3975995756472907e-33,0.0,-0.2777070288293577,-0.17812319241819308,-0.21135081309332437,-0.107944576878429,1.0174655688368177,-1.0612679046019733
25459,趙師旦,Zhao Shidan,1019,cluster1_song_and_before,宋,construction,将作/营缮,0,0,1,0,0,1,119.141106,33.502789,山陽,0,0,0,0,1,1,0.0,0.04305271222744958,0.0,0.0895713085213861,-0.17812319241819308,2.22401050086413,-0.107944576878429,0.6797247647607948,0.4815034248435631
25508,厲文翁,Li Wenweng,1223,cluster1_song_and_before,宋,military_industrial,军器/制造,0,1,0,0,0,1,120.227981,29.260567,東陽,0,0,0,1,0,0,0.0,1.3975995756472907e-33,0.0,-0.2777070288293577,-0.17812319241819308,-0.21135081309332437,-0.107944576878429,0.9224854254447556,-0.7118197334004733
25535,趙師𢍰,Zhao Shiyi,1148,cluster1_song_and_before,宋,works_general,工部,0,1,0,0,0,1,121.120598,28.843132,臨海,0,0,0,0,0,0,0.0,1.3975995756472907e-33,0.0,-0.2777070288293577,-0.17812319241819308,-0.21135081309332437,-0.107944576878429,1.1218572875795312,-0.8292428320882839
25628,孟渙,Meng Huan,1118,cluster1_song_and_before,宋,hydraulic,水利/河道,0,1,0,0,0,1,115.03487,35.681146,澶州,0,0,1,0,0,0,0.0,1.3975995756472907e-33,0.0,-0.2777070288293577,-0.17812319241819308,-0.21135081309332437,-0.107944576878429,-0.2374299809866536,1.0942681163243493
25709,吳絪,Wu Yin,1056,cluster1_song_and_before,宋,works_general,工部,0,1,0,0,0,1,120.168625,30.294125,錢塘,0,0,0,0,0,0,0.0,1.3975995756472907e-33,0.0,-0.2777070288293577,-0.17812319241819308,-0.21135081309332437,-0.107944576878429,0.9092278734948482,-0.4210832521912416
26030,李德昭,Li Dezhao,1076,cluster1_song_and_before,宋,hydraulic,水利/河道,0,1,0,0,0,1,119.011101,25.433954,莆田,0,0,1,0,0,0,0.0,1.3975995756472907e-33,0.0,-0.2777070288293577,-0.17812319241819308,-0.21135081309332437,-0.107944576878429,0.6506872952337401,-1.788233440777808
26151,吳昌裔,Wu Changyi,1183,cluster1_song_and_before,宋,construction,将作/营缮,0,1,0,0,0,1,104.679047,31.044277,中江,0,0,0,0,1,1,0.0,0.0003748353261215973,0.0,0.0895713085213861,-0.17812319241819308,-0.19014751589990989,-0.107944576878429,-2.550470977795066,-0.21006795082250587
26218,盛應期,Sheng Yingqi,1474,cluster2_yuan_ming,明,hydraulic,水利/河道,0,1,0,0,0,1,120.637787,31.167065,吳江,0,0,1,0,0,0,0.0,1.3975995756472907e-33,0.0,-0.2777070288293577,-0.17812319241819308,-0.21135081309332437,-0.107944576878429,1.0140182836963958,-0.17552808846865717
26285,王仲莊,Wang Zhongzhuang,996,cluster1_song_and_before,宋,works_general,工部,0,0,1,0,0,1,115.5583,35.61019,鄄城,0,0,0,0,0,1,0.0,0.005847870761799363,0.0,0.0895713085213861,-0.17812319241819308,0.11944549416531229,-0.107944576878429,-0.1205184570102938,1.074308425856392
26369,扈蒙,Hu Meng,911,cluster1_song_and_before,宋,works_general,工部,0,1,0,0,0,1,114.34333,34.785477,開封,0,0,0,0,0,4,0.0,0.002291148108078847,0.00017006143230392483,1.1914063205736174,-0.17812319241819308,-0.08174751568702346,0.45226485936198607,-0.3918899761925293,0.8423193593235898
26373,掌禹錫,Zhang Yuxi,990,cluster1_song_and_before,宋,works_general,工部,0,1,0,0,0,1,113.990395,33.596268,郾城,0,0,0,0,0,4,0.16666666666666666,0.023758546248966863,0.0002092758793724739,1.1914063205736174,1.109686958036392,1.1325980676397238,0.5814434919721765,-0.4707203235447918,0.507798761464206
26376,葛閎,Ge Hong (2),1003,cluster1_song_and_before,宋,works_general,工部,0,1,0,0,0,1,119.498856,29.544481,建德,0,0,0,0,0,2,0.0,0.011505219746647167,5.232154524665142e-05,0.45684964587212995,-0.17812319241819308,0.4394645625219495,0.06441092412353154,0.7596305739473975,-0.6319556548233275
26428,家大酉,Jia Dayou,1177,cluster1_song_and_before,宋,works_general,工部,0,1,0,0,0,1,103.831459,30.050497,眉山,0,0,0,0,0,1,0.0,0.01837893233793975,0.0,0.0895713085213861,-0.17812319241819308,0.8282896297943225,-0.107944576878429,-2.7397853174089097,-0.489615010877298
26456,閻灝,Yan Hao,1019,cluster1_song_and_before,宋,works_general,工部,0,1,0,0,0,1,104.160545,30.83139,新都,0,0,0,0,0,1,0.0,0.023272063860706498,0.0,0.0895713085213861,-0.17812319241819308,1.105079234864874,-0.107944576878429,-2.6662818006458577,-0.26995236686417007
26518,張師雄,Zhang Shixiong,968,cluster1_song_and_before,宋,works_general,工部,0,0,0,0,0,1,112.38263,34.665276,洛陽,0,0,0,0,0,3,0.3333333333333333,0.0012628831938119782,5.232154524665142e-05,0.8241279832228736,2.397497108490977,-0.1399133422550575,0.06441092412353154,-0.8298251825437993,0.808507211599097
26611,王漢之,Wang Hanzhi,1054,cluster1_song_and_before,宋,works_general,工部,0,1,0,0,0,1,119.44429016,32.206489563,丹徒,0,0,0,0,0,0,0.0,1.3975995756472907e-33,0.0,-0.2777070288293577,-0.17812319241819308,-0.21135081309332437,-0.107944576878429,0.7474429356548823,0.11685863770351972
26766,程榆,Cheng Yu,1175,cluster1_song_and_before,宋,hydraulic,水利/河道,0,1,0,0,0,1,119.485344,28.450748,松陽,0,0,1,0,0,0,0.0,1.3975995756472907e-33,0.0,-0.2777070288293577,-0.17812319241819308,-0.21135081309332437,-0.107944576878429,0.7566125801144701,-0.9396191665008695
26949,陶世延,Tao Shiyan,1075,cluster1_song_and_before,宋,astronomical,天文/历算,0,0,1,0,0,1,111.750727,26.579952,祁陽,1,0,0,0,0,0,0.0,1.3975995756472907e-33,0.0,-0.2777070288293577,-0.17812319241819308,-0.21135081309332437,-0.107944576878429,-0.9709648626065278,-1.465867955732153
27005,張牧,Zhang Mu (4),937,cluster1_song_and_before,宋,astronomical,天文/历算,0,0,1,0,0,1,115.078057,35.650175,濮陽,1,0,0,0,0,1,0.0,0.001612188318188181,0.0,0.0895713085213861,-0.17812319241819308,-0.1201542111188193,-0.107944576878429,-0.22778388124845103,1.0855560754330482
27007,劉黃中,Liu Huangzhong,994,cluster1_song_and_before,宋,construction,将作/营缮,0,0,1,0,0,1,110.617546,34.859409,虞鄉,0,0,0,0,1,1,0.0,0.001612188318188181,0.0,0.0895713085213861,-0.17812319241819308,-0.1201542111188193,-0.107944576878429,-1.2240682721379903,0.8631161888471972
27019,張蒭,Zhang Chu,1015,cluster1_song_and_before,宋,works_general,工部,0,1,0,0,0,1,115.5583,35.61019,鄄城,0,0,0,0,0,2,0.0,0.0016245023129706113,5.178461945656837e-05,0.45684964587212995,-0.17812319241819308,-0.11945764579315596,0.06264220507835845,-0.1205184570102938,1.074308425856392
27041,徐量,Xu Liang,1051,cluster1_song_and_before,宋,astronomical,天文/历算,0,0,0,0,1,1,118.867645,28.956821,西安,1,0,0,0,0,0,0.0,1.3975995756472907e-33,0.0,-0.2777070288293577,-0.17812319241819308,-0.21135081309332437,-0.107944576878429,0.6186454566238925,-0.7972624886414752
27057,黃仲通,Huang Zhongtong,986,cluster1_song_and_before,宋,works_general,工部,0,1,0,0,0,1,113.603417,24.810209,曲江,0,0,0,0,0,3,0.0,0.017950798689013055,4.379835907707668e-05,0.8241279832228736,-0.17812319241819308,0.8040714081805229,0.036334191766624474,-0.5571543982545427,-1.9636908669424278
27078,陳樞,Chen Shu (7),1016,cluster1_song_and_before,宋,works_general,工部,0,1,0,0,0,1,119.901375,31.013893,長興,0,0,0,0,0,2,0.0,0.04771206277563589,4.024213056818463e-06,0.45684964587212995,-0.17812319241819308,2.4875758254660174,-0.09468817830921879,0.8495358329494412,-0.21861487053582795
27094,馮謐,Feng Mi,899,cluster1_song_and_before,南唐,works_general,工部,0,0,0,0,0,1,121.444199,29.979195,慈溪,0,0,0,0,0,0,0.0,1.3975995756472907e-33,0.0,-0.2777070288293577,-0.17812319241819308,-0.21135081309332437,-0.107944576878429,1.1941356936133336,-0.5096720300123445
27334,趙九齡,Zhao Jiuling,1044,cluster1_song_and_before,宋,medical,医学/医官,0,1,0,0,0,1,114.83506,35.554739,衛南,0,1,0,0,0,0,0.0,1.3975995756472907e-33,0.0,-0.2777070288293577,-0.17812319241819308,-0.21135081309332437,-0.107944576878429,-0.28205885515457707,1.0587102411202336
27375,郭頤,Guo Yi (5),1073,cluster1_song_and_before,宋,military_industrial,军器/制造,0,1,0,0,0,1,120.058441,28.648392,縉雲,0,0,0,1,0,0,0.0,1.3975995756472907e-33,0.0,-0.2777070288293577,-0.17812319241819308,-0.21135081309332437,-0.107944576878429,0.8846175543350531,-0.8840225564488767
27391,員安輿,Yuan Anyu,1023,cluster1_song_and_before,宋,works_general,工部,0,1,0,0,0,1,104.143768,30.004446,仁壽,0,0,0,0,0,0,0.0,1.3975995756472907e-33,0.0,-0.2777070288293577,-0.17812319241819308,-0.21135081309332437,-0.107944576878429,-2.6700290536457847,-0.5025690063919821
27562,李昌圖,Li Changtu,1129,cluster1_song_and_before,宋,works_general,工部,0,0,0,0,0,1,103.151785,29.911529,洪雅,0,0,0,0,0,2,0.0,0.0062769886725719546,0.00010464309049330284,0.45684964587212995,-0.17812319241819308,0.14371939248560228,0.23676642512549206,-2.891594963678911,-0.5287062542527874
27565,士建中,Shi Jianzhong,981,cluster1_song_and_before,宋,works_general,工部,0,1,0,0,0,1,116.282559,35.956072,須城,0,0,0,0,0,0,0.0,1.3975995756472907e-33,0.0,-0.2777070288293577,-0.17812319241819308,-0.21135081309332437,-0.107944576878429,0.04124954146819237,1.1716038999310066
27755,唐吉祥,Tang Jixiang,1370,cluster2_yuan_ming,明,construction,将作/营缮,0,1,0,0,0,1,118.433945,29.86577,歙縣,0,0,0,0,1,0,0.0,1.3975995756472907e-33,0.0,-0.2777070288293577,-0.17812319241819308,-0.21135081309332437,-0.107944576878429,0.521775716737858,-0.541578111123571
27761,陳舜俞,Chen Shunyu,1009,cluster1_song_and_before,宋,works_general,工部,0,1,0,0,0,1,120.099312,30.864964,烏程,0,0,0,0,0,3,0.0,0.03189348600185926,4.754528131805808e-05,0.8241279832228736,-0.17812319241819308,1.5927669290323243,0.048677150236511584,0.8937463602812871,-0.2605081105959014
27762,郭維,Guo Wei (2),991,cluster1_song_and_before,宋,works_general,工部,0,1,0,0,0,1,118.483437,31.555685,當塗,0,0,0,0,0,1,0.0,0.04305271222744958,0.0,0.0895713085213861,-0.17812319241819308,2.22401050086413,-0.107944576878429,0.5328300795841566,-0.0662105549315634
28058,趙良本,Zhao Liangben,1304,cluster2_yuan_ming,元,medical,医学/医官,0,0,0,1,0,1,119.883675,29.458708,浦江,0,1,0,0,0,0,0.0,1.3975995756472907e-33,0.0,-0.2777070288293577,-0.17812319241819308,-0.21135081309332437,-0.107944576878429,0.8455824218450297,-0.6560833188758135
28092,趙友同,Zhao Youtong,1321,cluster2_yuan_ming,明,medical,医学/医官,0,0,0,0,0,1,119.883675,29.458708,浦江,0,1,0,0,0,0,0.0,1.3975995756472907e-33,0.0,-0.2777070288293577,-0.17812319241819308,-0.21135081309332437,-0.107944576878429,0.8455824218450297,-0.6560833188758135
28347,楊榮,Yang Rong,1370,cluster2_yuan_ming,明,works_general,工部,0,1,0,0,0,1,118.323784,27.038864,建安,0,0,0,0,0,4,0.0,1.438766794225116e-19,1.9179488687617915e-06,1.1914063205736174,-0.17812319241819308,-0.21135081309332437,-0.1016265479170665,0.497170534778936,-1.3367775127529573
28866,劉鄰,Liu Lin (2),1239,cluster1_song_and_before,元,works_general,工部,0,0,0,0,0,1,113.68489838,39.696331024,渾源州,0,0,0,0,0,0,0.0,1.3975995756472907e-33,0.0,-0.2777070288293577,-0.17812319241819308,-0.21135081309332437,-0.107944576878429,-0.5389549975486252,2.223726516609352
28944,張九思,Zhang Jiusi,1242,cluster1_song_and_before,元,works_general,工部,0,0,0,0,0,1,116.368,39.93143,宛平,0,0,0,0,0,0,0.0,1.3975995756472907e-33,0.0,-0.2777070288293577,-0.17812319241819308,-0.21135081309332437,-0.107944576878429,0.06033334927451366,2.289859088770888
29291,董文用,Dong Wenyong,1224,cluster1_song_and_before,元,works_general,工部,0,0,0,0,0,1,114.834183,38.036713,槁城,0,0,0,0,0,1,0.0,1.503516943899234e-22,0.0,0.0895713085213861,-0.17812319241819308,-0.21135081309332437,-0.107944576878429,-0.2822547388573216,1.7568814005644084
29302,侍其軸,Shiqi You,1203,cluster1_song_and_before,元,astronomical,天文/历算,0,0,0,0,0,1,114.34333,34.785477,開封,1,0,0,0,0,0,0.0,1.3975995756472907e-33,0.0,-0.2777070288293577,-0.17812319241819308,-0.21135081309332437,-0.107944576878429,-0.3918899761925293,0.8423193593235898
29327,趙期頤,Zhao Qiyi,1297,cluster2_yuan_ming,元,works_general,工部,0,1,0,0,0,1,114.34333,34.785477,開封,0,0,0,0,0,0,0.0,1.3975995756472907e-33,0.0,-0.2777070288293577,-0.17812319241819308,-0.21135081309332437,-0.107944576878429,-0.3918899761925293,0.8423193593235898
29414,董守訓,Dong Shoxun (2),1308,cluster2_yuan_ming,元,works_general,工部,0,0,0,0,0,1,114.834183,38.036713,槁城,0,0,0,0,0,0,0.0,1.3975995756472907e-33,0.0,-0.2777070288293577,-0.17812319241819308,-0.21135081309332437,-0.107944576878429,-0.2822547388573216,1.7568814005644084
29580,陳邦瞻,Chen Bangzhan,1560,cluster2_yuan_ming,明,works_general,工部,0,1,0,0,0,1,115.372276,28.425598,高安,0,0,0,0,0,0,0.0,1.3975995756472907e-33,0.0,-0.2777070288293577,-0.17812319241819308,-0.21135081309332437,-0.107944576878429,-0.16206813764796943,-0.9466937791519372
29715,劉台斗,Liu Taidou,1769,cluster3_qing_after,清,construction,将作/营缮,0,1,0,0,0,1,119.31004333,33.235946655,寶應,0,0,0,0,1,0,0.0,1.3975995756472907e-33,0.0,-0.2777070288293577,-0.17812319241819308,-0.21135081309332437,-0.107944576878429,0.7174580255727423,0.40644154692000195
30048,王振聲,Wang Zhensheng,1852,cluster3_qing_after,清,construction,将作/营缮,0,1,0,0,0,1,117.30242157,39.725894928,寶坻,0,0,0,0,1,0,0.0,1.3975995756472907e-33,0.0,-0.2777070288293577,-0.17812319241819308,-0.21135081309332437,-0.107944576878429,0.26904253633884545,2.232042746003123
30231,葛洪,Ge Hong,1174,cluster1_song_and_before,宋,works_general,工部,0,1,0,0,0,1,120.227981,29.260567,東陽,0,0,0,0,0,0,0.0,1.3975995756472907e-33,0.0,-0.2777070288293577,-0.17812319241819308,-0.21135081309332437,-0.107944576878429,0.9224854254447556,-0.7118197334004733
30315,何孟春,He Mengchun,1474,cluster2_yuan_ming,明,works_general,工部,0,1,0,0,0,1,113.02513885,25.802719116,郴州,0,0,0,0,0,3,0.6666666666666666,1.4112349756930124e-12,1.0342012754546446e-05,0.8241279832228736,4.973117409400148,-0.21135081301349512,-0.07387634014582602,-0.6863166163137446,-1.684501021098841
30384,徐九思,Xu Jiusi (2),1511,cluster2_yuan_ming,明,works_general,工部,0,0,0,0,0,1,117.202271,28.287901,貴溪,0,0,0,0,0,0,0.0,1.3975995756472907e-33,0.0,-0.2777070288293577,-0.17812319241819308,-0.21135081309332437,-0.107944576878429,0.2466732495845473,-0.9854274943890766
30492,王楠,Wang Nan (2),1168,cluster1_song_and_before,宋,construction,将作/营缮,0,0,0,0,0,1,117.945084,30.374228,石埭,0,0,0,0,1,0,0.0,1.3975995756472907e-33,0.0,-0.2777070288293577,-0.17812319241819308,-0.21135081309332437,-0.107944576878429,0.4125854056693165,-0.39855054057341033
30601,徐石麒,Xu Shiqi,1578,cluster2_yuan_ming,明,construction,将作/营缮,0,1,0,0,0,1,119.437187,32.39127,江都,0,0,0,0,1,1,0.0,7.697898310281441e-12,0.0,0.0895713085213861,-0.17812319241819308,-0.21135081265787764,-0.107944576878429,0.7458563982751986,0.16883676960292385
30659,黃福,Huang Fu,1362,cluster2_yuan_ming,明,works_general,工部,0,1,0,0,0,1,119.39997864,36.855667114,昌邑,0,0,0,0,0,0,0.0,1.3975995756472907e-33,0.0,-0.2777070288293577,-0.17812319241819308,-0.21135081309332437,-0.107944576878429,0.7375456669983128,1.4246570599446469
30680,皇甫涍,Huangfu Xiao,1497,cluster2_yuan_ming,明,works_general,工部,0,1,0,0,0,1,120.618622,31.31271,長洲,0,0,0,0,0,1,0.0,7.50330558788574e-25,0.0,0.0895713085213861,-0.17812319241819308,-0.21135081309332437,-0.107944576878429,1.0097376552322135,-0.1345586268557452
30689,馮元颺,Feng Yuanyang,1586,cluster2_yuan_ming,明,hydraulic,水利/河道,0,1,0,0,0,1,121.444199,29.979195,慈溪,0,0,1,0,0,0,0.0,1.3975995756472907e-33,0.0,-0.2777070288293577,-0.17812319241819308,-0.21135081309332437,-0.107944576878429,1.1941356936133336,-0.5096720300123445
30862,杜從則,Du Congze,625,cluster1_song_and_before,唐,works_general,工部,0,0,0,0,0,1,108.906976,34.246423,長安,0,0,0,0,0,0,0.0,1.3975995756472907e-33,0.0,-0.2777070288293577,-0.17812319241819308,-0.21135081309332437,-0.107944576878429,-1.6061353022437168,0.6906852341542608
30976,張薦,Zhang Jian,744,cluster1_song_and_before,唐,works_general,工部,0,1,0,0,0,1,115.5585,38.011,陸澤,0,0,0,0,0,0,0.0,1.3975995756472907e-33,0.0,-0.2777070288293577,-0.17812319241819308,-0.21135081309332437,-0.107944576878429,-0.12047378569838126,1.7496484178567793
31153,韋益,Wei Yi,717,cluster1_song_and_before,唐,works_general,工部,0,0,0,0,0,1,108.937189,34.317987,萬年,0,0,0,0,0,0,0.0,1.3975995756472907e-33,0.0,-0.2777070288293577,-0.17812319241819308,-0.21135081309332437,-0.107944576878429,-1.5993870305093911,0.7108159530314385
31175,楊師道,Yang Shidao,584,cluster1_song_and_before,唐,works_general,工部,1,0,0,0,0,1,110.089363,34.56831,華陰,0,0,0,0,0,0,0.0,1.3975995756472907e-33,0.0,-0.2777070288293577,-0.17812319241819308,-0.21135081309332437,-0.107944576878429,-1.3420414098419906,0.7812309932959781
31407,張說,Zhang Yue,667,cluster1_song_and_before,唐,works_general,工部,1,0,0,0,0,1,112.38263,34.665276,洛陽,0,0,0,0,0,12,0.030303030303030304,5.969269665675291e-13,3.931795180961672e-05,4.129633019379568,0.05602410766445875,-0.21135081305955802,0.021575016829502202,-0.8298251825437993,0.808507211599097
31418,韋鼎,Wei Ding,576,cluster1_song_and_before,唐,construction,将作/营缮,0,0,0,0,0,1,108.906976,34.246423,長安,0,0,0,0,1,0,0.0,1.3975995756472907e-33,0.0,-0.2777070288293577,-0.17812319241819308,-0.21135081309332437,-0.107944576878429,-1.6061353022437168,0.6906852341542608
31435,楊崇敬,Yang Chongjing,612,cluster1_song_and_before,唐,works_general,工部,0,0,0,0,0,1,110.089363,34.56831,華陰,0,0,0,0,0,0,0.0,1.3975995756472907e-33,0.0,-0.2777070288293577,-0.17812319241819308,-0.21135081309332437,-0.107944576878429,-1.3420414098419906,0.7812309932959781
31460,姜晞,Jiang Xi,650,cluster1_song_and_before,唐,works_general,工部,0,1,0,0,0,1,105.7258,34.5853,上邽,0,0,0,0,0,0,0.0,1.3975995756472907e-33,0.0,-0.2777070288293577,-0.17812319241819308,-0.21135081309332437,-0.107944576878429,-2.3166718289942207,0.7860102246654269
31498,于休烈,Yu Xiulie,692,cluster1_song_and_before,唐,works_general,工部,0,1,0,0,0,1,109.080475,34.533325,高陵,0,0,0,0,0,2,0.0,9.899735982415236e-14,3.1903381247958184e-06,0.45684964587212995,-0.17812319241819308,-0.2113508130877244,-0.09743509511001677,-1.56738316251467,0.7713898273477636
31501,于敖,Yu Ao,765,cluster1_song_and_before,唐,works_general,工部,0,1,0,0,0,1,109.080475,34.533325,高陵,0,0,0,0,0,1,0.0,2.4793098573011398e-14,0.0,0.0895713085213861,-0.17812319241819308,-0.2113508130919219,-0.107944576878429,-1.56738316251467,0.7713898273477636
31511,魏知古,Wei Zhigu,647,cluster1_song_and_before,唐,works_general,工部,0,1,0,0,0,1,115.5585,38.011,陸澤,0,0,0,0,0,0,0.0,1.3975995756472907e-33,0.0,-0.2777070288293577,-0.17812319241819308,-0.21135081309332437,-0.107944576878429,-0.12047378569838126,1.7496484178567793
31542,盧藏用,Lu Cangyong,650,cluster1_song_and_before,唐,works_general,工部,1,0,0,0,0,1,115.968147,39.487221,范陽,0,0,0,0,0,0,0.0,1.3975995756472907e-33,0.0,-0.2777070288293577,-0.17812319241819308,-0.21135081309332437,-0.107944576878429,-0.02897644113971206,2.1649045515494914
31552,薛稷,Xue Ji,649,cluster1_song_and_before,唐,works_general,工部,1,1,0,0,0,1,110.483235,35.312033,寶鼎,0,0,0,0,0,1,0.0,9.278738686845651e-14,0.0,0.0895713085213861,-0.17812319241819308,-0.21135081308807568,-0.107944576878429,-1.2540675150105616,0.9904378380152628
31722,劉知柔,Liu Zhirou,661,cluster1_song_and_before,唐,works_general,工部,0,0,0,0,0,1,117.187683,34.269634,彭城,0,0,0,0,0,0,0.0,1.3975995756472907e-33,0.0,-0.2777070288293577,-0.17812319241819308,-0.21135081309332437,-0.107944576878429,0.24341492409352491,0.6972144124542192
31779,竇抗,Dou Kang,558,cluster1_song_and_before,唐,construction,将作/营缮,0,0,0,0,0,1,112.38263,34.665276,洛陽,0,0,0,0,1,0,0.0,1.3975995756472907e-33,0.0,-0.2777070288293577,-0.17812319241819308,-0.21135081309332437,-0.107944576878429,-0.8298251825437993,0.808507211599097
31928,裴佶,Pei Ji (5),752,cluster1_song_and_before,唐,works_general,工部,0,1,0,0,0,1,110.978828,35.602161,稷山,0,0,0,0,0,0,0.0,1.3975995756472907e-33,0.0,-0.2777070288293577,-0.17812319241819308,-0.21135081309332437,-0.107944576878429,-1.1433735675829868,1.0720498944458383
31940,蕭廣微,Xiao Guangwei,648,cluster1_song_and_before,唐,works_general,工部,0,0,0,0,0,1,108.906976,34.246423,長安,0,0,0,0,0,0,0.0,1.3975995756472907e-33,0.0,-0.2777070288293577,-0.17812319241819308,-0.21135081309332437,-0.107944576878429,-1.6061353022437168,0.6906852341542608
32001,裴澈,Pei Che,824,cluster1_song_and_before,唐,works_general,工部,0,1,0,0,0,1,112.58267212,35.092437744,濟源,0,0,0,0,0,0,0.0,1.3975995756472907e-33,0.0,-0.2777070288293577,-0.17812319241819308,-0.21135081309332437,-0.107944576878429,-0.7851444628512698,0.9286664115257189
32016,張嘉貞,Zhang Jiazhen,666,cluster1_song_and_before,唐,works_general,工部,1,1,0,0,0,1,110.77404,35.147945,猗氏,0,0,0,0,0,2,0.0,1.5939444699359556e-13,2.557265158349055e-06,0.45684964587212995,-0.17812319241819308,-0.21135081308430792,-0.099520538263279,-1.1891143107044544,0.944280420890476
32019,張弘靖,Zhang Hongjing,760,cluster1_song_and_before,唐,works_general,工部,1,0,1,0,0,1,110.77404,35.147945,猗氏,0,0,0,0,0,1,0.0,3.989417977376162e-14,0.0,0.0895713085213861,-0.17812319241819308,-0.21135081309106768,-0.107944576878429,-1.1891143107044544,0.944280420890476
32033,李元繹,Li Yuanyi (2),671,cluster1_song_and_before,唐,hydraulic,水利/河道,0,0,0,0,0,1,108.906976,34.246423,長安,0,0,1,0,0,0,0.0,1.3975995756472907e-33,0.0,-0.2777070288293577,-0.17812319241819308,-0.21135081309332437,-0.107944576878429,-1.6061353022437168,0.6906852341542608
32034,李元紘,Li Yuanhong,670,cluster1_song_and_before,唐,works_general,工部,1,0,0,0,0,1,108.906976,34.246423,長安,0,0,0,0,0,1,0.0,1.494100683197052e-13,0.0,0.0895713085213861,-0.17812319241819308,-0.21135081308487272,-0.107944576878429,-1.6061353022437168,0.6906852341542608
32050,牛仙客,Niu Xianke,675,cluster1_song_and_before,唐,works_general,工部,0,0,0,0,0,1,107.6253,35.0716,鶉觚,0,0,0,0,0,0,0.0,1.3975995756472907e-33,0.0,-0.2777070288293577,-0.17812319241819308,-0.21135081309332437,-0.107944576878429,-1.8924060440887087,0.9228048223677808
32085,韋述,Wei Shu,694,cluster1_song_and_before,唐,works_general,工部,0,1,0,0,0,1,108.906976,34.246423,長安,0,0,0,0,0,1,0.0,1.494100683197052e-13,0.0,0.0895713085213861,-0.17812319241819308,-0.21135081308487272,-0.107944576878429,-1.6061353022437168,0.6906852341542608
32155,韋虛心,Wei Xuxin,672,cluster1_song_and_before,唐,works_general,工部,0,0,0,1,0,1,108.906976,34.246423,長安,0,0,0,0,0,0,0.0,1.3975995756472907e-33,0.0,-0.2777070288293577,-0.17812319241819308,-0.21135081309332437,-0.107944576878429,-1.6061353022437168,0.6906852341542608
32165,李峴,Li Xian,712,cluster1_song_and_before,唐,construction,将作/营缮,1,0,0,0,0,1,108.906976,34.246423,長安,0,0,0,0,1,0,0.0,1.3975995756472907e-33,0.0,-0.2777070288293577,-0.17812319241819308,-0.21135081309332437,-0.107944576878429,-1.6061353022437168,0.6906852341542608
32175,王縉,Wang Jin,700,cluster1_song_and_before,唐,works_general,工部,1,0,0,0,0,1,110.332306,34.835129,河東,0,0,0,0,0,1,0.0,9.278738686845651e-14,0.0,0.0895713085213861,-0.17812319241819308,-0.21135081308807568,-0.107944576878429,-1.2877784971900827,0.8562863043474794
32205,李暠,Li Gao,683,cluster1_song_and_before,唐,works_general,工部,0,0,0,0,0,1,108.906976,34.246423,長安,0,0,0,0,0,1,0.0,1.494100683197052e-13,0.0,0.0895713085213861,-0.17812319241819308,-0.21135081308487272,-0.107944576878429,-1.6061353022437168,0.6906852341542608
32248,元稹,Yuan Zhen,779,cluster1_song_and_before,唐,works_general,工部,1,0,0,0,0,1,112.38263,34.665276,洛陽,0,0,0,0,0,7,0.047619047619047616,2.460152047504695e-13,2.535954615362813e-05,2.293241332625849,0.1898225648545455,-0.21135081307940806,-0.024406193944858195,-0.8298251825437993,0.808507211599097
32304,崔遠,Cui Yuan,842,cluster1_song_and_before,唐,works_general,工部,0,1,0,0,0,1,115.510575,38.230526,安平,0,0,0,0,0,0,0.0,1.3975995756472907e-33,0.0,-0.2777070288293577,-0.17812319241819308,-0.21135081309332437,-0.107944576878429,-0.1311781488158298,1.8114003628602877
32351,郭晞,Guo Xi (2),731,cluster1_song_and_before,唐,works_general,工部,0,0,0,0,0,1,110.089363,34.56831,華陰,0,0,0,0,0,1,0.0,7.50330558788574e-25,0.0,0.0895713085213861,-0.17812319241819308,-0.21135081309332437,-0.107944576878429,-1.3420414098419906,0.7812309932959781
32352,郭鈞,Guo Jun,761,cluster1_song_and_before,唐,works_general,工部,0,0,0,0,0,1,110.089363,34.56831,華陰,0,0,0,0,0,1,0.0,7.50330558788574e-25,0.0,0.0895713085213861,-0.17812319241819308,-0.21135081309332437,-0.107944576878429,-1.3420414098419906,0.7812309932959781
32575,蕭昕,Xiao Xin,699,cluster1_song_and_before,唐,works_general,工部,0,0,0,0,0,1,112.38263,34.665276,洛陽,0,0,0,0,0,1,0.0,1.503516943899234e-22,0.0,0.0895713085213861,-0.17812319241819308,-0.21135081309332437,-0.107944576878429,-0.8298251825437993,0.808507211599097
32578,喬琳,Qiao Lin,721,cluster1_song_and_before,唐,works_general,工部,1,1,0,0,0,1,112.56482697,37.873748779,太原,0,0,0,0,0,0,0.0,1.3975995756472907e-33,0.0,-0.2777070288293577,-0.17812319241819308,-0.21135081309332437,-0.107944576878429,-0.7891302941603019,1.7110400987927203
32763,王端,Wang Duan (3),713,cluster1_song_and_before,唐,works_general,工部,0,1,0,0,0,1,108.906976,34.246423,長安,0,0,0,0,0,0,0.0,1.3975995756472907e-33,0.0,-0.2777070288293577,-0.17812319241819308,-0.21135081309332437,-0.107944576878429,-1.6061353022437168,0.6906852341542608
32878,歸崇敬,Gui Chongjing,712,cluster1_song_and_before,唐,works_general,工部,0,1,0,0,0,1,120.618622,31.31271,吳縣,0,0,0,0,0,1,0.0,7.50330558788574e-25,0.0,0.0895713085213861,-0.17812319241819308,-0.21135081309332437,-0.107944576878429,1.0097376552322135,-0.1345586268557452
32879,歸登,Gui Deng,754,cluster1_song_and_before,唐,works_general,工部,0,1,0,0,0,1,120.618622,31.31271,吳縣,0,0,0,0,0,1,0.0,7.50330558788574e-25,0.0,0.0895713085213861,-0.17812319241819308,-0.21135081309332437,-0.107944576878429,1.0097376552322135,-0.1345586268557452
32970,令狐彰,Linghu Zhang,710,cluster1_song_and_before,唐,works_general,工部,0,0,0,0,0,1,109.161568,34.754429,富平,0,0,0,0,0,0,0.0,1.3975995756472907e-33,0.0,-0.2777070288293577,-0.17812319241819308,-0.21135081309332437,-0.107944576878429,-1.5492705090293626,0.8335856585844114
33153,鄭餘慶,Zheng Yuqing,746,cluster1_song_and_before,唐,works_general,工部,1,1,0,0,0,1,113.39922,34.8904,榮澤,0,0,0,0,0,1,0.0,6.161300137955833e-14,0.0,0.0895713085213861,-0.17812319241819308,-0.2113508130898391,-0.107944576878429,-0.6027631376493038,0.871833855673012
33161,鄭處誨,Zheng Chuhui,805,cluster1_song_and_before,唐,works_general,工部,0,1,0,0,0,1,113.39922,34.8904,榮澤,0,0,0,0,0,0,0.0,1.3975995756472907e-33,0.0,-0.2777070288293577,-0.17812319241819308,-0.21135081309332437,-0.107944576878429,-0.6027631376493038,0.871833855673012
33180,程恩澤,Cheng Enze,1785,cluster3_qing_after,清,works_general,工部,0,1,0,0,0,1,118.4339447,29.86577034,歙縣,0,0,0,0,0,0,0.0,1.3975995756472907e-33,0.0,-0.2777070288293577,-0.17812319241819308,-0.21135081309332437,-0.107944576878429,0.521775649730891,-0.5415780154826844
33311,李易,Li Yi,1098,cluster1_song_and_before,宋,works_general,工部,0,1,0,0,0,1,119.437187,32.39127,江都,0,0,0,0,0,1,0.0,0.0009899039709508005,0.0,0.0895713085213861,-0.17812319241819308,-0.15535494870619337,-0.107944576878429,0.7458563982751986,0.16883676960292385
33408,盧熊,Lu Xiong,1331,cluster2_yuan_ming,明,works_general,工部,0,0,0,1,0,1,120.94823456,31.386108398,崑山,0,0,0,0,0,0,0.0,1.3975995756472907e-33,0.0,-0.2777070288293577,-0.17812319241819308,-0.21135081309332437,-0.107944576878429,1.0833587826252729,-0.11391189782755783
33450,朱虎,Zhu Hu,1267,cluster1_song_and_before,元,hydraulic,水利/河道,0,0,0,0,0,1,120.94823456,31.386108398,崑山州,0,0,1,0,0,0,0.0,1.3975995756472907e-33,0.0,-0.2777070288293577,-0.17812319241819308,-0.21135081309332437,-0.107944576878429,1.0833587826252729,-0.11391189782755783
33589,柳公權,Liu Gongquan,778,cluster1_song_and_before,唐,works_general,工部,0,1,0,0,0,1,108.9805,34.9129,華原,0,0,0,0,0,0,0.0,1.3975995756472907e-33,0.0,-0.2777070288293577,-0.17812319241819308,-0.21135081309332437,-0.107944576878429,-1.5897132345578018,0.8781630320010051
33625,韋澳,Wei Ao,801,cluster1_song_and_before,唐,works_general,工部,0,1,0,0,0,1,108.906976,34.246423,長安,0,0,0,0,0,1,0.0,7.50330558788574e-25,0.0,0.0895713085213861,-0.17812319241819308,-0.21135081309332437,-0.107944576878429,-1.6061353022437168,0.6906852341542608
33828,陸光祖,Lu Guangzu,1521,cluster2_yuan_ming,明,works_general,工部,0,1,0,0,0,1,121.012344,30.70422,平湖,0,0,0,0,0,2,0.0,9.590911075560626e-12,0.00017002810453782246,0.45684964587212995,-0.17812319241819308,-0.21135081255079566,0.4521550723937921,1.097678046579709,-0.305724871469986
33864,王鴻儒,Wang Hongru,1456,cluster2_yuan_ming,明,works_general,工部,0,1,0,0,0,1,112.535469,33.001678,南陽,0,0,0,0,0,0,0.0,1.3975995756472907e-33,0.0,-0.2777070288293577,-0.17812319241819308,-0.21135081309332437,-0.107944576878429,-0.795687589335495,0.34054254133703526
33923,彭元瑞,Peng Yuanrui,1731,cluster3_qing_after,清,works_general,工部,0,1,0,0,0,1,115.89772034,28.67489624,南昌,0,0,0,0,0,0,0.0,1.3975995756472907e-33,0.0,-0.2777070288293577,-0.17812319241819308,-0.21135081309332437,-0.107944576878429,-0.04470669761940243,-0.8765670005200132
34020,令狐俅,Linghu Qiu (2),1041,cluster1_song_and_before,宋,construction,将作/营缮,0,0,1,0,0,1,119.141106,33.502789,山陽,0,0,0,0,1,1,0.0,0.0037770019750878645,0.0,0.0895713085213861,-0.17812319241819308,0.002302729667802326,-0.107944576878429,0.6797247647607948,0.4815034248435631
34100,陳安禮,Chen Anli (2),1026,cluster1_song_and_before,宋,works_general,工部,0,1,0,0,0,1,112.785721,34.840869,河陽,0,0,0,0,0,3,1.0,0.0019514021231796775,0.0,0.8241279832228736,7.548737710309318,-0.10096591530432501,-0.107944576878429,-0.7397921635896829,0.8579009475529307
34189,洪朴,Hong Pu,1746,cluster3_qing_after,清,works_general,工部,0,1,0,0,0,1,118.4339447,29.86577034,歙縣,0,0,0,0,0,1,0.0,1.503516943899234e-22,0.0,0.0895713085213861,-0.17812319241819308,-0.21135081309332437,-0.107944576878429,0.521775649730891,-0.5415780154826844
34190,王念孫,Wang Niansun,1744,cluster3_qing_after,清,works_general,工部,0,1,1,0,0,1,119.43733215,32.790710449,高郵州,0,0,0,0,0,0,0.0,1.3975995756472907e-33,0.0,-0.2777070288293577,-0.17812319241819308,-0.21135081309332437,-0.107944576878429,0.7458888184798222,0.281198060014199
34220,唐鶴徵,Tang Hezheng,1538,cluster2_yuan_ming,明,construction,将作/营缮,0,1,0,0,0,1,119.952301,31.782784,武進,0,0,0,0,1,3,0.0,1.0999598068487234e-11,0.0006025891314731768,0.8241279832228736,-0.17812319241819308,-0.21135081247111048,1.877079970156383,0.8609104891021656,-0.002328349824414023
34446,練子寧,Lian Zining,1355,cluster2_yuan_ming,明,works_general,工部,0,1,0,0,0,1,115.393806,27.759735,新淦,0,0,0,0,0,0,0.0,1.3975995756472907e-33,0.0,-0.2777070288293577,-0.17812319241819308,-0.21135081309332437,-0.107944576878429,-0.1572592709204016,-1.1339988608091092
34534,章拯,Zhang Zheng,1479,cluster2_yuan_ming,明,hydraulic,水利/河道,0,1,0,0,0,1,119.478851,29.204453,蘭溪,0,0,1,0,0,1,0.0,1.1396269929922643e-13,0.0,0.0895713085213861,-0.17812319241819308,-0.21135081308687786,-0.107944576878429,0.755162325973176,-0.7276044178657622
34592,張吉,Zhang Ji (15),1451,cluster2_yuan_ming,明,works_general,工部,0,1,0,0,0,1,116.682,28.69155,餘干,0,0,0,0,0,0,0.0,1.3975995756472907e-33,0.0,-0.2777070288293577,-0.17812319241819308,-0.21135081309332437,-0.107944576878429,0.13046730897987538,-0.8718823523616097
34632,顧瑮,Gu Li,1484,cluster2_yuan_ming,明,works_general,工部,0,1,0,0,0,1,118.76899,32.052563,上元,0,0,0,0,0,0,0.0,1.3975995756472907e-33,0.0,-0.2777070288293577,-0.17812319241819308,-0.21135081309332437,-0.107944576878429,0.5966102152393962,0.07355959953512392
34637,劉麟,Liu Lin,1475,cluster2_yuan_ming,明,works_general,工部,0,1,0,0,0,1,118.76899,32.052563,江寧,0,0,0,0,0,2,0.0,3.7212128009806135e-13,5.423574812152891e-05,0.45684964587212995,-0.17812319241819308,-0.2113508130722746,0.07071661318457888,0.5966102152393962,0.07355959953512392
34646,何瑭,He Tang (2),1474,cluster2_yuan_ming,明,works_general,工部,0,1,0,0,0,1,113.36535645,35.056087494,武陟,0,0,0,0,0,2,0.0,4.574450689702183e-13,1.666419947185016e-05,0.45684964587212995,-0.17812319241819308,-0.2113508130674481,-0.05305005044142246,-0.6103267836721729,0.9184412052227584
34647,潘希曾,Pan Xizeng,1476,cluster2_yuan_ming,明,works_general,工部,0,1,0,0,0,1,119.649918,29.104712,金華,0,0,0,0,0,3,0.0,5.177282148105939e-13,6.394066002024493e-05,0.8241279832228736,-0.17812319241819308,-0.21135081306403808,0.10268613825494442,0.7933712625493429,-0.7556612345826669
34650,崔陞,Cui Sheng,1449,cluster2_yuan_ming,明,hydraulic,水利/河道,0,1,0,0,0,1,114.345497,36.098343,安陽,0,0,1,0,0,0,0.0,1.3975995756472907e-33,0.0,-0.2777070288293577,-0.17812319241819308,-0.21135081309332437,-0.107944576878429,-0.39140596252793847,1.211624266391446
34653,韓邦靖,Han Bangjing,1488,cluster2_yuan_ming,明,hydraulic,水利/河道,0,1,0,0,0,1,110.122513,34.789036,朝邑,0,0,1,0,0,1,0.0,7.50330558788574e-25,0.0,0.0895713085213861,-0.17812319241819308,-0.21135081309332437,-0.107944576878429,-1.3346371398922068,0.8433204943703162
34655,夏良勝,Xia Liangsheng,1480,cluster2_yuan_ming,明,works_general,工部,0,1,0,0,0,1,116.627449,27.559717,南城,0,0,0,0,0,4,0.0,1.984439640139185e-12,3.6263510018512464e-05,1.1914063205736174,-0.17812319241819308,-0.21135081298107067,0.01151319922252331,0.11828298529870547,-1.1902632692878865
34748,劉宗周,Liu Zongzhou,1578,cluster2_yuan_ming,明,works_general,工部,0,1,0,0,0,1,120.578262,30.004515,山陰,0,0,0,0,0,1,0.0,1.503516943899234e-22,0.0,0.0895713085213861,-0.17812319241819308,-0.21135081309332437,-0.107944576878429,1.0007229844879177,-0.5025495969179097
34752,范景文,Fan Jingwen,1587,cluster2_yuan_ming,明,works_general,工部,0,1,0,0,0,1,116.503739,37.606762,吳橋,0,0,0,0,0,2,0.0,2.1262940533200443e-22,6.380676249591637e-07,0.45684964587212995,-0.17812319241819308,-0.21135081309332437,-0.10584268052474656,0.09065154531415041,1.6359375920578814
34754,范永年,Fan Yongnian,1557,cluster2_yuan_ming,明,works_general,工部,0,0,0,0,0,1,116.503739,37.606762,吳橋,0,0,0,0,0,1,0.0,1.503516943899234e-22,0.0,0.0895713085213861,-0.17812319241819308,-0.21135081309332437,-0.107944576878429,0.09065154531415041,1.6359375920578814
35008,左璵,Zuo Yu (2),1126,cluster1_song_and_before,宋,military_industrial,军器/制造,0,1,0,0,0,1,121.258354,28.642613,黃巖,0,0,0,1,0,0,0.0,1.3975995756472907e-33,0.0,-0.2777070288293577,-0.17812319241819308,-0.21135081309332437,-0.107944576878429,1.152625993799822,-0.8856481702266311
35128,楊伯巖,Yang Boyan,1191,cluster1_song_and_before,宋,works_general,工部,0,0,0,0,0,1,120.168625,30.294125,錢塘,0,0,0,0,0,0,0.0,1.3975995756472907e-33,0.0,-0.2777070288293577,-0.17812319241819308,-0.21135081309332437,-0.107944576878429,0.9092278734948482,-0.4210832521912416
35193,尹會一,Yin Huiyi,1691,cluster3_qing_after,清,works_general,工部,0,1,0,0,0,1,115.45908356,38.457569122,博野,0,0,0,0,0,0,0.0,1.3975995756472907e-33,0.0,-0.2777070288293577,-0.17812319241819308,-0.21135081309332437,-0.107944576878429,-0.14267909970159867,1.8752668496690008
35224,龔璛,Gong Xiu (2),1266,cluster1_song_and_before,元,astronomical,天文/历算,0,0,0,0,0,1,119.44429016,32.206489563,鎮江路,1,0,0,0,0,1,0.0,7.50330558788574e-25,0.0,0.0895713085213861,-0.17812319241819308,-0.21135081309332437,-0.107944576878429,0.7474429356548823,0.11685863770351972
35225,龔潗,Gong Ji,1216,cluster1_song_and_before,宋,works_general,工部,0,0,0,0,0,1,119.44429016,32.206489563,丹徒,0,0,0,0,0,1,0.0,7.50330558788574e-25,0.0,0.0895713085213861,-0.17812319241819308,-0.21135081309332437,-0.107944576878429,0.7474429356548823,0.11685863770351972
35266,岳元聲,Yue Yuansheng,1553,cluster2_yuan_ming,明,hydraulic,水利/河道,0,1,0,0,0,1,120.753204,30.767469,嘉興,0,0,1,0,0,6,0.2,3.755389772021894e-11,0.00015093033905819758,1.9259629952751052,1.367248988127309,-0.2113508109690143,0.38924399203977,1.039797427732425,-0.2879331348669096
35433,李守中,Li Shouzhong,1270,cluster1_song_and_before,元,works_general,工部,0,0,0,0,0,1,115.809,32.90306,穎州,0,0,0,0,0,0,0.0,1.3975995756472907e-33,0.0,-0.2777070288293577,-0.17812319241819308,-0.21135081309332437,-0.107944576878429,-0.06452296752579248,0.3128016208430809
35616,周綸,Zhou Lun,1156,cluster1_song_and_before,宋,works_general,工部,0,0,0,0,0,1,114.971275,27.103239,廬陵,0,0,0,0,0,0,0.0,1.3975995756472907e-33,0.0,-0.2777070288293577,-0.17812319241819308,-0.21135081309332437,-0.107944576878429,-0.251634341392583,-1.318669036036756
36422,王孝和,Wang Xiaohe,993,cluster1_song_and_before,宋,works_general,工部,0,0,0,0,0,0,,,,0,0,0,0,0,0,0.0,1.3975995756472907e-33,0.0,-0.2777070288293577,-0.17812319241819308,-0.21135081309332437,-0.107944576878429,-3.174087617753835e-15,-1.9987334503111837e-15
37597,郭之美,Guo Zhimei,1017,cluster1_song_and_before,宋,works_general,工部,0,1,0,0,0,1,114.971275,27.103239,廬陵,0,0,0,0,0,0,0.0,1.3975995756472907e-33,0.0,-0.2777070288293577,-0.17812319241819308,-0.21135081309332437,-0.107944576878429,-0.251634341392583,-1.318669036036756
37610,郭師愈,Guo Shiyu,1017,cluster1_song_and_before,宋,works_general,工部,0,0,0,0,0,1,119.12091,28.082565,龍泉,0,0,0,0,0,1,0.0,0.007346999470408343,0.0,0.0895713085213861,-0.17812319241819308,0.2042466570351756,-0.107944576878429,0.6752138556836949,-1.0431878388550666
37714,毌守素,Guan Shousu,921,cluster1_song_and_before,宋,works_general,工部,0,0,0,0,0,1,110.662392,35.576092,龍門,0,0,0,0,0,0,0.0,1.3975995756472907e-33,0.0,-0.2777070288293577,-0.17812319241819308,-0.21135081309332437,-0.107944576878429,-1.2140516238674615,1.064716770103863
37736,孔維,Kong Wei,928,cluster1_song_and_before,宋,works_general,工部,0,1,0,0,0,1,114.76066,34.49547,雍邱,0,0,0,0,0,1,0.0,7.50330558788574e-25,0.0,0.0895713085213861,-0.17812319241819308,-0.21135081309332437,-0.107944576878429,-0.29867658318667445,0.7607413397968225
37737,孔承恭,Kong Chenggong,929,cluster1_song_and_before,宋,construction,将作/营缮,0,0,0,0,0,1,108.937189,34.317987,萬年,0,0,0,0,1,0,0.0,1.3975995756472907e-33,0.0,-0.2777070288293577,-0.17812319241819308,-0.21135081309332437,-0.107944576878429,-1.5993870305093911,0.7108159530314385
37743,孔勗,Kong Xu,955,cluster1_song_and_before,宋,works_general,工部,0,1,0,0,0,1,116.986059,35.597553,曲阜,0,0,0,0,0,0,0.0,1.3975995756472907e-33,0.0,-0.2777070288293577,-0.17812319241819308,-0.21135081309332437,-0.107944576878429,0.198380881126537,1.070753679133864
37836,王奭,Wang Shi,1151,cluster1_song_and_before,宋,construction,将作/营缮,0,1,0,0,0,1,105.376114,31.229305,鹽亭,0,0,0,0,1,0,0.0,1.3975995756472907e-33,0.0,-0.2777070288293577,-0.17812319241819308,-0.21135081309332437,-0.107944576878429,-2.3947764908844404,-0.1580201802618005
37852,王樞,Wang Shu,978,cluster1_song_and_before,宋,construction,将作/营缮,0,1,1,0,0,1,120.297668,31.574614,無錫,0,0,0,0,1,0,0.0,1.3975995756472907e-33,0.0,-0.2777070288293577,-0.17812319241819308,-0.21135081309332437,-0.107944576878429,0.938050474011595,-0.06088588921100437
37916,吳業,Wu Ye,1043,cluster1_song_and_before,宋,construction,将作/营缮,0,1,1,0,0,1,116.189186,29.272564,都昌,0,0,0,0,1,1,0.0,0.000562363237036834,0.0,0.0895713085213861,-0.17812319241819308,-0.17953963091655578,-0.107944576878429,0.02039406943134979,-0.7084450165823882
37997,王文寶,Wang Wenbao,928,cluster1_song_and_before,宋,military_industrial,军器/制造,0,0,1,0,0,1,113.962967,35.051949,陽武,0,0,0,1,0,0,0.0,1.3975995756472907e-33,0.0,-0.2777070288293577,-0.17812319241819308,-0.21135081309332437,-0.107944576878429,-0.4768465472607111,0.9172770604112758
38004,李宗勉,Li Zongmian,1177,cluster1_song_and_before,宋,works_general,工部,0,1,0,0,0,1,119.947754,30.053434,富陽,0,0,0,0,0,0,0.0,1.3975995756472907e-33,0.0,-0.2777070288293577,-0.17812319241819308,-0.21135081309332437,-0.107944576878429,0.8598948868257947,-0.4887888423939508
38121,王處訥,Wang Chune,915,cluster1_song_and_before,宋,astronomical,天文/历算,0,0,0,0,0,1,112.38263,34.665276,洛陽,1,0,0,0,0,1,0.0,7.50330558788574e-25,0.0,0.0895713085213861,-0.17812319241819308,-0.21135081309332437,-0.107944576878429,-0.8298251825437993,0.808507211599097
38156,卜伸,Bu Shen,994,cluster1_song_and_before,宋,works_general,工部,0,1,0,0,0,0,,,,0,0,0,0,0,0,0.0,1.3975995756472907e-33,0.0,-0.2777070288293577,-0.17812319241819308,-0.21135081309332437,-0.107944576878429,-3.174087617753835e-15,-1.9987334503111837e-15
38181,于房,Yu Fang,1029,cluster1_song_and_before,宋,works_general,工部,0,1,0,0,0,1,119.883675,29.458708,浦江,0,0,0,0,0,0,0.0,1.3975995756472907e-33,0.0,-0.2777070288293577,-0.17812319241819308,-0.21135081309332437,-0.107944576878429,0.8455824218450297,-0.6560833188758135
38210,王珏,Wang Jue,994,cluster1_song_and_before,宋,works_general,工部,0,1,0,0,0,1,121.120598,28.843132,臨海,0,0,0,0,0,0,0.0,1.3975995756472907e-33,0.0,-0.2777070288293577,-0.17812319241819308,-0.21135081309332437,-0.107944576878429,1.1218572875795312,-0.8292428320882839
38219,于有成,Yu Youcheng,1178,cluster1_song_and_before,宋,construction,将作/营缮,0,1,0,0,0,1,120.537499,30.40628,鹽官,0,0,0,0,1,0,0.0,1.3975995756472907e-33,0.0,-0.2777070288293577,-0.17812319241819308,-0.21135081309332437,-0.107944576878429,0.991618301050117,-0.3895344179216401
38220,王述,Wang Shu,985,cluster1_song_and_before,宋,works_general,工部,0,1,0,0,0,0,,,,0,0,0,0,0,0,0.0,1.3975995756472907e-33,0.0,-0.2777070288293577,-0.17812319241819308,-0.21135081309332437,-0.107944576878429,-3.174087617753835e-15,-1.9987334503111837e-15
38275,王熙元,Wang Xiyuan,961,cluster1_song_and_before,宋,astronomical,天文/历算,0,0,0,0,0,1,112.38263,34.665276,洛陽,1,0,0,0,0,1,0.0,7.50330558788574e-25,0.0,0.0895713085213861,-0.17812319241819308,-0.21135081309332437,-0.107944576878429,-0.8298251825437993,0.808507211599097
38331,王紹,Wang Shao,1008,cluster1_song_and_before,宋,construction,将作/营缮,0,0,0,0,0,1,118.478098,36.69748,益都,0,0,0,0,1,0,0.0,1.3975995756472907e-33,0.0,-0.2777070288293577,-0.17812319241819308,-0.21135081309332437,-0.107944576878429,0.5316375789126077,1.3801595427303213
38430,王揆,Wang Kui,989,cluster1_song_and_before,宋,works_general,工部,0,1,0,0,0,1,112.978134,28.198198,長沙,0,0,0,0,0,0,0.0,1.3975995756472907e-33,0.0,-0.2777070288293577,-0.17812319241819308,-0.21135081309332437,-0.107944576878429,-0.6968154578929071,-1.0106606545735188
38648,牛大年,Niu Danian,1166,cluster1_song_and_before,宋,construction,将作/营缮,0,1,0,0,0,1,119.437187,32.39127,揚州,0,0,0,0,1,2,0.0,0.02137856869044372,1.2989233793811546e-05,0.45684964587212995,-0.17812319241819308,0.997969957719655,-0.06515597253560779,0.7458563982751986,0.16883676960292385
38663,牛拱辰,Niu Gongchen,998,cluster1_song_and_before,宋,works_general,工部,0,1,0,0,0,1,112.02419281,37.436981201,文水,0,0,0,0,0,0,0.0,1.3975995756472907e-33,0.0,-0.2777070288293577,-0.17812319241819308,-0.21135081309332437,-0.107944576878429,-0.9098844801245725,1.5881788092143907
38712,石君瑜,Shi Junyu,1011,cluster1_song_and_before,宋,works_general,工部,0,1,0,0,0,1,108.94420624,34.266605377,京兆府,0,0,0,0,0,0,0.0,1.3975995756472907e-33,0.0,-0.2777070288293577,-0.17812319241819308,-0.21135081309332437,-0.107944576878429,-1.5978196839253065,0.6963624707209725
38773,田敏,Tian Min,880,cluster1_song_and_before,宋,works_general,工部,0,0,0,0,0,1,117.684446,37.041858,鄒平,0,0,0,0,0,0,0.0,1.3975995756472907e-33,0.0,-0.2777070288293577,-0.17812319241819308,-0.21135081309332437,-0.107944576878429,0.35437019869579534,1.477031946529501
38949,古世淳,Gu Shichun,1015,cluster1_song_and_before,宋,medical,医学/医官,0,0,0,0,0,1,104.544979,30.722632,金水,0,1,0,0,0,0,0.0,1.3975995756472907e-33,0.0,-0.2777070288293577,-0.17812319241819308,-0.21135081309332437,-0.107944576878429,-2.5804159450236592,-0.30054563615660757
39066,史序,Shi Xu,935,cluster1_song_and_before,宋,astronomical,天文/历算,0,0,0,0,0,1,108.94420624,34.266605377,京兆府,1,0,0,0,0,0,0.0,1.3975995756472907e-33,0.0,-0.2777070288293577,-0.17812319241819308,-0.21135081309332437,-0.107944576878429,-1.5978196839253065,0.6963624707209725
39458,王易,Wang Yi,1004,cluster1_song_and_before,宋,astronomical,天文/历算,0,0,1,0,0,1,114.34333,34.785477,開封,1,0,0,0,0,0,0.0,1.3975995756472907e-33,0.0,-0.2777070288293577,-0.17812319241819308,-0.21135081309332437,-0.107944576878429,-0.3918899761925293,0.8423193593235898
39475,向紡,Xiang Fang,1008,cluster1_song_and_before,宋,construction,将作/营缮,0,0,0,0,0,1,112.936989,35.089302,河內,0,0,0,0,1,0,0.0,1.3975995756472907e-33,0.0,-0.2777070288293577,-0.17812319241819308,-0.21135081309332437,-0.107944576878429,-0.7060054635364647,0.9277843370059219
39598,危昭德,Wei Zhaode,1223,cluster1_song_and_before,宋,works_general,工部,0,1,0,0,0,1,117.483398,27.337692,邵武,0,0,0,0,0,0,0.0,1.3975995756472907e-33,0.0,-0.2777070288293577,-0.17812319241819308,-0.21135081309332437,-0.107944576878429,0.30946480910712254,-1.2527181748088918
39811,朱時敏,Zhu Shimin,1124,cluster1_song_and_before,宋,construction,将作/营缮,0,1,0,0,0,1,103.831459,30.050497,眉山,0,0,0,0,1,0,0.0,1.3975995756472907e-33,0.0,-0.2777070288293577,-0.17812319241819308,-0.21135081309332437,-0.107944576878429,-2.7397853174089097,-0.489615010877298
39817,任逸,Ren Yi,1026,cluster1_song_and_before,宋,works_general,工部,0,0,0,0,0,0,,,,0,0,0,0,0,1,0.0,7.50330558788574e-25,0.0,0.0895713085213861,-0.17812319241819308,-0.21135081309332437,-0.107944576878429,-3.174087617753835e-15,-1.9987334503111837e-15
39839,沈厚載,Shen Houzai,970,cluster1_song_and_before,宋,works_general,工部,0,1,0,0,0,1,119.321577,26.073954,閩縣,0,0,0,0,0,0,0.0,1.3975995756472907e-33,0.0,-0.2777070288293577,-0.17812319241819308,-0.21135081309332437,-0.107944576878429,0.7200341464231732,-1.6082035363371199
39847,朱從道,Zhu Congdao,1009,cluster1_song_and_before,宋,works_general,工部,0,0,0,0,0,1,115.64607239,34.447662354,應天府,0,0,0,0,0,1,0.0,0.015744937527092173,0.0,0.0895713085213861,-0.17812319241819308,0.679292534568044,-0.107944576878429,-0.10091391795455178,0.7472932055141452
39869,任嚴,Ren Yan,1202,cluster1_song_and_before,宋,construction,将作/营缮,0,1,0,0,0,1,122.101097,30.01516,昌國,0,0,0,0,1,0,0.0,1.3975995756472907e-33,0.0,-0.2777070288293577,-0.17812319241819308,-0.21135081309332437,-0.107944576878429,1.3408581708825424,-0.49955519327295467
39907,沈紳,Shen Shen,1008,cluster1_song_and_before,宋,works_general,工部,0,1,0,0,0,1,120.578262,30.004515,會稽,0,0,0,0,0,0,0.0,1.3975995756472907e-33,0.0,-0.2777070288293577,-0.17812319241819308,-0.21135081309332437,-0.107944576878429,1.0007229844879177,-0.5025495969179097
39948,汪立信,Wang Lixin,1201,cluster1_song_and_before,宋,construction,将作/营缮,0,1,0,0,0,1,116.67452,32.334127,安豐,0,0,0,0,1,1,0.0,0.002781095974012085,0.0,0.0895713085213861,-0.17812319241819308,-0.05403265135406142,-0.107944576878429,0.1287966019142825,0.15276263080690264
39960,朱褒,Zhu Bao,1064,cluster1_song_and_before,宋,works_general,工部,0,1,0,0,0,1,116.52993,27.214306,南豐,0,0,0,0,0,0,0.0,1.3975995756472907e-33,0.0,-0.2777070288293577,-0.17812319241819308,-0.21135081309332437,-0.107944576878429,0.09650147696587937,-1.2874262526047022
40169,汪齊,Wang Qi,1016,cluster1_song_and_before,宋,works_general,工部,0,1,0,0,0,1,118.406586,30.68671,涇縣,0,0,0,0,0,1,0.0,0.04305271222744958,0.0,0.0895713085213861,-0.17812319241819308,2.22401050086413,-0.107944576878429,0.5156649046245516,-0.31065037713679233
40276,李川,Li Chuan,1019,cluster1_song_and_before,宋,works_general,工部,0,1,0,0,0,1,119.518837,25.959837,長樂,0,0,0,0,0,0,0.0,1.3975995756472907e-33,0.0,-0.2777070288293577,-0.17812319241819308,-0.21135081309332437,-0.107944576878429,0.7640934613641902,-1.6403042747825232
40287,李太,Li Tai,998,cluster1_song_and_before,宋,works_general,工部,0,1,0,0,0,1,115.563812,37.565983,信都,0,0,0,0,0,1,0.0,0.008629479991307015,0.0,0.0895713085213861,-0.17812319241819308,0.276792689210804,-0.107944576878429,-0.1192873156539382,1.6244665928810267
40346,李昊,Li Hao,892,cluster1_song_and_before,宋,works_general,工部,1,0,0,0,0,0,,,,0,0,0,0,0,1,0.0,7.50330558788574e-25,0.0,0.0895713085213861,-0.17812319241819308,-0.21135081309332437,-0.107944576878429,-3.174087617753835e-15,-1.9987334503111837e-15
40353,李孝連,Li Xiaolian,922,cluster1_song_and_before,宋,construction,将作/营缮,0,0,0,0,0,0,,,,0,0,0,0,1,1,0.0,7.50330558788574e-25,0.0,0.0895713085213861,-0.17812319241819308,-0.21135081309332437,-0.107944576878429,-3.174087617753835e-15,-1.9987334503111837e-15
40394,李受,Li Shou,994,cluster1_song_and_before,宋,works_general,工部,0,1,0,0,0,1,113.621437,28.149572,瀏陽,0,0,0,0,0,0,0.0,1.3975995756472907e-33,0.0,-0.2777070288293577,-0.17812319241819308,-0.21135081309332437,-0.107944576878429,-0.553129513051068,-1.0243389891568522
40396,杜起,Du Qi,961,cluster1_song_and_before,宋,works_general,工部,0,1,0,0,0,1,104.077995,30.650385,成都,0,0,0,0,0,1,0.0,0.013082491886216257,0.0,0.0895713085213861,-0.17812319241819308,0.5286860622034579,-0.107944576878429,-2.6847198846384606,-0.32086848069743024
40408,李丕,Li Pi,1010,cluster1_song_and_before,宋,works_general,工部,0,1,0,0,0,1,119.126012,34.582213,朐山,0,0,0,0,0,0,0.0,1.3975995756472907e-33,0.0,-0.2777070288293577,-0.17812319241819308,-0.21135081309332437,-0.107944576878429,0.676353420850629,0.7851418616732281
40589,李謙,Li Qian,1145,cluster1_song_and_before,宋,hydraulic,水利/河道,0,1,0,0,0,1,115.342766,26.321701,興國,0,0,1,0,0,0,0.0,1.3975995756472907e-33,0.0,-0.2777070288293577,-0.17812319241819308,-0.21135081309332437,-0.107944576878429,-0.16865938972091626,-1.5385131164379524
40916,李芾,Li Fu,1213,cluster1_song_and_before,宋,construction,将作/营缮,0,0,1,0,0,1,114.34333,34.785477,開封府,0,0,0,0,1,2,0.0,0.021160028311951837,9.681519540196598e-05,0.45684964587212995,-0.17812319241819308,0.9856077915335856,0.21098009228883913,-0.3918899761925293,0.8423193593235898
40928,李大同,Li Datong,1193,cluster1_song_and_before,宋,works_general,工部,0,1,0,0,0,1,120.227981,29.260567,東陽,0,0,0,0,0,0,0.0,1.3975995756472907e-33,0.0,-0.2777070288293577,-0.17812319241819308,-0.21135081309332437,-0.107944576878429,0.9224854254447556,-0.7118197334004733
40998,李仲芳,Li Zhongfang,960,cluster1_song_and_before,宋,works_general,工部,0,1,0,0,0,1,115.598726,37.067805,清河,0,0,0,0,0,0,0.0,1.3975995756472907e-33,0.0,-0.2777070288293577,-0.17812319241819308,-0.21135081309332437,-0.107944576878429,-0.11148904473306882,1.484330752670943
41028,李宗易,Li Zongyi,989,cluster1_song_and_before,宋,works_general,工部,0,1,0,0,0,1,114.8824,33.73398,宛邱,0,0,0,0,0,0,0.0,1.3975995756472907e-33,0.0,-0.2777070288293577,-0.17812319241819308,-0.21135081309332437,-0.107944576878429,-0.2714851556244747,0.5465366961522311
41065,李保,Li Bao,1096,cluster1_song_and_before,宋,medical,医学/医官,0,1,0,0,0,1,114.971275,27.103239,廬陵,0,1,0,0,0,0,0.0,1.3975995756472907e-33,0.0,-0.2777070288293577,-0.17812319241819308,-0.21135081309332437,-0.107944576878429,-0.251634341392583,-1.318669036036756
41246,李德鈞,Li Dejun,945,cluster1_song_and_before,宋,astronomical,天文/历算,0,0,1,0,0,1,115.968147,39.487221,范陽,1,0,0,0,0,0,0.0,1.3975995756472907e-33,0.0,-0.2777070288293577,-0.17812319241819308,-0.21135081309332437,-0.107944576878429,-0.02897644113971206,2.1649045515494914
41268,邢若思,Xing Ruosi,962,cluster1_song_and_before,宋,works_general,工部,0,0,0,0,0,1,115.282862,34.990951,濟陰,0,0,0,0,0,0,0.0,1.3975995756472907e-33,0.0,-0.2777070288293577,-0.17812319241819308,-0.21135081309332437,-0.107944576878429,-0.18203934106547076,0.9001185227377246
41297,李伯玉,Li Boyu,1205,cluster1_song_and_before,宋,works_general,工部,0,1,0,0,0,1,116.681953,28.691545,餘干,0,0,0,0,0,0,0.0,1.3975995756472907e-33,0.0,-0.2777070288293577,-0.17812319241819308,-0.21135081309332437,-0.107944576878429,0.13045681122157346,-0.8718837588452376
41312,吳及,Wu Ji,1014,cluster1_song_and_before,宋,works_general,工部,0,1,0,0,0,1,120.854645,32.010471,靜海,0,0,0,0,0,1,0.0,0.005847870761799363,0.0,0.0895713085213861,-0.17812319241819308,0.11944549416531229,-0.107944576878429,1.06245494049189,0.061719257757441366
41385,李雷應,Li Leiying,1219,cluster1_song_and_before,宋,military_industrial,军器/制造,0,1,0,0,0,1,117.236359,29.382742,浮梁,0,0,0,1,0,2,0.0,0.002802338127944969,5.232154524665142e-05,0.45684964587212995,-0.17812319241819308,-0.052831047152217626,0.06441092412353154,0.2542870279872101,-0.6774523059394721
41497,吳伸,Wu Shen,992,cluster1_song_and_before,宋,works_general,工部,0,1,0,0,0,1,116.663833,28.994167,鄱陽,0,0,0,0,0,0,0.0,1.3975995756472907e-33,0.0,-0.2777070288293577,-0.17812319241819308,-0.21135081309332437,-0.107944576878429,0.126409590362144,-0.7867571811239099
41532,吳飛英,Wu Feiying,1127,cluster1_song_and_before,宋,construction,将作/营缮,0,1,0,0,0,1,119.91300964,28.448732376,處州,0,0,0,0,1,0,0.0,1.3975995756472907e-33,0.0,-0.2777070288293577,-0.17812319241819308,-0.21135081309332437,-0.107944576878429,0.8521345061116902,-0.9401861549322894
41550,吳世延,Wu Shiyan,1008,cluster1_song_and_before,宋,works_general,工部,0,1,0,0,0,1,119.011101,25.433954,莆田,0,0,0,0,0,0,0.0,1.3975995756472907e-33,0.0,-0.2777070288293577,-0.17812319241819308,-0.21135081309332437,-0.107944576878429,0.6506872952337401,-1.788233440777808
41577,吳濟,Wu Ji,972,cluster1_song_and_before,宋,works_general,工部,0,1,0,0,0,1,117.455017,26.720821,將樂,0,0,0,0,0,0,0.0,1.3975995756472907e-33,0.0,-0.2777070288293577,-0.17812319241819308,-0.21135081309332437,-0.107944576878429,0.3031257265899329,-1.4262419672811286
41641,李鳴復,Li Mingfu,1179,cluster1_song_and_before,宋,works_general,工部,0,1,0,0,0,1,105.43699646,28.88435936,瀘州,0,0,0,0,0,0,0.0,1.3975995756472907e-33,0.0,-0.2777070288293577,-0.17812319241819308,-0.21135081309332437,-0.107944576878429,-2.381177994080608,-0.8176457107114995
41661,吳君擢,Wu Junzhuo,1223,cluster1_song_and_before,宋,construction,将作/营缮,0,1,0,0,0,0,,,,0,0,0,0,1,0,0.0,1.3975995756472907e-33,0.0,-0.2777070288293577,-0.17812319241819308,-0.21135081309332437,-0.107944576878429,-3.174087617753835e-15,-1.9987334503111837e-15
41888,吳祕,Wu Mi,1004,cluster1_song_and_before,宋,works_general,工部,0,1,0,0,0,1,118.32378387,27.038864136,甌寧,0,0,0,0,0,0,0.0,1.3975995756472907e-33,0.0,-0.2777070288293577,-0.17812319241819308,-0.21135081309332437,-0.107944576878429,0.4971705057425824,-1.3367774744966026
41961,何剡,He Yan,1151,cluster1_song_and_before,宋,construction,将作/营缮,0,1,0,0,0,1,118.76899,32.052563,江寧,0,0,0,0,1,1,0.0,0.0016123710702985756,0.0,0.0895713085213861,-0.17812319241819308,-0.12014387338638222,-0.107944576878429,0.5966102152393962,0.07355959953512392
42063,余良弼,Yu Liangbi,1103,cluster1_song_and_before,宋,construction,将作/营缮,0,1,0,0,0,1,117.806282,26.797091,順昌,0,0,0,0,1,2,1.0,0.006110695701496818,0.0,0.45684964587212995,7.548737710309318,0.1343127036247499,-0.107944576878429,0.38158306848771373,-1.4047874660128608
42085,何蒙,He Meng,937,cluster1_song_and_before,宋,works_general,工部,0,1,0,0,0,1,115.89772034,28.67489624,洪州,0,0,0,0,0,0,0.0,1.3975995756472907e-33,0.0,-0.2777070288293577,-0.17812319241819308,-0.21135081309332437,-0.107944576878429,-0.04470669761940243,-0.8765670005200132
42145,林坰,Lin Jiong,1165,cluster1_song_and_before,宋,construction,将作/营缮,0,1,0,0,0,1,119.321577,26.073954,福州,0,0,0,0,1,0,0.0,1.3975995756472907e-33,0.0,-0.2777070288293577,-0.17812319241819308,-0.21135081309332437,-0.107944576878429,0.7200341464231732,-1.6082035363371199
42249,武宗元,Wu Zongyuan,987,cluster1_song_and_before,宋,works_general,工部,0,0,0,0,0,1,112.38263,34.665276,河南,0,0,0,0,0,0,0.0,1.3975995756472907e-33,0.0,-0.2777070288293577,-0.17812319241819308,-0.21135081309332437,-0.107944576878429,-0.8298251825437993,0.808507211599097
42321,林椅,Lin Yi,1160,cluster1_song_and_before,宋,works_general,工部,0,1,0,0,0,1,119.913009,28.448732,麗水,0,0,0,0,0,0,0.0,1.3975995756472907e-33,0.0,-0.2777070288293577,-0.17812319241819308,-0.21135081309332437,-0.107944576878429,0.8521343631634929,-0.940186260699858
42396,林肇,Lin Zhao,1007,cluster1_song_and_before,宋,works_general,工部,0,1,0,0,0,1,119.321577,26.073954,閩縣,0,0,0,0,0,1,0.0,0.04305271222744958,0.0,0.0895713085213861,-0.17812319241819308,2.22401050086413,-0.107944576878429,0.7200341464231732,-1.6082035363371199
42415,林慥,Lin Zao,1004,cluster1_song_and_before,宋,works_general,工部,0,1,0,0,0,1,119.321577,26.073954,閩縣,0,0,0,0,0,0,0.0,1.3975995756472907e-33,0.0,-0.2777070288293577,-0.17812319241819308,-0.21135081309332437,-0.107944576878429,0.7200341464231732,-1.6082035363371199
42417,林大年,Lin Danian,1014,cluster1_song_and_before,宋,works_general,工部,0,0,0,0,0,1,120.16862488,30.294124603,杭州,0,0,0,0,0,0,0.0,1.3975995756472907e-33,0.0,-0.2777070288293577,-0.17812319241819308,-0.21135081309332437,-0.107944576878429,0.9092278466920588,-0.4210833638660419
42496,林殆庶,Lin Daishu,962,cluster1_song_and_before,宋,works_general,工部,0,1,0,0,0,1,119.321577,26.073954,閩縣,0,0,0,0,0,0,0.0,1.3975995756472907e-33,0.0,-0.2777070288293577,-0.17812319241819308,-0.21135081309332437,-0.107944576878429,0.7200341464231732,-1.6082035363371199
42652,周中復,Zhou Zhongfu,994,cluster1_song_and_before,宋,works_general,工部,0,1,0,0,0,0,,,,0,0,0,0,0,0,0.0,1.3975995756472907e-33,0.0,-0.2777070288293577,-0.17812319241819308,-0.21135081309332437,-0.107944576878429,-3.174087617753835e-15,-1.9987334503111837e-15
42659,周允迪,Zhou Yundi,957,cluster1_song_and_before,宋,works_general,工部,0,0,0,0,0,1,114.34333,34.785477,開封,0,0,0,0,0,0,0.0,1.3975995756472907e-33,0.0,-0.2777070288293577,-0.17812319241819308,-0.21135081309332437,-0.107944576878429,-0.3918899761925293,0.8423193593235898
42666,周坦,Zhou Tan,1208,cluster1_song_and_before,宋,works_general,工部,0,1,0,0,0,1,113.838638,27.631424,萍鄉,0,0,0,0,0,0,0.0,1.3975995756472907e-33,0.0,-0.2777070288293577,-0.17812319241819308,-0.21135081309332437,-0.107944576878429,-0.5046162449556408,-1.170092324978936
42675,林拱辰,Lin Gongchen,1151,cluster1_song_and_before,宋,works_general,工部,0,1,0,0,1,1,120.556442,27.675718,平陽,0,0,0,0,0,0,0.0,1.3975995756472907e-33,0.0,-0.2777070288293577,-0.17812319241819308,-0.21135081309332437,-0.107944576878429,0.9958493443580759,-1.157632567811286
42680,林應炎,Lin Yingyan,1205,cluster1_song_and_before,宋,military_industrial,军器/制造,0,1,0,0,0,1,119.321577,26.073954,福州,0,0,0,1,0,1,0.0,0.002781095974012085,0.0,0.0895713085213861,-0.17812319241819308,-0.05403265135406142,-0.107944576878429,0.7200341464231732,-1.6082035363371199
42689,季著,Ji Zhu,1196,cluster1_song_and_before,宋,military_industrial,军器/制造,0,1,0,0,0,1,120.168625,30.294125,錢塘,0,0,0,1,0,0,0.0,1.3975995756472907e-33,0.0,-0.2777070288293577,-0.17812319241819308,-0.21135081309332437,-0.107944576878429,0.9092278734948482,-0.4210832521912416
42700,周惟簡,Zhou Weijian,920,cluster1_song_and_before,宋,works_general,工部,0,0,0,0,0,1,116.663833,28.994167,鄱陽,0,0,0,0,0,0,0.0,1.3975995756472907e-33,0.0,-0.2777070288293577,-0.17812319241819308,-0.21135081309332437,-0.107944576878429,0.126409590362144,-0.7867571811239099
42765,周世南,Zhou Shinan,978,cluster1_song_and_before,宋,works_general,工部,0,1,0,0,0,1,111.750727,26.579952,祁陽,0,0,0,0,0,0,0.0,1.3975995756472907e-33,0.0,-0.2777070288293577,-0.17812319241819308,-0.21135081309332437,-0.107944576878429,-0.9709648626065278,-1.465867955732153
42790,李寅仲,Li Yinzhong,1148,cluster1_song_and_before,宋,works_general,工部,0,1,0,0,0,1,105.812285,30.194462,遂寧,0,0,0,0,0,0,0.0,1.3975995756472907e-33,0.0,-0.2777070288293577,-0.17812319241819308,-0.21135081309332437,-0.107944576878429,-2.2973548369397054,-0.4491181277635419
42805,周克明,Zhou Keming,948,cluster1_song_and_before,宋,astronomical,天文/历算,0,1,0,0,0,0,,,,1,0,0,0,0,0,0.0,1.3975995756472907e-33,0.0,-0.2777070288293577,-0.17812319241819308,-0.21135081309332437,-0.107944576878429,-3.174087617753835e-15,-1.9987334503111837e-15
42829,周希古,Zhou Xigu,958,cluster1_song_and_before,宋,hydraulic,水利/河道,0,1,0,0,0,1,119.990395,26.883463,長溪,0,0,1,0,0,0,0.0,1.3975995756472907e-33,0.0,-0.2777070288293577,-0.17812319241819308,-0.21135081309332437,-0.107944576878429,0.8694190338824715,-1.3804913052216878
42906,周直方,Zhou Zhifang,1175,cluster1_song_and_before,宋,construction,将作/营缮,0,1,0,0,0,1,115.132248,27.214367,吉水,0,0,0,0,1,0,0.0,1.3975995756472907e-33,0.0,-0.2777070288293577,-0.17812319241819308,-0.21135081309332437,-0.107944576878429,-0.21567996592872687,-1.2874090935044358
43094,胡榘,Hu Ju,1168,cluster1_song_and_before,宋,works_general,工部,0,0,0,0,0,1,114.971275,27.103239,廬陵,0,0,0,0,0,2,1.0,0.011807719624090576,0.0,0.45684964587212995,7.548737710309318,0.4565760628406877,-0.107944576878429,-0.251634341392583,-1.318669036036756
43110,沈復,Shen Fu,1121,cluster1_song_and_before,宋,works_general,工部,0,1,0,0,0,0,,,,0,0,0,0,0,0,0.0,1.3975995756472907e-33,0.0,-0.2777070288293577,-0.17812319241819308,-0.21135081309332437,-0.107944576878429,-3.174087617753835e-15,-1.9987334503111837e-15
43150,胡剛中,Hu Gangzhong,1178,cluster1_song_and_before,宋,construction,将作/营缮,0,1,0,0,0,1,121.542656,29.866316,鄞縣,0,0,0,0,1,0,0.0,1.3975995756472907e-33,0.0,-0.2777070288293577,-0.17812319241819308,-0.21135081309332437,-0.107944576878429,1.2161267103990354,-0.541424523111345
43221,胡從義,Hu Congyi,962,cluster1_song_and_before,宋,astronomical,天文/历算,0,1,0,0,0,1,113.838638,27.631424,萍鄉,1,0,0,0,0,0,0.0,1.3975995756472907e-33,0.0,-0.2777070288293577,-0.17812319241819308,-0.21135081309332437,-0.107944576878429,-0.5046162449556408,-1.170092324978936
43237,胡鏜,Hu Tang,1193,cluster1_song_and_before,宋,works_general,工部,0,1,0,0,0,1,120.26609,31.90877,江陰,0,0,0,0,0,0,0.0,1.3975995756472907e-33,0.0,-0.2777070288293577,-0.17812319241819308,-0.21135081309332437,-0.107944576878429,0.9309973205734562,0.03311109945818705
43311,胡弌之,Hu Yizhi,1202,cluster1_song_and_before,宋,construction,将作/营缮,0,1,0,0,0,1,121.12059784,28.843132019,台州,0,0,0,0,1,0,0.0,1.3975995756472907e-33,0.0,-0.2777070288293577,-0.17812319241819308,-0.21135081309332437,-0.107944576878429,1.1218572518424819,-0.8292428267436466
43409,苗守信,Miao Shouxin,955,cluster1_song_and_before,宋,astronomical,天文/历算,0,0,1,0,0,1,110.332306,34.835129,河中府,1,0,0,0,0,0,0.0,1.3975995756472907e-33,0.0,-0.2777070288293577,-0.17812319241819308,-0.21135081309332437,-0.107944576878429,-1.2877784971900827,0.8562863043474794
43485,林彬之,Lin Binzhi,1184,cluster1_song_and_before,宋,hydraulic,水利/河道,0,1,0,0,0,1,119.011101,25.433954,莆田,0,0,1,0,0,0,0.0,1.3975995756472907e-33,0.0,-0.2777070288293577,-0.17812319241819308,-0.21135081309332437,-0.107944576878429,0.6506872952337401,-1.788233440777808
43532,姚奭,Yao Shi,1015,cluster1_song_and_before,宋,works_general,工部,0,0,0,0,0,1,112.38263,34.665276,洛陽,0,0,0,0,0,4,0.16666666666666666,0.0271262913513035,5.170762262010768e-06,1.1914063205736174,1.109686958036392,1.3231011907454293,-0.09091126266667159,-0.8298251825437993,0.808507211599097
43574,范東叟,Fan Dongsou,1205,cluster1_song_and_before,宋,military_industrial,军器/制造,0,1,0,0,0,1,104.077995,30.650385,成都,0,0,0,1,0,0,0.0,1.3975995756472907e-33,0.0,-0.2777070288293577,-0.17812319241819308,-0.21135081309332437,-0.107944576878429,-2.6847198846384606,-0.32086848069743024
43598,范彥輝,Fan Yanhui,1102,cluster1_song_and_before,宋,construction,将作/营缮,0,1,0,0,0,1,120.099312,30.864964,歸安,0,0,0,0,1,0,0.0,1.3975995756472907e-33,0.0,-0.2777070288293577,-0.17812319241819308,-0.21135081309332437,-0.107944576878429,0.8937463602812871,-0.2605081105959014
43692,范子初,Fan Zichu,1039,cluster1_song_and_before,宋,construction,将作/营缮,0,0,1,0,0,1,112.38262939,34.665275574,河南府,0,0,0,0,1,1,0.0,1.9073279924920832e-06,0.0,0.0895713085213861,-0.17812319241819308,-0.21124292133539277,-0.107944576878429,-0.8298253187913008,0.8085070917666919
43739,柳永,Liu Yong,1004,cluster1_song_and_before,宋,works_general,工部,0,1,0,0,0,1,118.026779,27.756025,崇安,0,0,0,0,0,0,0.0,1.3975995756472907e-33,0.0,-0.2777070288293577,-0.17812319241819308,-0.21135081309332437,-0.107944576878429,0.4308325198034889,-1.1350424716614131
43958,馬峰,Ma Feng,921,cluster1_song_and_before,宋,construction,将作/营缮,0,0,0,0,0,1,112.736015,38.08202,陽曲,0,0,0,0,1,0,0.0,1.3975995756472907e-33,0.0,-0.2777070288293577,-0.17812319241819308,-0.21135081309332437,-0.107944576878429,-0.7508943247397296,1.769626111315181
44076,昝居潤,Zan Jurun,908,cluster1_song_and_before,宋,military_industrial,军器/制造,0,0,0,0,0,1,116.231,36.86162,高唐,0,0,0,1,0,0,0.0,1.3975995756472907e-33,0.0,-0.2777070288293577,-0.17812319241819308,-0.21135081309332437,-0.107944576878429,0.02973350061325771,1.426331587284845
44294,祝康,Zhu Kang,1039,cluster1_song_and_before,宋,construction,将作/营缮,0,1,1,0,0,1,115.875175,34.962231,成武,0,0,0,0,1,0,0.0,1.3975995756472907e-33,0.0,-0.2777070288293577,-0.17812319241819308,-0.21135081309332437,-0.107944576878429,-0.04974234719616735,0.8920396807759489
44303,高賦,Gao Fu,1009,cluster1_song_and_before,宋,works_general,工部,0,1,0,0,0,1,114.975044,38.520061,中山州,0,0,0,0,0,0,0.0,1.3975995756472907e-33,0.0,-0.2777070288293577,-0.17812319241819308,-0.21135081309332437,-0.107944576878429,-0.2507925105195611,1.8928456103325295
44372,楊恂,Yang Xun,1113,cluster1_song_and_before,宋,works_general,工部,0,1,0,0,0,1,117.96489,28.450691,上饒,0,0,0,0,0,0,0.0,1.3975995756472907e-33,0.0,-0.2777070288293577,-0.17812319241819308,-0.21135081309332437,-0.107944576878429,0.4170092056881845,-0.9396352004142342
44377,戴衍,Dai Yan,1169,cluster1_song_and_before,宋,works_general,工部,0,1,0,0,0,1,116.82369995,35.556697845,兗州,0,0,0,0,0,0,0.0,1.3975995756472907e-33,0.0,-0.2777070288293577,-0.17812319241819308,-0.21135081309332437,-0.107944576878429,0.16211692230328864,1.0592612578048661
44584,孫潼發,Sun Tongfa,1244,cluster1_song_and_before,元,military_industrial,军器/制造,0,1,0,0,0,1,119.66493988,29.802457809,桐廬,0,0,0,1,0,1,0.0,7.50330558788574e-25,0.0,0.0895713085213861,-0.17812319241819308,-0.21135081309332437,-0.107944576878429,0.7967264979844358,-0.559387623148041
44637,胡叔彩,Hu Shucai,978,cluster1_song_and_before,宋,construction,将作/营缮,0,0,1,0,0,1,118.02375,37.36813,渤海,0,0,0,0,1,1,0.0,0.0004487102468190573,0.0,0.0895713085213861,-0.17812319241819308,-0.1859686357636763,-0.107944576878429,0.4301559727845482,1.5688111918133645
44638,孫應鳳,Sun Yingfeng,1214,cluster1_song_and_before,宋,construction,将作/营缮,0,1,0,0,0,1,118.30416107,32.316993713,滁州,0,0,0,0,1,0,0.0,1.3975995756472907e-33,0.0,-0.2777070288293577,-0.17812319241819308,-0.21135081309332437,-0.107944576878429,0.49278762464542997,0.14794309327351998
44640,胡彬(胡旦子),Hu Bin,978,cluster1_song_and_before,宋,construction,将作/营缮,0,0,1,0,0,1,118.02375,37.36813,渤海,0,0,0,0,1,1,0.0,0.0004487102468190573,0.0,0.0895713085213861,-0.17812319241819308,-0.1859686357636763,-0.107944576878429,0.4301559727845482,1.5688111918133645
44641,胡彤,Hu Tong,978,cluster1_song_and_before,宋,construction,将作/营缮,0,0,1,0,0,1,118.02375,37.36813,渤海,0,0,0,0,1,1,0.0,0.0004487102468190573,0.0,0.0895713085213861,-0.17812319241819308,-0.1859686357636763,-0.107944576878429,0.4301559727845482,1.5688111918133645
44718,孫願質,Sun Yuanzhi,1202,cluster1_song_and_before,宋,works_general,工部,0,1,0,0,0,1,121.542656,29.866316,鄞縣,0,0,0,0,0,0,0.0,1.3975995756472907e-33,0.0,-0.2777070288293577,-0.17812319241819308,-0.21135081309332437,-0.107944576878429,1.2161267103990354,-0.541424523111345
45049,孫永言,Sun Yongyan,1056,cluster1_song_and_before,宋,construction,将作/营缮,0,0,1,0,0,1,113.641312,34.758076,管城,0,0,0,0,1,0,0.0,1.3975995756472907e-33,0.0,-0.2777070288293577,-0.17812319241819308,-0.21135081309332437,-0.107944576878429,-0.5486903014295904,0.8346115477429978
45173,郭元方,Guo Yuanfang,1001,cluster1_song_and_before,宋,astronomical,天文/历算,0,0,1,0,0,1,114.34333,34.785477,開封府,1,0,0,0,0,0,0.0,1.3975995756472907e-33,0.0,-0.2777070288293577,-0.17812319241819308,-0.21135081309332437,-0.107944576878429,-0.3918899761925293,0.8423193593235898
45177,郭元亨,Guo Yuanheng,977,cluster1_song_and_before,宋,works_general,工部,0,0,0,0,0,1,117.187683,34.269634,彭城,0,0,0,0,0,1,0.0,7.50330558788574e-25,0.0,0.0895713085213861,-0.17812319241819308,-0.21135081309332437,-0.107944576878429,0.24341492409352491,0.6972144124542192
45187,孫附鳳,Sun Fufeng,1220,cluster1_song_and_before,宋,construction,将作/营缮,0,1,0,0,0,1,118.30416107,32.316993713,滁州,0,0,0,0,1,0,0.0,1.3975995756472907e-33,0.0,-0.2777070288293577,-0.17812319241819308,-0.21135081309332437,-0.107944576878429,0.49278762464542997,0.14794309327351998
45554,曹錫,Cao Xi,1178,cluster1_song_and_before,宋,works_general,工部,0,1,0,0,0,1,116.210182,27.546391,宜黃,0,0,0,0,0,0,0.0,1.3975995756472907e-33,0.0,-0.2777070288293577,-0.17812319241819308,-0.21135081309332437,-0.107944576878429,0.025083663756106184,-1.1940118294544122
45682,張式,Zhang Shi,989,cluster1_song_and_before,宋,works_general,工部,0,1,0,0,0,1,118.323784,27.038864,建安,0,0,0,0,0,1,0.0,0.04305271222744958,0.0,0.0895713085213861,-0.17812319241819308,2.22401050086413,-0.107944576878429,0.497170534778936,-1.3367775127529573
45685,張旨,Zhang Zhi,984,cluster1_song_and_before,宋,works_general,工部,0,0,0,0,0,1,112.936989,35.089302,河內,0,0,0,0,0,1,0.0,7.50330558788574e-25,0.0,0.0895713085213861,-0.17812319241819308,-0.21135081309332437,-0.107944576878429,-0.7060054635364647,0.9277843370059219
45718,張沂,Zhang Yi,1036,cluster1_song_and_before,宋,construction,将作/营缮,0,0,1,0,0,1,113.641312,34.758076,管城,0,0,0,0,1,0,0.0,1.3975995756472907e-33,0.0,-0.2777070288293577,-0.17812319241819308,-0.21135081309332437,-0.107944576878429,-0.5486903014295904,0.8346115477429978
45753,張谷,Zhang Gu,995,cluster1_song_and_before,宋,works_general,工部,0,1,0,0,0,1,114.18077087,34.413452148,尉氏,0,0,0,0,0,0,0.0,1.3975995756472907e-33,0.0,-0.2777070288293577,-0.17812319241819308,-0.21135081309332437,-0.107944576878429,-0.42819862419621646,0.7376699865812124
45760,張扶,Zhang Fu,1112,cluster1_song_and_before,宋,works_general,工部,0,1,0,0,0,1,119.44429016,32.206489563,丹徒,0,0,0,0,0,0,0.0,1.3975995756472907e-33,0.0,-0.2777070288293577,-0.17812319241819308,-0.21135081309332437,-0.107944576878429,0.7474429356548823,0.11685863770351972
45771,刁某,Diao Mou,1005,cluster1_song_and_before,宋,works_general,工部,0,0,0,0,0,0,,,,0,0,0,0,0,2,0.0,0.0436568872597972,2.8608644451735972e-05,0.45684964587212995,-0.17812319241819308,2.258186849449673,-0.013703146809398555,-3.174087617753835e-15,-1.9987334503111837e-15
45810,王輿,Wang Yu,1166,cluster1_song_and_before,宋,construction,将作/营缮,0,1,0,0,0,1,119.990395,26.883463,長溪,0,0,0,0,1,0,0.0,1.3975995756472907e-33,0.0,-0.2777070288293577,-0.17812319241819308,-0.21135081309332437,-0.107944576878429,0.8694190338824715,-1.3804913052216878
45816,王皡,Wang Hao,980,cluster1_song_and_before,宋,works_general,工部,0,0,0,0,0,1,118.478098,36.69748,益都,0,0,0,0,0,0,0.0,1.3975995756472907e-33,0.0,-0.2777070288293577,-0.17812319241819308,-0.21135081309332437,-0.107944576878429,0.5316375789126077,1.3801595427303213
45885,王山民,Wang Shanmin,1003,cluster1_song_and_before,宋,construction,将作/营缮,0,0,1,0,0,1,113.819748,34.031391,長社,0,0,0,0,1,2,0.0,0.011505219746647167,5.232154524665142e-05,0.45684964587212995,-0.17812319241819308,0.4394645625219495,0.06441092412353154,-0.5088354503659407,0.6301974366359949
45886,王漸,Wang Jian,1033,cluster1_song_and_before,宋,construction,将作/营缮,0,0,0,0,0,1,113.819748,34.031391,長社,0,0,0,0,1,1,0.0,0.001001699158296968,0.0,0.0895713085213861,-0.17812319241819308,-0.15468773074320005,-0.107944576878429,-0.5088354503659407,0.6301974366359949
46031,傅回,Fu Hui,1036,cluster1_song_and_before,宋,construction,将作/营缮,0,0,0,0,0,0,,,,0,0,0,0,1,0,0.0,1.3975995756472907e-33,0.0,-0.2777070288293577,-0.17812319241819308,-0.21135081309332437,-0.107944576878429,-3.174087617753835e-15,-1.9987334503111837e-15
46289,徐成甫,Xu Chengfu,1035,cluster1_song_and_before,宋,construction,将作/营缮,0,0,0,0,0,1,119.437332,32.79071,高郵,0,0,0,0,1,0,0.0,1.3975995756472907e-33,0.0,-0.2777070288293577,-0.17812319241819308,-0.21135081309332437,-0.107944576878429,0.7458887849763371,0.2811979337119677
46312,徐深叟,Xu Shensou,1191,cluster1_song_and_before,宋,construction,将作/营缮,0,0,0,0,0,1,118.536255,27.924686,浦城,0,0,0,0,1,0,0.0,1.3975995756472907e-33,0.0,-0.2777070288293577,-0.17812319241819308,-0.21135081309332437,-0.107944576878429,0.5446273263475893,-1.0875986846100525
46425,梁周翰,Liang Zhouhan,929,cluster1_song_and_before,宋,works_general,工部,0,1,0,0,0,1,113.641312,34.758076,管城,0,0,0,0,0,4,0.16666666666666666,0.021745090666162484,6.072276897528041e-05,1.1914063205736174,1.109686958036392,1.018702993902486,0.09208589278035041,-0.5486903014295904,0.8346115477429978
46569,郭延澤,Guo Yanze,947,cluster1_song_and_before,宋,works_general,工部,0,0,0,0,0,1,117.187683,34.269634,彭城,0,0,0,0,0,1,0.0,7.50330558788574e-25,0.0,0.0895713085213861,-0.17812319241819308,-0.21135081309332437,-0.107944576878429,0.24341492409352491,0.6972144124542192
46608,張午,Zhang Wu,1155,cluster1_song_and_before,宋,works_general,工部,0,1,0,0,0,1,119.437187,32.39127,廣陵,0,0,0,0,0,1,0.0,0.01837893233793975,0.0,0.0895713085213861,-0.17812319241819308,0.8282896297943225,-0.107944576878429,0.7458563982751986,0.16883676960292385
46640,張泌,Zhang Mi,985,cluster1_song_and_before,宋,works_general,工部,0,1,0,0,0,1,118.536255,27.924686,浦城,0,0,0,0,0,1,0.0,0.003752672845860679,0.0,0.0895713085213861,-0.17812319241819308,0.0009265046390715665,-0.107944576878429,0.5446273263475893,-1.0875986846100525
46642,張庚,Zhang Geng,999,cluster1_song_and_before,宋,works_general,工部,0,1,0,0,0,1,112.38263,34.665276,洛陽,0,0,0,0,0,3,0.0,0.0037795737762588563,1.3859269849148444e-05,0.8241279832228736,-0.17812319241819308,0.0024482086575099834,-0.06228993523681533,-0.8298251825437993,0.808507211599097
46702,張弇,Zhang Yan,979,cluster1_song_and_before,宋,works_general,工部,0,1,0,0,0,1,112.38263,34.665276,河南,0,0,0,0,0,0,0.0,1.3975995756472907e-33,0.0,-0.2777070288293577,-0.17812319241819308,-0.21135081309332437,-0.107944576878429,-0.8298251825437993,0.808507211599097
46847,張經,Zhang Jing,997,cluster1_song_and_before,宋,works_general,工部,0,1,0,0,0,0,,,,0,0,0,0,0,0,0.0,1.3975995756472907e-33,0.0,-0.2777070288293577,-0.17812319241819308,-0.21135081309332437,-0.107944576878429,-3.174087617753835e-15,-1.9987334503111837e-15
46872,張澄,Zhang Cheng,939,cluster1_song_and_before,宋,works_general,工部,0,0,0,0,0,1,116.598,36.39659,濟州,0,0,0,0,0,0,0.0,1.3975995756472907e-33,0.0,-0.2777070288293577,-0.17812319241819308,-0.21135081309332437,-0.107944576878429,0.11170535797589298,1.2955201709378874
46952,張勸,Zhang Quan,1070,cluster1_song_and_before,宋,works_general,工部,0,1,0,0,0,1,118.934105,25.867622,永福,0,0,0,0,0,0,0.0,1.3975995756472907e-33,0.0,-0.2777070288293577,-0.17812319241819308,-0.21135081309332437,-0.107944576878429,0.6334897335729965,-1.6662440523418949
46966,張九思,Zhang Jiusi,938,cluster1_song_and_before,宋,works_general,工部,0,1,0,0,0,1,115.895768,36.230215,陽穀,0,0,0,0,0,0,0.0,1.3975995756472907e-33,0.0,-0.2777070288293577,-0.17812319241819308,-0.21135081309332437,-0.107944576878429,-0.045142765564916254,1.2487194282014502
47040,張平易,Zhang Pingyi,1014,cluster1_song_and_before,宋,construction,将作/营缮,0,0,0,0,0,1,112.936989,35.089302,河內,0,0,0,0,1,1,0.0,7.50330558788574e-25,0.0,0.0895713085213861,-0.17812319241819308,-0.21135081309332437,-0.107944576878429,-0.7060054635364647,0.9277843370059219
47148,張宗益,Zhang Zongyi,999,cluster1_song_and_before,宋,works_general,工部,0,0,0,0,0,1,114.34333,34.785477,開封,0,0,0,0,0,0,0.0,1.3975995756472907e-33,0.0,-0.2777070288293577,-0.17812319241819308,-0.21135081309332437,-0.107944576878429,-0.3918899761925293,0.8423193593235898
47303,張霆振,Zhang Tingzhen,1199,cluster1_song_and_before,宋,construction,将作/营缮,0,1,0,0,0,1,121.54265594,29.866315842,明州,0,0,0,0,1,0,0.0,1.3975995756472907e-33,0.0,-0.2777070288293577,-0.17812319241819308,-0.21135081309332437,-0.107944576878429,1.216126696997644,-0.5414245675562284
47457,陳高,Chen Gao,1080,cluster1_song_and_before,宋,medical,医学/医官,0,1,0,0,0,1,118.68367004,25.364557266,仙遊,0,1,0,0,0,1,0.0,0.0037770019750878645,0.0,0.0895713085213861,-0.17812319241819308,0.002302729667802326,-0.107944576878429,0.5775534425110413,-1.8077545148254894
47470,陳晐,Chen Gai,1163,cluster1_song_and_before,宋,works_general,工部,0,1,0,0,0,1,120.09931183,30.864963531,湖州,0,0,0,0,0,0,0.0,1.3975995756472907e-33,0.0,-0.2777070288293577,-0.17812319241819308,-0.21135081309332437,-0.107944576878429,0.8937463223106735,-0.2605082425240657
47517,陳巽,Chen Xun,985,cluster1_song_and_before,宋,works_general,工部,0,1,0,0,0,1,115.985679,29.722364,德化,0,0,0,0,0,0,0.0,1.3975995756472907e-33,0.0,-0.2777070288293577,-0.17812319241819308,-0.21135081309332437,-0.107944576878429,-0.025060553937308976,-0.5819177493676674
47568,陳傳,Chen Chuan,1023,cluster1_song_and_before,宋,works_general,工部,0,1,0,0,0,1,118.323784,27.038864,建安,0,0,0,0,0,0,0.0,1.3975995756472907e-33,0.0,-0.2777070288293577,-0.17812319241819308,-0.21135081309332437,-0.107944576878429,0.497170534778936,-1.3367775127529573
47602,陳震,Chen Zhen,1163,cluster1_song_and_before,宋,works_general,工部,0,1,0,0,0,1,119.649918,29.104712,金華,0,0,0,0,0,0,0.0,1.3975995756472907e-33,0.0,-0.2777070288293577,-0.17812319241819308,-0.21135081309332437,-0.107944576878429,0.7933712625493429,-0.7556612345826669
47673,陳藻,Chen Zao,1016,cluster1_song_and_before,宋,works_general,工部,0,1,0,0,0,0,,,,0,0,0,0,0,0,0.0,1.3975995756472907e-33,0.0,-0.2777070288293577,-0.17812319241819308,-0.21135081309332437,-0.107944576878429,-3.174087617753835e-15,-1.9987334503111837e-15
47758,陳公益,Chen Gongyi,1178,cluster1_song_and_before,宋,military_industrial,军器/制造,0,1,0,0,0,1,121.54265594,29.866315842,明州,0,0,0,1,0,0,0.0,1.3975995756472907e-33,0.0,-0.2777070288293577,-0.17812319241819308,-0.21135081309332437,-0.107944576878429,1.216126696997644,-0.5414245675562284
47798,陳有宗,Chen Youzong,1217,cluster1_song_and_before,宋,works_general,工部,0,1,0,0,0,1,115.98567963,29.722364426,江州,0,0,0,0,0,0,0.0,1.3975995756472907e-33,0.0,-0.2777070288293577,-0.17812319241819308,-0.21135081309332437,-0.107944576878429,-0.025060413222675913,-0.5819176295352623
48084,陸起,Lu Qi,1012,cluster1_song_and_before,宋,works_general,工部,0,1,0,0,0,1,115.393806,27.759735,新淦,0,0,0,0,0,0,0.0,1.3975995756472907e-33,0.0,-0.2777070288293577,-0.17812319241819308,-0.21135081309332437,-0.107944576878429,-0.1572592709204016,-1.1339988608091092
48126,陶木,Tao Mu,1175,cluster1_song_and_before,宋,construction,将作/营缮,0,1,0,0,0,1,119.649918,29.104712,金華,0,0,0,0,1,0,0.0,1.3975995756472907e-33,0.0,-0.2777070288293577,-0.17812319241819308,-0.21135081309332437,-0.107944576878429,0.7933712625493429,-0.7556612345826669
48157,常挺,Chang Ting,1205,cluster1_song_and_before,宋,works_general,工部,0,1,0,0,0,1,119.534469,26.198015,連江,0,0,0,0,0,0,0.0,1.3975995756472907e-33,0.0,-0.2777070288293577,-0.17812319241819308,-0.21135081309332437,-0.107944576878429,0.7675849711034066,-1.5733055832514693
48192,崔縱,Cui Zong,1085,cluster1_song_and_before,宋,works_general,工部,0,1,0,0,0,1,116.351341,27.984781,臨川,0,0,0,0,0,0,0.0,1.3975995756472907e-33,0.0,-0.2777070288293577,-0.17812319241819308,-0.21135081309332437,-0.107944576878429,0.0566124523486191,-1.0706941578797973
48255,莫澤,Mo Ze,1163,cluster1_song_and_before,宋,works_general,工部,0,1,0,0,0,1,120.418739,30.530447,崇德,0,0,0,0,0,0,0.0,1.3975995756472907e-33,0.0,-0.2777070288293577,-0.17812319241819308,-0.21135081309332437,-0.107944576878429,0.9650924760354411,-0.35460664738306685
48264,莊序,Zhuang Xu,1190,cluster1_song_and_before,宋,military_industrial,军器/制造,0,1,0,0,0,0,,,,0,0,0,1,0,0,0.0,1.3975995756472907e-33,0.0,-0.2777070288293577,-0.17812319241819308,-0.21135081309332437,-0.107944576878429,-3.174087617753835e-15,-1.9987334503111837e-15
48344,馮文智,Feng Wenzhi,953,cluster1_song_and_before,宋,medical,医学/医官,0,0,0,0,0,1,112.564827,37.873753,太原府,0,1,0,0,0,0,0.0,1.3975995756472907e-33,0.0,-0.2777070288293577,-0.17812319241819308,-0.21135081309332437,-0.107944576878429,-0.7891302874596061,1.7110412861461988
48449,童潮,Tong Chao,1241,cluster1_song_and_before,宋,works_general,工部,0,1,0,0,0,1,116.551216,29.896095,彭澤,0,0,0,0,0,0,0.0,1.3975995756472907e-33,0.0,-0.2777070288293577,-0.17812319241819308,-0.21135081309332437,-0.107944576878429,0.10125584469291293,-0.5330477879170655
48495,曾楷,Zeng Kai,997,cluster1_song_and_before,宋,works_general,工部,0,1,0,0,0,0,,,,0,0,0,0,0,0,0.0,1.3975995756472907e-33,0.0,-0.2777070288293577,-0.17812319241819308,-0.21135081309332437,-0.107944576878429,-3.174087617753835e-15,-1.9987334503111837e-15
48590,黃垍,Huang Ji,1000,cluster1_song_and_before,宋,works_general,工部,0,1,0,0,0,0,,,,0,0,0,0,0,0,0.0,1.3975995756472907e-33,0.0,-0.2777070288293577,-0.17812319241819308,-0.21135081309332437,-0.107944576878429,-3.174087617753835e-15,-1.9987334503111837e-15
48641,黃照,Huang Zhao,1016,cluster1_song_and_before,宋,works_general,工部,0,1,0,0,0,1,112.978134,28.198198,長沙,0,0,0,0,0,0,0.0,1.3975995756472907e-33,0.0,-0.2777070288293577,-0.17812319241819308,-0.21135081309332437,-0.107944576878429,-0.6968154578929071,-1.0106606545735188
48675,黃頤,Huang Yi,1039,cluster1_song_and_before,宋,construction,将作/营缮,0,0,0,0,0,1,120.815277,29.58749,剡縣,0,0,0,0,1,0,0.0,1.3975995756472907e-33,0.0,-0.2777070288293577,-0.17812319241819308,-0.21135081309332437,-0.107944576878429,1.0536618394546882,-0.6198573639481882
48749,黃自然,Huang Ziran,1187,cluster1_song_and_before,宋,construction,将作/营缮,0,1,0,0,0,1,118.32378387,27.038864136,甌寧,0,0,0,0,1,0,0.0,1.3975995756472907e-33,0.0,-0.2777070288293577,-0.17812319241819308,-0.21135081309332437,-0.107944576878429,0.4971705057425824,-1.3367774744966026
49052,傅雱,Fu Pang,1095,cluster1_song_and_before,宋,works_general,工部,0,1,0,0,0,1,119.883675,29.458708,浦江,0,0,0,0,0,0,0.0,1.3975995756472907e-33,0.0,-0.2777070288293577,-0.17812319241819308,-0.21135081309332437,-0.107944576878429,0.8455824218450297,-0.6560833188758135
49210,舒雅,Shu Ya,946,cluster1_song_and_before,宋,construction,将作/营缮,0,1,0,0,0,1,118.538772,30.291025,旌德,0,0,0,0,1,0,0.0,1.3975995756472907e-33,0.0,-0.2777070288293577,-0.17812319241819308,-0.21135081309332437,-0.107944576878429,0.5451895148080295,-0.42195527204087613
49581,楊昭儉,Yang Zhaojian,902,cluster1_song_and_before,宋,works_general,工部,0,0,0,0,0,1,108.906976,34.246423,長安,0,0,0,0,0,0,0.0,1.3975995756472907e-33,0.0,-0.2777070288293577,-0.17812319241819308,-0.21135081309332437,-0.107944576878429,-1.6061353022437168,0.6906852341542608
49672,路綸,Lu Lun,987,cluster1_song_and_before,宋,works_general,工部,0,0,0,0,0,1,111.750727,26.579952,祁陽,0,0,0,0,0,0,0.0,1.3975995756472907e-33,0.0,-0.2777070288293577,-0.17812319241819308,-0.21135081309332437,-0.107944576878429,-0.9709648626065278,-1.465867955732153
49726,董居誼,Dong Juyi,1151,cluster1_song_and_before,宋,works_general,工部,0,1,0,0,0,1,116.351341,27.984781,臨川,0,0,0,0,0,0,0.0,1.3975995756472907e-33,0.0,-0.2777070288293577,-0.17812319241819308,-0.21135081309332437,-0.107944576878429,0.0566124523486191,-1.0706941578797973
49820,葉之瑞,Ye Zhirui,1178,cluster1_song_and_before,宋,construction,将作/营缮,0,1,0,0,0,1,119.6499176,29.104711533,婺州,0,0,0,0,1,0,0.0,1.3975995756472907e-33,0.0,-0.2777070288293577,-0.17812319241819308,-0.21135081309332437,-0.107944576878429,0.793371173206718,-0.7556613659482376
49974,廖俁,Liao Yu,1139,cluster1_song_and_before,宋,military_industrial,军器/制造,0,1,0,0,0,1,112.852417,27.245646,衡山,0,0,0,1,0,1,0.0,0.006229044638128083,0.0,0.0895713085213861,-0.17812319241819308,0.14100734391354497,-0.107944576878429,-0.7248951744925197,-1.2786104132216223
49987,廖孟登,Liao Mengdeng,1033,cluster1_song_and_before,宋,works_general,工部,0,1,0,0,0,0,,,,0,0,0,0,0,0,0.0,1.3975995756472907e-33,0.0,-0.2777070288293577,-0.17812319241819308,-0.21135081309332437,-0.107944576878429,-3.174087617753835e-15,-1.9987334503111837e-15
50221,趙子建,Zhao Zijian,1029,cluster1_song_and_before,宋,astronomical,天文/历算,0,0,0,0,0,0,,,,1,0,0,0,0,0,0.0,1.3975995756472907e-33,0.0,-0.2777070288293577,-0.17812319241819308,-0.21135081309332437,-0.107944576878429,-3.174087617753835e-15,-1.9987334503111837e-15
50223,趙子振,Zhao Zizhen,1071,cluster1_song_and_before,宋,astronomical,天文/历算,0,0,0,0,0,0,,,,1,0,0,0,0,0,0.0,1.3975995756472907e-33,0.0,-0.2777070288293577,-0.17812319241819308,-0.21135081309332437,-0.107944576878429,-3.174087617753835e-15,-1.9987334503111837e-15
50230,趙子琦,Zhao Ziqi,1071,cluster1_song_and_before,宋,astronomical,天文/历算,0,0,0,0,0,0,,,,1,0,0,0,0,0,0.0,1.3975995756472907e-33,0.0,-0.2777070288293577,-0.17812319241819308,-0.21135081309332437,-0.107944576878429,-3.174087617753835e-15,-1.9987334503111837e-15
50302,趙文度,Zhao Wendu,914,cluster1_song_and_before,宋,military_industrial,军器/制造,0,1,0,0,0,1,117.15976,40.19804,魚陽,0,0,0,1,0,0,0.0,1.3975995756472907e-33,0.0,-0.2777070288293577,-0.17812319241819308,-0.21135081309332437,-0.107944576878429,0.2371781388806177,2.3648556088067187
50505,趙汝譢,Zhao Rusui,1178,cluster1_song_and_before,宋,military_industrial,军器/制造,0,1,0,0,0,0,,,,0,0,0,1,0,0,0.0,1.3975995756472907e-33,0.0,-0.2777070288293577,-0.17812319241819308,-0.21135081309332437,-0.107944576878429,-3.174087617753835e-15,-1.9987334503111837e-15
50521,趙自化,Zhao Zihua,950,cluster1_song_and_before,宋,medical,医学/医官,0,0,0,0,0,1,116.427864,37.156743,平原,0,1,0,0,0,0,0.0,1.3975995756472907e-33,0.0,-0.2777070288293577,-0.17812319241819308,-0.21135081309332437,-0.107944576878429,0.07370436635668563,1.5093487208602332
50598,趙良坦,Zhao Liangtan,1223,cluster1_song_and_before,宋,military_industrial,军器/制造,0,1,0,0,0,1,120.973587,29.952654,上虞,0,0,0,1,0,0,0.0,1.3975995756472907e-33,0.0,-0.2777070288293577,-0.17812319241819308,-0.21135081309332437,-0.107944576878429,1.0890214164004066,-0.5171379264088455
50807,趙彥博,Zhao Yanbo,1121,cluster1_song_and_before,宋,works_general,工部,0,1,0,0,0,1,119.964065,30.550453,武康,0,0,0,0,0,0,0.0,1.3975995756472907e-33,0.0,-0.2777070288293577,-0.17812319241819308,-0.21135081309332437,-0.107944576878429,0.8635380556689611,-0.34897902508894063
50820,趙咸一,Zhao Xianyi,998,cluster1_song_and_before,宋,works_general,工部,0,0,0,0,0,1,114.563645,38.14011,真定,0,0,0,0,0,0,0.0,1.3975995756472907e-33,0.0,-0.2777070288293577,-0.17812319241819308,-0.21135081309332437,-0.107944576878429,-0.3426811757705982,1.7859666381104302
50850,趙時逢,Zhao Shifeng,1163,cluster1_song_and_before,宋,construction,将作/营缮,0,1,0,0,0,0,,,,0,0,0,0,1,0,0.0,1.3975995756472907e-33,0.0,-0.2777070288293577,-0.17812319241819308,-0.21135081309332437,-0.107944576878429,-3.174087617753835e-15,-1.9987334503111837e-15
50865,趙時願,Zhao Shiyuan,1202,cluster1_song_and_before,宋,works_general,工部,0,1,0,0,0,1,119.011101,25.433954,莆田,0,0,0,0,0,0,0.0,1.3975995756472907e-33,0.0,-0.2777070288293577,-0.17812319241819308,-0.21135081309332437,-0.107944576878429,0.6506872952337401,-1.788233440777808
50867,趙修己,Zhao Xiuji,892,cluster1_song_and_before,宋,astronomical,天文/历算,0,0,0,0,0,1,114.34333,34.785477,浚儀,1,0,0,0,0,0,0.0,1.3975995756472907e-33,0.0,-0.2777070288293577,-0.17812319241819308,-0.21135081309332437,-0.107944576878429,-0.3918899761925293,0.8423193593235898
50921,趙逢龍,Zhao Fenglong,1176,cluster1_song_and_before,宋,construction,将作/营缮,0,1,0,0,0,1,121.542656,29.866316,鄞縣,0,0,0,0,1,0,0.0,1.3975995756472907e-33,0.0,-0.2777070288293577,-0.17812319241819308,-0.21135081309332437,-0.107944576878429,1.2161267103990354,-0.541424523111345
51006,趙與琇,Zhao Yuxiu,1217,cluster1_song_and_before,宋,construction,将作/营缮,0,1,0,0,0,0,,,,0,0,0,0,1,0,0.0,1.3975995756472907e-33,0.0,-0.2777070288293577,-0.17812319241819308,-0.21135081309332437,-0.107944576878429,-3.174087617753835e-15,-1.9987334503111837e-15
51096,蓋淑,Gai Shu,1017,cluster1_song_and_before,宋,construction,将作/营缮,0,1,0,0,0,1,115.238642,35.053291,冤句,0,0,0,0,1,0,0.0,1.3975995756472907e-33,0.0,-0.2777070288293577,-0.17812319241819308,-0.21135081309332437,-0.107944576878429,-0.19191616812970871,0.9176545606171501
51114,蒲慎密,Pu Shenmi,1012,cluster1_song_and_before,宋,works_general,工部,0,1,0,0,0,1,106.105835,30.819111,果州,0,0,0,0,0,0,0.0,1.3975995756472907e-33,0.0,-0.2777070288293577,-0.17812319241819308,-0.21135081309332437,-0.107944576878429,-2.2317885188775772,-0.2734064093588999
51262,鄭發,Zheng Fa,1201,cluster1_song_and_before,宋,works_general,工部,0,1,0,0,0,1,121.425552,29.283617,寧海,0,0,0,0,0,0,0.0,1.3975995756472907e-33,0.0,-0.2777070288293577,-0.17812319241819308,-0.21135081309332437,-0.107944576878429,1.189970763847009,-0.7053358438733522
51263,鄭發,Zheng Fa,1196,cluster1_song_and_before,宋,construction,将作/营缮,0,1,0,0,0,1,121.026558,29.138258,天台,0,0,0,0,1,0,0.0,1.3975995756472907e-33,0.0,-0.2777070288293577,-0.17812319241819308,-0.21135081309332437,-0.107944576878429,1.100852836717453,-0.7462248546227176
51303,鄭璹,Zheng Shu,1223,cluster1_song_and_before,宋,military_industrial,军器/制造,0,1,0,0,0,1,119.219635,29.369589,壽昌,0,0,0,1,0,0,0.0,1.3975995756472907e-33,0.0,-0.2777070288293577,-0.17812319241819308,-0.21135081309332437,-0.107944576878429,0.697264732027363,-0.6811522017724536
51502,歐陽廻,Ouyang Hui,896,cluster1_song_and_before,宋,works_general,工部,0,0,0,0,0,1,104.077995,30.650385,華陽,0,0,0,0,0,0,0.0,1.3975995756472907e-33,0.0,-0.2777070288293577,-0.17812319241819308,-0.21135081309332437,-0.107944576878429,-2.6847198846384606,-0.32086848069743024
51653,樂備,Yue Bei,1124,cluster1_song_and_before,宋,military_industrial,军器/制造,0,1,0,0,0,0,,,,0,0,0,1,0,0,0.0,1.3975995756472907e-33,0.0,-0.2777070288293577,-0.17812319241819308,-0.21135081309332437,-0.107944576878429,-3.174087617753835e-15,-1.9987334503111837e-15
51671,滕世寧,Teng Shining,942,cluster1_song_and_before,宋,works_general,工部,0,1,0,0,0,1,119.106499,36.702705,北海,0,0,0,0,0,0,0.0,1.3975995756472907e-33,0.0,-0.2777070288293577,-0.17812319241819308,-0.21135081309332437,-0.107944576878429,0.6719950643037151,1.381629318122045
51675,練定,Lian Ding,1033,cluster1_song_and_before,宋,construction,将作/营缮,0,1,0,0,0,1,118.536255,27.924686,浦城,0,0,0,0,1,0,0.0,1.3975995756472907e-33,0.0,-0.2777070288293577,-0.17812319241819308,-0.21135081309332437,-0.107944576878429,0.5446273263475893,-1.0875986846100525
51763,劉晟,Liu Sheng,957,cluster1_song_and_before,宋,works_general,工部,0,1,0,0,0,1,115.657387,39.019436,徐州,0,0,0,0,0,0,0.0,1.3975995756472907e-33,0.0,-0.2777070288293577,-0.17812319241819308,-0.21135081309332437,-0.107944576878429,-0.09838672559206188,2.0333181627232615
51858,劉騭,Liu Zhi,955,cluster1_song_and_before,宋,works_general,工部,0,1,0,0,0,1,112.518746,27.737248,湘鄉,0,0,0,0,0,0,0.0,1.3975995756472907e-33,0.0,-0.2777070288293577,-0.17812319241819308,-0.21135081309332437,-0.107944576878429,-0.7994227810812072,-1.1403243802796676
51873,劉夔,Liu Kui,982,cluster1_song_and_before,宋,works_general,工部,0,1,0,0,0,1,118.026779,27.756025,崇安,0,0,0,0,0,1,0.0,9.715226569772456e-05,0.0,0.0895713085213861,-0.17812319241819308,-0.20585520417109016,-0.107944576878429,0.4308325198034889,-1.1350424716614131
51911,劉天定,Liu Tianding,1205,cluster1_song_and_before,宋,works_general,工部,0,1,0,0,0,1,114.971275,27.103239,廬陵,0,0,0,0,0,0,0.0,1.3975995756472907e-33,0.0,-0.2777070288293577,-0.17812319241819308,-0.21135081309332437,-0.107944576878429,-0.251634341392583,-1.318669036036756
51963,劉良貴,Liu Lianggui,1211,cluster1_song_and_before,宋,construction,将作/营缮,0,1,0,0,0,1,120.65322113,28.018291473,溫州,0,0,0,0,1,0,0.0,1.3975995756472907e-33,0.0,-0.2777070288293577,-0.17812319241819308,-0.21135081309332437,-0.107944576878429,1.0174655978731713,-1.061267771548622
51980,劉伯正,Liu Bozheng,1175,cluster1_song_and_before,宋,military_industrial,军器/制造,0,1,0,0,0,1,116.681953,28.691545,餘干,0,0,0,1,0,0,0.0,1.3975995756472907e-33,0.0,-0.2777070288293577,-0.17812319241819308,-0.21135081309332437,-0.107944576878429,0.13045681122157346,-0.8718837588452376
52016,劉致一,Liu Zhiyi,1160,cluster1_song_and_before,宋,military_industrial,军器/制造,0,1,0,0,0,1,121.542656,29.866316,鄞縣,0,0,0,1,0,0,0.0,1.3975995756472907e-33,0.0,-0.2777070288293577,-0.17812319241819308,-0.21135081309332437,-0.107944576878429,1.2161267103990354,-0.541424523111345
52079,劉審瓊,Liu Shenqiong,934,cluster1_song_and_before,宋,military_industrial,军器/制造,0,0,0,0,0,1,115.968147,39.487221,范陽,0,0,0,1,0,0,0.0,1.3975995756472907e-33,0.0,-0.2777070288293577,-0.17812319241819308,-0.21135081309332437,-0.107944576878429,-0.02897644113971206,2.1649045515494914
52136,閻顒,Yan Yu,992,cluster1_song_and_before,宋,works_general,工部,0,1,0,0,0,1,103.67261,30.63656,蜀州,0,0,0,0,0,0,0.0,1.3975995756472907e-33,0.0,-0.2777070288293577,-0.17812319241819308,-0.21135081309332437,-0.107944576878429,-2.7752652835402345,-0.32475740793007496
52213,盧祖皋,Lu Zugao,1169,cluster1_song_and_before,宋,military_industrial,军器/制造,0,1,0,0,0,1,120.653221,28.018291,永嘉,0,0,0,1,0,0,0.0,1.3975995756472907e-33,0.0,-0.2777070288293577,-0.17812319241819308,-0.21135081309332437,-0.107944576878429,1.0174655688368177,-1.0612679046019733
52268,衛希道,Wei Xidao,1011,cluster1_song_and_before,宋,astronomical,天文/历算,0,0,1,0,0,1,110.332306,34.835129,河東,1,0,0,0,0,1,0.0,0.023272063860706498,0.0,0.0895713085213861,-0.17812319241819308,1.105079234864874,-0.107944576878429,-1.2877784971900827,0.8562863043474794
52303,錢衮,Qian Gun,1014,cluster1_song_and_before,宋,works_general,工部,0,1,0,0,0,1,104.434563,30.857916,金堂,0,0,0,0,0,0,0.0,1.3975995756472907e-33,0.0,-0.2777070288293577,-0.17812319241819308,-0.21135081309332437,-0.107944576878429,-2.605078082905274,-0.2624906899185548
52462,韓丕,Han Pi,946,cluster1_song_and_before,宋,works_general,工部,0,1,0,0,0,1,109.759888,34.519627,鄭縣,0,0,0,0,0,1,0.0,0.006745288130945696,0.0,0.0895713085213861,-0.17812319241819308,0.17020967208158766,-0.107944576878429,-1.4156318123067158,0.7675366247992821
52545,韓景融,Han Jingrong,1027,cluster1_song_and_before,宋,construction,将作/营缮,0,0,1,0,0,1,114.345497,36.098343,安陽,0,0,0,0,1,2,1.0,0.014441286514197947,0.0,0.45684964587212995,7.548737710309318,0.605548951888953,-0.107944576878429,-0.39140596252793847,1.211624266391446
52553,韓顯符,Han Xianfu,940,cluster1_song_and_before,宋,astronomical,天文/历算,0,0,0,0,0,0,,,,1,0,0,0,0,0,0.0,1.3975995756472907e-33,0.0,-0.2777070288293577,-0.17812319241819308,-0.21135081309332437,-0.107944576878429,-3.174087617753835e-15,-1.9987334503111837e-15
52583,薛?,Xue Meng (?),1199,cluster1_song_and_before,宋,construction,将作/营缮,0,1,0,0,0,1,120.65322113,28.018291473,溫州,0,0,0,0,1,0,0.0,1.3975995756472907e-33,0.0,-0.2777070288293577,-0.17812319241819308,-0.21135081309332437,-0.107944576878429,1.0174655978731713,-1.061267771548622
52639,顏衎,Yan Kan,889,cluster1_song_and_before,宋,works_general,工部,0,0,0,0,0,1,116.986059,35.597553,曲阜,0,0,0,0,0,0,0.0,1.3975995756472907e-33,0.0,-0.2777070288293577,-0.17812319241819308,-0.21135081309332437,-0.107944576878429,0.198380881126537,1.070753679133864
52691,豐有孚,Feng Youfu,1017,cluster1_song_and_before,宋,works_general,工部,0,0,0,0,0,1,119.44429016,32.206489563,丹徒,0,0,0,0,0,0,0.0,1.3975995756472907e-33,0.0,-0.2777070288293577,-0.17812319241819308,-0.21135081309332437,-0.107944576878429,0.7474429356548823,0.11685863770351972
52842,羅致恭,Luo Zhigong,983,cluster1_song_and_before,宋,works_general,工部,0,0,0,0,0,1,103.923309,30.579893,雙流,0,0,0,0,0,0,0.0,1.3975995756472907e-33,0.0,-0.2777070288293577,-0.17812319241819308,-0.21135081309332437,-0.107944576878429,-2.7192700174122924,-0.3406976494846697
52899,蘇畋,Su Tian,1012,cluster1_song_and_before,宋,works_general,工部,0,1,0,0,0,1,119.321577,26.073954,閩縣,0,0,0,0,0,0,0.0,1.3975995756472907e-33,0.0,-0.2777070288293577,-0.17812319241819308,-0.21135081309332437,-0.107944576878429,0.7200341464231732,-1.6082035363371199
53966,鄭信陵,Zheng Xinling,981,cluster1_song_and_before,宋,works_general,工部,0,0,0,0,0,0,,,,0,0,0,0,0,0,0.0,1.3975995756472907e-33,0.0,-0.2777070288293577,-0.17812319241819308,-0.21135081309332437,-0.107944576878429,-3.174087617753835e-15,-1.9987334503111837e-15
53995,許祐身,Xu Youshen,1850,cluster3_qing_after,清,hydraulic,水利/河道,0,1,0,0,0,1,120.16862488,30.294124603,仁和,0,0,1,0,0,0,0.0,1.3975995756472907e-33,0.0,-0.2777070288293577,-0.17812319241819308,-0.21135081309332437,-0.107944576878429,0.9092278466920588,-0.4210833638660419
54021,茹棻,Ru Fen,1755,cluster3_qing_after,清,works_general,工部,0,1,0,0,0,1,120.57826233,30.004514694,會稽,0,0,0,0,0,0,0.0,1.3975995756472907e-33,0.0,-0.2777070288293577,-0.17812319241819308,-0.21135081309332437,-0.107944576878429,1.0007230581955837,-0.5025496829947078
54104,翁同龢,Weng Tonghe,1830,cluster3_qing_after,清,works_general,工部,0,1,0,0,0,1,120.733788,31.646582,常熟,0,0,0,0,0,0,0.0,1.3975995756472907e-33,0.0,-0.2777070288293577,-0.17812319241819308,-0.21135081309332437,-0.107944576878429,1.0354607367717918,-0.040641526456649514
54146,徐人龍,Xu Renlong,1586,cluster2_yuan_ming,明,works_general,工部,0,1,0,0,0,1,120.97358704,29.952653885,上虞,0,0,0,0,0,0,0.0,1.3975995756472907e-33,0.0,-0.2777070288293577,-0.17812319241819308,-0.21135081309332437,-0.107944576878429,1.0890214253346697,-0.5171379587579686
54228,徐旭齡,Xu Xuling,1630,cluster2_yuan_ming,清,works_general,工部,0,1,0,0,0,1,120.16862488,30.294124603,錢塘,0,0,0,0,0,0,0.0,1.3975995756472907e-33,0.0,-0.2777070288293577,-0.17812319241819308,-0.21135081309332437,-0.107944576878429,0.9092278466920588,-0.4210833638660419
54245,彭蘊章,Peng Yunzhang,1792,cluster3_qing_after,清,works_general,工部,0,1,0,0,0,1,120.618622,31.31271,長洲,0,0,0,0,0,0,0.0,1.3975995756472907e-33,0.0,-0.2777070288293577,-0.17812319241819308,-0.21135081309332437,-0.107944576878429,1.0097376552322135,-0.1345586268557452
54246,陳法,Chen Fa,1696,cluster3_qing_after,清,hydraulic,水利/河道,0,1,0,0,0,1,115.51057434,38.23052597,安平,0,0,1,0,0,0,0.0,1.3975995756472907e-33,0.0,-0.2777070288293577,-0.17812319241819308,-0.21135081309332437,-0.107944576878429,-0.1311782962311586,1.8114003544213872
54673,曹秀先,Cao Xiuxian,1708,cluster3_qing_after,清,works_general,工部,0,1,0,0,0,1,115.89772034,28.67489624,新建,0,0,0,0,0,0,0.0,1.3975995756472907e-33,0.0,-0.2777070288293577,-0.17812319241819308,-0.21135081309332437,-0.107944576878429,-0.04470669761940243,-0.8765670005200132
54763,李星沅,Li Xingyuan,1797,cluster3_qing_after,清,hydraulic,水利/河道,0,1,0,0,0,1,112.8802948,28.676210403,湘陰,0,0,1,0,0,0,0.0,1.3975995756472907e-33,0.0,-0.2777070288293577,-0.17812319241819308,-0.21135081309332437,-0.107944576878429,-0.7186684849961057,-0.8761973307710922
54942,范允臨,Fan Yunlin,1565,cluster2_yuan_ming,明,works_general,工部,0,1,0,0,0,1,120.618622,31.31271,吳縣,0,0,0,0,0,0,0.0,1.3975995756472907e-33,0.0,-0.2777070288293577,-0.17812319241819308,-0.21135081309332437,-0.107944576878429,1.0097376552322135,-0.1345586268557452
54953,傅嘉年,Fu Jianian,1849,cluster3_qing_after,中華民國,hydraulic,水利/河道,0,1,0,0,0,1,118.32378387,27.038864136,建安,0,0,1,0,0,0,0.0,1.3975995756472907e-33,0.0,-0.2777070288293577,-0.17812319241819308,-0.21135081309332437,-0.107944576878429,0.4971705057425824,-1.3367774744966026
54993,錢維城,Qian Weicheng,1720,cluster3_qing_after,清,works_general,工部,0,1,0,0,0,1,119.95230103,31.782783508,武進,0,0,0,0,0,0,0.0,1.3975995756472907e-33,0.0,-0.2777070288293577,-0.17812319241819308,-0.21135081309332437,-0.107944576878429,0.8609104958028614,-0.002328488222402521
54996,方以智,Fang Yizhi,1611,cluster2_yuan_ming,清,works_general,工部,0,1,0,0,0,1,116.938606,31.05228,桐城,0,0,0,0,0,0,0.0,1.3975995756472907e-33,0.0,-0.2777070288293577,-0.17812319241819308,-0.21135081309332437,-0.107944576878429,0.18778194230520337,-0.20781673312682059
55080,完顏留保,Wanyan Liubao,1686,cluster3_qing_after,清,works_general,工部,0,1,0,0,0,0,,,,0,0,0,0,0,0,0.0,1.3975995756472907e-33,0.0,-0.2777070288293577,-0.17812319241819308,-0.21135081309332437,-0.107944576878429,-3.174087617753835e-15,-1.9987334503111837e-15
55216,林壽圖,Lin Shoutu,1822,cluster3_qing_after,清,works_general,工部,0,1,0,0,0,1,119.32157898,26.073953629,閩縣,0,0,0,0,0,0,0.0,1.3975995756472907e-33,0.0,-0.2777070288293577,-0.17812319241819308,-0.21135081309332437,-0.107944576878429,0.7200345886691597,-1.6082036406982059
55233,田雯,Tian Wen,1635,cluster2_yuan_ming,清,construction,将作/营缮,0,1,0,0,0,1,116.28740692,37.451641083,德州,0,0,0,0,1,0,0.0,1.3975995756472907e-33,0.0,-0.2777070288293577,-0.17812319241819308,-0.21135081309332437,-0.107944576878429,0.04233235620046635,1.5923025860199707
55631,潘祖蔭,Pan Zuyin,1830,cluster3_qing_after,清,works_general,工部,0,1,0,0,0,1,120.618622,31.31271,吳縣,0,0,0,0,0,0,0.0,1.3975995756472907e-33,0.0,-0.2777070288293577,-0.17812319241819308,-0.21135081309332437,-0.107944576878429,1.0097376552322135,-0.1345586268557452
55666,吳綺,Wu Qi,1619,cluster2_yuan_ming,清,works_general,工部,0,0,0,0,0,1,119.43718719,32.391269684,江都,0,0,0,0,0,0,0.0,1.3975995756472907e-33,0.0,-0.2777070288293577,-0.17812319241819308,-0.21135081309332437,-0.107944576878429,0.7458564407129468,0.16883668071315916
55706,彭期生,Peng Qisheng,1582,cluster2_yuan_ming,明,hydraulic,水利/河道,0,1,0,0,0,1,120.932022,30.517859,海鹽,0,0,1,0,0,1,0.0,7.50330558788574e-25,0.0,0.0895713085213861,-0.17812319241819308,-0.21135081309332437,-0.107944576878429,1.0797376010018311,-0.3581476105660339
55824,陳廷敬,Chen Tingjing,1639,cluster2_yuan_ming,清,works_general,工部,0,1,0,0,0,1,112.8391571,35.504318237,澤州府,0,0,0,0,0,0,0.0,1.3975995756472907e-33,0.0,-0.2777070288293577,-0.17812319241819308,-0.21135081309332437,-0.107944576878429,-0.72785686013678,1.0445270455816145
55869,鈕祜祿德齡,Niuhulu Deling,1707,cluster3_qing_after,清,works_general,工部,0,1,0,0,0,0,,,,0,0,0,0,0,0,0.0,1.3975995756472907e-33,0.0,-0.2777070288293577,-0.17812319241819308,-0.21135081309332437,-0.107944576878429,-3.174087617753835e-15,-1.9987334503111837e-15
55984,張廷瑑,Zhang Tingzhuan,1681,cluster3_qing_after,清,works_general,工部,0,1,0,0,0,1,116.93860626,31.052280426,桐城,0,0,0,0,0,0,0.0,1.3975995756472907e-33,0.0,-0.2777070288293577,-0.17812319241819308,-0.21135081309332437,-0.107944576878429,0.18778200037791049,-0.20781661329441553
56278,張英,Zhang Ying,1637,cluster2_yuan_ming,清,works_general,工部,0,1,0,0,0,1,116.93860626,31.052280426,桐城,0,0,0,0,0,0,0.0,1.3975995756472907e-33,0.0,-0.2777070288293577,-0.17812319241819308,-0.21135081309332437,-0.107944576878429,0.18778200037791049,-0.20781661329441553
56763,歸朝煦,Gui Chaoxu,1732,cluster3_qing_after,清,hydraulic,水利/河道,0,0,0,0,0,0,,,,0,0,1,0,0,0,0.0,1.3975995756472907e-33,0.0,-0.2777070288293577,-0.17812319241819308,-0.21135081309332437,-0.107944576878429,-3.174087617753835e-15,-1.9987334503111837e-15
56832,孫嘉淦,Sun Jiagan,1683,cluster3_qing_after,清,works_general,工部,0,1,0,0,0,1,111.12374878,38.472667694,興縣,0,0,0,0,0,0,0.0,1.3975995756472907e-33,0.0,-0.2777070288293577,-0.17812319241819308,-0.21135081309332437,-0.107944576878429,-1.1110045607518089,1.879514028535174
56850,曹振鏞,Cao Zhenyong,1755,cluster3_qing_after,清,works_general,工部,1,1,0,0,0,1,118.4339447,29.86577034,歙縣,0,0,0,0,0,0,0.0,1.3975995756472907e-33,0.0,-0.2777070288293577,-0.17812319241819308,-0.21135081309332437,-0.107944576878429,0.521775649730891,-0.5415780154826844
56856,梁維樞,Liang Weishu,1587,cluster2_yuan_ming,清,works_general,工部,0,0,0,0,0,1,114.563645,38.14011,真定,0,0,0,0,0,0,0.0,1.3975995756472907e-33,0.0,-0.2777070288293577,-0.17812319241819308,-0.21135081309332437,-0.107944576878429,-0.3426811757705982,1.7859666381104302
56858,陸燿,Lu Yao,1723,cluster3_qing_after,清,hydraulic,水利/河道,0,1,0,0,0,1,120.637787,31.167065,吳江,0,0,1,0,0,0,0.0,1.3975995756472907e-33,0.0,-0.2777070288293577,-0.17812319241819308,-0.21135081309332437,-0.107944576878429,1.0140182836963958,-0.17552808846865717
56862,劉星煒,Liu Xingwei,1718,cluster3_qing_after,清,works_general,工部,0,1,0,0,0,1,119.95230103,31.782783508,武進,0,0,0,0,0,2,0.0,2.1262940533200443e-22,0.0,0.45684964587212995,-0.17812319241819308,-0.21135081309332437,-0.107944576878429,0.8609104958028614,-0.002328488222402521
56863,蘭第錫,Lan Dixi,1736,cluster3_qing_after,清,hydraulic,水利/河道,0,1,0,0,0,1,110.6751709,36.095630646,吉州,0,0,1,0,0,0,0.0,1.3975995756472907e-33,0.0,-0.2777070288293577,-0.17812319241819308,-0.21135081309332437,-0.107944576878429,-1.2111973727283567,1.2108612900923368
56881,史貽直,Shi Yizhi,1682,cluster3_qing_after,清,works_general,工部,1,1,0,0,0,1,119.48600006,31.430706024,溧陽,0,0,0,0,0,0,0.0,1.3975995756472907e-33,0.0,-0.2777070288293577,-0.17812319241819308,-0.21135081309332437,-0.107944576878429,0.7567591154189417,-0.10136673166027473
56891,白鍾山,Bai Zhongshan,1698,cluster3_qing_after,清,hydraulic,水利/河道,0,0,0,0,0,0,,,,0,0,1,0,0,0,0.0,1.3975995756472907e-33,0.0,-0.2777070288293577,-0.17812319241819308,-0.21135081309332437,-0.107944576878429,-3.174087617753835e-15,-1.9987334503111837e-15
56904,朱之弼,Zhu Zhibi,1621,cluster2_yuan_ming,清,works_general,工部,0,1,0,0,0,1,116.36800385,39.931427002,大興,0,0,0,0,0,0,0.0,1.3975995756472907e-33,0.0,-0.2777070288293577,-0.17812319241819308,-0.21135081309332437,-0.107944576878429,0.060334209197267744,2.289858245443304
56905,他他拉裕泰,Tatala Yutai,1788,cluster3_qing_after,清,works_general,工部,0,0,0,0,0,0,,,,0,0,0,0,0,0,0.0,1.3975995756472907e-33,0.0,-0.2777070288293577,-0.17812319241819308,-0.21135081309332437,-0.107944576878429,-3.174087617753835e-15,-1.9987334503111837e-15
56923,顧皋,Gu Gao,1763,cluster3_qing_after,清,works_general,工部,0,1,0,0,0,1,120.29766846,31.574613571,金匱,0,0,0,0,0,0,0.0,1.3975995756472907e-33,0.0,-0.2777070288293577,-0.17812319241819308,-0.21135081309332437,-0.107944576878429,0.9380505767556113,-0.06088600988729968
56947,博爾濟吉特僧格林沁,Boerjijite Senggelinqin,1811,cluster3_qing_after,清,hydraulic,水利/河道,0,0,0,0,0,1,116.96843719,35.403820038,鄒縣,0,0,1,0,0,0,0.0,1.3975995756472907e-33,0.0,-0.2777070288293577,-0.17812319241819308,-0.21135081309332437,-0.107944576878429,0.19444493427152074,1.0162572312653155
56989,葉初春,Ye Chuchun,1582,cluster2_yuan_ming,清,works_general,工部,0,1,0,0,0,1,116.21801758,29.734992981,湖口,0,0,0,0,0,0,0.0,1.3975995756472907e-33,0.0,-0.2777070288293577,-0.17812319241819308,-0.21135081309332437,-0.107944576878429,0.026833791947149202,-0.5783652583635834
56990,劉餘祐,Liu Yuyou,1586,cluster2_yuan_ming,清,works_general,工部,0,1,0,0,0,1,116.36800385,39.931427002,宛平,0,0,0,0,0,0,0.0,1.3975995756472907e-33,0.0,-0.2777070288293577,-0.17812319241819308,-0.21135081309332437,-0.107944576878429,0.060334209197267744,2.289858245443304
56992,劉鐶之,Liu Xuanzhi,1758,cluster3_qing_after,清,works_general,工部,0,1,0,0,0,1,119.40398407,35.993354797,諸城,0,0,0,0,0,0,0.0,1.3975995756472907e-33,0.0,-0.2777070288293577,-0.17812319241819308,-0.21135081309332437,-0.107944576878429,0.7384403060627176,1.1820914286516193
57007,汪漋,Wang Long,1679,cluster3_qing_after,清,works_general,工部,0,1,0,0,0,1,118.17577362,29.781190872,休寧,0,0,0,0,0,0,0.0,1.3975995756472907e-33,0.0,-0.2777070288293577,-0.17812319241819308,-0.21135081309332437,-0.107944576878429,0.46411144552130795,-0.5653699428915662
57020,管幹貞,Guan Ganzhen,1734,cluster3_qing_after,清,works_general,工部,0,1,0,0,0,1,119.95230103,31.782783508,陽湖,0,0,0,0,0,0,0.0,1.3975995756472907e-33,0.0,-0.2777070288293577,-0.17812319241819308,-0.21135081309332437,-0.107944576878429,0.8609104958028614,-0.002328488222402521
57062,邵燦,Shao Can,1799,cluster3_qing_after,清,hydraulic,水利/河道,0,1,0,0,0,1,121.15276337,30.049066544,餘姚,0,0,1,0,0,0,0.0,1.3975995756472907e-33,0.0,-0.2777070288293577,-0.17812319241819308,-0.21135081309332437,-0.107944576878429,1.1290416339600664,-0.49001739346633993
57067,金之俊,Jin Zhijun,1593,cluster2_yuan_ming,明,works_general,工部,0,1,0,0,0,1,120.637787,31.167065,吳江,0,0,0,0,0,0,0.0,1.3975995756472907e-33,0.0,-0.2777070288293577,-0.17812319241819308,-0.21135081309332437,-0.107944576878429,1.0140182836963958,-0.17552808846865717
57080,汪巴寧阿,Wang Baninga,1750,cluster3_qing_after,清,works_general,工部,0,0,0,0,0,0,,,,0,0,0,0,0,0,0.0,1.3975995756472907e-33,0.0,-0.2777070288293577,-0.17812319241819308,-0.21135081309332437,-0.107944576878429,-3.174087617753835e-15,-1.9987334503111837e-15
57124,章佳阿克敦,Zhangjia Akedun,1685,cluster3_qing_after,清,works_general,工部,0,1,0,0,0,0,,,,0,0,0,0,0,0,0.0,1.3975995756472907e-33,0.0,-0.2777070288293577,-0.17812319241819308,-0.21135081309332437,-0.107944576878429,-3.174087617753835e-15,-1.9987334503111837e-15
57129,王汝璧,Wang Rubi,1746,cluster3_qing_after,清,hydraulic,水利/河道,0,1,0,0,0,1,106.04174805,29.852437973,銅梁,0,0,1,0,0,0,0.0,1.3975995756472907e-33,0.0,-0.2777070288293577,-0.17812319241819308,-0.21135081309332437,-0.107944576878429,-2.2461027595429903,-0.5453283666654628
57141,覺羅阿揚阿,Jueluo Ayanga,1726,cluster3_qing_after,清,works_general,工部,0,0,0,0,0,0,,,,0,0,0,0,0,0,0.0,1.3975995756472907e-33,0.0,-0.2777070288293577,-0.17812319241819308,-0.21135081309332437,-0.107944576878429,-3.174087617753835e-15,-1.9987334503111837e-15
57143,索佳額勒布,Suojia Elebu,1747,cluster3_qing_after,清,construction,将作/营缮,0,1,0,0,0,0,,,,0,0,0,0,1,0,0.0,1.3975995756472907e-33,0.0,-0.2777070288293577,-0.17812319241819308,-0.21135081309332437,-0.107944576878429,-3.174087617753835e-15,-1.9987334503111837e-15
57144,顏檢,Yan Jian,1757,cluster3_qing_after,清,works_general,工部,0,0,0,0,0,1,114.48235321,24.357727051,連平州,0,0,0,0,0,0,0.0,1.3975995756472907e-33,0.0,-0.2777070288293577,-0.17812319241819308,-0.21135081309332437,-0.107944576878429,-0.3608382303063823,-2.0909725576293123
57162,瓜爾佳阿精阿,Guaerjia Ajinga,1735,cluster3_qing_after,清,works_general,工部,0,0,0,0,0,0,,,,0,0,0,0,0,0,0.0,1.3975995756472907e-33,0.0,-0.2777070288293577,-0.17812319241819308,-0.21135081309332437,-0.107944576878429,-3.174087617753835e-15,-1.9987334503111837e-15
57173,費莫保昌,Feimo Baochang,1787,cluster3_qing_after,清,works_general,工部,0,0,0,0,0,0,,,,0,0,0,0,0,0,0.0,1.3975995756472907e-33,0.0,-0.2777070288293577,-0.17812319241819308,-0.21135081309332437,-0.107944576878429,-3.174087617753835e-15,-1.9987334503111837e-15
57204,王頊齡,Wang Xuling,1642,cluster2_yuan_ming,清,works_general,工部,0,1,0,0,0,1,106.651955,35.218842,華亭,0,0,0,0,0,1,0.0,7.50330558788574e-25,0.0,0.0895713085213861,-0.17812319241819308,-0.21135081309332437,-0.107944576878429,-2.1098090345645475,0.9642235148516195
57205,愛新覺羅奕紀,Aixinjueluo Yiji,1800,cluster3_qing_after,清,hydraulic,水利/河道,0,0,0,0,0,0,,,,0,0,1,0,0,0,0.0,1.3975995756472907e-33,0.0,-0.2777070288293577,-0.17812319241819308,-0.21135081309332437,-0.107944576878429,-3.174087617753835e-15,-1.9987334503111837e-15
57257,劉佳本智,Liujia Benzhi,1758,cluster3_qing_after,清,hydraulic,水利/河道,0,0,0,0,0,0,,,,0,0,1,0,0,0,0.0,1.3975995756472907e-33,0.0,-0.2777070288293577,-0.17812319241819308,-0.21135081309332437,-0.107944576878429,-3.174087617753835e-15,-1.9987334503111837e-15
57258,程巖,Cheng Yan,1714,cluster3_qing_after,清,works_general,工部,0,1,0,0,0,1,117.77658844,28.208450317,鉛山,0,0,0,0,0,0,0.0,1.3975995756472907e-33,0.0,-0.2777070288293577,-0.17812319241819308,-0.21135081309332437,-0.107944576878429,0.3749508170846928,-1.007776711370698
57267,薩達拉恆春,Sadala Hengchun,1794,cluster3_qing_after,清,works_general,工部,0,1,0,0,0,0,,,,0,0,0,0,0,0,0.0,1.3975995756472907e-33,0.0,-0.2777070288293577,-0.17812319241819308,-0.21135081309332437,-0.107944576878429,-3.174087617753835e-15,-1.9987334503111837e-15
57274,郭洛羅永祚,Guoluoluo Yongzuo,1758,cluster3_qing_after,清,hydraulic,水利/河道,0,0,0,0,0,0,,,,0,0,1,0,0,0,0.0,1.3975995756472907e-33,0.0,-0.2777070288293577,-0.17812319241819308,-0.21135081309332437,-0.107944576878429,-3.174087617753835e-15,-1.9987334503111837e-15
57277,郝碩,Hao Shuo,1721,cluster3_qing_after,清,hydraulic,水利/河道,0,0,0,0,0,0,,,,0,0,1,0,0,0,0.0,1.3975995756472907e-33,0.0,-0.2777070288293577,-0.17812319241819308,-0.21135081309332437,-0.107944576878429,-3.174087617753835e-15,-1.9987334503111837e-15
57303,巴魯特柏葰,Balute Baisui,1795,cluster3_qing_after,清,works_general,工部,0,1,0,0,0,0,,,,0,0,0,0,0,0,0.0,1.3975995756472907e-33,0.0,-0.2777070288293577,-0.17812319241819308,-0.21135081309332437,-0.107944576878429,-3.174087617753835e-15,-1.9987334503111837e-15
57342,胡高望,Hu Gaowang,1735,cluster3_qing_after,清,works_general,工部,0,1,0,0,0,1,120.16862488,30.294124603,仁和,0,0,0,0,0,0,0.0,1.3975995756472907e-33,0.0,-0.2777070288293577,-0.17812319241819308,-0.21135081309332437,-0.107944576878429,0.9092278466920588,-0.4210833638660419
57351,范承勳,Fan Chengxun,1641,cluster2_yuan_ming,清,hydraulic,水利/河道,0,0,1,0,0,0,,,,0,0,1,0,0,0,0.0,1.3975995756472907e-33,0.0,-0.2777070288293577,-0.17812319241819308,-0.21135081309332437,-0.107944576878429,-3.174087617753835e-15,-1.9987334503111837e-15
57359,范時紀,Fan Shiji,1712,cluster3_qing_after,清,hydraulic,水利/河道,0,0,1,0,0,1,123.4496,41.796033,瀋陽衛,0,0,1,0,0,0,0.0,1.3975995756472907e-33,0.0,-0.2777070288293577,-0.17812319241819308,-0.21135081309332437,-0.107944576878429,1.6420551615340002,2.814365807379982
57398,蔣陳錫,Jiang Chenxi,1653,cluster3_qing_after,清,hydraulic,水利/河道,0,1,0,0,0,1,120.733788,31.646582,常熟,0,0,1,0,0,0,0.0,1.3975995756472907e-33,0.0,-0.2777070288293577,-0.17812319241819308,-0.21135081309332437,-0.107944576878429,1.0354607367717918,-0.040641526456649514
57426,閻循琦,Yan Xunqi,1710,cluster3_qing_after,清,hydraulic,水利/河道,0,1,0,0,0,1,118.83670807,36.703575134,昌樂,0,0,1,0,0,0,0.0,1.3975995756472907e-33,0.0,-0.2777070288293577,-0.17812319241819308,-0.21135081309332437,-0.107944576878429,0.6117354903753981,1.3818740839671542
57428,那木都魯先福,Namudulu Xianfu,1758,cluster3_qing_after,清,works_general,工部,0,1,0,0,0,0,,,,0,0,0,0,0,0,0.0,1.3975995756472907e-33,0.0,-0.2777070288293577,-0.17812319241819308,-0.21135081309332437,-0.107944576878429,-3.174087617753835e-15,-1.9987334503111837e-15
57430,杭阿坦全保,Hangatan Quanbao,1744,cluster3_qing_after,清,hydraulic,水利/河道,0,1,0,0,0,0,,,,0,0,1,0,0,0,0.0,1.3975995756472907e-33,0.0,-0.2777070288293577,-0.17812319241819308,-0.21135081309332437,-0.107944576878429,-3.174087617753835e-15,-1.9987334503111837e-15
57448,唐執玉,Tang Zhiyu,1669,cluster3_qing_after,清,works_general,工部,0,1,0,0,0,1,116.36800385,39.931427002,大興,0,0,0,0,0,0,0.0,1.3975995756472907e-33,0.0,-0.2777070288293577,-0.17812319241819308,-0.21135081309332437,-0.107944576878429,0.060334209197267744,2.289858245443304
57462,東鄂同麟,Donge Tonglin,1761,cluster3_qing_after,清,works_general,工部,0,1,0,0,0,0,,,,0,0,0,0,0,0,0.0,1.3975995756472907e-33,0.0,-0.2777070288293577,-0.17812319241819308,-0.21135081309332437,-0.107944576878429,-3.174087617753835e-15,-1.9987334503111837e-15
57463,博史克多山,Boshike Duoshan,1770,cluster3_qing_after,清,works_general,工部,0,1,0,0,0,0,,,,0,0,0,0,0,0,0.0,1.3975995756472907e-33,0.0,-0.2777070288293577,-0.17812319241819308,-0.21135081309332437,-0.107944576878429,-3.174087617753835e-15,-1.9987334503111837e-15
57470,葉赫納喇多福,Yehenala Duofu,1761,cluster3_qing_after,清,works_general,工部,0,0,0,0,0,0,,,,0,0,0,0,0,0,0.0,1.3975995756472907e-33,0.0,-0.2777070288293577,-0.17812319241819308,-0.21135081309332437,-0.107944576878429,-3.174087617753835e-15,-1.9987334503111837e-15
57497,舒穆祿徐元夢,Shumulu Xuyuanmeng,1655,cluster3_qing_after,清,works_general,工部,0,1,0,0,0,0,,,,0,0,0,0,0,1,0.0,7.50330558788574e-25,0.0,0.0895713085213861,-0.17812319241819308,-0.21135081309332437,-0.107944576878429,-3.174087617753835e-15,-1.9987334503111837e-15
57498,程正揆,Cheng Zhengkui,1606,cluster2_yuan_ming,明,works_general,工部,0,1,0,0,0,1,113.91035461,30.926221848,孝感,0,0,0,0,0,0,0.0,1.3975995756472907e-33,0.0,-0.2777070288293577,-0.17812319241819308,-0.21135081309332437,-0.107944576878429,-0.4885978696819315,-0.24327647853077292
57506,托克托莫忒策丹,Tuoketuomote Cedan,1755,cluster3_qing_after,清,works_general,工部,0,0,0,0,0,0,,,,0,0,0,0,0,0,0.0,1.3975995756472907e-33,0.0,-0.2777070288293577,-0.17812319241819308,-0.21135081309332437,-0.107944576878429,-3.174087617753835e-15,-1.9987334503111837e-15
57507,鈕祜祿策楞,Niuhulu Celeng,1693,cluster3_qing_after,清,hydraulic,水利/河道,0,0,0,0,0,0,,,,0,0,1,0,0,0,0.0,1.3975995756472907e-33,0.0,-0.2777070288293577,-0.17812319241819308,-0.21135081309332437,-0.107944576878429,-3.174087617753835e-15,-1.9987334503111837e-15
57509,愛新覺羅肅順,Aixinjueluo Sushun,1815,cluster3_qing_after,清,hydraulic,水利/河道,0,0,0,0,0,0,,,,0,0,1,0,0,0,0.0,1.3975995756472907e-33,0.0,-0.2777070288293577,-0.17812319241819308,-0.21135081309332437,-0.107944576878429,-3.174087617753835e-15,-1.9987334503111837e-15
57514,朱士彥,Zhu Shiyan,1771,cluster3_qing_after,清,works_general,工部,0,1,0,0,0,1,119.31004333,33.235946655,寶應,0,0,0,0,0,0,0.0,1.3975995756472907e-33,0.0,-0.2777070288293577,-0.17812319241819308,-0.21135081309332437,-0.107944576878429,0.7174580255727423,0.40644154692000195
57533,富察貴慶,Fucha Guiqing,1784,cluster3_qing_after,清,works_general,工部,0,1,0,0,0,0,,,,0,0,0,0,0,0,0.0,1.3975995756472907e-33,0.0,-0.2777070288293577,-0.17812319241819308,-0.21135081309332437,-0.107944576878429,-3.174087617753835e-15,-1.9987334503111837e-15
57563,瓜爾佳雅德,Guaerjia Yade,1738,cluster3_qing_after,清,works_general,工部,0,0,0,0,0,0,,,,0,0,0,0,0,0,0.0,1.3975995756472907e-33,0.0,-0.2777070288293577,-0.17812319241819308,-0.21135081309332437,-0.107944576878429,-3.174087617753835e-15,-1.9987334503111837e-15
57588,愛新覺羅恩桂,Aixinjueluo Engui,1800,cluster3_qing_after,清,works_general,工部,0,1,0,0,0,0,,,,0,0,0,0,0,0,0.0,1.3975995756472907e-33,0.0,-0.2777070288293577,-0.17812319241819308,-0.21135081309332437,-0.107944576878429,-3.174087617753835e-15,-1.9987334503111837e-15
57595,格吉勒廉善,Gejile Lianshan,1760,cluster3_qing_after,清,works_general,工部,0,1,0,0,0,0,,,,0,0,0,0,0,0,0.0,1.3975995756472907e-33,0.0,-0.2777070288293577,-0.17812319241819308,-0.21135081309332437,-0.107944576878429,-3.174087617753835e-15,-1.9987334503111837e-15
57632,鈕祜祿毓奇,Niuhulu Yuqi,1728,cluster3_qing_after,清,construction,将作/营缮,0,0,0,0,0,0,,,,0,0,0,0,1,0,0.0,1.3975995756472907e-33,0.0,-0.2777070288293577,-0.17812319241819308,-0.21135081309332437,-0.107944576878429,-3.174087617753835e-15,-1.9987334503111837e-15
57668,覺羅海齡,Jueluo Hailing,1772,cluster3_qing_after,清,works_general,工部,0,0,0,0,0,0,,,,0,0,0,0,0,0,0.0,1.3975995756472907e-33,0.0,-0.2777070288293577,-0.17812319241819308,-0.21135081309332437,-0.107944576878429,-3.174087617753835e-15,-1.9987334503111837e-15
57680,富察誠端,Fucha Chengduan,1780,cluster3_qing_after,清,works_general,工部,0,0,0,0,0,0,,,,0,0,0,0,0,0,0.0,1.3975995756472907e-33,0.0,-0.2777070288293577,-0.17812319241819308,-0.21135081309332437,-0.107944576878429,-3.174087617753835e-15,-1.9987334503111837e-15
57681,賈楨,Jia Zhen,1798,cluster3_qing_after,清,works_general,工部,0,1,0,0,0,1,120.52169,37.647312,黃縣,0,0,0,0,0,0,0.0,1.3975995756472907e-33,0.0,-0.2777070288293577,-0.17812319241819308,-0.21135081309332437,-0.107944576878429,0.9880872571998578,1.6473441742845518
57687,富察烏爾恭額,Fucha Wuergonge,1778,cluster3_qing_after,清,works_general,工部,0,0,0,0,0,0,,,,0,0,0,0,0,0,0.0,1.3975995756472907e-33,0.0,-0.2777070288293577,-0.17812319241819308,-0.21135081309332437,-0.107944576878429,-3.174087617753835e-15,-1.9987334503111837e-15
57725,何淩漢,He Linghan,1772,cluster3_qing_after,清,works_general,工部,0,1,0,0,0,1,111.59088135,25.531356812,道州,0,0,0,0,0,0,0.0,1.3975995756472907e-33,0.0,-0.2777070288293577,-0.17812319241819308,-0.21135081309332437,-0.107944576878429,-1.0066674370529503,-1.7608343486893485
57827,愛新覺羅靈桂,Aixinjueluo Linggui,1815,cluster3_qing_after,清,works_general,工部,0,1,0,0,0,0,,,,0,0,0,0,0,0,0.0,1.3975995756472907e-33,0.0,-0.2777070288293577,-0.17812319241819308,-0.21135081309332437,-0.107944576878429,-3.174087617753835e-15,-1.9987334503111837e-15
57831,汪佳阿爾邦阿,Wangjia Aerbanga,1772,cluster3_qing_after,清,hydraulic,水利/河道,0,0,0,0,0,0,,,,0,0,1,0,0,0,0.0,1.3975995756472907e-33,0.0,-0.2777070288293577,-0.17812319241819308,-0.21135081309332437,-0.107944576878429,-3.174087617753835e-15,-1.9987334503111837e-15
57864,馬佳寶珣,Majia Baoxun,1815,cluster3_qing_after,清,works_general,工部,0,1,0,0,0,0,,,,0,0,0,0,0,0,0.0,1.3975995756472907e-33,0.0,-0.2777070288293577,-0.17812319241819308,-0.21135081309332437,-0.107944576878429,-3.174087617753835e-15,-1.9987334503111837e-15
57872,那拉麒慶,Nala Qiqing,1811,cluster3_qing_after,清,hydraulic,水利/河道,0,1,0,0,0,0,,,,0,0,1,0,0,0,0.0,1.3975995756472907e-33,0.0,-0.2777070288293577,-0.17812319241819308,-0.21135081309332437,-0.107944576878429,-3.174087617753835e-15,-1.9987334503111837e-15
57874,愛新覺羅蘊著,Aixinjueluo Yunzhe,1699,cluster3_qing_after,清,works_general,工部,0,0,0,0,0,0,,,,0,0,0,0,0,0,0.0,1.3975995756472907e-33,0.0,-0.2777070288293577,-0.17812319241819308,-0.21135081309332437,-0.107944576878429,-3.174087617753835e-15,-1.9987334503111837e-15
57914,鈕鈷祿薩迎阿,Niugulu Sayinga,1794,cluster3_qing_after,清,works_general,工部,0,1,0,0,0,0,,,,0,0,0,0,0,0,0.0,1.3975995756472907e-33,0.0,-0.2777070288293577,-0.17812319241819308,-0.21135081309332437,-0.107944576878429,-3.174087617753835e-15,-1.9987334503111837e-15
57949,鍾秀,Zhongxiu,1805,cluster3_qing_after,清,works_general,工部,0,0,0,0,0,0,,,,0,0,0,0,0,0,0.0,1.3975995756472907e-33,0.0,-0.2777070288293577,-0.17812319241819308,-0.21135081309332437,-0.107944576878429,-3.174087617753835e-15,-1.9987334503111837e-15
57966,愛新覺羅錫齡,Aixinjueluo Xiling,1819,cluster3_qing_after,清,works_general,工部,0,1,0,0,0,0,,,,0,0,0,0,0,0,0.0,1.3975995756472907e-33,0.0,-0.2777070288293577,-0.17812319241819308,-0.21135081309332437,-0.107944576878429,-3.174087617753835e-15,-1.9987334503111837e-15
58100,戴佳慧成,Daijia Huicheng,1798,cluster3_qing_after,清,hydraulic,水利/河道,0,1,0,0,0,0,,,,0,0,1,0,0,0,0.0,1.3975995756472907e-33,0.0,-0.2777070288293577,-0.17812319241819308,-0.21135081309332437,-0.107944576878429,-3.174087617753835e-15,-1.9987334503111837e-15
58161,佟佳齊布森,Tongjia Qibusen,1753,cluster3_qing_after,清,works_general,工部,0,0,0,0,0,0,,,,0,0,0,0,0,0,0.0,1.3975995756472907e-33,0.0,-0.2777070288293577,-0.17812319241819308,-0.21135081309332437,-0.107944576878429,-3.174087617753835e-15,-1.9987334503111837e-15
58168,愛新覺羅德誠,Aixinjueluo Decheng,1801,cluster3_qing_after,清,works_general,工部,0,1,0,0,0,0,,,,0,0,0,0,0,0,0.0,1.3975995756472907e-33,0.0,-0.2777070288293577,-0.17812319241819308,-0.21135081309332437,-0.107944576878429,-3.174087617753835e-15,-1.9987334503111837e-15
58191,西林覺羅察杭阿,Xilinjueluo Chahanga,1817,cluster3_qing_after,清,military_industrial,军器/制造,0,0,0,0,0,0,,,,0,0,0,1,0,0,0.0,1.3975995756472907e-33,0.0,-0.2777070288293577,-0.17812319241819308,-0.21135081309332437,-0.107944576878429,-3.174087617753835e-15,-1.9987334503111837e-15
58196,蘇穆察廣林,Sumucha Guanglin,1790,cluster3_qing_after,清,works_general,工部,0,1,0,0,0,0,,,,0,0,0,0,0,0,0.0,1.3975995756472907e-33,0.0,-0.2777070288293577,-0.17812319241819308,-0.21135081309332437,-0.107944576878429,-3.174087617753835e-15,-1.9987334503111837e-15
58197,富察鳳秀,Fucha Fengxiu,1833,cluster3_qing_after,清,works_general,工部,0,0,0,0,0,0,,,,0,0,0,0,0,0,0.0,1.3975995756472907e-33,0.0,-0.2777070288293577,-0.17812319241819308,-0.21135081309332437,-0.107944576878429,-3.174087617753835e-15,-1.9987334503111837e-15
58221,廖鴻荃,Liao Hongquan,1783,cluster3_qing_after,清,works_general,工部,0,1,0,0,0,1,119.32157898,26.073953629,侯官,0,0,0,0,0,0,0.0,1.3975995756472907e-33,0.0,-0.2777070288293577,-0.17812319241819308,-0.21135081309332437,-0.107944576878429,0.7200345886691597,-1.6082036406982059
58240,愛新覺羅福錕,Aixinjueluo Fukun,1834,cluster3_qing_after,清,hydraulic,水利/河道,0,1,0,0,0,0,,,,0,0,1,0,0,0,0.0,1.3975995756472907e-33,0.0,-0.2777070288293577,-0.17812319241819308,-0.21135081309332437,-0.107944576878429,-3.174087617753835e-15,-1.9987334503111837e-15
58262,必祿福濟,Bilu Fuji,1812,cluster3_qing_after,清,hydraulic,水利/河道,0,1,0,0,0,0,,,,0,0,1,0,0,0,0.0,1.3975995756472907e-33,0.0,-0.2777070288293577,-0.17812319241819308,-0.21135081309332437,-0.107944576878429,-3.174087617753835e-15,-1.9987334503111837e-15
58266,寧古塔赫赫,Ningguta Hehe,1704,cluster3_qing_after,清,works_general,工部,0,0,0,0,0,0,,,,0,0,0,0,0,0,0.0,1.3975995756472907e-33,0.0,-0.2777070288293577,-0.17812319241819308,-0.21135081309332437,-0.107944576878429,-3.174087617753835e-15,-1.9987334503111837e-15
58278,奚他拉圖明額,Xitala Tuminge,1784,cluster3_qing_after,清,works_general,工部,0,1,0,0,0,0,,,,0,0,0,0,0,0,0.0,1.3975995756472907e-33,0.0,-0.2777070288293577,-0.17812319241819308,-0.21135081309332437,-0.107944576878429,-3.174087617753835e-15,-1.9987334503111837e-15
58311,喜塔臘裕德,Xitala Yude,1842,cluster3_qing_after,清,military_industrial,军器/制造,0,1,1,0,0,0,,,,0,0,0,1,0,0,0.0,1.3975995756472907e-33,0.0,-0.2777070288293577,-0.17812319241819308,-0.21135081309332437,-0.107944576878429,-3.174087617753835e-15,-1.9987334503111837e-15
58340,愛新覺羅溥興,Aixinjueluo Puxing,1844,cluster3_qing_after,清,hydraulic,水利/河道,0,0,0,0,0,0,,,,0,0,1,0,0,0,0.0,1.3975995756472907e-33,0.0,-0.2777070288293577,-0.17812319241819308,-0.21135081309332437,-0.107944576878429,-3.174087617753835e-15,-1.9987334503111837e-15
58341,愛新覺羅溥顧,Aixinjueluo Pugu,1844,cluster3_qing_after,清,hydraulic,水利/河道,0,0,0,0,0,0,,,,0,0,1,0,0,0,0.0,1.3975995756472907e-33,0.0,-0.2777070288293577,-0.17812319241819308,-0.21135081309332437,-0.107944576878429,-3.174087617753835e-15,-1.9987334503111837e-15
58344,塔他爾塔琦,Tataer Taqi,1735,cluster3_qing_after,清,works_general,工部,0,0,0,0,0,0,,,,0,0,0,0,0,0,0.0,1.3975995756472907e-33,0.0,-0.2777070288293577,-0.17812319241819308,-0.21135081309332437,-0.107944576878429,-3.174087617753835e-15,-1.9987334503111837e-15
58355,葉觀潮,Ye Guanchao,1758,cluster3_qing_after,清,hydraulic,水利/河道,0,1,0,0,0,1,119.32157898,26.073953629,閩縣,0,0,1,0,0,0,0.0,1.3975995756472907e-33,0.0,-0.2777070288293577,-0.17812319241819308,-0.21135081309332437,-0.107944576878429,0.7200345886691597,-1.6082036406982059
58359,葉存仁,Ye Cunren,1710,cluster3_qing_after,清,hydraulic,水利/河道,0,0,0,0,0,1,114.31919098,30.541385651,江夏,0,0,1,0,0,0,0.0,1.3975995756472907e-33,0.0,-0.2777070288293577,-0.17812319241819308,-0.21135081309332437,-0.107944576878429,-0.3972815846511483,-0.3515296406733168
58376,愛新覺羅載肅,Aixinjueluo Zaisu,1828,cluster3_qing_after,清,works_general,工部,0,1,0,0,0,0,,,,0,0,0,0,0,0,0.0,1.3975995756472907e-33,0.0,-0.2777070288293577,-0.17812319241819308,-0.21135081309332437,-0.107944576878429,-3.174087617753835e-15,-1.9987334503111837e-15
58383,那佳普保,Najia Pubao,1781,cluster3_qing_after,清,works_general,工部,0,1,0,0,0,0,,,,0,0,0,0,0,0,0.0,1.3975995756472907e-33,0.0,-0.2777070288293577,-0.17812319241819308,-0.21135081309332437,-0.107944576878429,-3.174087617753835e-15,-1.9987334503111837e-15
58387,愛新覺羅載齡,Aixinjueluo Zailing,1812,cluster3_qing_after,清,military_industrial,军器/制造,0,1,0,0,0,0,,,,0,0,0,1,0,0,0.0,1.3975995756472907e-33,0.0,-0.2777070288293577,-0.17812319241819308,-0.21135081309332437,-0.107944576878429,-3.174087617753835e-15,-1.9987334503111837e-15
58388,何裕城,He Yucheng,1726,cluster3_qing_after,清,hydraulic,水利/河道,0,0,0,0,0,1,120.57826233,30.004514694,山陰,0,0,1,0,0,1,0.0,7.50330558788574e-25,0.0,0.0895713085213861,-0.17812319241819308,-0.21135081309332437,-0.107944576878429,1.0007230581955837,-0.5025496829947078
58389,伊爾根覺羅嵩惠,Yiergenjueluo Songhui,1773,cluster3_qing_after,清,works_general,工部,0,0,0,0,0,0,,,,0,0,0,0,0,0,0.0,1.3975995756472907e-33,0.0,-0.2777070288293577,-0.17812319241819308,-0.21135081309332437,-0.107944576878429,-3.174087617753835e-15,-1.9987334503111837e-15
58393,傅繩勛,Fu Shengxun,1793,cluster3_qing_after,清,works_general,工部,0,1,0,0,0,1,115.98869324,36.447738647,聊城,0,0,0,0,0,0,0.0,1.3975995756472907e-33,0.0,-0.2777070288293577,-0.17812319241819308,-0.21135081309332437,-0.107944576878429,-0.024387303661187312,1.3099081178623875
58402,博爾濟吉特博迪蘇,Boerjijite Bodisu,1781,cluster3_qing_after,清,works_general,工部,0,1,0,0,0,0,,,,0,0,0,0,0,0,0.0,1.3975995756472907e-33,0.0,-0.2777070288293577,-0.17812319241819308,-0.21135081309332437,-0.107944576878429,-3.174087617753835e-15,-1.9987334503111837e-15
58411,單懋謙,Dan Maoqian,1807,cluster3_qing_after,清,works_general,工部,0,1,0,0,0,1,112.14887238,32.013473511,襄陽,0,0,0,0,0,0,0.0,1.3975995756472907e-33,0.0,-0.2777070288293577,-0.17812319241819308,-0.21135081309332437,-0.107944576878429,-0.8820364803205549,0.0625638542705848
58416,愛新覺羅善燾,Aixinjueluo Shantao,1817,cluster3_qing_after,清,works_general,工部,0,1,0,0,0,0,,,,0,0,0,0,0,0,0.0,1.3975995756472907e-33,0.0,-0.2777070288293577,-0.17812319241819308,-0.21135081309332437,-0.107944576878429,-3.174087617753835e-15,-1.9987334503111837e-15
58456,喬松年,Qiao Songnian,1815,cluster3_qing_after,清,works_general,工部,0,1,0,0,0,1,112.50899506,37.557182312,徐溝,0,0,0,0,0,0,0.0,1.3975995756472907e-33,0.0,-0.2777070288293577,-0.17812319241819308,-0.21135081309332437,-0.107944576878429,-0.8016007174921902,1.6219909881628198
58466,富察凱音布,Fucha Kaiyinbu,1776,cluster3_qing_after,清,works_general,工部,0,1,0,0,0,0,,,,0,0,0,0,0,0,0.0,1.3975995756472907e-33,0.0,-0.2777070288293577,-0.17812319241819308,-0.21135081309332437,-0.107944576878429,-3.174087617753835e-15,-1.9987334503111837e-15
58471,瓜爾佳景福,Guaerjia Jingfu,1720,cluster3_qing_after,清,works_general,工部,0,1,0,0,0,0,,,,0,0,0,0,0,0,0.0,1.3975995756472907e-33,0.0,-0.2777070288293577,-0.17812319241819308,-0.21135081309332437,-0.107944576878429,-3.174087617753835e-15,-1.9987334503111837e-15
58479,邵佳景綸,Shaojia Jinglun,1806,cluster3_qing_after,清,works_general,工部,0,0,0,0,0,0,,,,0,0,0,0,0,0,0.0,1.3975995756472907e-33,0.0,-0.2777070288293577,-0.17812319241819308,-0.21135081309332437,-0.107944576878429,-3.174087617753835e-15,-1.9987334503111837e-15
58483,顏扎景廉,Yanzha Jinglian,1823,cluster3_qing_after,清,military_industrial,军器/制造,0,1,0,0,0,0,,,,0,0,0,1,0,0,0.0,1.3975995756472907e-33,0.0,-0.2777070288293577,-0.17812319241819308,-0.21135081309332437,-0.107944576878429,-3.174087617753835e-15,-1.9987334503111837e-15
58486,博爾濟吉特惠豐,Boerjijite Huifeng,1788,cluster3_qing_after,清,works_general,工部,0,0,0,0,0,0,,,,0,0,0,0,0,0,0.0,1.3975995756472907e-33,0.0,-0.2777070288293577,-0.17812319241819308,-0.21135081309332437,-0.107944576878429,-3.174087617753835e-15,-1.9987334503111837e-15
58530,富察富呢揚阿,Fucha Funeyanga,1789,cluster3_qing_after,清,works_general,工部,0,1,0,0,0,1,123.4496,41.796033,瀋陽中衛,0,0,0,0,0,0,0.0,1.3975995756472907e-33,0.0,-0.2777070288293577,-0.17812319241819308,-0.21135081309332437,-0.107944576878429,1.6420551615340002,2.814365807379982
58535,富察富察善,Fucha Fuchashan,1713,cluster3_qing_after,清,works_general,工部,0,0,0,0,0,0,,,,0,0,0,0,0,0,0.0,1.3975995756472907e-33,0.0,-0.2777070288293577,-0.17812319241819308,-0.21135081309332437,-0.107944576878429,-3.174087617753835e-15,-1.9987334503111837e-15
58554,卓特富俊,Zhuote Fujun,1748,cluster3_qing_after,清,works_general,工部,0,1,0,0,0,0,,,,0,0,0,0,0,0,0.0,1.3975995756472907e-33,0.0,-0.2777070288293577,-0.17812319241819308,-0.21135081309332437,-0.107944576878429,-3.174087617753835e-15,-1.9987334503111837e-15
58609,王茂蔭,Wang Maoyin,1798,cluster3_qing_after,清,works_general,工部,0,1,0,0,0,1,118.4339447,29.86577034,歙縣,0,0,0,0,0,0,0.0,1.3975995756472907e-33,0.0,-0.2777070288293577,-0.17812319241819308,-0.21135081309332437,-0.107944576878429,0.521775649730891,-0.5415780154826844
58657,馬佳通智,Majia Tongzhi,1694,cluster3_qing_after,清,works_general,工部,0,0,0,0,0,0,,,,0,0,0,0,0,0,0.0,1.3975995756472907e-33,0.0,-0.2777070288293577,-0.17812319241819308,-0.21135081309332437,-0.107944576878429,-3.174087617753835e-15,-1.9987334503111837e-15
58660,毛昶熙,Mao Changxi,1817,cluster3_qing_after,清,works_general,工部,0,1,0,0,0,1,113.36535645,35.056087494,武陟,0,0,0,0,0,0,0.0,1.3975995756472907e-33,0.0,-0.2777070288293577,-0.17812319241819308,-0.21135081309332437,-0.107944576878429,-0.6103267836721729,0.9184412052227584
58681,申啟賢,Shen Qixian,1776,cluster3_qing_after,清,works_general,工部,0,1,0,0,0,1,114.19468689,35.14276123,延津,0,0,0,0,0,0,0.0,1.3975995756472907e-33,0.0,-0.2777070288293577,-0.17812319241819308,-0.21135081309332437,-0.107944576878429,-0.42509038984609315,0.9428222433627528
58715,費莫文澂,Feimo Wencheng,1835,cluster3_qing_after,清,works_general,工部,0,1,0,0,0,0,,,,0,0,0,0,0,0,0.0,1.3975995756472907e-33,0.0,-0.2777070288293577,-0.17812319241819308,-0.21135081309332437,-0.107944576878429,-3.174087617753835e-15,-1.9987334503111837e-15
58728,衛詣,Wei Yi,1727,cluster3_qing_after,清,works_general,工部,0,1,0,0,0,1,114.34333038,34.785476685,河南省,0,0,0,0,0,0,0.0,1.3975995756472907e-33,0.0,-0.2777070288293577,-0.17812319241819308,-0.21135081309332437,-0.107944576878429,-0.391889891317036,0.8423192707151208
58740,周兆基,Zhou Zhaoji,1754,cluster3_qing_after,清,works_general,工部,0,1,0,0,0,1,120.637787,31.167065,吳江,0,0,0,0,0,0,0.0,1.3975995756472907e-33,0.0,-0.2777070288293577,-0.17812319241819308,-0.21135081309332437,-0.107944576878429,1.0140182836963958,-0.17552808846865717
58755,周天爵,Zhou Tianjue,1775,cluster3_qing_after,清,hydraulic,水利/河道,0,1,0,0,0,1,116.25223541,36.166954041,東阿,0,0,1,0,0,0,0.0,1.3975995756472907e-33,0.0,-0.2777070288293577,-0.17812319241819308,-0.21135081309332437,-0.107944576878429,0.0344765687319424,1.2309243275708297
58763,陳希曾,Chen Xiceng,1766,cluster3_qing_after,清,works_general,工部,0,1,0,0,0,1,115.98756409,39.245948792,新城,0,0,0,0,0,0,0.0,1.3975995756472907e-33,0.0,-0.2777070288293577,-0.17812319241819308,-0.21135081309332437,-0.107944576878429,-0.02463950672042648,2.0970354694394393
58770,周祖培,Zhou Zupei,1793,cluster3_qing_after,清,works_general,工部,0,1,0,0,0,1,115.40705872,31.803518295,商城,0,0,0,0,0,0,0.0,1.3975995756472907e-33,0.0,-0.2777070288293577,-0.17812319241819308,-0.21135081309332437,-0.107944576878429,-0.15429918897624167,0.0035041394685470925
58783,陳官俊,Chen Guanjun,1782,cluster3_qing_after,清,works_general,工部,0,1,0,0,0,1,119.10649872,36.702705383,濰縣,0,0,0,0,0,0,0.0,1.3975995756472907e-33,0.0,-0.2777070288293577,-0.17812319241819308,-0.21135081309332437,-0.107944576878429,0.6719950017638797,1.3816294258586908
58806,李宏,Li Hong,1708,cluster3_qing_after,清,hydraulic,水利/河道,0,0,0,0,0,0,,,,0,0,1,0,0,0,0.0,1.3975995756472907e-33,0.0,-0.2777070288293577,-0.17812319241819308,-0.21135081309332437,-0.107944576878429,-3.174087617753835e-15,-1.9987334503111837e-15
58817,陳鳳翔,Chen Fengxiang,1751,cluster3_qing_after,清,hydraulic,水利/河道,0,0,1,0,0,1,116.06158447,27.75564003,崇仁,0,0,1,0,0,0,0.0,1.3975995756472907e-33,0.0,-0.2777070288293577,-0.17812319241819308,-0.21135081309332437,-0.107944576878429,-0.008106569305474352,-1.1351507624619022
58837,李友棠,Li Youtang,1735,cluster3_qing_after,清,works_general,工部,0,1,0,0,0,1,116.35134125,27.984781265,臨川,0,0,0,0,0,0,0.0,1.3975995756472907e-33,0.0,-0.2777070288293577,-0.17812319241819308,-0.21135081309332437,-0.107944576878429,0.05661250818775885,-1.070694083336166
58862,索綽絡德風,Suochaoluo Defeng,1723,cluster3_qing_after,清,works_general,工部,0,1,0,0,0,0,,,,0,0,0,0,0,0,0.0,1.3975995756472907e-33,0.0,-0.2777070288293577,-0.17812319241819308,-0.21135081309332437,-0.107944576878429,-3.174087617753835e-15,-1.9987334503111837e-15
58868,吳正治,Wu Zhengzhi,1618,cluster2_yuan_ming,清,works_general,工部,0,1,0,0,0,1,114.26192474,30.544374466,漢陽,0,0,0,0,0,0,0.0,1.3975995756472907e-33,0.0,-0.2777070288293577,-0.17812319241819308,-0.21135081309332437,-0.107944576878429,-0.41007237499712845,-0.3506888968001274
58880,吳拜,Wubai,1684,cluster3_qing_after,清,works_general,工部,0,0,0,0,0,0,,,,0,0,0,0,0,0,0.0,1.3975995756472907e-33,0.0,-0.2777070288293577,-0.17812319241819308,-0.21135081309332437,-0.107944576878429,-3.174087617753835e-15,-1.9987334503111837e-15
58881,吳省蘭,Wu Shenglan,1738,cluster3_qing_after,清,works_general,工部,0,1,0,0,0,1,121.75189972,31.05532074,南匯,0,0,0,0,0,0,0.0,1.3975995756472907e-33,0.0,-0.2777070288293577,-0.17812319241819308,-0.21135081309332437,-0.107944576878429,1.262862667810118,-0.20696138292115046
58882,吳省欽,Wu Shengqin,1729,cluster3_qing_after,清,works_general,工部,0,1,0,0,0,1,121.75189972,31.05532074,南匯,0,0,0,0,0,0,0.0,1.3975995756472907e-33,0.0,-0.2777070288293577,-0.17812319241819308,-0.21135081309332437,-0.107944576878429,1.262862667810118,-0.20696138292115046
58895,李宗瀚,Li Zonghan,1769,cluster3_qing_after,清,works_general,工部,0,1,0,0,0,1,116.35134125,27.984781265,臨川,0,0,0,0,0,0,0.0,1.3975995756472907e-33,0.0,-0.2777070288293577,-0.17812319241819308,-0.21135081309332437,-0.107944576878429,0.05661250818775885,-1.070694083336166
58907,李奉翰,Li Fenghan,1736,cluster3_qing_after,清,hydraulic,水利/河道,0,0,0,0,0,0,,,,0,0,1,0,0,0,0.0,1.3975995756472907e-33,0.0,-0.2777070288293577,-0.17812319241819308,-0.21135081309332437,-0.107944576878429,-3.174087617753835e-15,-1.9987334503111837e-15
58923,李棠階,Li Tangjie,1798,cluster3_qing_after,清,works_general,工部,0,1,0,0,0,1,112.93698883,35.089302063,河內,0,0,0,0,0,0,0.0,1.3975995756472907e-33,0.0,-0.2777070288293577,-0.17812319241819308,-0.21135081309332437,-0.107944576878429,-0.7060055015070781,0.9277843547276141
58962,呂熾,Lv Chi,1715,cluster3_qing_after,清,works_general,工部,0,1,0,0,0,1,110.28626251,25.280059814,臨桂,0,0,0,0,0,0,0.0,1.3975995756472907e-33,0.0,-0.2777070288293577,-0.17812319241819308,-0.21135081309332437,-0.107944576878429,-1.2980626127071346,-1.831523371402116
58972,李鴻藻,Li Hongzao,1820,cluster3_qing_after,清,works_general,工部,0,1,0,0,0,1,115.77420044,38.688907623,高陽,0,0,0,0,0,0,0.0,1.3975995756472907e-33,0.0,-0.2777070288293577,-0.17812319241819308,-0.21135081309332437,-0.107944576878429,-0.07229567752198354,1.9403416125260027
59002,汪由敦,Wang Youdun,1692,cluster3_qing_after,清,works_general,工部,0,1,0,0,0,1,120.16862488,30.294124603,錢塘,0,0,0,0,0,1,0.0,7.50330558788574e-25,0.0,0.0895713085213861,-0.17812319241819308,-0.21135081309332437,-0.107944576878429,0.9092278466920588,-0.4210833638660419
59009,李允禎,Li Yunzhen,1600,cluster2_yuan_ming,清,construction,将作/营缮,0,1,0,0,0,1,116.28741455,37.451644897,德州,0,0,0,0,1,0,0.0,1.3975995756472907e-33,0.0,-0.2777070288293577,-0.17812319241819308,-0.21135081309332437,-0.107944576878429,0.04233406041101564,1.5923036588856834
59019,王慶長,Wang Qingchang,1749,cluster3_qing_after,清,works_general,工部,0,1,0,0,0,1,121.26052856,37.493282318,福山,0,0,0,0,0,0,0.0,1.3975995756472907e-33,0.0,-0.2777070288293577,-0.17812319241819308,-0.21135081309332437,-0.107944576878429,1.1531116960400032,1.6040161290790993
59054,汪守和,Wang Shouhe,1764,cluster3_qing_after,清,works_general,工部,0,1,0,0,0,1,117.1240921,28.964994431,樂平,0,0,0,0,0,0,0.0,1.3975995756472907e-33,0.0,-0.2777070288293577,-0.17812319241819308,-0.21135081309332437,-0.107944576878429,0.22921147944948614,-0.7949633292635339
59064,李亨特,Li Hengte,1752,cluster3_qing_after,清,hydraulic,水利/河道,0,0,0,0,0,0,,,,0,0,1,0,0,0,0.0,1.3975995756472907e-33,0.0,-0.2777070288293577,-0.17812319241819308,-0.21135081309332437,-0.107944576878429,-3.174087617753835e-15,-1.9987334503111837e-15
59066,李廷揚,Li Tingyang,1730,cluster3_qing_after,清,works_general,工部,0,1,0,0,0,1,117.18782043,39.13697052,天津府,0,0,0,0,0,0,0.0,1.3975995756472907e-33,0.0,-0.2777070288293577,-0.17812319241819308,-0.21135081309332437,-0.107944576878429,0.2434456199855057,2.0663802383546397
59070,李來泰,Li Laitai,1631,cluster2_yuan_ming,清,works_general,工部,0,1,0,0,0,1,116.35134125,27.984781265,臨川,0,0,0,0,0,0,0.0,1.3975995756472907e-33,0.0,-0.2777070288293577,-0.17812319241819308,-0.21135081309332437,-0.107944576878429,0.05661250818775885,-1.070694083336166
59086,鈕祜錄傅森,Niuhulu Fusen,1738,cluster3_qing_after,清,works_general,工部,0,0,0,0,0,0,,,,0,0,0,0,0,0,0.0,1.3975995756472907e-33,0.0,-0.2777070288293577,-0.17812319241819308,-0.21135081309332437,-0.107944576878429,-3.174087617753835e-15,-1.9987334503111837e-15
59100,蔣予蒲,Jiang Yupu,1756,cluster3_qing_after,清,works_general,工部,0,1,0,0,0,1,115.06597137,34.430503845,睢州,0,0,0,0,0,0,0.0,1.3975995756472907e-33,0.0,-0.2777070288293577,-0.17812319241819308,-0.21135081309332437,-0.107944576878429,-0.23048328598550194,0.742466573114746
59106,蔣曰綸,Jiang Yuelun,1729,cluster3_qing_after,清,works_general,工部,0,1,0,0,0,1,115.06597137,34.430503845,睢州,0,0,0,0,0,0,0.0,1.3975995756472907e-33,0.0,-0.2777070288293577,-0.17812319241819308,-0.21135081309332437,-0.107944576878429,-0.23048328598550194,0.742466573114746
59107,沈維鐈,Shen Weiqiao,1778,cluster3_qing_after,清,works_general,工部,0,1,0,0,0,1,120.75320435,30.767469406,嘉興,0,0,0,0,0,0,0.0,1.3975995756472907e-33,0.0,-0.2777070288293577,-0.17812319241819308,-0.21135081309332437,-0.107944576878429,1.0397975059072224,-0.2879330206604385
59122,赫舍里常起,Hesheli Changqi,1761,cluster3_qing_after,清,works_general,工部,0,1,0,0,0,0,,,,0,0,0,0,0,0,0.0,1.3975995756472907e-33,0.0,-0.2777070288293577,-0.17812319241819308,-0.21135081309332437,-0.107944576878429,-3.174087617753835e-15,-1.9987334503111837e-15
59163,富察貝和諾,Fucha Beihenuo,1647,cluster3_qing_after,清,works_general,工部,0,0,0,0,0,0,,,,0,0,0,0,0,0,0.0,1.3975995756472907e-33,0.0,-0.2777070288293577,-0.17812319241819308,-0.21135081309332437,-0.107944576878429,-3.174087617753835e-15,-1.9987334503111837e-15
59186,孔慶鍸,Kong Qinghu,1805,cluster3_qing_after,清,works_general,工部,0,1,0,0,0,1,116.98722839,35.598602295,曲阜,0,0,0,0,0,0,0.0,1.3975995756472907e-33,0.0,-0.2777070288293577,-0.17812319241819308,-0.21135081309332437,-0.107944576878429,0.19864207205373424,1.071048842381646
59207,魏廷珍,Wei Tingzhen,1669,cluster3_qing_after,清,works_general,工部,0,1,0,0,0,1,116.25810242,37.688007355,景州,0,0,0,0,0,0,0.0,1.3975995756472907e-33,0.0,-0.2777070288293577,-0.17812319241819308,-0.21135081309332437,-0.107944576878429,0.03578700390051294,1.6587916443967872
59223,顧大申,Gu Dashen,1620,cluster2_yuan_ming,清,works_general,工部,0,1,0,0,0,1,106.651955,35.218842,華亭,0,0,0,0,0,0,0.0,1.3975995756472907e-33,0.0,-0.2777070288293577,-0.17812319241819308,-0.21135081309332437,-0.107944576878429,-2.1098090345645475,0.9642235148516195
59292,烏蘇薩彬圖,Wusu Sabintu,1752,cluster3_qing_after,清,works_general,工部,0,1,0,0,0,0,,,,0,0,0,0,0,0,0.0,1.3975995756472907e-33,0.0,-0.2777070288293577,-0.17812319241819308,-0.21135081309332437,-0.107944576878429,-3.174087617753835e-15,-1.9987334503111837e-15
59326,周系英,Zhou Xiying,1765,cluster3_qing_after,清,works_general,工部,0,1,0,0,0,1,112.91126251,27.87269783,湘潭,0,0,0,0,0,0,0.0,1.3975995756472907e-33,0.0,-0.2777070288293577,-0.17812319241819308,-0.21135081309332437,-0.107944576878429,-0.7117516438327071,-1.1022227866055938
59336,周煌,Zhou Huang,1714,cluster3_qing_after,清,works_general,工部,0,1,0,0,0,1,107.39096069,29.702775955,涪州,0,0,0,0,0,0,0.0,1.3975995756472907e-33,0.0,-0.2777070288293577,-0.17812319241819308,-0.21135081309332437,-0.107944576878429,-1.944747266142599,-0.5874278022888075
59362,霍達,Huo Da,1600,cluster2_yuan_ming,清,works_general,工部,0,1,0,0,0,1,108.105102,34.332054,武功,0,0,0,0,0,0,0.0,1.3975995756472907e-33,0.0,-0.2777070288293577,-0.17812319241819308,-0.21135081309332437,-0.107944576878429,-1.7852391200933213,0.7147729540716989
59377,涂天相,Tu Tianxiang,1665,cluster3_qing_after,清,works_general,工部,0,1,0,0,0,1,113.91035461,30.926221848,孝感,0,0,0,0,0,0,0.0,1.3975995756472907e-33,0.0,-0.2777070288293577,-0.17812319241819308,-0.21135081309332437,-0.107944576878429,-0.4885978696819315,-0.24327647853077292
59393,伊拉哩法敏,Yilali Famin,1679,cluster3_qing_after,清,works_general,工部,0,0,0,0,0,0,,,,0,0,0,0,0,0,0.0,1.3975995756472907e-33,0.0,-0.2777070288293577,-0.17812319241819308,-0.21135081309332437,-0.107944576878429,-3.174087617753835e-15,-1.9987334503111837e-15
59402,謝旻,Xie Min,1679,cluster3_qing_after,清,works_general,工部,0,0,0,0,0,1,119.95230103,31.782783508,武進,0,0,0,0,0,0,0.0,1.3975995756472907e-33,0.0,-0.2777070288293577,-0.17812319241819308,-0.21135081309332437,-0.107944576878429,0.8609104958028614,-0.002328488222402521
59403,薩克達薩敏,Sakeda Samin,1745,cluster3_qing_after,清,works_general,工部,0,1,0,0,0,0,,,,0,0,0,0,0,0,0.0,1.3975995756472907e-33,0.0,-0.2777070288293577,-0.17812319241819308,-0.21135081309332437,-0.107944576878429,-3.174087617753835e-15,-1.9987334503111837e-15
59428,烏米花沙納,Wumi Huashana,1806,cluster3_qing_after,清,hydraulic,水利/河道,0,1,0,0,0,0,,,,0,0,1,0,0,0,0.0,1.3975995756472907e-33,0.0,-0.2777070288293577,-0.17812319241819308,-0.21135081309332437,-0.107944576878429,-3.174087617753835e-15,-1.9987334503111837e-15
59658,張延登,Zhang Yandeng,1562,cluster2_yuan_ming,明,works_general,工部,0,1,0,0,0,1,117.72535,36.884702,鄒平,0,0,0,0,0,1,0.0,3.686838465712939e-12,0.0,0.0895713085213861,-0.17812319241819308,-0.21135081288477112,-0.107944576878429,0.3635063754084987,1.4328244783071873
59730,張國維,Zhang Guowei,1595,cluster2_yuan_ming,明,works_general,工部,0,1,0,0,0,1,120.227981,29.260567,東陽,0,0,0,0,0,0,0.0,1.3975995756472907e-33,0.0,-0.2777070288293577,-0.17812319241819308,-0.21135081309332437,-0.107944576878429,0.9224854254447556,-0.7118197334004733
59854,宋學朱,Song Xuezhu,1576,cluster2_yuan_ming,明,works_general,工部,0,1,0,0,0,1,120.618622,31.31271,長洲,0,0,0,0,0,0,0.0,1.3975995756472907e-33,0.0,-0.2777070288293577,-0.17812319241819308,-0.21135081309332437,-0.107944576878429,1.0097376552322135,-0.1345586268557452
59889,趙光抃,Zhao Guangpin,1613,cluster2_yuan_ming,明,works_general,工部,0,1,0,0,0,1,115.985679,29.722364,德化,0,0,0,0,0,1,0.0,7.50330558788574e-25,0.0,0.0895713085213861,-0.17812319241819308,-0.21135081309332437,-0.107944576878429,-0.025060553937308976,-0.5819177493676674
59893,王士倧,Wang Shizong,1712,cluster3_qing_after,清,construction,将作/营缮,0,1,0,0,0,0,,,,0,0,0,0,1,0,0.0,1.3975995756472907e-33,0.0,-0.2777070288293577,-0.17812319241819308,-0.21135081309332437,-0.107944576878429,-3.174087617753835e-15,-1.9987334503111837e-15
59926,王公弼,Wang Gongbi,1586,cluster2_yuan_ming,清,works_general,工部,0,1,0,0,0,1,115.91989899,38.682151794,蒲州,0,0,0,0,0,0,0.0,1.3975995756472907e-33,0.0,-0.2777070288293577,-0.17812319241819308,-0.21135081309332437,-0.107944576878429,-0.03975295065947141,1.938441219948991
59944,王日藻,Wang Rizao,1623,cluster2_yuan_ming,清,works_general,工部,0,1,0,0,0,1,106.651955,35.218842,華亭,0,0,0,0,0,0,0.0,1.3975995756472907e-33,0.0,-0.2777070288293577,-0.17812319241819308,-0.21135081309332437,-0.107944576878429,-2.1098090345645475,0.9642235148516195
60048,李本晟,Li Bensheng,1619,cluster2_yuan_ming,清,works_general,工部,0,1,0,0,0,1,115.34519958,30.062501907,蘄州,0,0,0,0,0,0,0.0,1.3975995756472907e-33,0.0,-0.2777070288293577,-0.17812319241819308,-0.21135081309332437,-0.107944576878429,-0.16811583366467459,-0.4862380698460017
60054,棟鄂孫柱,Donge Sunzhu,1650,cluster3_qing_after,清,works_general,工部,0,0,0,0,0,0,,,,0,0,0,0,0,0,0.0,1.3975995756472907e-33,0.0,-0.2777070288293577,-0.17812319241819308,-0.21135081309332437,-0.107944576878429,-3.174087617753835e-15,-1.9987334503111837e-15
60071,張澐卿,Zhang Yunqing,1820,cluster3_qing_after,清,works_general,工部,0,1,0,0,0,1,100.16444397,25.6978302,太和,0,0,0,0,0,0,0.0,1.3975995756472907e-33,0.0,-0.2777070288293577,-0.17812319241819308,-0.21135081309332437,-0.107944576878429,-3.55883717840563,-1.714005929730665
60122,文格,Wenge,1830,cluster3_qing_after,清,works_general,工部,0,1,0,0,0,0,,,,0,0,0,0,0,0,0.0,1.3975995756472907e-33,0.0,-0.2777070288293577,-0.17812319241819308,-0.21135081309332437,-0.107944576878429,-3.174087617753835e-15,-1.9987334503111837e-15
60181,愛新覺羅存誠,Aixinjueluo Cuncheng,1809,cluster3_qing_after,清,military_industrial,军器/制造,0,0,0,0,0,0,,,,0,0,0,1,0,0,0.0,1.3975995756472907e-33,0.0,-0.2777070288293577,-0.17812319241819308,-0.21135081309332437,-0.107944576878429,-3.174087617753835e-15,-1.9987334503111837e-15
60268,董之銘,Dong Zhiming,1737,cluster3_qing_after,清,works_general,工部,0,1,0,0,0,1,112.38262939,34.665275574,洛陽,0,0,0,0,0,0,0.0,1.3975995756472907e-33,0.0,-0.2777070288293577,-0.17812319241819308,-0.21135081309332437,-0.107944576878429,-0.8298253187913008,0.8085070917666919
60271,劉若鼐,Liu Ruonai,1648,cluster3_qing_after,清,construction,将作/营缮,0,1,0,0,0,1,116.86196899,38.309001923,滄州,0,0,0,0,1,0,0.0,1.3975995756472907e-33,0.0,-0.2777070288293577,-0.17812319241819308,-0.21135081309332437,-0.107944576878429,0.17066456341577915,1.8334753830455763
60297,李振聲,Li Zhensheng,1582,cluster2_yuan_ming,明,works_general,工部,0,1,0,0,0,1,110.183258,37.760258,米脂,0,0,0,0,0,0,0.0,1.3975995756472907e-33,0.0,-0.2777070288293577,-0.17812319241819308,-0.21135081309332437,-0.107944576878429,-1.3210693456810543,1.6791155142641738
60373,李敏第,Li Mindi,1700,cluster3_qing_after,清,works_general,工部,0,1,0,0,0,1,116.12141418,34.237991333,夏邑,0,0,0,0,0,0,0.0,1.3975995756472907e-33,0.0,-0.2777070288293577,-0.17812319241819308,-0.21135081309332437,-0.107944576878429,0.005256788880269455,0.6883134338350634
60413,趙濱彥,Zhao Binyan,1856,cluster3_qing_after,清,hydraulic,水利/河道,0,0,1,0,0,1,120.09931183,30.864963531,歸安,0,0,1,0,0,0,0.0,1.3975995756472907e-33,0.0,-0.2777070288293577,-0.17812319241819308,-0.21135081309332437,-0.107944576878429,0.8937463223106735,-0.2605082425240657
60419,李逢節,Li Fengjie,1577,cluster2_yuan_ming,明,works_general,工部,0,1,0,0,0,1,120.618622,31.31271,長洲,0,0,0,0,0,0,0.0,1.3975995756472907e-33,0.0,-0.2777070288293577,-0.17812319241819308,-0.21135081309332437,-0.107944576878429,1.0097376552322135,-0.1345586268557452
60448,齊克慎,Qikeshen,1753,cluster3_qing_after,清,works_general,工部,0,0,0,0,0,0,,,,0,0,0,0,0,0,0.0,1.3975995756472907e-33,0.0,-0.2777070288293577,-0.17812319241819308,-0.21135081309332437,-0.107944576878429,-3.174087617753835e-15,-1.9987334503111837e-15
60471,鄧廷枬,Deng Tingzhan,1815,cluster3_qing_after,清,works_general,工部,0,1,0,0,0,1,107.90538025,22.64333725,新寧州,0,0,0,0,0,0,0.0,1.3975995756472907e-33,0.0,-0.2777070288293577,-0.17812319241819308,-0.21135081309332437,-0.107944576878429,-1.8298482830448648,-2.5732247952045
60478,汪鳴鑾,Wang Mingluan,1839,cluster3_qing_after,清,works_general,工部,0,1,0,0,0,1,120.16862488,30.294124603,錢塘,0,0,0,0,0,0,0.0,1.3975995756472907e-33,0.0,-0.2777070288293577,-0.17812319241819308,-0.21135081309332437,-0.107944576878429,0.9092278466920588,-0.4210833638660419
60490,劉澍,Liu Shu,1616,cluster2_yuan_ming,清,works_general,工部,0,1,0,0,0,1,116.49060822,39.325710297,永清,0,0,0,0,0,0,0.0,1.3975995756472907e-33,0.0,-0.2777070288293577,-0.17812319241819308,-0.21135081309332437,-0.107944576878429,0.08771869946886456,2.1194721196319324
60502,潘恭常,Pan Gongchang,1775,cluster3_qing_after,清,construction,将作/营缮,0,1,0,0,0,1,120.16862488,30.294124603,錢塘,0,0,0,0,1,0,0.0,1.3975995756472907e-33,0.0,-0.2777070288293577,-0.17812319241819308,-0.21135081309332437,-0.107944576878429,0.9092278466920588,-0.4210833638660419
60522,魯贊元,Lu Zanyuan,1726,cluster3_qing_after,清,hydraulic,水利/河道,0,1,0,0,0,1,112.19077301,30.350444794,江陵,0,0,1,0,0,0,0.0,1.3975995756472907e-33,0.0,-0.2777070288293577,-0.17812319241819308,-0.21135081309332437,-0.107944576878429,-0.8726776997598886,-0.4052406785475865
60591,孫毓汶,Sun Yuwen,1833,cluster3_qing_after,清,works_general,工部,0,1,0,0,0,1,116.5778656,35.410430908,濟寧直隸州,0,0,0,0,0,0,0.0,1.3975995756472907e-33,0.0,-0.2777070288293577,-0.17812319241819308,-0.21135081309332437,-0.107944576878429,0.10720820766286163,1.018116847350269
60598,清安,Qingan,1830,cluster3_qing_after,清,works_general,工部,0,1,0,0,0,0,,,,0,0,0,0,0,0,0.0,1.3975995756472907e-33,0.0,-0.2777070288293577,-0.17812319241819308,-0.21135081309332437,-0.107944576878429,-3.174087617753835e-15,-1.9987334503111837e-15
60671,喜搭臘曾鉌,Xidala Cenghe,1839,cluster3_qing_after,清,works_general,工部,0,0,0,0,0,0,,,,0,0,0,0,0,0,0.0,1.3975995756472907e-33,0.0,-0.2777070288293577,-0.17812319241819308,-0.21135081309332437,-0.107944576878429,-3.174087617753835e-15,-1.9987334503111837e-15
60679,松椿,Songchun,1834,cluster3_qing_after,清,construction,将作/营缮,0,0,0,0,0,0,,,,0,0,0,0,1,0,0.0,1.3975995756472907e-33,0.0,-0.2777070288293577,-0.17812319241819308,-0.21135081309332437,-0.107944576878429,-3.174087617753835e-15,-1.9987334503111837e-15
60687,裕昆,Yukun,1831,cluster3_qing_after,清,works_general,工部,0,1,0,0,0,0,,,,0,0,0,0,0,0,0.0,1.3975995756472907e-33,0.0,-0.2777070288293577,-0.17812319241819308,-0.21135081309332437,-0.107944576878429,-3.174087617753835e-15,-1.9987334503111837e-15
60700,符應琦,Fu Yingqi,1619,cluster2_yuan_ming,清,hydraulic,水利/河道,0,0,0,0,0,1,115.73602295,38.245986938,饒陽,0,0,1,0,0,0,0.0,1.3975995756472907e-33,0.0,-0.2777070288293577,-0.17812319241819308,-0.21135081309332437,-0.107944576878429,-0.0808228703414468,1.815749474095763
60711,吳椿,Wu Chun,1770,cluster3_qing_after,清,works_general,工部,0,1,0,0,0,1,118.4339447,29.86577034,歙縣,0,0,0,0,0,0,0.0,1.3975995756472907e-33,0.0,-0.2777070288293577,-0.17812319241819308,-0.21135081309332437,-0.107944576878429,0.521775649730891,-0.5415780154826844
60721,吳邦慶,Wu Bangqing,1765,cluster3_qing_after,清,hydraulic,水利/河道,0,1,0,0,0,1,116.39524841,39.101535797,霸州,0,0,1,0,0,0,0.0,1.3975995756472907e-33,0.0,-0.2777070288293577,-0.17812319241819308,-0.21135081309332437,-0.107944576878429,0.0664194603858991,2.056412566799058
60723,吳孝銘,Wu Xiaoming,1779,cluster3_qing_after,清,works_general,工部,0,1,0,0,0,1,119.95230103,31.782783508,武進,0,0,0,0,0,0,0.0,1.3975995756472907e-33,0.0,-0.2777070288293577,-0.17812319241819308,-0.21135081309332437,-0.107944576878429,0.8609104958028614,-0.002328488222402521
60738,杜受田,Du Shoutian,1787,cluster3_qing_after,清,works_general,工部,0,1,0,0,0,1,117.96530914,37.47833252,濱州,0,0,0,0,0,0,0.0,1.3975995756472907e-33,0.0,-0.2777070288293577,-0.17812319241819308,-0.21135081309332437,-0.107944576878429,0.4171028233565644,1.5998107998519946
60768,徐烺,Xu Lang,1743,cluster3_qing_after,清,hydraulic,水利/河道,0,1,0,0,0,1,120.16862488,30.294124603,錢塘,0,0,1,0,0,0,0.0,1.3975995756472907e-33,0.0,-0.2777070288293577,-0.17812319241819308,-0.21135081309332437,-0.107944576878429,0.9092278466920588,-0.4210833638660419
60792,富察瑞璸,Fucha Ruipian,1801,cluster3_qing_after,清,works_general,工部,0,0,0,0,0,0,,,,0,0,0,0,0,0,0.0,1.3975995756472907e-33,0.0,-0.2777070288293577,-0.17812319241819308,-0.21135081309332437,-0.107944576878429,-3.174087617753835e-15,-1.9987334503111837e-15
60793,何煟,He Wei,1711,cluster3_qing_after,清,hydraulic,水利/河道,0,0,0,0,0,1,109.69477844,26.575759888,靖州,0,0,1,0,0,1,0.0,7.50330558788574e-25,0.0,0.0895713085213861,-0.17812319241819308,-0.21135081309332437,-0.107944576878429,-1.4301744596235133,-1.4670471831114724
60804,張長臻,Zhang Changzhen,1792,cluster3_qing_after,清,works_general,工部,0,1,0,0,0,0,,,,0,0,0,0,0,0,0.0,1.3975995756472907e-33,0.0,-0.2777070288293577,-0.17812319241819308,-0.21135081309332437,-0.107944576878429,-3.174087617753835e-15,-1.9987334503111837e-15
60848,許希孔,Xu Xikong,1681,cluster3_qing_after,清,works_general,工部,0,1,0,0,0,1,102.71035004,25.045913696,昆明,0,0,0,0,0,0,0.0,1.3975995756472907e-33,0.0,-0.2777070288293577,-0.17812319241819308,-0.21135081309332437,-0.107944576878429,-2.9901923576189677,-1.8973879077282072
60868,愛新覺羅阿克丹,Aixinjueluo Akedan,1833,cluster3_qing_after,清,works_general,工部,0,1,0,0,0,0,,,,0,0,0,0,0,0,0.0,1.3975995756472907e-33,0.0,-0.2777070288293577,-0.17812319241819308,-0.21135081309332437,-0.107944576878429,-3.174087617753835e-15,-1.9987334503111837e-15
60876,恩銘,Enming,1777,cluster3_qing_after,清,works_general,工部,0,0,0,0,0,0,,,,0,0,0,0,0,0,0.0,1.3975995756472907e-33,0.0,-0.2777070288293577,-0.17812319241819308,-0.21135081309332437,-0.107944576878429,-3.174087617753835e-15,-1.9987334503111837e-15
60880,王振奇,Wang Zhenqi,1571,cluster2_yuan_ming,明,works_general,工部,0,1,0,0,0,1,114.971275,27.103239,廬陵,0,0,0,0,0,0,0.0,1.3975995756472907e-33,0.0,-0.2777070288293577,-0.17812319241819308,-0.21135081309332437,-0.107944576878429,-0.251634341392583,-1.318669036036756
60936,什拉恩特亨額,Shenla Entehenge,1779,cluster3_qing_after,清,works_general,工部,0,0,0,0,0,0,,,,0,0,0,0,0,0,0.0,1.3975995756472907e-33,0.0,-0.2777070288293577,-0.17812319241819308,-0.21135081309332437,-0.107944576878429,-3.174087617753835e-15,-1.9987334503111837e-15
60952,栗爾璋,Li Erzhang,1685,cluster3_qing_after,清,works_general,工部,0,1,0,0,0,1,106.261898,38.478739,寧夏衛,0,0,0,0,0,0,0.0,1.3975995756472907e-33,0.0,-0.2777070288293577,-0.17812319241819308,-0.21135081309332437,-0.107944576878429,-2.196930824121215,1.881221867033626
60953,托闊羅桂清,Tuokuoluo Guiqing,1816,cluster3_qing_after,清,works_general,工部,0,1,0,0,0,0,,,,0,0,0,0,0,0,0.0,1.3975995756472907e-33,0.0,-0.2777070288293577,-0.17812319241819308,-0.21135081309332437,-0.107944576878429,-3.174087617753835e-15,-1.9987334503111837e-15
60974,蘇爾完呢瓜爾佳容貴,Suerwanneguaerjia Ronggui,1831,cluster3_qing_after,清,military_industrial,军器/制造,0,0,0,0,0,0,,,,0,0,0,1,0,0,0.0,1.3975995756472907e-33,0.0,-0.2777070288293577,-0.17812319241819308,-0.21135081309332437,-0.107944576878429,-3.174087617753835e-15,-1.9987334503111837e-15
61007,陳觀,Chen Guan,1753,cluster3_qing_after,清,hydraulic,水利/河道,0,1,0,0,0,1,115.98756409,39.245948792,新城,0,0,1,0,0,0,0.0,1.3975995756472907e-33,0.0,-0.2777070288293577,-0.17812319241819308,-0.21135081309332437,-0.107944576878429,-0.02463950672042648,2.0970354694394393
61130,李基溥,Li Jipu,1793,cluster3_qing_after,清,hydraulic,水利/河道,0,0,0,0,0,0,,,,0,0,1,0,0,0,0.0,1.3975995756472907e-33,0.0,-0.2777070288293577,-0.17812319241819308,-0.21135081309332437,-0.107944576878429,-3.174087617753835e-15,-1.9987334503111837e-15
61136,陳天清,Chen Tianqing,1615,cluster2_yuan_ming,清,hydraulic,水利/河道,0,1,0,0,0,1,115.29646301,34.076610565,柘城,0,0,1,0,0,0,0.0,1.3975995756472907e-33,0.0,-0.2777070288293577,-0.17812319241819308,-0.21135081309332437,-0.107944576878429,-0.17900146626517666,0.6429175522075576
61145,愛新覺羅奕慶,Aixinjueluo Yiqing,1811,cluster3_qing_after,清,works_general,工部,0,0,0,0,0,0,,,,0,0,0,0,0,0,0.0,1.3975995756472907e-33,0.0,-0.2777070288293577,-0.17812319241819308,-0.21135081309332437,-0.107944576878429,-3.174087617753835e-15,-1.9987334503111837e-15
61148,愛新覺羅崑岡,Aixinjueluo Kungang,1836,cluster3_qing_after,清,works_general,工部,0,1,0,0,0,0,,,,0,0,0,0,0,0,0.0,1.3975995756472907e-33,0.0,-0.2777070288293577,-0.17812319241819308,-0.21135081309332437,-0.107944576878429,-3.174087617753835e-15,-1.9987334503111837e-15
61169,劉遵憲,Liu Zunxian,1574,cluster2_yuan_ming,清,works_general,工部,0,1,0,0,0,1,115.14649963,36.275527954,大名府,0,0,0,0,0,0,0.0,1.3975995756472907e-33,0.0,-0.2777070288293577,-0.17812319241819308,-0.21135081309332437,-0.107944576878429,-0.21249677088364732,1.2614658137929262
61171,章佳培成,Zhangjia Peicheng,1798,cluster3_qing_after,清,works_general,工部,0,0,0,0,0,0,,,,0,0,0,0,0,0,0.0,1.3975995756472907e-33,0.0,-0.2777070288293577,-0.17812319241819308,-0.21135081309332437,-0.107944576878429,-3.174087617753835e-15,-1.9987334503111837e-15
61179,瓜爾佳英奎,Guaerjia Yingkui,1816,cluster3_qing_after,清,construction,将作/营缮,0,0,0,0,0,0,,,,0,0,0,0,1,0,0.0,1.3975995756472907e-33,0.0,-0.2777070288293577,-0.17812319241819308,-0.21135081309332437,-0.107944576878429,-3.174087617753835e-15,-1.9987334503111837e-15
61181,多羅特訥仁,Duoluote Neren,1812,cluster3_qing_after,清,works_general,工部,0,1,0,0,0,0,,,,0,0,0,0,0,0,0.0,1.3975995756472907e-33,0.0,-0.2777070288293577,-0.17812319241819308,-0.21135081309332437,-0.107944576878429,-3.174087617753835e-15,-1.9987334503111837e-15
61209,愛新覺羅春佑,Aixinjueluo Chunyou,1801,cluster3_qing_after,清,works_general,工部,0,0,0,0,0,0,,,,0,0,0,0,0,0,0.0,1.3975995756472907e-33,0.0,-0.2777070288293577,-0.17812319241819308,-0.21135081309332437,-0.107944576878429,-3.174087617753835e-15,-1.9987334503111837e-15
61227,陳世倕,Chen Shizhui,1675,cluster3_qing_after,清,hydraulic,水利/河道,0,1,0,0,0,1,120.53749847,30.406280518,海寧州,0,0,1,0,0,0,0.0,1.3975995756472907e-33,0.0,-0.2777070288293577,-0.17812319241819308,-0.21135081309332437,-0.107944576878429,0.9916181826711417,-0.38953427220993614
61231,愛新覺羅奎潤,Aixinjueluo Kuirun,1829,cluster3_qing_after,清,military_industrial,军器/制造,0,1,0,0,0,0,,,,0,0,0,1,0,0,0.0,1.3975995756472907e-33,0.0,-0.2777070288293577,-0.17812319241819308,-0.21135081309332437,-0.107944576878429,-3.174087617753835e-15,-1.9987334503111837e-15
61264,愛新覺羅奕湘,Aixinjueluo Yixiang,1796,cluster3_qing_after,清,military_industrial,军器/制造,0,0,0,0,0,0,,,,0,0,0,1,0,0,0.0,1.3975995756472907e-33,0.0,-0.2777070288293577,-0.17812319241819308,-0.21135081309332437,-0.107944576878429,-3.174087617753835e-15,-1.9987334503111837e-15
61288,徐士芬,Xu Shifen,1791,cluster3_qing_after,清,works_general,工部,0,1,0,0,0,1,121.01234436,30.704219818,平湖,0,0,0,0,0,0,0.0,1.3975995756472907e-33,0.0,-0.2777070288293577,-0.17812319241819308,-0.21135081309332437,-0.107944576878429,1.0976781269880707,-0.3057249226659903
61316,徐會灃,Xu Huifeng,1837,cluster3_qing_after,清,works_general,工部,0,1,0,0,0,1,119.40398407,35.993354797,諸城,0,0,0,0,0,0,0.0,1.3975995756472907e-33,0.0,-0.2777070288293577,-0.17812319241819308,-0.21135081309332437,-0.107944576878429,0.7384403060627176,1.1820914286516193
61323,陳本忠,Chen Benzhong,1728,cluster3_qing_after,清,works_general,工部,0,1,0,0,0,1,116.22367859,40.222099304,昌平州,0,0,0,0,0,0,0.0,1.3975995756472907e-33,0.0,-0.2777070288293577,-0.17812319241819308,-0.21135081309332437,-0.107944576878429,0.028098215664449967,2.371623412244264
61357,汪喬年,Wang Qiaonian,1579,cluster2_yuan_ming,明,works_general,工部,0,1,0,0,0,1,118.738399,29.480773,遂安,0,0,0,0,0,0,0.0,1.3975995756472907e-33,0.0,-0.2777070288293577,-0.17812319241819308,-0.21135081309332437,-0.107944576878429,0.589777514725553,-0.6498765066234957
61375,徐樹銘,Xu Shuming,1824,cluster3_qing_after,清,works_general,工部,0,1,0,0,0,1,112.97813416,28.198198318,長沙,0,0,0,0,0,0,0.0,1.3975995756472907e-33,0.0,-0.2777070288293577,-0.17812319241819308,-0.21135081309332437,-0.107944576878429,-0.6968154221558578,-1.0106605651211606
61415,沙濟富察烏拉喜崇阿,Shajifucha Wulaxichonga,1829,cluster3_qing_after,清,works_general,工部,0,1,0,0,0,0,,,,0,0,0,0,0,0,0.0,1.3975995756472907e-33,0.0,-0.2777070288293577,-0.17812319241819308,-0.21135081309332437,-0.107944576878429,-3.174087617753835e-15,-1.9987334503111837e-15
61426,蘇完呢瓜爾佳符珍,Suwanneguaerjia Fuzhen,1846,cluster3_qing_after,清,military_industrial,军器/制造,0,0,0,0,0,0,,,,0,0,0,1,0,0,0.0,1.3975995756472907e-33,0.0,-0.2777070288293577,-0.17812319241819308,-0.21135081309332437,-0.107944576878429,-3.174087617753835e-15,-1.9987334503111837e-15
61433,伍彌忒倭什訥,Wumite Woshenne,1803,cluster3_qing_after,清,works_general,工部,0,0,1,0,0,0,,,,0,0,0,0,0,0,0.0,1.3975995756472907e-33,0.0,-0.2777070288293577,-0.17812319241819308,-0.21135081309332437,-0.107944576878429,-3.174087617753835e-15,-1.9987334503111837e-15
61525,陸以莊,Lu Yizhuang,1764,cluster3_qing_after,清,works_general,工部,0,1,0,0,0,1,120.25893402,30.161487579,蕭山,0,0,0,0,0,0,0.0,1.3975995756472907e-33,0.0,-0.2777070288293577,-0.17812319241819308,-0.21135081309332437,-0.107944576878429,0.9293989855002941,-0.4583937244223191
61530,四格,Sige,1713,cluster3_qing_after,清,hydraulic,水利/河道,0,0,0,0,0,0,,,,0,0,1,0,0,0,0.0,1.3975995756472907e-33,0.0,-0.2777070288293577,-0.17812319241819308,-0.21135081309332437,-0.107944576878429,-3.174087617753835e-15,-1.9987334503111837e-15
61573,陳道亨,Chen Daoheng,1563,cluster2_yuan_ming,明,works_general,工部,0,1,0,0,0,1,115.89772,28.674896,新建,0,0,0,0,0,1,0.0,1.8250177510590394e-11,0.0,0.0895713085213861,-0.17812319241819308,-0.2113508120609672,-0.107944576878429,-0.044706773560632615,-0.876567068031227
61632,吳傑,Wu Jie,1783,cluster3_qing_after,清,works_general,工部,0,1,0,0,0,1,120.57826233,30.004514694,會稽,0,0,0,0,0,0,0.0,1.3975995756472907e-33,0.0,-0.2777070288293577,-0.17812319241819308,-0.21135081309332437,-0.107944576878429,1.0007230581955837,-0.5025496829947078
61782,徐鏞,Xu Yong,1779,cluster3_qing_after,清,works_general,工部,0,1,0,0,0,1,116.93860626,31.052280426,桐城,0,0,0,0,0,0,0.0,1.3975995756472907e-33,0.0,-0.2777070288293577,-0.17812319241819308,-0.21135081309332437,-0.107944576878429,0.18778200037791049,-0.20781661329441553
61826,鄒夢臯,Zou Menggao,1730,cluster3_qing_after,清,works_general,工部,0,1,0,0,0,1,120.29766846,31.574613571,無錫,0,0,0,0,0,0,0.0,1.3975995756472907e-33,0.0,-0.2777070288293577,-0.17812319241819308,-0.21135081309332437,-0.107944576878429,0.9380505767556113,-0.06088600988729968
61889,吳艾生,Wu Aisheng,1811,cluster3_qing_after,清,construction,将作/营缮,0,1,0,0,0,1,120.618622,31.31271,吳縣,0,0,0,0,1,0,0.0,1.3975995756472907e-33,0.0,-0.2777070288293577,-0.17812319241819308,-0.21135081309332437,-0.107944576878429,1.0097376552322135,-0.1345586268557452
61892,索綽絡景星,Suochaoluo Jingxing,1847,cluster3_qing_after,清,hydraulic,水利/河道,0,1,0,0,0,0,,,,0,0,1,0,0,0,0.0,1.3975995756472907e-33,0.0,-0.2777070288293577,-0.17812319241819308,-0.21135081309332437,-0.107944576878429,-3.174087617753835e-15,-1.9987334503111837e-15
61921,王廣蔭,Wang Guangyin,1788,cluster3_qing_after,清,works_general,工部,0,1,0,0,0,1,116.65880585,39.905921936,通州,0,0,0,0,0,0,0.0,1.3975995756472907e-33,0.0,-0.2777070288293577,-0.17812319241819308,-0.21135081309332437,-0.107944576878429,0.12528674343369478,2.282683753889033
61926,徐道焜,Xu Daokun,1848,cluster3_qing_after,中華民國,hydraulic,水利/河道,0,1,0,0,0,1,115.13224792,27.214366913,吉水,0,0,1,0,0,0,0.0,1.3975995756472907e-33,0.0,-0.2777070288293577,-0.17812319241819308,-0.21135081309332437,-0.107944576878429,-0.21567998379725312,-1.2874091179772509
61939,和寧,Hening,1741,cluster3_qing_after,清,hydraulic,水利/河道,0,1,0,0,0,0,,,,0,0,1,0,0,0,0.0,1.3975995756472907e-33,0.0,-0.2777070288293577,-0.17812319241819308,-0.21135081309332437,-0.107944576878429,-3.174087617753835e-15,-1.9987334503111837e-15
62017,愛新覺羅明興阿,Aixinjueluo Mingxinga,1773,cluster3_qing_after,清,works_general,工部,0,0,0,0,0,0,,,,0,0,0,0,0,0,0.0,1.3975995756472907e-33,0.0,-0.2777070288293577,-0.17812319241819308,-0.21135081309332437,-0.107944576878429,-3.174087617753835e-15,-1.9987334503111837e-15
62042,秦樹聲,Qin Shusheng,1861,cluster3_qing_after,清,works_general,工部,0,1,0,0,0,1,115.67110443,32.183540344,固始,0,0,0,0,0,0,0.0,1.3975995756472907e-33,0.0,-0.2777070288293577,-0.17812319241819308,-0.21135081309332437,-0.107944576878429,-0.09532284762110302,0.11040309754171043
62069,章有大,Zhang Youda,1698,cluster3_qing_after,清,works_general,工部,0,1,0,0,0,1,120.09931183,30.864963531,歸安,0,0,0,0,0,0,0.0,1.3975995756472907e-33,0.0,-0.2777070288293577,-0.17812319241819308,-0.21135081309332437,-0.107944576878429,0.8937463223106735,-0.2605082425240657
62120,周紹儒,Zhou Shaoru,1691,cluster3_qing_after,清,construction,将作/营缮,0,0,0,0,0,0,,,,0,0,0,0,1,0,0.0,1.3975995756472907e-33,0.0,-0.2777070288293577,-0.17812319241819308,-0.21135081309332437,-0.107944576878429,-3.174087617753835e-15,-1.9987334503111837e-15
62139,周鼎,Zhou Ding,1569,cluster2_yuan_ming,清,works_general,工部,0,0,0,0,0,1,119.814385,31.363638,宜興,0,0,0,0,0,1,0.0,1.2004844582258525e-12,0.0,0.0895713085213861,-0.17812319241819308,-0.2113508130254166,-0.107944576878429,0.8301060458323416,-0.12023274720987676
62148,德新,Dexin,1684,cluster3_qing_after,清,works_general,工部,0,1,0,0,0,0,,,,0,0,0,0,0,0,0.0,1.3975995756472907e-33,0.0,-0.2777070288293577,-0.17812319241819308,-0.21135081309332437,-0.107944576878429,-3.174087617753835e-15,-1.9987334503111837e-15
62192,覺羅奉寬,Jueluo Fengkuan,1722,cluster3_qing_after,清,works_general,工部,0,1,0,0,0,0,,,,0,0,0,0,0,0,0.0,1.3975995756472907e-33,0.0,-0.2777070288293577,-0.17812319241819308,-0.21135081309332437,-0.107944576878429,-3.174087617753835e-15,-1.9987334503111837e-15
62245,傅雲龍,Fu Yunlong,1583,cluster2_yuan_ming,清,hydraulic,水利/河道,0,1,0,0,0,1,116.77626038,27.910083771,金谿,0,0,1,0,0,0,0.0,1.3975995756472907e-33,0.0,-0.2777070288293577,-0.17812319241819308,-0.21135081309332437,-0.107944576878429,0.15152098316054907,-1.0917062438155074
62350,孫家鼐,Sun Jianai,1827,cluster3_qing_after,清,works_general,工部,0,1,0,0,0,1,116.77711487,32.575748444,壽州,0,0,0,0,0,0,0.0,1.3975995756472907e-33,0.0,-0.2777070288293577,-0.17812319241819308,-0.21135081309332437,-0.107944576878429,0.15171183910713906,0.22072995186024688
62367,張鳳翔,Zhang Fengxiang,1594,cluster2_yuan_ming,清,works_general,工部,0,1,0,0,0,1,115.77484894,36.487838745,堂邑,0,0,0,0,0,0,0.0,1.3975995756472907e-33,0.0,-0.2777070288293577,-0.17812319241819308,-0.21135081309332437,-0.107944576878429,-0.07215083079310229,1.3211881441295774
62459,宜兆羆,Yi Zhaopi,1703,cluster3_qing_after,清,construction,将作/营缮,0,0,0,0,0,0,,,,0,0,0,0,1,0,0.0,1.3975995756472907e-33,0.0,-0.2777070288293577,-0.17812319241819308,-0.21135081309332437,-0.107944576878429,-3.174087617753835e-15,-1.9987334503111837e-15
62505,王恕,Wang Shu,1416,cluster2_yuan_ming,明,hydraulic,水利/河道,0,1,0,0,0,1,108.92629242,34.619750977,三原,0,0,1,0,0,2,0.0,2.0758413752445272e-13,1.0847149624305782e-05,0.45684964587212995,-0.17812319241819308,-0.211350813081582,-0.07221233886582742,-1.6018208531292852,0.7957011716923009
62524,成琦,Chengqi,1817,cluster3_qing_after,清,works_general,工部,0,1,0,0,0,0,,,,0,0,0,0,0,0,0.0,1.3975995756472907e-33,0.0,-0.2777070288293577,-0.17812319241819308,-0.21135081309332437,-0.107944576878429,-3.174087617753835e-15,-1.9987334503111837e-15
62527,成策,Chengce,1726,cluster3_qing_after,清,works_general,工部,0,1,0,0,0,0,,,,0,0,0,0,0,0,0.0,1.3975995756472907e-33,0.0,-0.2777070288293577,-0.17812319241819308,-0.21135081309332437,-0.107944576878429,-3.174087617753835e-15,-1.9987334503111837e-15
62529,崔呈秀,Cui Chengxiu,1565,cluster2_yuan_ming,明,works_general,工部,0,1,0,0,0,1,117.40181732,40.043861389,薊州,0,0,0,0,0,0,0.0,1.3975995756472907e-33,0.0,-0.2777070288293577,-0.17812319241819308,-0.21135081309332437,-0.107944576878429,0.29124322909484546,2.3214856703612066
62727,朱光祚,Zhu Guangzuo,1565,cluster2_yuan_ming,明,works_general,工部,0,1,0,0,0,1,112.190773,30.350445,江陵,0,0,0,0,0,0,0.0,1.3975995756472907e-33,0.0,-0.2777070288293577,-0.17812319241819308,-0.21135081309332437,-0.107944576878429,-0.872677701993456,-0.4052406206004612
62818,田潤,Tian Run,1793,cluster3_qing_after,清,construction,将作/营缮,0,1,0,0,0,1,109.21272278000001,34.368350983,臨潼,0,0,0,0,1,0,0.0,1.3975995756472907e-33,0.0,-0.2777070288293577,-0.17812319241819308,-0.21135081309332437,-0.107944576878429,-1.5378447533629396,0.7249831765419728
62828,曾櫻,Zeng Ying,1588,cluster2_yuan_ming,明,works_general,工部,1,1,0,0,0,1,115.147278,27.553688,峽江,0,0,0,0,0,0,0.0,1.3975995756472907e-33,0.0,-0.2777070288293577,-0.17812319241819308,-0.21135081309332437,-0.107944576878429,-0.2123229168383725,-1.1919592072470624
62838,田國俊,Tian Guojun,1839,cluster3_qing_after,清,works_general,工部,0,1,1,0,0,1,113.4129715,38.090957642,盂縣,0,0,0,0,0,0,0.0,1.3975995756472907e-33,0.0,-0.2777070288293577,-0.17812319241819308,-0.21135081309332437,-0.107944576878429,-0.5996916499203607,1.7721402407451574
62844,達爾吉善,Daerjishan,1718,cluster3_qing_after,清,hydraulic,水利/河道,0,0,0,0,0,0,,,,0,0,1,0,0,0,0.0,1.3975995756472907e-33,0.0,-0.2777070288293577,-0.17812319241819308,-0.21135081309332437,-0.107944576878429,-3.174087617753835e-15,-1.9987334503111837e-15
62853,富明,Fuming,1692,cluster3_qing_after,清,works_general,工部,0,0,1,0,0,0,,,,0,0,0,0,0,0,0.0,1.3975995756472907e-33,0.0,-0.2777070288293577,-0.17812319241819308,-0.21135081309332437,-0.107944576878429,-3.174087617753835e-15,-1.9987334503111837e-15
62965,程國祥,Cheng Guoxiang,1574,cluster2_yuan_ming,明,works_general,工部,0,1,0,0,0,1,118.76899,32.052563,上元,0,0,0,0,0,0,0.0,1.3975995756472907e-33,0.0,-0.2777070288293577,-0.17812319241819308,-0.21135081309332437,-0.107944576878429,0.5966102152393962,0.07355959953512392
62975,善泰,Shantai,1736,cluster3_qing_after,清,works_general,工部,0,0,0,0,0,0,,,,0,0,0,0,0,0,0.0,1.3975995756472907e-33,0.0,-0.2777070288293577,-0.17812319241819308,-0.21135081309332437,-0.107944576878429,-3.174087617753835e-15,-1.9987334503111837e-15
63028,林祖成,Lin Zucheng,1682,cluster3_qing_after,清,medical,医学/医官,0,0,0,0,1,1,119.99039459,26.883462906,霞浦,0,1,0,0,0,0,0.0,1.3975995756472907e-33,0.0,-0.2777070288293577,-0.17812319241819308,-0.21135081309332437,-0.107944576878429,0.8694189423062793,-1.3804913316635803
63125,董之燧,Dong Zhisui,1661,cluster3_qing_after,清,works_general,工部,0,1,0,0,0,1,118.99815369,32.69052124,天長,0,0,0,0,0,0,0.0,1.3975995756472907e-33,0.0,-0.2777070288293577,-0.17812319241819308,-0.21135081309332437,-0.107944576878429,0.647795428616438,0.2530151635731708
63146,武蔚文,Wu Weiwen,1793,cluster3_qing_after,清,works_general,工部,0,1,0,0,0,1,112.55276489,37.425506592,太谷,0,0,0,0,0,0,0.0,1.3975995756472907e-33,0.0,-0.2777070288293577,-0.17812319241819308,-0.21135081309332437,-0.107944576878429,-0.7918244388503729,1.584951039274133
63162,武格,Wuge,1670,cluster3_qing_after,清,works_general,工部,0,0,0,0,0,0,,,,0,0,0,0,0,0,0.0,1.3975995756472907e-33,0.0,-0.2777070288293577,-0.17812319241819308,-0.21135081309332437,-0.107944576878429,-3.174087617753835e-15,-1.9987334503111837e-15
63165,錢學彬,Qian Xuebin,1760,cluster3_qing_after,清,works_general,工部,0,1,0,0,0,1,102.71035004,25.045913696,昆明,0,0,0,0,0,0,0.0,1.3975995756472907e-33,0.0,-0.2777070288293577,-0.17812319241819308,-0.21135081309332437,-0.107944576878429,-2.9901923576189677,-1.8973879077282072
63176,閻廷謨,Yan Tingmo,1616,cluster2_yuan_ming,清,hydraulic,水利/河道,0,1,0,0,0,1,112.63674164,34.813835144,孟津,0,0,1,0,0,0,0.0,1.3975995756472907e-33,0.0,-0.2777070288293577,-0.17812319241819308,-0.21135081309332437,-0.107944576878429,-0.7730676808864033,0.8502964123773954
63282,愛新覺羅晉祺,Aixinjueluo Jinqi,1837,cluster3_qing_after,清,hydraulic,水利/河道,0,0,0,0,0,0,,,,0,0,1,0,0,0,0.0,1.3975995756472907e-33,0.0,-0.2777070288293577,-0.17812319241819308,-0.21135081309332437,-0.107944576878429,-3.174087617753835e-15,-1.9987334503111837e-15
63304,愛新覺羅載銓,Aixinjueluo Zaiquan,1794,cluster3_qing_after,清,hydraulic,水利/河道,0,0,0,0,0,0,,,,0,0,1,0,0,0,0.0,1.3975995756472907e-33,0.0,-0.2777070288293577,-0.17812319241819308,-0.21135081309332437,-0.107944576878429,-3.174087617753835e-15,-1.9987334503111837e-15
63339,薛鳳翔,Xue Fengxiang,1577,cluster2_yuan_ming,明,works_general,工部,0,1,0,0,0,1,117.96530914,37.47833252,濱州,0,0,0,0,0,0,0.0,1.3975995756472907e-33,0.0,-0.2777070288293577,-0.17812319241819308,-0.21135081309332437,-0.107944576878429,0.4171028233565644,1.5998107998519946
63413,朱鼎延,Zhu Dingyan,1614,cluster2_yuan_ming,清,works_general,工部,0,1,0,0,0,1,116.9713974,33.642368317,宿州,0,0,0,0,0,2,1.0,9.591778628167397e-20,0.0,0.45684964587212995,7.548737710309318,-0.21135081309332437,-0.107944576878429,0.1951061165927285,0.5207666296895105
63425,圖爾宸,Tuerchen,1625,cluster2_yuan_ming,清,works_general,工部,0,1,0,0,0,0,,,,0,0,0,0,0,0,0.0,1.3975995756472907e-33,0.0,-0.2777070288293577,-0.17812319241819308,-0.21135081309332437,-0.107944576878429,-3.174087617753835e-15,-1.9987334503111837e-15
63467,牟昌裕,Mou Changyu,1752,cluster3_qing_after,清,works_general,工部,0,1,0,0,0,1,120.82707214,37.302383423,棲霞,0,0,0,0,0,0,0.0,1.3975995756472907e-33,0.0,-0.2777070288293577,-0.17812319241819308,-0.21135081309332437,-0.107944576878429,1.0562963613447498,1.5503168949780333
63716,魏繹,Wei Yi,1693,cluster3_qing_after,清,construction,将作/营缮,0,1,0,0,0,1,114.56905365,39.840538025,蔚州,0,0,0,0,1,0,0.0,1.3975995756472907e-33,0.0,-0.2777070288293577,-0.17812319241819308,-0.21135081309332437,-0.107944576878429,-0.34147311831467186,2.2642914738120203
63873,呂賢基,Lv Xianji,1803,cluster3_qing_after,清,works_general,工部,0,1,0,0,0,1,118.53877258,30.291025162,旌德,0,0,0,0,0,0,0.0,1.3975995756472907e-33,0.0,-0.2777070288293577,-0.17812319241819308,-0.21135081309332437,-0.107944576878429,0.5451896443548352,-0.4219552264708068
63996,楊朝鼎,Yang Chaoding,1704,cluster3_qing_after,清,works_general,工部,0,0,1,0,0,1,108.94420624,34.266605377,長安,0,0,0,0,0,0,0.0,1.3975995756472907e-33,0.0,-0.2777070288293577,-0.17812319241819308,-0.21135081309332437,-0.107944576878429,-1.5978196839253065,0.6963624707209725
64179,興恩,Xingen,1826,cluster3_qing_after,清,works_general,工部,0,1,0,0,0,0,,,,0,0,0,0,0,0,0.0,1.3975995756472907e-33,0.0,-0.2777070288293577,-0.17812319241819308,-0.21135081309332437,-0.107944576878429,-3.174087617753835e-15,-1.9987334503111837e-15
64196,索綽絡景灃,Suochaoluo Jingfeng,1852,cluster3_qing_after,清,hydraulic,水利/河道,0,0,0,0,0,0,,,,0,0,1,0,0,0,0.0,1.3975995756472907e-33,0.0,-0.2777070288293577,-0.17812319241819308,-0.21135081309332437,-0.107944576878429,-3.174087617753835e-15,-1.9987334503111837e-15
64213,熊明遇,Xiong Mingyu,1571,cluster2_yuan_ming,明,works_general,工部,0,1,0,0,0,1,116.259071,28.364485,進賢,0,0,0,0,0,5,0.0,1.0377696853236549e-13,4.338859849722313e-05,1.5586846579243614,-0.17812319241819308,-0.21135081308745404,0.03498437517197729,0.036003342596983685,-0.9638846659489437
64317,唐景崇,Tang Jingchong,1848,cluster3_qing_after,中華民國,works_general,工部,0,1,0,0,0,1,111.14469147,25.488653183,灌陽,0,0,0,0,0,0,0.0,1.3975995756472907e-33,0.0,-0.2777070288293577,-0.17812319241819308,-0.21135081309332437,-0.107944576878429,-1.106326873565243,-1.7728467397020677
64361,甄淑,Zhen Shu,1580,cluster2_yuan_ming,明,works_general,工部,0,1,0,0,0,1,114.865494,30.446987,黃岡,0,0,0,0,0,0,0.0,1.3975995756472907e-33,0.0,-0.2777070288293577,-0.17812319241819308,-0.21135081309332437,-0.107944576878429,-0.2752612216205869,-0.378083672109035
64372,章佳齡椿,Zhangjia Lingchun,1759,cluster3_qing_after,清,works_general,工部,0,0,0,0,0,0,,,,0,0,0,0,0,0,0.0,1.3975995756472907e-33,0.0,-0.2777070288293577,-0.17812319241819308,-0.21135081309332437,-0.107944576878429,-3.174087617753835e-15,-1.9987334503111837e-15
64468,王在晉,Wang Zaijin,1562,cluster2_yuan_ming,明,works_general,工部,0,1,0,0,0,1,121.09863281,31.451000214,太倉州,0,0,0,0,0,0,0.0,1.3975995756472907e-33,0.0,-0.2777070288293577,-0.17812319241819308,-0.21135081309332437,-0.107944576878429,1.1169512183108026,-0.09565804246277254
64472,鍾靈,Zhongling,1857,cluster3_qing_after,清,works_general,工部,0,1,0,0,0,0,,,,0,0,0,0,0,0,0.0,1.3975995756472907e-33,0.0,-0.2777070288293577,-0.17812319241819308,-0.21135081309332437,-0.107944576878429,-3.174087617753835e-15,-1.9987334503111837e-15
64517,鮑桂星,Bao Guixing,1764,cluster3_qing_after,清,works_general,工部,0,1,0,0,0,1,118.4339447,29.86577034,歙縣,0,0,0,0,0,0,0.0,1.3975995756472907e-33,0.0,-0.2777070288293577,-0.17812319241819308,-0.21135081309332437,-0.107944576878429,0.521775649730891,-0.5415780154826844
64584,鈕祜祿廣科,Niuhulu Guangke,1816,cluster3_qing_after,清,hydraulic,水利/河道,0,0,0,0,0,0,,,,0,0,1,0,0,0,0.0,1.3975995756472907e-33,0.0,-0.2777070288293577,-0.17812319241819308,-0.21135081309332437,-0.107944576878429,-3.174087617753835e-15,-1.9987334503111837e-15
64613,王洽,Wang Qia,1566,cluster2_yuan_ming,明,works_general,工部,0,1,0,0,0,1,116.859324,37.190325,臨邑,0,0,0,0,0,0,0.0,1.3975995756472907e-33,0.0,-0.2777070288293577,-0.17812319241819308,-0.21135081309332437,-0.107944576878429,0.17007378754928043,1.5187952275023078
64620,李徵庸,Li Zhengyong,1847,cluster3_qing_after,清,hydraulic,水利/河道,0,1,0,0,0,1,106.91963196,30.335321426,鄰水,0,0,1,0,0,0,0.0,1.3975995756472907e-33,0.0,-0.2777070288293577,-0.17812319241819308,-0.21135081309332437,-0.107944576878429,-2.0500216297024663,-0.40949483244737017
64725,覺羅德厚,Jueluo Dehou,1784,cluster3_qing_after,清,works_general,工部,0,1,0,0,0,0,,,,0,0,0,0,0,0,0.0,1.3975995756472907e-33,0.0,-0.2777070288293577,-0.17812319241819308,-0.21135081309332437,-0.107944576878429,-3.174087617753835e-15,-1.9987334503111837e-15
64734,繼格,Jige,1827,cluster3_qing_after,清,works_general,工部,0,1,0,0,0,0,,,,0,0,0,0,0,0,0.0,1.3975995756472907e-33,0.0,-0.2777070288293577,-0.17812319241819308,-0.21135081309332437,-0.107944576878429,-3.174087617753835e-15,-1.9987334503111837e-15
64749,愛新覺羅道慶,Aixinjueluo Daoqing,1787,cluster3_qing_after,清,works_general,工部,0,0,0,0,0,0,,,,0,0,0,0,0,0,0.0,1.3975995756472907e-33,0.0,-0.2777070288293577,-0.17812319241819308,-0.21135081309332437,-0.107944576878429,-3.174087617753835e-15,-1.9987334503111837e-15
64863,李宗文,Li Zongwen,1716,cluster3_qing_after,清,works_general,工部,0,1,0,0,0,1,118.18125153,25.060590744,安溪,0,0,0,0,0,0,0.0,1.3975995756472907e-33,0.0,-0.2777070288293577,-0.17812319241819308,-0.21135081309332437,-0.107944576878429,0.46533497265254786,-1.8932593021830333
64906,王鴻緒,Wang Hongxu,1645,cluster3_qing_after,清,works_general,工部,0,1,0,0,0,1,121.22763824,31.009475708,婁縣,0,0,0,0,0,1,0.0,7.50330558788574e-25,0.0,0.0895713085213861,-0.17812319241819308,-0.21135081309332437,-0.107944576878429,1.1457654273216087,-0.21985744031183813
64951,椿壽,Chunshou,1789,cluster3_qing_after,清,hydraulic,水利/河道,0,1,0,0,0,0,,,,0,0,1,0,0,0,0.0,1.3975995756472907e-33,0.0,-0.2777070288293577,-0.17812319241819308,-0.21135081309332437,-0.107944576878429,-3.174087617753835e-15,-1.9987334503111837e-15
65159,戴章甫,Dai Zhangfu,1693,cluster3_qing_after,清,works_general,工部,0,1,0,0,0,1,120.16862488,30.294124603,仁和,0,0,0,0,0,0,0.0,1.3975995756472907e-33,0.0,-0.2777070288293577,-0.17812319241819308,-0.21135081309332437,-0.107944576878429,0.9092278466920588,-0.4210833638660419
65160,戴璐,Dai Lu,1739,cluster3_qing_after,清,works_general,工部,0,1,0,0,0,1,120.09931183,30.864963531,烏程,0,0,0,0,0,0,0.0,1.3975995756472907e-33,0.0,-0.2777070288293577,-0.17812319241819308,-0.21135081309332437,-0.107944576878429,0.8937463223106735,-0.2605082425240657
65218,李廷欽,Li Tingqin,1733,cluster3_qing_after,清,works_general,工部,0,1,0,0,0,1,119.32157898,26.073953629,侯官,0,0,0,0,0,0,0.0,1.3975995756472907e-33,0.0,-0.2777070288293577,-0.17812319241819308,-0.21135081309332437,-0.107944576878429,0.7200345886691597,-1.6082036406982059
65289,李培元,Li Peiyuan,1766,cluster3_qing_after,清,works_general,工部,0,1,0,0,0,1,114.36559296,30.875669479,黃陂,0,0,0,0,0,0,0.0,1.3975995756472907e-33,0.0,-0.2777070288293577,-0.17812319241819308,-0.21135081309332437,-0.107944576878429,-0.38691739804105646,-0.25749669440627404
65471,張起鵷,Zhang Qiyuan,1796,cluster3_qing_after,清,hydraulic,水利/河道,0,0,0,0,0,0,,,,0,0,1,0,0,0,0.0,1.3975995756472907e-33,0.0,-0.2777070288293577,-0.17812319241819308,-0.21135081309332437,-0.107944576878429,-3.174087617753835e-15,-1.9987334503111837e-15
65602,李之藻,Li Zhizao,1567,cluster2_yuan_ming,明,hydraulic,水利/河道,0,1,0,0,0,1,120.168625,30.294125,仁和,0,0,1,0,0,1,0.0,1.8250177510590394e-11,0.0,0.0895713085213861,-0.17812319241819308,-0.2113508120609672,-0.107944576878429,0.9092278734948482,-0.4210832521912416
65636,趙良棟,Zhao Liangdong,1621,cluster2_yuan_ming,清,hydraulic,水利/河道,0,0,0,0,0,1,110.2540741,37.500980377,綏德直隸州,0,0,1,0,0,0,0.0,1.3975995756472907e-33,0.0,-0.2777070288293577,-0.17812319241819308,-0.21135081309332437,-0.107944576878429,-1.305252105222803,1.6061815678699565
65664,馬佳紹諴,Majia Shaoxian,1831,cluster3_qing_after,清,hydraulic,水利/河道,0,0,0,0,0,0,,,,0,0,1,0,0,0,0.0,1.3975995756472907e-33,0.0,-0.2777070288293577,-0.17812319241819308,-0.21135081309332437,-0.107944576878429,-3.174087617753835e-15,-1.9987334503111837e-15
65696,承翰,Chenghan,1841,cluster3_qing_after,清,works_general,工部,0,1,0,0,0,0,,,,0,0,0,0,0,0,0.0,1.3975995756472907e-33,0.0,-0.2777070288293577,-0.17812319241819308,-0.21135081309332437,-0.107944576878429,-3.174087617753835e-15,-1.9987334503111837e-15
65702,嵇曾筠,Ji Cengyun,1670,cluster3_qing_after,清,hydraulic,水利/河道,0,1,0,0,0,1,120.618622,31.31271,長洲,0,0,1,0,0,0,0.0,1.3975995756472907e-33,0.0,-0.2777070288293577,-0.17812319241819308,-0.21135081309332437,-0.107944576878429,1.0097376552322135,-0.1345586268557452
65755,汪啟淑,Wang Qishu,1728,cluster3_qing_after,清,works_general,工部,0,0,0,0,0,1,118.4339447,29.86577034,歙縣,0,0,0,0,0,0,0.0,1.3975995756472907e-33,0.0,-0.2777070288293577,-0.17812319241819308,-0.21135081309332437,-0.107944576878429,0.521775649730891,-0.5415780154826844
65765,袁應泰,Yuan Yingtai,1558,cluster2_yuan_ming,明,hydraulic,水利/河道,1,1,0,0,0,1,107.385918,34.522518,鳳翔,0,0,1,0,0,0,0.0,1.3975995756472907e-33,0.0,-0.2777070288293577,-0.17812319241819308,-0.21135081309332437,-0.107944576878429,-1.9458735840319825,0.7683498536332473
65958,楊光先,Yang Guangxian,1597,cluster2_yuan_ming,清,astronomical,天文/历算,0,1,0,0,0,1,118.4339447,29.86577034,歙縣,1,0,0,0,0,0,0.0,1.3975995756472907e-33,0.0,-0.2777070288293577,-0.17812319241819308,-0.21135081309332437,-0.107944576878429,0.521775649730891,-0.5415780154826844
66014,米萬鍾,Mi Wanzhong,1565,cluster2_yuan_ming,明,works_general,工部,0,1,0,0,0,1,116.36800385,39.931427002,宛平,0,0,0,0,0,0,0.0,1.3975995756472907e-33,0.0,-0.2777070288293577,-0.17812319241819308,-0.21135081309332437,-0.107944576878429,0.060334209197267744,2.289858245443304
66124,徐聚倫,Xu Julun,1688,cluster3_qing_after,清,hydraulic,水利/河道,0,1,0,0,0,1,112.94273376,39.440437317,山陰,0,0,1,0,0,0,0.0,1.3975995756472907e-33,0.0,-0.2777070288293577,-0.17812319241819308,-0.21135081309332437,-0.107944576878429,-0.7047223337073025,2.151744454705939
66126,李永紹,Li Yongshao,1658,cluster3_qing_after,清,works_general,工部,0,1,0,0,0,1,121.42555237,29.28361702,寧海,0,0,0,0,0,0,0.0,1.3975995756472907e-33,0.0,-0.2777070288293577,-0.17812319241819308,-0.21135081309332437,-0.107944576878429,1.189970846488938,-0.7053358382474173
66217,汪浩,Wang Hao,1666,cluster3_qing_after,清,construction,将作/营缮,0,1,0,0,0,1,111.69129944,29.034807205,武陵,0,0,0,0,1,0,0.0,1.3975995756472907e-33,0.0,-0.2777070288293577,-0.17812319241819308,-0.21135081309332437,-0.107944576878429,-0.9842383979518402,-0.7753252245260978
66220,汪榯,Wang Shi,1682,cluster3_qing_after,清,construction,将作/营缮,0,1,0,0,0,1,118.17577362,29.781190872,休寧,0,0,0,0,1,0,0.0,1.3975995756472907e-33,0.0,-0.2777070288293577,-0.17812319241819308,-0.21135081309332437,-0.107944576878429,0.46411144552130795,-0.5653699428915662
66441,羅汝敬,Luo Rujing,1372,cluster2_yuan_ming,明,works_general,工部,0,1,0,0,0,1,115.132248,27.214367,吉水,0,0,0,0,0,1,0.0,7.193833971125509e-20,0.0,0.0895713085213861,-0.17812319241819308,-0.21135081309332437,-0.107944576878429,-0.21567996592872687,-1.2874090935044358
66442,劉敏,Liu Min,1346,cluster2_yuan_ming,明,works_general,工部,0,0,0,0,0,1,115.83181,38.431767,肅寧,0,0,0,0,0,0,0.0,1.3975995756472907e-33,0.0,-0.2777070288293577,-0.17812319241819308,-0.21135081309332437,-0.107944576878429,-0.05942820440197163,1.8680087972345831
66474,安然,An Ran,1323,cluster2_yuan_ming,明,works_general,工部,0,0,0,0,0,1,114.34333,34.785477,祥符,0,0,0,0,0,0,0.0,1.3975995756472907e-33,0.0,-0.2777070288293577,-0.17812319241819308,-0.21135081309332437,-0.107944576878429,-0.3918899761925293,0.8423193593235898
66518,單安仁,Dan Anren,1303,cluster2_yuan_ming,明,works_general,工部,0,0,0,0,0,1,117.64022064,32.901634216,濠州,0,0,0,0,0,0,0.0,1.3975995756472907e-33,0.0,-0.2777070288293577,-0.17812319241819308,-0.21135081309332437,-0.107944576878429,0.34449217444039737,0.31240055247234017
66520,朱守仁,Zhu Shouren,1341,cluster2_yuan_ming,明,works_general,工部,0,0,0,0,0,1,117.18768311,34.269634247,徐州,0,0,0,0,0,0,0.0,1.3975995756472907e-33,0.0,-0.2777070288293577,-0.17812319241819308,-0.21135081309332437,-0.107944576878429,0.24341494866274374,0.6972144819345092
66521,薛祥,Xue Xiang,1318,cluster2_yuan_ming,明,works_general,工部,0,0,0,0,0,1,117.91131592,31.29851532,無為州,0,0,0,0,0,0,0.0,1.3975995756472907e-33,0.0,-0.2777070288293577,-0.17812319241819308,-0.21135081309332437,-0.107944576878429,0.4050430834971939,-0.1385515438619421
66522,秦逵,Qin Kui,1329,cluster2_yuan_ming,明,works_general,工部,0,1,0,0,0,1,112.260132,31.710701,宜城,0,0,0,0,0,1,0.0,3.4883880989801677e-13,0.0,0.0895713085213861,-0.17812319241819308,-0.2113508130735916,-0.107944576878429,-0.8571859143781551,-0.02260506170222334
66529,沈溍,Shen Jin,1355,cluster2_yuan_ming,明,works_general,工部,0,1,0,0,0,1,120.168625,30.294125,錢塘,0,0,0,0,0,0,0.0,1.3975995756472907e-33,0.0,-0.2777070288293577,-0.17812319241819308,-0.21135081309332437,-0.107944576878429,0.9092278734948482,-0.4210832521912416
66552,張昺,Zhang Bing,1336,cluster2_yuan_ming,明,works_general,工部,0,1,0,0,0,1,112.8391571,35.504318237,澤州,0,0,0,0,0,0,0.0,1.3975995756472907e-33,0.0,-0.2777070288293577,-0.17812319241819308,-0.21135081309332437,-0.107944576878429,-0.72785686013678,1.0445270455816145
66566,練安,Lian An,1339,cluster2_yuan_ming,明,works_general,工部,0,1,0,0,0,1,115.393806,27.759735,新淦,0,0,0,0,0,0,0.0,1.3975995756472907e-33,0.0,-0.2777070288293577,-0.17812319241819308,-0.21135081309332437,-0.107944576878429,-0.1572592709204016,-1.1339988608091092
66588,卓敬,Zhuo Jing,1339,cluster2_yuan_ming,明,works_general,工部,0,1,0,0,0,1,120.630691,27.790512,瑞安,0,0,0,0,0,0,0.0,1.3975995756472907e-33,0.0,-0.2777070288293577,-0.17812319241819308,-0.21135081309332437,-0.107944576878429,1.0124333455496777,-1.1253413914825916
66665,鄒師顏,Zou Shiyan,1362,cluster2_yuan_ming,明,works_general,工部,0,0,0,0,0,1,111.457916,30.392385,宜都,0,0,0,0,0,0,0.0,1.3975995756472907e-33,0.0,-0.2777070288293577,-0.17812319241819308,-0.21135081309332437,-0.107944576878429,-1.0363661201711336,-0.3934430359250823
66668,趙羾,Zhao Hong,1364,cluster2_yuan_ming,明,works_general,工部,0,1,0,0,0,1,114.34333,34.785477,祥符,0,0,0,0,0,1,0.0,7.193833971125509e-20,0.0,0.0895713085213861,-0.17812319241819308,-0.21135081309332437,-0.107944576878429,-0.3918899761925293,0.8423193593235898
66669,金忠,Jin Zhong,1353,cluster2_yuan_ming,明,works_general,工部,0,0,0,0,0,1,121.542656,29.866316,鄞縣,0,0,0,0,0,0,0.0,1.3975995756472907e-33,0.0,-0.2777070288293577,-0.17812319241819308,-0.21135081309332437,-0.107944576878429,1.2161267103990354,-0.541424523111345
66671,李慶,Li Qing,1364,cluster2_yuan_ming,明,works_general,工部,0,0,0,0,0,1,116.6414032,40.127552032,順義,0,0,0,0,0,0,0.0,1.3975995756472907e-33,0.0,-0.2777070288293577,-0.17812319241819308,-0.21135081309332437,-0.107944576878429,0.12139974740227419,2.345027574207877
66673,古樸,Gu Pu,1365,cluster2_yuan_ming,明,construction,将作/营缮,0,1,0,0,0,1,114.88245392,33.733982086,陳州,0,0,0,0,1,1,0.0,3.4883880989801677e-13,0.0,0.0895713085213861,-0.17812319241819308,-0.2113508130735916,-0.107944576878429,-0.27147311223878284,0.5465372829371995
66675,陳壽,Chen Shou,1348,cluster2_yuan_ming,明,works_general,工部,0,0,0,0,0,1,113.36981964,31.715110779,隨州,0,0,0,0,0,0,0.0,1.3975995756472907e-33,0.0,-0.2777070288293577,-0.17812319241819308,-0.21135081309332437,-0.107944576878429,-0.609329900909058,-0.021364605308513245
66685,張信,Zhang Xin,1375,cluster2_yuan_ming,明,works_general,工部,0,1,0,0,0,1,114.34333,34.785477,祥符,0,0,0,0,0,0,0.0,1.3975995756472907e-33,0.0,-0.2777070288293577,-0.17812319241819308,-0.21135081309332437,-0.107944576878429,-0.3918899761925293,0.8423193593235898
66700,劉韶,Liu Shao,1363,cluster2_yuan_ming,明,construction,将作/营缮,0,1,0,0,0,1,121.152763,30.049067,餘姚,0,0,0,0,1,0,0.0,1.3975995756472907e-33,0.0,-0.2777070288293577,-0.17812319241819308,-0.21135081309332437,-0.107944576878429,1.1290415513181373,-0.4900172651950324
66701,楊砥,Yang Di,1365,cluster2_yuan_ming,明,construction,将作/营缮,0,1,0,0,0,1,112.8391571,35.504318237,澤州,0,0,0,0,1,0,0.0,1.3975995756472907e-33,0.0,-0.2777070288293577,-0.17812319241819308,-0.21135081309332437,-0.107944576878429,-0.72785686013678,1.0445270455816145
66717,鄭賜,Zheng Ci,1345,cluster2_yuan_ming,明,works_general,工部,0,1,0,0,0,1,118.32378387,27.038864136,甌寧,0,0,0,0,0,0,0.0,1.3975995756472907e-33,0.0,-0.2777070288293577,-0.17812319241819308,-0.21135081309332437,-0.107944576878429,0.4971705057425824,-1.3367774744966026
66721,嚴震直,Yan Zhenzhi,1339,cluster2_yuan_ming,明,works_general,工部,0,0,0,1,0,1,120.099312,30.864964,烏程,0,0,0,0,0,0,0.0,1.3975995756472907e-33,0.0,-0.2777070288293577,-0.17812319241819308,-0.21135081309332437,-0.107944576878429,0.8937463602812871,-0.2605081105959014
66754,李鋼,Li Gang,1358,cluster2_yuan_ming,明,works_general,工部,0,0,0,1,0,1,121.227638,31.009476,華亭,0,0,0,0,0,0,0.0,1.3975995756472907e-33,0.0,-0.2777070288293577,-0.17812319241819308,-0.21135081309332437,-0.107944576878429,1.1457653737160332,-0.2198573581731944
66757,吳中,Wu Zhong,1373,cluster2_yuan_ming,明,works_general,工部,0,0,0,0,0,1,115.886307,37.14809,武城,0,0,0,0,0,0,0.0,1.3975995756472907e-33,0.0,-0.2777070288293577,-0.17812319241819308,-0.21135081309332437,-0.107944576878429,-0.04725594197501986,1.5069146602928514
66768,宋禮,Song Li,1358,cluster2_yuan_ming,明,works_general,工部,0,0,0,0,0,1,111.653404,34.385807,永寧,0,0,0,0,0,0,0.0,1.3975995756472907e-33,0.0,-0.2777070288293577,-0.17812319241819308,-0.21135081309332437,-0.107944576878429,-0.9927025930536774,0.729893496967637
66771,藺芳,Lin Fang,1354,cluster2_yuan_ming,明,hydraulic,水利/河道,0,0,0,0,0,1,111.220055,35.137451,夏縣,0,0,1,0,0,0,0.0,1.3975995756472907e-33,0.0,-0.2777070288293577,-0.17812319241819308,-0.21135081309332437,-0.107944576878429,-1.0894939347873003,0.9413284930510998
66777,周忱,Zhou Chen,1380,cluster2_yuan_ming,明,works_general,工部,0,1,0,0,0,1,115.132248,27.214367,吉水,0,0,0,0,0,0,0.0,1.3975995756472907e-33,0.0,-0.2777070288293577,-0.17812319241819308,-0.21135081309332437,-0.107944576878429,-0.21567996592872687,-1.2874090935044358
66818,楊榮,Yang Rong,1442,cluster2_yuan_ming,明,hydraulic,水利/河道,0,1,0,0,0,1,121.152763,30.049067,餘姚,0,0,1,0,0,0,0.0,1.3975995756472907e-33,0.0,-0.2777070288293577,-0.17812319241819308,-0.21135081309332437,-0.107944576878429,1.1290415513181373,-0.4900172651950324
66845,周敘,Zhou Xu,1481,cluster2_yuan_ming,明,works_general,工部,0,1,0,0,0,1,114.729088,32.34243,息縣,0,0,0,0,0,0,0.0,1.3975995756472907e-33,0.0,-0.2777070288293577,-0.17812319241819308,-0.21135081309332437,-0.107944576878429,-0.3057283964854561,0.1550982375202943
66878,金純,Jin Chun,1377,cluster2_yuan_ming,明,works_general,工部,0,0,0,0,0,1,118.46811676,33.023403168,泗州,0,0,0,0,0,0,0.0,1.3975995756472907e-33,0.0,-0.2777070288293577,-0.17812319241819308,-0.21135081309332437,-0.107944576878429,0.5294082034859526,0.3466537599604704
66883,張本,Zhang Ben,1367,cluster2_yuan_ming,明,works_general,工部,0,0,0,0,0,1,116.251021,36.211385,東阿,0,0,0,0,0,1,0.0,7.193833971125509e-20,0.0,0.0895713085213861,-0.17812319241819308,-0.21135081309332437,-0.107944576878429,0.03420532229243289,1.243422610856734
66896,黃曜,Huang Yao,1428,cluster2_yuan_ming,明,works_general,工部,0,1,0,0,0,1,121.258354,28.642613,黃巖,0,0,0,0,0,1,0.0,1.7940675921995588e-13,0.0,0.0895713085213861,-0.17812319241819308,-0.21135081308317588,-0.107944576878429,1.152625993799822,-0.8856481702266311
66900,丁璿,Ding Xuan,1382,cluster2_yuan_ming,明,works_general,工部,0,1,0,0,0,1,118.76899,32.052563,上元,0,0,0,0,0,0,0.0,1.3975995756472907e-33,0.0,-0.2777070288293577,-0.17812319241819308,-0.21135081309332437,-0.107944576878429,0.5966102152393962,0.07355959953512392
66903,張本,Zhang Ben,1437,cluster2_yuan_ming,明,hydraulic,水利/河道,0,1,0,0,0,1,120.168625,30.294125,錢塘,0,0,1,0,0,0,0.0,1.3975995756472907e-33,0.0,-0.2777070288293577,-0.17812319241819308,-0.21135081309332437,-0.107944576878429,0.9092278734948482,-0.4210832521912416
66904,郭璡,Guo Jin,1371,cluster2_yuan_ming,明,works_general,工部,0,0,0,0,0,1,115.928207,38.925182,新安,0,0,0,0,0,0,0.0,1.3975995756472907e-33,0.0,-0.2777070288293577,-0.17812319241819308,-0.21135081309332437,-0.107944576878429,-0.037897302128986524,2.0068048211402107
66906,翁世資,Weng Shizi,1415,cluster2_yuan_ming,明,works_general,工部,0,1,0,0,0,1,119.011101,25.433954,莆田,0,0,0,0,0,0,0.0,1.3975995756472907e-33,0.0,-0.2777070288293577,-0.17812319241819308,-0.21135081309332437,-0.107944576878429,0.6506872952337401,-1.788233440777808
66908,鄭辰,Zheng Chen,1381,cluster2_yuan_ming,明,works_general,工部,0,1,0,0,0,1,118.867645,28.956821,西安,0,0,0,0,0,0,0.0,1.3975995756472907e-33,0.0,-0.2777070288293577,-0.17812319241819308,-0.21135081309332437,-0.107944576878429,0.6186454566238925,-0.7972624886414752
66919,顧祖鎮,Gu Zuzhen,1688,cluster3_qing_after,清,works_general,工部,0,1,0,0,0,1,120.618622,31.31271,吳縣,0,0,0,0,0,0,0.0,1.3975995756472907e-33,0.0,-0.2777070288293577,-0.17812319241819308,-0.21135081309332437,-0.107944576878429,1.0097376552322135,-0.1345586268557452
66947,劉中敷,Liu Zhongfu,1380,cluster2_yuan_ming,明,construction,将作/营缮,0,0,0,0,0,1,116.36800385,39.931427002,大興,0,0,0,0,1,0,0.0,1.3975995756472907e-33,0.0,-0.2777070288293577,-0.17812319241819308,-0.21135081309332437,-0.107944576878429,0.060334209197267744,2.289858245443304
66965,陳勉,Chen Mian,1439,cluster2_yuan_ming,明,works_general,工部,0,1,0,0,0,1,116.351341,27.984781,臨川,0,0,0,0,0,0,0.0,1.3975995756472907e-33,0.0,-0.2777070288293577,-0.17812319241819308,-0.21135081309332437,-0.107944576878429,0.0566124523486191,-1.0706941578797973
66968,張鳳,Zhang Feng,1456,cluster2_yuan_ming,明,hydraulic,水利/河道,0,1,0,0,0,1,114.375885,27.794266,宜春,0,0,1,0,0,0,0.0,1.3975995756472907e-33,0.0,-0.2777070288293577,-0.17812319241819308,-0.21135081309332437,-0.107944576878429,-0.3846186033956881,-1.1242854035743566
66978,胡拱辰,Hu Gongchen,1417,cluster2_yuan_ming,明,works_general,工部,0,1,0,0,0,1,118.965165,29.612287,淳安,0,0,0,0,0,0,0.0,1.3975995756472907e-33,0.0,-0.2777070288293577,-0.17812319241819308,-0.21135081309332437,-0.107944576878429,0.6404271883132776,-0.6128820490412887
67029,彭誼,Peng Yi,1410,cluster2_yuan_ming,明,works_general,工部,0,1,0,0,0,1,113.749817,23.046623,東莞,0,0,0,0,0,0,0.0,1.3975995756472907e-33,0.0,-0.2777070288293577,-0.17812319241819308,-0.21135081309332437,-0.107944576878429,-0.5244549979333175,-2.4597818342126385
67042,郭循,Guo Xun,1387,cluster2_yuan_ming,明,works_general,工部,0,1,0,0,0,1,114.971275,27.103239,廬陵,0,0,0,0,0,0,0.0,1.3975995756472907e-33,0.0,-0.2777070288293577,-0.17812319241819308,-0.21135081309332437,-0.107944576878429,-0.251634341392583,-1.318669036036756
67072,李裕,Li Yu,1426,cluster2_yuan_ming,明,works_general,工部,0,1,0,0,0,1,115.785782,28.197754,豐城,0,0,0,0,0,0,0.0,1.3975995756472907e-33,0.0,-0.2777070288293577,-0.17812319241819308,-0.21135081309332437,-0.107944576878429,-0.06970886012591684,-1.0107855503197252
67132,金濂,Jin Lian,1392,cluster2_yuan_ming,明,works_general,工部,0,1,0,0,0,1,119.141106,33.502789,山陽,0,0,0,0,0,1,0.0,7.50330558788574e-25,0.0,0.0895713085213861,-0.17812319241819308,-0.21135081309332437,-0.107944576878429,0.6797247647607948,0.4815034248435631
67134,林庭木昂,Lin Tingang,1472,cluster2_yuan_ming,明,works_general,工部,0,1,0,0,0,1,119.321577,26.073954,閩縣,0,0,0,0,0,0,0.0,1.3975995756472907e-33,0.0,-0.2777070288293577,-0.17812319241819308,-0.21135081309332437,-0.107944576878429,0.7200341464231732,-1.6082035363371199
67136,石璞,Shi Pu,1406,cluster2_yuan_ming,明,works_general,工部,0,1,0,0,0,1,114.607079,36.341301,臨漳,0,0,0,0,0,0,0.0,1.3975995756472907e-33,0.0,-0.2777070288293577,-0.17812319241819308,-0.21135081309332437,-0.107944576878429,-0.33297990696218116,1.2799675562712913
67138,王巹,Wang Jin,1378,cluster2_yuan_ming,明,works_general,工部,0,1,0,0,0,1,107.754791,34.273563,郿縣,0,0,0,0,0,0,0.0,1.3975995756472907e-33,0.0,-0.2777070288293577,-0.17812319241819308,-0.21135081309332437,-0.107944576878429,-1.8634833798332726,0.6983196272894495
67140,楊源,Yang Yuan,1444,cluster2_yuan_ming,明,astronomical,天文/历算,0,0,0,0,0,1,115.785782,28.197754,豐城,1,0,0,0,0,0,0.0,1.3975995756472907e-33,0.0,-0.2777070288293577,-0.17812319241819308,-0.21135081309332437,-0.107944576878429,-0.06970886012591684,-1.0107855503197252
67157,林庭機,Lin Tingji,1506,cluster2_yuan_ming,明,works_general,工部,0,1,0,0,0,1,119.321577,26.073954,閩縣,0,0,0,0,0,3,0.0,1.5586612456361425e-12,2.1694299248611563e-05,0.8241279832228736,-0.17812319241819308,-0.21135081300515565,-0.03648010085322585,0.7200341464231732,-1.6082035363371199
67158,林燫,Lin Qian,1517,cluster2_yuan_ming,明,works_general,工部,0,1,0,0,0,1,119.321577,26.073954,閩縣,0,0,0,0,0,0,0.0,1.3975995756472907e-33,0.0,-0.2777070288293577,-0.17812319241819308,-0.21135081309332437,-0.107944576878429,0.7200341464231732,-1.6082035363371199
67159,林烴,Lin Ting,1553,cluster2_yuan_ming,明,works_general,工部,0,1,0,0,0,1,119.321577,26.073954,閩縣,0,0,0,0,0,1,0.0,3.686838465712939e-12,0.0,0.0895713085213861,-0.17812319241819308,-0.21135081288477112,-0.107944576878429,0.7200341464231732,-1.6082035363371199
67260,丁鉉,Ding Xuan,1386,cluster2_yuan_ming,明,works_general,工部,0,1,0,0,0,1,115.785782,28.197754,豐城,0,0,0,0,0,0,0.0,1.3975995756472907e-33,0.0,-0.2777070288293577,-0.17812319241819308,-0.21135081309332437,-0.107944576878429,-0.06970886012591684,-1.0107855503197252
67281,王佐,Wang Zuo,1559,cluster2_yuan_ming,明,works_general,工部,0,1,0,0,0,1,121.542656,29.866316,鄞縣,0,0,0,0,0,2,0.0,2.3862216162258688e-11,2.948480110763677e-05,0.45684964587212995,-0.17812319241819308,-0.21135081174351122,-0.010816947277788787,1.2161267103990354,-0.541424523111345
67308,王永和,Wang Yonghe,1391,cluster2_yuan_ming,明,works_general,工部,0,1,0,0,0,1,120.94823456,31.386108398,崑山,0,0,0,0,0,0,0.0,1.3975995756472907e-33,0.0,-0.2777070288293577,-0.17812319241819308,-0.21135081309332437,-0.107944576878429,1.0833587826252729,-0.11391189782755783
67326,王一夔,Wang Yikui,1425,cluster2_yuan_ming,明,works_general,工部,0,1,0,0,0,1,115.89772,28.674896,新建,0,0,0,0,0,0,0.0,1.3975995756472907e-33,0.0,-0.2777070288293577,-0.17812319241819308,-0.21135081309332437,-0.107944576878429,-0.044706773560632615,-0.876567068031227
67331,黎淳,Li Chun,1423,cluster2_yuan_ming,明,works_general,工部,0,1,0,0,0,1,112.559288,29.518757,華容,0,0,0,0,0,0,0.0,1.3975995756472907e-33,0.0,-0.2777070288293577,-0.17812319241819308,-0.21135081309332437,-0.107944576878429,-0.7903674594430709,-0.6391917317949405
67395,孫需,Sun Xu,1461,cluster2_yuan_ming,明,works_general,工部,0,1,0,0,0,1,117.580116,28.953411,德興,0,0,0,0,0,0,0.0,1.3975995756472907e-33,0.0,-0.2777070288293577,-0.17812319241819308,-0.21135081309332437,-0.107944576878429,0.3310674088357331,-0.7982217104760739
67396,張憲,Zhang Xian,1446,cluster2_yuan_ming,明,works_general,工部,0,1,0,0,0,1,117.580116,28.953411,德興,0,0,0,0,0,0,0.0,1.3975995756472907e-33,0.0,-0.2777070288293577,-0.17812319241819308,-0.21135081309332437,-0.107944576878429,0.3310674088357331,-0.7982217104760739
67398,王偉,Wang Wei,1417,cluster2_yuan_ming,明,works_general,工部,0,1,0,0,0,1,113.34333,27.004034,攸縣,0,0,0,0,0,0,0.0,1.3975995756472907e-33,0.0,-0.2777070288293577,-0.17812319241819308,-0.21135081309332437,-0.107944576878429,-0.6152465357637399,-1.3465750777086902
67423,劉昭,Liu Zhao,1427,cluster2_yuan_ming,明,works_general,工部,0,1,0,0,0,1,108.07798767,35.039661407,邠州,0,0,0,0,0,0,0.0,1.3975995756472907e-33,0.0,-0.2777070288293577,-0.17812319241819308,-0.21135081309332437,-0.107944576878429,-1.7912952835572005,0.9138206007337809
67434,白圭,Bai Gui,1421,cluster2_yuan_ming,明,works_general,工部,0,1,0,0,0,1,115.366998,37.365629,南宮,0,0,0,0,0,1,0.0,3.4883880989801677e-13,0.0,0.0895713085213861,-0.17812319241819308,-0.2113508130735916,-0.107944576878429,-0.16324701356938717,1.5681076687024167
67443,張瓚,Zhang Zan,1427,cluster2_yuan_ming,明,works_general,工部,0,1,0,0,0,1,113.910355,30.926222,孝感,0,0,0,0,0,1,0.0,1.968812761070012e-13,0.0,0.0895713085213861,-0.17812319241819308,-0.21135081308218742,-0.107944576878429,-0.48859778257287395,-0.24327643577367106
67448,江淵,Jiang Yuan,1400,cluster2_yuan_ming,明,works_general,工部,0,1,0,0,0,1,106.25296,29.281507,江津,0,0,0,0,0,1,0.0,3.4883880989801677e-13,0.0,0.0895713085213861,-0.17812319241819308,-0.2113508130735916,-0.107944576878429,-2.1989271850506626,-0.7059293799645547
67455,趙榮,Zhao Rong,1416,cluster2_yuan_ming,明,works_general,工部,0,0,0,0,0,1,119.321577,26.073954,閩縣,0,0,0,0,0,0,0.0,1.3975995756472907e-33,0.0,-0.2777070288293577,-0.17812319241819308,-0.21135081309332437,-0.107944576878429,0.7200341464231732,-1.6082035363371199
67456,孔鏞,Kong Yong,1427,cluster2_yuan_ming,明,works_general,工部,0,1,0,0,0,1,120.618622,31.31271,長洲,0,0,0,0,0,0,0.0,1.3975995756472907e-33,0.0,-0.2777070288293577,-0.17812319241819308,-0.21135081309332437,-0.107944576878429,1.0097376552322135,-0.1345586268557452
67460,覺羅西銘,Jueluo Ximing,1724,cluster3_qing_after,清,works_general,工部,0,0,0,0,0,0,,,,0,0,0,0,0,0,0.0,1.3975995756472907e-33,0.0,-0.2777070288293577,-0.17812319241819308,-0.21135081309332437,-0.107944576878429,-3.174087617753835e-15,-1.9987334503111837e-15
67464,霍瑄,Huo Xuan,1407,cluster2_yuan_ming,明,works_general,工部,0,1,0,0,0,1,107.385918,34.522518,鳳翔,0,0,0,0,0,0,0.0,1.3975995756472907e-33,0.0,-0.2777070288293577,-0.17812319241819308,-0.21135081309332437,-0.107944576878429,-1.9458735840319825,0.7683498536332473
67467,劉丙,Liu Bing,1455,cluster2_yuan_ming,明,works_general,工部,0,1,0,0,0,1,114.608452,27.382462,安福,0,0,0,0,0,1,0.0,8.100518922695011e-13,0.0,0.0895713085213861,-0.17812319241819308,-0.21135081304750222,-0.107944576878429,-0.33267323840588964,-1.2401245203998144
67477,王來,Wang Lai,1395,cluster2_yuan_ming,明,works_general,工部,0,1,0,0,0,1,121.444199,29.979195,慈溪,0,0,0,0,0,0,0.0,1.3975995756472907e-33,0.0,-0.2777070288293577,-0.17812319241819308,-0.21135081309332437,-0.107944576878429,1.1941356936133336,-0.5096720300123445
67546,高榖,Gao Gu,1391,cluster2_yuan_ming,明,works_general,工部,0,1,0,0,0,1,119.835282,32.934967,興化,0,0,0,0,0,1,0.0,7.50330558788574e-25,0.0,0.0895713085213861,-0.17812319241819308,-0.21135081309332437,-0.107944576878429,0.8347735278577023,0.3217769554696253
67612,劉定之,Liu Dingzhi,1409,cluster2_yuan_ming,明,works_general,工部,0,1,0,0,0,1,114.23687,26.945564,永新,0,0,0,0,0,0,0.0,1.3975995756472907e-33,0.0,-0.2777070288293577,-0.17812319241819308,-0.21135081309332437,-0.107944576878429,-0.41566851552448003,-1.3630224972597011
67655,王復,Wang Fu,1416,cluster2_yuan_ming,明,works_general,工部,0,1,0,0,0,1,116.301171,39.435631,固安,0,0,0,0,0,0,0.0,1.3975995756472907e-33,0.0,-0.2777070288293577,-0.17812319241819308,-0.21135081309332437,-0.107944576878429,0.04540665375492957,2.1503924534712184
67676,何道生,He Daosheng,1766,cluster3_qing_after,清,works_general,工部,0,1,0,0,0,1,111.7762146,36.842151642,靈石,0,0,0,0,0,0,0.0,1.3975995756472907e-33,0.0,-0.2777070288293577,-0.17812319241819308,-0.21135081309332437,-0.107944576878429,-0.9652720399587994,1.4208552019249108
67715,王世紱,Wang Shifu,1784,cluster3_qing_after,清,works_general,工部,0,1,0,0,0,1,116.86728668,39.517601013,武清,0,0,0,0,0,0,0.0,1.3975995756472907e-33,0.0,-0.2777070288293577,-0.17812319241819308,-0.21135081309332437,-0.107944576878429,0.17185230435904816,2.1734503497327675
67733,康永韶,Kang Yongshao,1436,cluster2_yuan_ming,明,astronomical,天文/历算,0,1,0,0,0,1,117.706978,29.854147,祁門,1,0,0,0,0,1,0.0,7.50330558788574e-25,0.0,0.0895713085213861,-0.17812319241819308,-0.21135081309332437,-0.107944576878429,0.3594028686960566,-0.5448476229662493
67762,王鼎,Wang Ding,1454,cluster2_yuan_ming,明,works_general,工部,0,1,0,0,0,1,119.304627,26.082595,福州中衛,0,0,0,0,0,0,0.0,1.3975995756472907e-33,0.0,-0.2777070288293577,-0.17812319241819308,-0.21135081309332437,-0.107944576878429,0.7162482527384393,-1.6057728513304448
67777,劉大夏,Liu Daxia,1436,cluster2_yuan_ming,明,hydraulic,水利/河道,0,1,0,0,0,1,112.559288,29.518757,華容,0,0,1,0,0,5,0.1,1.4876343234826247e-12,5.720856319236138e-05,1.5586846579243614,0.594562897854558,-0.21135081300917344,0.08050953937787209,-0.7903674594430709,-0.6391917317949405
67794,張昇,Zhang Sheng,1442,cluster2_yuan_ming,明,works_general,工部,0,1,0,0,0,1,116.627449,27.559717,南城,0,0,0,0,0,1,0.0,4.2380696741059754e-13,0.0,0.0895713085213861,-0.17812319241819308,-0.2113508130693509,-0.107944576878429,0.11828298529870547,-1.1902632692878865
67841,沈守廉,Shen Shoulian,1850,cluster3_qing_after,清,works_general,工部,0,0,0,0,0,1,120.93202209,30.517858505,海鹽,0,0,0,0,0,0,0.0,1.3975995756472907e-33,0.0,-0.2777070288293577,-0.17812319241819308,-0.21135081309332437,-0.107944576878429,1.0797376211039216,-0.35814774980791364
67855,賈俊,Jia Jun,1428,cluster2_yuan_ming,明,works_general,工部,0,1,0,0,0,1,115.30854797,37.84853363,束鹿,0,0,0,0,0,1,0.0,1.968812761070012e-13,0.0,0.0895713085213861,-0.17812319241819308,-0.21135081308218742,-0.107944576878429,-0.17630221117701875,1.7039471599412694
67865,王佑,Wang You,1385,cluster2_yuan_ming,明,works_general,工部,0,1,0,0,0,1,116.766968,36.189663,肥城,0,0,0,0,0,0,0.0,1.3975995756472907e-33,0.0,-0.2777070288293577,-0.17812319241819308,-0.21135081309332437,-0.107944576878429,0.14944546913352277,1.2373122833813275
67885,愛新覺羅功普,Aixinjueluo Gongpu,1786,cluster3_qing_after,清,works_general,工部,0,1,0,0,0,0,,,,0,0,0,0,0,0,0.0,1.3975995756472907e-33,0.0,-0.2777070288293577,-0.17812319241819308,-0.21135081309332437,-0.107944576878429,-3.174087617753835e-15,-1.9987334503111837e-15
67890,劉璋,Liu Zhang,1429,cluster2_yuan_ming,明,works_general,工部,0,1,0,0,0,1,118.169182,26.642174,南平,0,0,0,0,0,1,0.0,8.100518922695011e-13,0.0,0.0895713085213861,-0.17812319241819308,-0.21135081304750222,-0.107944576878429,0.4626391639561084,-1.448365110866358
67906,楊守隨,Yang Shousui,1435,cluster2_yuan_ming,明,works_general,工部,0,1,0,0,0,1,121.542656,29.866316,鄞縣,0,0,0,0,0,1,0.0,1.968812761070012e-13,0.0,0.0895713085213861,-0.17812319241819308,-0.21135081308218742,-0.107944576878429,1.2161267103990354,-0.541424523111345
67922,張悦,Zhang Yue,1426,cluster2_yuan_ming,明,works_general,工部,0,1,0,0,0,1,121.227638,31.009476,華亭,0,0,0,0,0,0,0.0,1.3975995756472907e-33,0.0,-0.2777070288293577,-0.17812319241819308,-0.21135081309332437,-0.107944576878429,1.1457653737160332,-0.2198573581731944
67936,曾鑑,Zeng Jian,1434,cluster2_yuan_ming,明,works_general,工部,0,1,0,0,0,1,116.36799622,39.931430817,京師,0,0,0,0,0,0,0.0,1.3975995756472907e-33,0.0,-0.2777070288293577,-0.17812319241819308,-0.21135081309332437,-0.107944576878429,0.06033250498671845,2.2898593185903127
67939,徐恪,Xu Ke,1431,cluster2_yuan_ming,明,works_general,工部,0,1,0,0,0,1,120.733788,31.646582,常熟,0,0,0,0,0,0,0.0,1.3975995756472907e-33,0.0,-0.2777070288293577,-0.17812319241819308,-0.21135081309332437,-0.107944576878429,1.0354607367717918,-0.040641526456649514
67943,黃珂,Huang Ke,1449,cluster2_yuan_ming,明,works_general,工部,0,1,0,0,0,1,105.812285,30.194462,遂寧,0,0,0,0,0,0,0.0,1.3975995756472907e-33,0.0,-0.2777070288293577,-0.17812319241819308,-0.21135081309332437,-0.107944576878429,-2.2973548369397054,-0.4491181277635419
67944,叢蘭,Cong Lan,1456,cluster2_yuan_ming,明,works_general,工部,0,1,0,0,0,1,122.056686,37.193062,文登,0,0,0,0,0,0,0.0,1.3975995756472907e-33,0.0,-0.2777070288293577,-0.17812319241819308,-0.21135081309332437,-0.107944576878429,1.3309386827154261,1.5195651366405163
67953,王詔,Wang Zhao,1417,cluster2_yuan_ming,明,works_general,工部,0,1,0,0,0,1,112.597038,26.901617,衡陽,0,0,0,0,0,0,0.0,1.3975995756472907e-33,0.0,-0.2777070288293577,-0.17812319241819308,-0.21135081309332437,-0.107944576878429,-0.781935749319257,-1.3753846444635367
67971,張泰,Zhang Tai,1446,cluster2_yuan_ming,明,works_general,工部,0,1,0,0,0,1,113.253921,22.84786,順德,0,0,0,0,0,0,0.0,1.3975995756472907e-33,0.0,-0.2777070288293577,-0.17812319241819308,-0.21135081309332437,-0.107944576878429,-0.6352166223984398,-2.5156932153006766
67990,樊瑩,Fan Ying,1434,cluster2_yuan_ming,明,works_general,工部,0,1,0,0,0,1,118.502663,28.903732,常山,0,0,0,0,0,0,0.0,1.3975995756472907e-33,0.0,-0.2777070288293577,-0.17812319241819308,-0.21135081309332437,-0.107944576878429,0.5371243327984734,-0.812196250511556
67993,高銓,Gao Quan,1443,cluster2_yuan_ming,明,works_general,工部,0,1,0,0,0,1,119.437187,32.39127,江都,0,0,0,0,0,0,0.0,1.3975995756472907e-33,0.0,-0.2777070288293577,-0.17812319241819308,-0.21135081309332437,-0.107944576878429,0.7458563982751986,0.16883676960292385
68004,馬中錫,Ma Zhongxi,1446,cluster2_yuan_ming,明,works_general,工部,0,1,0,0,0,1,116.124138,37.380794,故城,0,0,0,0,0,1,0.0,3.4107513001509494e-13,0.0,0.0895713085213861,-0.17812319241819308,-0.21135081307403078,-0.107944576878429,0.005865171944360694,1.5723735335474849
68016,洪鍾,Hong Zhong,1443,cluster2_yuan_ming,明,works_general,工部,0,1,0,0,0,1,120.168625,30.294125,錢塘,0,0,0,0,0,0,0.0,1.3975995756472907e-33,0.0,-0.2777070288293577,-0.17812319241819308,-0.21135081309332437,-0.107944576878429,0.9092278734948482,-0.4210832521912416
68050,王鑾,Wang Luan,1473,cluster2_yuan_ming,明,hydraulic,水利/河道,0,1,0,0,0,1,114.362829,25.399312,大庾,0,0,1,0,0,0,0.0,1.3975995756472907e-33,0.0,-0.2777070288293577,-0.17812319241819308,-0.21135081309332437,-0.107944576878429,-0.38753474663744797,-1.797978121949112
68054,劉天麒,Liu Tianqi,1472,cluster2_yuan_ming,明,hydraulic,水利/河道,0,1,0,0,0,1,110.286262,25.28006,臨桂,0,0,1,0,0,0,0.0,1.3975995756472907e-33,0.0,-0.2777070288293577,-0.17812319241819308,-0.21135081309332437,-0.107944576878429,-1.2980627266189817,-1.8315233190809257
68069,張欽,Zhang Qin,1481,cluster2_yuan_ming,明,works_general,工部,0,1,0,0,0,1,116.65880585,39.905921936,通州,0,0,0,0,0,0,0.0,1.3975995756472907e-33,0.0,-0.2777070288293577,-0.17812319241819308,-0.21135081309332437,-0.107944576878429,0.12528674343369478,2.282683753889033
68083,汪俊,Wang Jun,1463,cluster2_yuan_ming,明,works_general,工部,0,1,0,0,0,1,117.421311,28.401876,弋陽,0,0,0,0,0,2,0.0,8.55083554535068e-13,1.0847149624305782e-05,0.45684964587212995,-0.17812319241819308,-0.2113508130449549,-0.07221233886582742,0.2955972703930268,-0.9533667000787214
68091,何遵,He Zun,1486,cluster2_yuan_ming,明,construction,将作/营缮,0,1,0,0,0,1,118.76899,32.052563,江寧,0,0,0,0,1,0,0.0,1.3975995756472907e-33,0.0,-0.2777070288293577,-0.17812319241819308,-0.21135081309332437,-0.107944576878429,0.5966102152393962,0.07355959953512392
68165,汪一中,Wang Yizhong,1498,cluster2_yuan_ming,明,hydraulic,水利/河道,0,1,0,0,0,1,118.433945,29.86577,歙縣,0,0,1,0,0,0,0.0,1.3975995756472907e-33,0.0,-0.2777070288293577,-0.17812319241819308,-0.21135081309332437,-0.107944576878429,0.521775716737858,-0.541578111123571
68195,鮑象賢,Bao Xiangxian,1505,cluster2_yuan_ming,明,works_general,工部,0,1,0,0,0,1,118.433945,29.86577,歙縣,0,0,0,0,0,2,0.0,3.739362738751998e-12,3.7167439153871284e-06,0.45684964587212995,-0.17812319241819308,-0.2113508128818,-0.09570103061822875,0.521775716737858,-0.541578111123571
68196,姚鏌,Yao Mo,1465,cluster2_yuan_ming,明,works_general,工部,0,1,0,0,0,1,121.444199,29.979195,慈溪,0,0,0,0,0,2,0.0,8.55083554535068e-13,1.0847149624305782e-05,0.45684964587212995,-0.17812319241819308,-0.2113508130449549,-0.07221233886582742,1.1941356936133336,-0.5096720300123445
68197,秦金,Qin Jin,1467,cluster2_yuan_ming,明,works_general,工部,0,1,0,0,0,1,120.297668,31.574614,無錫,0,0,0,0,0,1,0.0,8.100518922695011e-13,0.0,0.0895713085213861,-0.17812319241819308,-0.21135081304750222,-0.107944576878429,0.938050474011595,-0.06088588921100437
68200,張嵿,Zhang Ding,1458,cluster2_yuan_ming,明,works_general,工部,0,1,0,0,0,1,120.258934,30.161488,蕭山,0,0,0,0,0,2,0.0,9.89458651489457e-13,4.5962621302456116e-05,0.45684964587212995,-0.17812319241819308,-0.2113508130373537,0.043463616144218974,0.9293989810331625,-0.4583936059963978
68201,席書,Xi Shu,1461,cluster2_yuan_ming,明,hydraulic,水利/河道,0,1,0,0,0,1,105.812285,30.194462,遂寧,0,0,1,0,0,1,0.0,1.7940675921995588e-13,0.0,0.0895713085213861,-0.17812319241819308,-0.21135081308317588,-0.107944576878429,-2.2973548369397054,-0.4491181277635419
68203,趙璜,Zhao Huang,1463,cluster2_yuan_ming,明,hydraulic,水利/河道,0,1,0,0,0,1,114.608452,27.382462,安福,0,0,1,0,0,1,0.0,1.5959248592679245e-20,0.0,0.0895713085213861,-0.17812319241819308,-0.21135081309332437,-0.107944576878429,-0.33267323840588964,-1.2401245203998144
68216,趙貞吉,Zhao Zhenji,1514,cluster2_yuan_ming,明,works_general,工部,0,1,0,0,0,1,105.053894,29.580755,內江,0,0,0,0,0,4,0.16666666666666666,1.0465130026935126e-11,2.1694299248611563e-05,1.1914063205736174,1.109686958036392,-0.21135081250134372,-0.03648010085322585,-2.466746441509476,-0.6217518973957005
68228,趙珽,Zhao Ting,1579,cluster2_yuan_ming,明,works_general,工部,0,1,0,0,0,1,121.444199,29.979195,慈溪,0,0,0,0,0,0,0.0,1.3975995756472907e-33,0.0,-0.2777070288293577,-0.17812319241819308,-0.21135081309332437,-0.107944576878429,1.1941356936133336,-0.5096720300123445
68239,邢珣,Xing Xun,1462,cluster2_yuan_ming,明,works_general,工部,0,1,0,0,0,1,118.483437,31.555685,當塗,0,0,0,0,0,0,0.0,1.3975995756472907e-33,0.0,-0.2777070288293577,-0.17812319241819308,-0.21135081309332437,-0.107944576878429,0.5328300795841566,-0.0662105549315634
68240,蔣瑤,Jiang Yao,1469,cluster2_yuan_ming,明,works_general,工部,0,1,0,0,0,1,120.099312,30.864964,歸安,0,0,0,0,0,0,0.0,1.3975995756472907e-33,0.0,-0.2777070288293577,-0.17812319241819308,-0.21135081309332437,-0.107944576878429,0.8937463602812871,-0.2605081105959014
68242,胡世寧,Hu Shining,1470,cluster2_yuan_ming,明,works_general,工部,0,1,0,0,0,1,120.168625,30.294125,仁和,0,0,0,0,0,4,0.0,1.2805259527174603e-12,0.00015216849409234454,1.1914063205736174,-0.17812319241819308,-0.2113508130208889,0.3933226718689395,0.9092278734948482,-0.4210832521912416
68244,胡瓚,Hu Zan,1471,cluster2_yuan_ming,明,works_general,工部,0,1,0,0,0,1,114.723068,36.701031,永年,0,0,0,0,0,0,0.0,1.3975995756472907e-33,0.0,-0.2777070288293577,-0.17812319241819308,-0.21135081309332437,-0.107944576878429,-0.30707300297407625,1.381158427403242
68251,李承勛,Li Chengxun,1473,cluster2_yuan_ming,明,works_general,工部,0,1,0,0,0,1,113.895576,29.975599,嘉魚,0,0,0,0,0,1,0.0,2.7803830975026245e-13,0.0,0.0895713085213861,-0.17812319241819308,-0.2113508130775966,-0.107944576878429,-0.49189876916677466,-0.5106835730379211
68253,詹榮,Zhan Rong,1500,cluster2_yuan_ming,明,works_general,工部,0,1,0,0,0,1,118.18219,26.171848,尤溪,0,0,0,0,0,0,0.0,1.3975995756472907e-33,0.0,-0.2777070288293577,-0.17812319241819308,-0.21135081309332437,-0.107944576878429,0.4655445860830105,-1.5806662746725626
68255,劉天和,Liu Tianhe,1485,cluster2_yuan_ming,明,works_general,工部,0,1,0,0,0,1,115.030968,31.180918,麻城,0,0,0,0,0,2,0.0,4.681129400816514e-12,1.5569333433567957e-05,0.45684964587212995,-0.17812319241819308,-0.21135081282852708,-0.05665671350285484,-0.2383015182820997,-0.17163128492769408
68257,王以旂,Wang Yiqi,1486,cluster2_yuan_ming,明,works_general,工部,0,1,0,0,0,1,118.76899,32.052563,江寧,0,0,0,0,0,1,0.0,1.3797646004274848e-12,0.0,0.0895713085213861,-0.17812319241819308,-0.21135081301527528,-0.107944576878429,0.5966102152393962,0.07355959953512392
68258,黃綰,Huang Wan,1480,cluster2_yuan_ming,明,construction,将作/营缮,0,0,1,0,0,1,121.258354,28.642613,黃巖,0,0,0,0,1,6,0.0,7.977031569119329e-13,0.00015410444927261834,1.9259629952751052,-0.17812319241819308,-0.21135081304820075,0.39970001648749864,1.152625993799822,-0.8856481702266311
68261,范鏓,Fan Zong,1487,cluster2_yuan_ming,明,works_general,工部,0,1,0,0,0,1,117.124092,28.964994,樂平,0,0,0,0,0,0,0.0,1.3975995756472907e-33,0.0,-0.2777070288293577,-0.17812319241819308,-0.21135081309332437,-0.107944576878429,0.2292114571138315,-0.7949634505024227
68264,王瓊,Wang Qiong,1459,cluster2_yuan_ming,明,hydraulic,水利/河道,0,1,0,0,0,1,112.56482697,37.873748779,太原,0,0,1,0,0,1,0.0,7.50330558788574e-25,0.0,0.0895713085213861,-0.17812319241819308,-0.21135081309332437,-0.107944576878429,-0.7891302941603019,1.7110400987927203
68267,彭澤,Peng Ze,1459,cluster2_yuan_ming,明,works_general,工部,0,1,0,0,0,1,112.97813416,28.198198318,長沙府,0,0,0,0,0,2,1.0,1.133897759511859e-12,0.0,0.45684964587212995,7.548737710309318,-0.21135081302918324,-0.107944576878429,-0.6968154221558578,-1.0106605651211606
68273,陶琰,Tao Yan,1449,cluster2_yuan_ming,明,works_general,工部,0,1,0,0,0,1,111.21614838,35.616409302,絳州,0,0,0,0,0,1,0.0,4.2380696741059754e-13,0.0,0.0895713085213861,-0.17812319241819308,-0.2113508130693509,-0.107944576878429,-1.0903665039900512,1.07605789514506
68276,李充嗣,Li Chongsi,1462,cluster2_yuan_ming,明,works_general,工部,0,1,0,0,0,1,105.053894,29.580755,內江,0,0,0,0,0,0,0.0,1.3975995756472907e-33,0.0,-0.2777070288293577,-0.17812319241819308,-0.21135081309332437,-0.107944576878429,-2.466746441509476,-0.6217518973957005
68281,王軏,Wang Yue,1469,cluster2_yuan_ming,明,works_general,工部,1,1,0,0,0,1,0.0,0.0,開平衛,0,0,0,0,0,0,0.0,1.3975995756472907e-33,0.0,-0.2777070288293577,-0.17812319241819308,-0.21135081309332437,-0.107944576878429,-25.931222774908115,-8.942721422291637
68282,毛伯溫,Mao Bowen,1482,cluster2_yuan_ming,明,works_general,工部,0,1,0,0,0,1,115.132248,27.214367,吉水,0,0,0,0,0,2,0.0,2.1790656834472975e-12,5.31723020799303e-07,0.45684964587212995,-0.17812319241819308,-0.21135081297006125,-0.10619299658369363,-0.21567996592872687,-1.2874090935044358
68287,宋景,Song Jing,1484,cluster2_yuan_ming,明,works_general,工部,1,1,0,0,0,1,115.377151,28.70723,奉新,0,0,0,0,0,0,0.0,1.3975995756472907e-33,0.0,-0.2777070288293577,-0.17812319241819308,-0.21135081309332437,-0.107944576878429,-0.16097927442006013,-0.867471619702813
68290,胡松,Hu Song,1490,cluster2_yuan_ming,明,works_general,工部,0,1,0,0,0,1,118.58410645,30.077772141,績溪,0,0,0,0,0,0,0.0,1.3975995756472907e-33,0.0,-0.2777070288293577,-0.17812319241819308,-0.21135081309332437,-0.107944576878429,0.5553152615900822,-0.48194260302130365
68293,劉訒,Liu Ren,1484,cluster2_yuan_ming,明,works_general,工部,0,1,0,0,0,1,114.195343,34.107433,鄢陵,0,0,0,0,0,0,0.0,1.3975995756472907e-33,0.0,-0.2777070288293577,-0.17812319241819308,-0.21135081309332437,-0.107944576878429,-0.42494384337379415,0.6515878022508058
68295,孫應奎,Sun Yingkui,1507,cluster2_yuan_ming,明,works_general,工部,0,1,0,0,0,1,120.618622,31.31271,長洲,0,0,0,0,0,0,0.0,1.3975995756472907e-33,0.0,-0.2777070288293577,-0.17812319241819308,-0.21135081309332437,-0.107944576878429,1.0097376552322135,-0.1345586268557452
68296,孫應奎,Sun Yingkui,1499,cluster2_yuan_ming,明,hydraulic,水利/河道,0,1,0,0,0,1,121.152763,30.049067,餘姚,0,0,1,0,0,1,0.0,5.798998174070864e-12,0.0,0.0895713085213861,-0.17812319241819308,-0.21135081276529266,-0.107944576878429,1.1290415513181373,-0.4900172651950324
68297,方鈍,Fang Dun,1487,cluster2_yuan_ming,明,hydraulic,水利/河道,0,1,0,0,0,1,113.097656,29.37126,巴陵,0,0,1,0,0,0,0.0,1.3975995756472907e-33,0.0,-0.2777070288293577,-0.17812319241819308,-0.21135081309332437,-0.107944576878429,-0.6701194351798361,-0.6806821549438286
68303,潘恩,Pan En,1496,cluster2_yuan_ming,明,works_general,工部,0,1,0,0,0,1,121.486763,31.224427,上海,0,0,0,0,0,3,0.0,5.67766157937433e-12,6.331991950891676e-05,0.8241279832228736,-0.17812319241819308,-0.2113508127721563,0.10064132017249247,1.2036426422149225,-0.1593923456897098
68307,劉心,Liu Que,1514,cluster2_yuan_ming,明,works_general,工部,1,1,0,0,0,1,114.779678,26.461771,萬安,0,0,0,0,0,1,0.0,5.798998174070864e-12,0.0,0.0895713085213861,-0.17812319241819308,-0.21135081276529266,-0.107944576878429,-0.2944287881367486,-1.4991118840707545
68313,歐陽鐸,Ouyang Duo,1487,cluster2_yuan_ming,明,works_general,工部,0,1,0,0,0,1,114.89487457,26.792102814,泰和,0,0,0,0,0,2,0.0,1.8035715678380823e-12,9.943220488946966e-06,0.45684964587212995,-0.17812319241819308,-0.21135081299130182,-0.07519002536687755,-0.26869887858714564,-1.406190626401787
68317,陶諧,Tao Xie,1474,cluster2_yuan_ming,明,works_general,工部,0,1,0,0,0,1,120.578262,30.004515,會稽,0,0,0,0,0,2,0.0,2.1634963803720835e-21,1.2761352499183273e-06,0.45684964587212995,-0.17812319241819308,-0.21135081309332437,-0.10374078417106411,1.0007229844879177,-0.5025495969179097
68318,譚大初,Tan Dachu,1504,cluster2_yuan_ming,明,works_general,工部,0,1,0,0,0,1,114.063148,24.945763,始興,0,0,0,0,0,0,0.0,1.3975995756472907e-33,0.0,-0.2777070288293577,-0.17812319241819308,-0.21135081309332437,-0.107944576878429,-0.4544704637663094,-1.925559970588439
68319,潘旦,Pan Dan,1476,cluster2_yuan_ming,明,works_general,工部,0,1,0,0,0,1,117.844589,29.244728,婺源,0,0,0,0,0,0,0.0,1.3975995756472907e-33,0.0,-0.2777070288293577,-0.17812319241819308,-0.21135081309332437,-0.107944576878429,0.3901391882152088,-0.7162751922386555
68320,廖紀,Liao Ji,1469,cluster2_yuan_ming,明,works_general,工部,0,1,0,0,0,1,116.532822,37.884556,東光,0,0,0,0,0,0,0.0,1.3975995756472907e-33,0.0,-0.2777070288293577,-0.17812319241819308,-0.21135081309332437,-0.107944576878429,0.09714742413615993,1.7140801346738133
68321,廖紀,Liao Ji,1474,cluster2_yuan_ming,明,hydraulic,水利/河道,0,1,0,0,0,1,115.934936,30.079201,黃梅,0,0,1,0,0,0,0.0,1.3975995756472907e-33,0.0,-0.2777070288293577,-0.17812319241819308,-0.21135081309332437,-0.107944576878429,-0.03639433583963344,-0.4815406696631328
68323,陶大順,Tao Dashun,1525,cluster2_yuan_ming,明,hydraulic,水利/河道,1,1,0,0,0,1,120.578262,30.004515,會稽,0,0,1,0,0,1,0.0,1.3371142976073185e-21,0.0,0.0895713085213861,-0.17812319241819308,-0.21135081309332437,-0.107944576878429,1.0007229844879177,-0.5025495969179097
68325,李中,Li Zhong,1478,cluster2_yuan_ming,明,works_general,工部,0,1,0,0,0,1,115.132248,27.214367,吉水,0,0,0,0,0,0,0.0,1.3975995756472907e-33,0.0,-0.2777070288293577,-0.17812319241819308,-0.21135081309332437,-0.107944576878429,-0.21567996592872687,-1.2874090935044358
68337,朱裳,Zhu Chang,1482,cluster2_yuan_ming,明,hydraulic,水利/河道,0,1,0,0,0,1,114.351807,36.884628,沙河,0,0,1,0,0,0,0.0,1.3975995756472907e-33,0.0,-0.2777070288293577,-0.17812319241819308,-0.21135081309332437,-0.107944576878429,-0.38999658263704434,1.4328036623494869
68347,曾鈞,Zeng Jun,1507,cluster2_yuan_ming,明,works_general,工部,0,1,0,0,0,1,116.259071,28.364485,進賢,0,0,0,0,0,1,0.0,3.2724424078899067e-12,0.0,0.0895713085213861,-0.17812319241819308,-0.21135081290821225,-0.107944576878429,0.036003342596983685,-0.9638846659489437
68349,周用,Zhou Yong,1476,cluster2_yuan_ming,明,works_general,工部,0,1,0,0,0,1,120.637787,31.167065,吳江,0,0,0,0,0,6,0.0,6.4371386181069846e-12,0.00017424901760788216,1.9259629952751052,-0.17812319241819308,-0.21135081272919498,0.4660594321264096,1.0140182836963958,-0.17552808846865717
68354,楊守謙,Yang Shouqian,1505,cluster2_yuan_ming,明,works_general,工部,0,1,0,0,0,1,112.97813416,28.198198318,長沙府,0,0,0,0,0,0,0.0,1.3975995756472907e-33,0.0,-0.2777070288293577,-0.17812319241819308,-0.21135081309332437,-0.107944576878429,-0.6968154221558578,-1.0106605651211606
68366,劉安,Liu An,1496,cluster2_yuan_ming,明,works_general,工部,0,1,0,0,0,1,121.444199,29.979195,慈溪,0,0,0,0,0,0,0.0,1.3975995756472907e-33,0.0,-0.2777070288293577,-0.17812319241819308,-0.21135081309332437,-0.107944576878429,1.1941356936133336,-0.5096720300123445
68395,邵經邦,Shao Jingbang,1491,cluster2_yuan_ming,明,works_general,工部,0,1,0,0,0,1,120.168625,30.294125,仁和,0,0,0,0,0,3,0.0,2.948884760984348e-20,0.0,0.8241279832228736,-0.17812319241819308,-0.21135081309332437,-0.107944576878429,0.9092278734948482,-0.4210832521912416
68418,聶賢,Nie Xian,1477,cluster2_yuan_ming,明,works_general,工部,0,1,0,0,0,1,112.58925629,31.169826508,長壽,0,0,0,0,0,0,0.0,1.3975995756472907e-33,0.0,-0.2777070288293577,-0.17812319241819308,-0.21135081309332437,-0.107944576878429,-0.7836738452924387,-0.17475128531029466
68422,湯沐,Tang Mu,1460,cluster2_yuan_ming,明,works_general,工部,0,1,0,0,0,1,120.26609,31.90877,江陰,0,0,0,0,0,2,0.0,2.1898164926969856e-12,0.00014824244466058825,0.45684964587212995,-0.17812319241819308,-0.2113508129694531,0.3803896399109026,0.9309973205734562,0.03311109945818705
68454,周思兼,Zhou Sijian,1517,cluster2_yuan_ming,明,works_general,工部,0,1,0,0,0,1,121.227638,31.009476,華亭,0,0,0,0,0,1,0.0,0.001875527448705163,0.0,0.0895713085213861,-0.17812319241819308,-0.10525791544471418,-0.107944576878429,1.1457653737160332,-0.2198573581731944
68456,楊最,Yang Zui,1487,cluster2_yuan_ming,明,hydraulic,水利/河道,0,1,0,0,0,1,105.276024,30.989159,射洪,0,0,1,0,0,0,0.0,1.3975995756472907e-33,0.0,-0.2777070288293577,-0.17812319241819308,-0.21135081309332437,-0.107944576878429,-2.4171322489319214,-0.2255724637490088
68467,樊深,Fan Shen,1513,cluster2_yuan_ming,明,works_general,工部,0,1,0,0,0,1,113.296387,40.092838,大同,0,0,0,0,0,0,0.0,1.3975995756472907e-33,0.0,-0.2777070288293577,-0.17812319241819308,-0.21135081309332437,-0.107944576878429,-0.6257315627396909,2.3352626306708295
68483,劉魁,Liu Kui,1487,cluster2_yuan_ming,明,works_general,工部,0,1,0,1,0,1,114.89487457,26.792102814,泰和,0,0,0,0,0,0,0.0,1.3975995756472907e-33,0.0,-0.2777070288293577,-0.17812319241819308,-0.21135081309332437,-0.107944576878429,-0.26869887858714564,-1.406190626401787
68502,趙錦,Zhao Jin,1516,cluster2_yuan_ming,明,works_general,工部,0,1,0,0,0,1,121.152763,30.049067,餘姚,0,0,0,0,0,2,0.0,4.0855019958563585e-12,1.0847149624305782e-05,0.45684964587212995,-0.17812319241819308,-0.21135081286221993,-0.07221233886582742,1.1290415513181373,-0.4900172651950324
68511,馬從謙,Ma Congqian,1495,cluster2_yuan_ming,明,hydraulic,水利/河道,0,1,0,0,0,1,119.486,31.430706,溧陽,0,0,1,0,0,0,0.0,1.3975995756472907e-33,0.0,-0.2777070288293577,-0.17812319241819308,-0.21135081309332437,-0.107944576878429,0.7567591020175503,-0.10136673841139571
68548,徐陟,Xu Zhi,1513,cluster2_yuan_ming,明,works_general,工部,0,1,0,0,0,1,121.227638,31.009476,華亭,0,0,0,0,0,1,0.0,3.901488447132687e-12,0.0,0.0895713085213861,-0.17812319241819308,-0.21135081287262902,-0.107944576878429,1.1457653737160332,-0.2198573581731944
68617,王龍詔,Wang Longzhao,1860,cluster3_qing_after,清,works_general,工部,0,1,0,0,0,1,111.47493744,27.249315262,邵陽,0,0,0,0,0,0,0.0,1.3975995756472907e-33,0.0,-0.2777070288293577,-0.17812319241819308,-0.21135081309332437,-0.107944576878429,-1.032564269893784,-1.277578261835329
68715,馮堉,Feng Yu,1740,cluster3_qing_after,清,construction,将作/营缮,0,1,0,0,0,1,120.29766846,31.574613571,無錫,0,0,0,0,1,0,0.0,1.3975995756472907e-33,0.0,-0.2777070288293577,-0.17812319241819308,-0.21135081309332437,-0.107944576878429,0.9380505767556113,-0.06088600988729968
68800,孫濬,Sun Jun,1842,cluster3_qing_after,清,works_general,工部,0,1,0,0,0,1,107.90213776,26.895835876,黃平州,0,0,0,0,0,0,0.0,1.3975995756472907e-33,0.0,-0.2777070288293577,-0.17812319241819308,-0.21135081309332437,-0.107944576878429,-1.8305725144557068,-1.377010855715537
68823,董傳策,Dong Chuance,1520,cluster2_yuan_ming,明,works_general,工部,0,1,0,0,0,1,121.227638,31.009476,華亭,0,0,0,0,0,0,0.0,1.3975995756472907e-33,0.0,-0.2777070288293577,-0.17812319241819308,-0.21135081309332437,-0.107944576878429,1.1457653737160332,-0.2198573581731944
68847,鄒應龍,Zou Yinglong,1526,cluster2_yuan_ming,明,works_general,工部,0,1,0,0,0,1,108.906976,34.246423,長安,0,0,0,0,0,0,0.0,1.3975995756472907e-33,0.0,-0.2777070288293577,-0.17812319241819308,-0.21135081309332437,-0.107944576878429,-1.6061353022437168,0.6906852341542608
68851,張檟,Zhang Jia,1529,cluster2_yuan_ming,明,works_general,工部,0,1,0,0,0,1,116.91423,27.296833,新城,0,0,0,0,0,0,0.0,1.3975995756472907e-33,0.0,-0.2777070288293577,-0.17812319241819308,-0.21135081309332437,-0.107944576878429,0.18233740280909788,-1.2642116777238017
69103,王以銜,Wang Yixian,1761,cluster3_qing_after,清,works_general,工部,0,1,0,0,0,1,120.09931183,30.864963531,歸安,0,0,0,0,0,0,0.0,1.3975995756472907e-33,0.0,-0.2777070288293577,-0.17812319241819308,-0.21135081309332437,-0.107944576878429,0.8937463223106735,-0.2605082425240657
69113,馬森,Ma Sen,1507,cluster2_yuan_ming,明,works_general,工部,0,1,0,0,0,1,119.22961426,26.093738556,懷安,0,0,0,0,0,1,0.0,5.798998174070864e-12,0.0,0.0895713085213861,-0.17812319241819308,-0.21135081276529266,-0.107944576878429,0.6994936652080316,-1.6026382055151174
69142,靳學顏,Jin Xueyan,1515,cluster2_yuan_ming,明,works_general,工部,0,1,0,0,0,1,116.5778656,35.410430908,濟寧州,0,0,0,0,0,7,0.09523809523809523,1.532428705810997e-11,0.00013977113017012662,2.293241332625849,0.557768322127284,-0.21135081222647595,0.3524837811243231,0.10720820766286163,1.018116847350269
69145,毛愷,Mao Kai,1506,cluster2_yuan_ming,明,hydraulic,水利/河道,0,1,0,0,0,1,118.615936,28.735312,江山,0,0,1,0,0,1,0.0,7.700396330119527e-13,0.0,0.0895713085213861,-0.17812319241819308,-0.21135081304976555,-0.107944576878429,0.5624246003707847,-0.859572245052026
69148,王廷,Wang Ting,1526,cluster2_yuan_ming,明,works_general,工部,0,1,0,0,0,1,106.080727,30.798986,南充,0,0,0,0,0,2,0.0,7.1787627744983485e-12,5.398680507088197e-05,0.45684964587212995,-0.17812319241819308,-0.21135081268724354,0.06989655513749825,-2.237396555375292,-0.27906750596338253
69164,克什布,Keshenbu,1827,cluster3_qing_after,清,hydraulic,水利/河道,0,0,1,0,0,0,,,,0,0,1,0,0,0,0.0,1.3975995756472907e-33,0.0,-0.2777070288293577,-0.17812319241819308,-0.21135081309332437,-0.107944576878429,-3.174087617753835e-15,-1.9987334503111837e-15
69196,駱問禮,Luo Wenli,1529,cluster2_yuan_ming,明,works_general,工部,0,1,0,0,0,1,120.227661,29.713137,諸暨,0,0,0,0,0,5,0.0,6.647526974594826e-12,0.0001305590416052124,1.5586846579243614,-0.17812319241819308,-0.21135081271729395,0.3221376945858748,0.9224139513456924,-0.5845132742555956
69261,汪文輝,Wang Wenhui,1534,cluster2_yuan_ming,明,works_general,工部,0,1,0,0,0,1,117.844589,29.244728,婺源,0,0,0,0,0,0,0.0,1.3975995756472907e-33,0.0,-0.2777070288293577,-0.17812319241819308,-0.21135081309332437,-0.107944576878429,0.3901391882152088,-0.7162751922386555
69316,牛稔文,Niu Renwen,1744,cluster3_qing_after,清,works_general,工部,0,1,0,0,0,1,117.18782043,39.13697052,天津,0,0,0,0,0,0,0.0,1.3975995756472907e-33,0.0,-0.2777070288293577,-0.17812319241819308,-0.21135081309332437,-0.107944576878429,0.2434456199855057,2.0663802383546397
69355,王克莊,Wang Kezhuang,1668,cluster3_qing_after,清,hydraulic,水利/河道,0,1,0,0,0,1,116.36800385,39.931427002,宛平,0,0,1,0,0,0,0.0,1.3975995756472907e-33,0.0,-0.2777070288293577,-0.17812319241819308,-0.21135081309332437,-0.107944576878429,0.060334209197267744,2.289858245443304
69429,王楚堂,Wang Chutang,1770,cluster3_qing_after,清,hydraulic,水利/河道,0,1,0,0,0,1,120.16862488,30.294124603,仁和,0,0,1,0,0,0,0.0,1.3975995756472907e-33,0.0,-0.2777070288293577,-0.17812319241819308,-0.21135081309332437,-0.107944576878429,0.9092278466920588,-0.4210833638660419
69478,覺羅蘇庫,Jueluo Suku,1653,cluster3_qing_after,清,works_general,工部,0,0,1,0,0,0,,,,0,0,0,0,0,0,0.0,1.3975995756472907e-33,0.0,-0.2777070288293577,-0.17812319241819308,-0.21135081309332437,-0.107944576878429,-3.174087617753835e-15,-1.9987334503111837e-15
71875,王思任,Wang Siren,1575,cluster2_yuan_ming,明,works_general,工部,0,1,0,0,0,1,120.578262,30.004515,山陰,0,0,0,0,0,1,0.0,1.8250177510590394e-11,0.0,0.0895713085213861,-0.17812319241819308,-0.2113508120609672,-0.107944576878429,1.0007229844879177,-0.5025495969179097
72325,毛永柏,Mao Yongbai,1792,cluster3_qing_after,清,hydraulic,水利/河道,0,0,0,0,0,1,120.618622,31.31271,吳縣,0,0,1,0,0,0,0.0,1.3975995756472907e-33,0.0,-0.2777070288293577,-0.17812319241819308,-0.21135081309332437,-0.107944576878429,1.0097376552322135,-0.1345586268557452
72944,龍燮,Long Xie,1640,cluster2_yuan_ming,清,works_general,工部,0,1,0,0,0,1,116.67433167,30.123537064,望江,0,0,0,0,0,0,0.0,1.3975995756472907e-33,0.0,-0.2777070288293577,-0.17812319241819308,-0.21135081309332437,-0.107944576878429,0.12875453717341837,-0.46906908003001385
73713,成善,Chengshan,1818,cluster3_qing_after,清,construction,将作/营缮,0,0,0,0,0,0,,,,0,0,0,0,1,0,0.0,1.3975995756472907e-33,0.0,-0.2777070288293577,-0.17812319241819308,-0.21135081309332437,-0.107944576878429,-3.174087617753835e-15,-1.9987334503111837e-15
74032,朱日爃,Zhu Rirong,1584,cluster2_yuan_ming,清,works_general,工部,0,1,0,0,0,1,120.94823456,31.386108398,崑山,0,0,0,0,0,0,0.0,1.3975995756472907e-33,0.0,-0.2777070288293577,-0.17812319241819308,-0.21135081309332437,-0.107944576878429,1.0833587826252729,-0.11391189782755783
74406,伍輔祥,Wu Fuxiang,1807,cluster3_qing_after,清,works_general,工部,0,1,0,0,0,1,106.63931274,29.025259018,綦江,0,0,0,0,0,0,0.0,1.3975995756472907e-33,0.0,-0.2777070288293577,-0.17812319241819308,-0.21135081309332437,-0.107944576878429,-2.1126327662633537,-0.77801109826546
74543,華允誠,Hua Yuncheng,1588,cluster2_yuan_ming,清,hydraulic,水利/河道,0,0,0,0,0,1,120.297668,31.574614,無錫,0,0,1,0,0,0,0.0,1.3975995756472907e-33,0.0,-0.2777070288293577,-0.17812319241819308,-0.21135081309332437,-0.107944576878429,0.938050474011595,-0.06088588921100437
74964,劉世寧,Liu Shining,1720,cluster3_qing_after,清,construction,将作/营缮,0,1,0,0,0,1,115.39380646,27.759740829,新淦,0,0,0,0,1,0,0.0,1.3975995756472907e-33,0.0,-0.2777070288293577,-0.17812319241819308,-0.21135081309332437,-0.107944576878429,-0.15725916817638522,-1.1339972211304954
75007,劉光斗,Liu Guangdou,1591,cluster2_yuan_ming,清,works_general,工部,0,1,0,0,0,1,119.95230103,31.782783508,武進,0,0,0,0,0,0,0.0,1.3975995756472907e-33,0.0,-0.2777070288293577,-0.17812319241819308,-0.21135081309332437,-0.107944576878429,0.8609104958028614,-0.002328488222402521
75284,劉維烈,Liu Weilie,1638,cluster2_yuan_ming,清,works_general,工部,0,1,0,0,0,1,119.95230103,31.782783508,武進,0,0,0,0,0,1,0.0,1.503516943899234e-22,0.0,0.0895713085213861,-0.17812319241819308,-0.21135081309332437,-0.107944576878429,0.8609104958028614,-0.002328488222402521
77626,李昌昱,Li Changyu,1716,cluster3_qing_after,清,works_general,工部,0,1,0,0,0,1,121.54265594,29.866315842,鄞縣,0,0,0,0,0,0,0.0,1.3975995756472907e-33,0.0,-0.2777070288293577,-0.17812319241819308,-0.21135081309332437,-0.107944576878429,1.216126696997644,-0.5414245675562284
78082,吳煒,Wu Wei,1685,cluster3_qing_after,清,works_general,工部,0,1,0,0,0,1,120.16862488,30.294124603,仁和,0,0,0,0,0,0,0.0,1.3975995756472907e-33,0.0,-0.2777070288293577,-0.17812319241819308,-0.21135081309332437,-0.107944576878429,0.9092278466920588,-0.4210833638660419
78202,吳一蜚,Wu Yifei,1639,cluster2_yuan_ming,清,works_general,工部,0,1,0,0,0,1,120.618622,31.31271,吳縣,0,0,0,0,0,0,0.0,1.3975995756472907e-33,0.0,-0.2777070288293577,-0.17812319241819308,-0.21135081309332437,-0.107944576878429,1.0097376552322135,-0.1345586268557452
79885,宋宗元,Song Zongyuan,1710,cluster3_qing_after,清,hydraulic,水利/河道,0,1,0,0,0,1,120.618622,31.31271,長洲,0,0,1,0,0,0,0.0,1.3975995756472907e-33,0.0,-0.2777070288293577,-0.17812319241819308,-0.21135081309332437,-0.107944576878429,1.0097376552322135,-0.1345586268557452
79995,張標,Zhang Biao,1619,cluster2_yuan_ming,清,works_general,工部,0,1,0,0,0,1,119.43718719,32.391269684,江都,0,0,0,0,0,0,0.0,1.3975995756472907e-33,0.0,-0.2777070288293577,-0.17812319241819308,-0.21135081309332437,-0.107944576878429,0.7458564407129468,0.16883668071315916
80689,張孟球,Zhang Mengqiu,1661,cluster3_qing_after,清,works_general,工部,0,1,0,0,0,1,120.618622,31.31271,長洲,0,0,0,0,0,0,0.0,1.3975995756472907e-33,0.0,-0.2777070288293577,-0.17812319241819308,-0.21135081309332437,-0.107944576878429,1.0097376552322135,-0.1345586268557452
81491,陳鶴,Chen He,1757,cluster3_qing_after,清,works_general,工部,0,1,0,0,0,1,120.61862183,31.312709808,元和,0,0,0,0,0,0,0.0,1.3975995756472907e-33,0.0,-0.2777070288293577,-0.17812319241819308,-0.21135081309332437,-0.107944576878429,1.0097376172615966,-0.134558680864716
82232,陳履中,Chen Lvzhong,1692,cluster3_qing_after,清,hydraulic,水利/河道,0,1,0,0,0,1,115.15681458,36.713916779,邱縣,0,0,1,0,0,0,0.0,1.3975995756472907e-33,0.0,-0.2777070288293577,-0.17812319241819308,-0.21135081309332437,-0.107944576878429,-0.21019285913949634,1.384783154843889
83555,周清源,Zhou Qingyuan,1644,cluster3_qing_after,清,works_general,工部,0,0,0,0,0,1,119.95230103,31.782783508,武進,0,0,0,0,0,0,0.0,1.3975995756472907e-33,0.0,-0.2777070288293577,-0.17812319241819308,-0.21135081309332437,-0.107944576878429,0.8609104958028614,-0.002328488222402521
83928,宜思恭,Yi Sigong,1658,cluster3_qing_after,清,works_general,工部,0,0,1,0,0,1,122.35946655,40.397960663,蓋平,0,0,0,0,0,0,0.0,1.3975995756472907e-33,0.0,-0.2777070288293577,-0.17812319241819308,-0.21135081309332437,-0.107944576878429,1.3985667046685037,2.4210926367061076
85843,袁州佐,Yuan Zhouzuo,1606,cluster2_yuan_ming,清,works_general,工部,0,1,0,0,0,1,120.57826233,30.004514694,會稽,0,0,0,0,0,0,0.0,1.3975995756472907e-33,0.0,-0.2777070288293577,-0.17812319241819308,-0.21135081309332437,-0.107944576878429,1.0007230581955837,-0.5025496829947078
86710,徐棟,Xu Dong,1792,cluster3_qing_after,清,works_general,工部,0,1,0,0,0,1,115.65738678,39.019435883,安肅,0,0,0,0,0,0,0.0,1.3975995756472907e-33,0.0,-0.2777070288293577,-0.17812319241819308,-0.21135081309332437,-0.107944576878429,-0.09838677473050587,2.033318129811545
86775,徐潮,Xu Chao,1647,cluster3_qing_after,清,works_general,工部,0,1,0,0,0,1,120.16862488,30.294124603,錢塘,0,0,0,0,0,0,0.0,1.3975995756472907e-33,0.0,-0.2777070288293577,-0.17812319241819308,-0.21135081309332437,-0.107944576878429,0.9092278466920588,-0.4210833638660419
86877,徐爾一,Xu Eryi,1570,cluster2_yuan_ming,清,hydraulic,水利/河道,0,1,0,0,0,1,120.97358704,29.952653885,上虞,0,0,1,0,0,0,0.0,1.3975995756472907e-33,0.0,-0.2777070288293577,-0.17812319241819308,-0.21135081309332437,-0.107944576878429,1.0890214253346697,-0.5171379587579686
89950,程文正,Cheng Wenzheng,1661,cluster3_qing_after,清,works_general,工部,0,1,0,0,0,1,119.43718719,32.391269684,江都,0,0,0,0,0,0,0.0,1.3975995756472907e-33,0.0,-0.2777070288293577,-0.17812319241819308,-0.21135081309332437,-0.107944576878429,0.7458564407129468,0.16883668071315916
90290,童槐,Tong Huai,1773,cluster3_qing_after,清,works_general,工部,0,1,0,0,0,1,121.54265594,29.866315842,鄞縣,0,0,0,0,0,0,0.0,1.3975995756472907e-33,0.0,-0.2777070288293577,-0.17812319241819308,-0.21135081309332437,-0.107944576878429,1.216126696997644,-0.5414245675562284
91232,熊一瀟,Xiong Yixiao,1638,cluster2_yuan_ming,清,works_general,工部,0,1,0,0,0,1,115.89772034,28.67489624,南昌,0,0,0,0,0,0,0.0,1.3975995756472907e-33,0.0,-0.2777070288293577,-0.17812319241819308,-0.21135081309332437,-0.107944576878429,-0.04470669761940243,-0.8765670005200132
91233,熊人霖,Xiong Renlin,1614,cluster2_yuan_ming,清,works_general,工部,0,1,0,0,0,1,116.25907135,28.364484787,進賢,0,0,0,0,0,1,0.0,2.328247020004457e-14,0.0,0.0895713085213861,-0.17812319241819308,-0.21135081309200734,-0.107944576878429,0.036003420771778066,-0.9638847258651463
91350,黎元寬,Li Yuankuan,1596,cluster2_yuan_ming,明,works_general,工部,0,1,0,0,0,1,115.89772034,28.67489624,南昌,0,0,0,0,0,0,0.0,1.3975995756472907e-33,0.0,-0.2777070288293577,-0.17812319241819308,-0.21135081309332437,-0.107944576878429,-0.04470669761940243,-0.8765670005200132
91958,馬宇,Ma Yu,739,cluster1_song_and_before,唐,construction,将作/营缮,0,0,0,0,0,1,112.804997,34.720623,偃師,0,0,0,0,1,0,0.0,1.3975995756472907e-33,0.0,-0.2777070288293577,-0.17812319241819308,-0.21135081309332437,-0.107944576878429,-0.7354867425473871,0.8240761414757838
92022,王緯,Wang Wei,728,cluster1_song_and_before,唐,works_general,工部,0,0,0,0,0,1,112.56482697,37.873748779,太原,0,0,0,0,0,1,0.0,1.503516943899234e-22,0.0,0.0895713085213861,-0.17812319241819308,-0.21135081309332437,-0.107944576878429,-0.7891302941603019,1.7110400987927203
92079,王涯,Wang Ya,763,cluster1_song_and_before,唐,works_general,工部,1,1,0,0,0,1,112.56482697,37.873748779,太原,0,0,0,0,0,1,0.0,7.50330558788574e-25,0.0,0.0895713085213861,-0.17812319241819308,-0.21135081309332437,-0.107944576878429,-0.7891302941603019,1.7110400987927203
92109,王播,Wang Bo,759,cluster1_song_and_before,唐,works_general,工部,1,1,0,0,0,1,108.907,34.24642,京兆府,0,0,0,0,0,0,0.0,1.3975995756472907e-33,0.0,-0.2777070288293577,-0.17812319241819308,-0.21135081309332437,-0.107944576878429,-1.606129941686288,0.6906843902640838
92111,王鎔,Wang Rong,874,cluster1_song_and_before,唐,works_general,工部,0,0,0,0,0,1,114.563645,38.14011,真定,0,0,0,0,0,0,0.0,1.3975995756472907e-33,0.0,-0.2777070288293577,-0.17812319241819308,-0.21135081309332437,-0.107944576878429,-0.3426811757705982,1.7859666381104302
92176,韋純,Wei Chun,760,cluster1_song_and_before,唐,works_general,工部,1,1,0,0,0,1,108.937189,34.317987,萬年,0,0,0,0,0,1,0.0,7.50330558788574e-25,0.0,0.0895713085213861,-0.17812319241819308,-0.21135081309332437,-0.107944576878429,-1.5993870305093911,0.7108159530314385
92196,韋蟾,Wei Chan,801,cluster1_song_and_before,唐,works_general,工部,1,1,0,0,0,0,,,,0,0,0,0,0,0,0.0,1.3975995756472907e-33,0.0,-0.2777070288293577,-0.17812319241819308,-0.21135081309332437,-0.107944576878429,-3.174087617753835e-15,-1.9987334503111837e-15
92306,盧士玫,Lu Shimei,762,cluster1_song_and_before,唐,works_general,工部,0,1,0,0,0,1,115.968147,39.487221,范陽,0,0,0,0,0,0,0.0,1.3975995756472907e-33,0.0,-0.2777070288293577,-0.17812319241819308,-0.21135081309332437,-0.107944576878429,-0.02897644113971206,2.1649045515494914
92308,盧從愿,Lu Congyuan,674,cluster1_song_and_before,唐,works_general,工部,0,0,0,0,0,1,114.5545,36.24,臨漳,0,0,0,0,0,0,0.0,1.3975995756472907e-33,0.0,-0.2777070288293577,-0.17812319241819308,-0.21135081309332437,-0.107944576878429,-0.3447237715078746,1.2514719166623132
92309,盧文紀,Lu Wenji,876,cluster1_song_and_before,後梁,works_general,工部,0,1,0,0,0,1,108.937189,34.317987,萬年,0,0,0,0,0,0,0.0,1.3975995756472907e-33,0.0,-0.2777070288293577,-0.17812319241819308,-0.21135081309332437,-0.107944576878429,-1.5993870305093911,0.7108159530314385
92311,盧弘正,Lu Hongzheng,787,cluster1_song_and_before,吳(楊),works_general,工部,0,1,0,0,0,1,110.551643,35.097809,蒲州,0,0,0,0,0,0,0.0,1.3975995756472907e-33,0.0,-0.2777070288293577,-0.17812319241819308,-0.21135081309332437,-0.107944576878429,-1.238788139483413,0.9301773282513531
92440,馮宿,Feng Su,767,cluster1_song_and_before,唐,works_general,工部,0,1,0,0,0,1,119.649918,29.104712,婺州,0,0,0,0,0,0,0.0,1.3975995756472907e-33,0.0,-0.2777070288293577,-0.17812319241819308,-0.21135081309332437,-0.107944576878429,0.7933712625493429,-0.7556612345826669
92608,劉太真,Liu Taizhen,725,cluster1_song_and_before,唐,works_general,工部,0,1,0,0,0,1,118.76899,32.052563,上元,0,0,0,0,0,2,0.0,2.1262940533200443e-22,0.0,0.45684964587212995,-0.17812319241819308,-0.21135081309332437,-0.107944576878429,0.5966102152393962,0.07355959953512392
92700,劉闢,Liu Pi,743,cluster1_song_and_before,唐,works_general,工部,0,1,0,0,0,1,117.187683,34.269634,彭城,0,0,0,0,0,0,0.0,1.3975995756472907e-33,0.0,-0.2777070288293577,-0.17812319241819308,-0.21135081309332437,-0.107944576878429,0.24341492409352491,0.6972144124542192
92702,劉瞻,Liu Zhan,811,cluster1_song_and_before,唐,works_general,工部,0,1,0,0,0,1,112.378121,24.779701,桂陽,0,0,0,0,0,0,0.0,1.3975995756472907e-33,0.0,-0.2777070288293577,-0.17812319241819308,-0.21135081309332437,-0.107944576878429,-0.8308322972709088,-1.9722726674497353
92853,杜羔,Du Gao,758,cluster1_song_and_before,唐,works_general,工部,0,1,0,0,0,1,114.967086,36.320159,洹水,0,0,0,0,0,0,0.0,1.3975995756472907e-33,0.0,-0.2777070288293577,-0.17812319241819308,-0.21135081309332437,-0.107944576878429,-0.25256998202062925,1.274020380896782
92866,李之芳,Li Zhifang,705,cluster1_song_and_before,唐,works_general,工部,0,0,0,0,0,1,108.907,34.24642,京兆府,0,0,0,0,0,1,0.0,9.278738686845651e-14,0.0,0.0895713085213861,-0.17812319241819308,-0.21135081308807568,-0.107944576878429,-1.606129941686288,0.6906843902640838
92909,李躔,Li Chan,796,cluster1_song_and_before,吳(楊),works_general,工部,0,1,0,0,0,1,108.907,34.24642,京兆府,0,0,0,0,0,0,0.0,1.3975995756472907e-33,0.0,-0.2777070288293577,-0.17812319241819308,-0.21135081309332437,-0.107944576878429,-1.606129941686288,0.6906843902640838
92921,李陽冰,Li Yangbing,707,cluster1_song_and_before,唐,construction,将作/营缮,0,0,0,0,0,1,108.754766,34.59552,雲陽,0,0,0,0,1,1,0.0,3.989417977376162e-14,0.0,0.0895713085213861,-0.17812319241819308,-0.21135081309106768,-0.107944576878429,-1.64013240417605,0.7888850772019652
92966,李迥秀,Li Jiongxiu,649,cluster1_song_and_before,唐,construction,将作/营缮,0,1,0,0,0,1,108.837563,34.533337,涇陽,0,0,0,0,1,0,0.0,1.3975995756472907e-33,0.0,-0.2777070288293577,-0.17812319241819308,-0.21135081309332437,-0.107944576878429,-1.6216391511132326,0.7713932029084734
92999,李適,Li Shi,663,cluster1_song_and_before,唐,works_general,工部,0,1,0,0,0,1,108.937189,34.317987,萬年,0,0,0,0,0,2,0.0,2.1102306969926354e-13,2.307677910268975e-05,0.45684964587212995,-0.17812319241819308,-0.21135081308138745,-0.03192599208691389,-1.5993870305093911,0.7108159530314385
93025,李逢吉,Li Fengji,758,cluster1_song_and_before,唐,works_general,工部,1,1,0,0,0,1,104.635605,35.007137,隴西,0,0,0,0,0,1,0.0,6.161300137955833e-14,0.0,0.0895713085213861,-0.17812319241819308,-0.2113508130898391,-0.107944576878429,-2.5601740334559584,0.9046715915397192
93096,李嘉祐,Li Jiayou,716,cluster1_song_and_before,唐,works_general,工部,0,1,0,0,0,1,114.772179,37.752926,趙州,0,0,0,0,0,2,0.0,1.5939444699359556e-13,3.1903381247958184e-06,0.45684964587212995,-0.17812319241819308,-0.21135081308430792,-0.09743509511001677,-0.29610373897697534,1.6770530466714257
93106,李肇,Li Zhao,773,cluster1_song_and_before,唐,construction,将作/营缮,0,0,0,0,0,0,,,,0,0,0,0,1,0,0.0,1.3975995756472907e-33,0.0,-0.2777070288293577,-0.17812319241819308,-0.21135081309332437,-0.107944576878429,-3.174087617753835e-15,-1.9987334503111837e-15
93159,楊玢,Yang Bin,848,cluster1_song_and_before,唐,works_general,工部,0,0,0,0,0,1,110.865379,34.527512,弘農,0,0,0,0,0,1,0.0,3.956885047267038e-21,0.0,0.0895713085213861,-0.17812319241819308,-0.21135081309332437,-0.107944576878429,-1.1687131459097784,0.769754649481337
93164,楊知至,Yang Zhizhi,808,cluster1_song_and_before,唐,works_general,工部,0,1,0,0,0,1,110.865379,34.527512,弘農,0,0,0,0,0,1,0.0,3.956885047267038e-21,0.0,0.0895713085213861,-0.17812319241819308,-0.21135081309332437,-0.107944576878429,-1.1687131459097784,0.769754649481337
93516,張策,Zhang Ce,849,cluster1_song_and_before,唐,works_general,工部,0,1,0,0,0,1,94.6332,40.1371,燉煌,0,0,0,0,0,0,0.0,1.3975995756472907e-33,0.0,-0.2777070288293577,-0.17812319241819308,-0.21135081309332437,-0.107944576878429,-4.794276801693832,2.347713386343256
93609,陳巖,Chen Yan,849,cluster1_song_and_before,唐,works_general,工部,0,0,0,0,0,1,118.323784,27.038864,建州,0,0,0,0,0,0,0.0,1.3975995756472907e-33,0.0,-0.2777070288293577,-0.17812319241819308,-0.21135081309332437,-0.107944576878429,0.497170534778936,-1.3367775127529573
93797,周墀,Zhou Chi,793,cluster1_song_and_before,吳(楊),works_general,工部,1,1,0,0,0,1,114.217966,32.99333,汝南,0,0,0,0,0,0,0.0,1.3975995756472907e-33,0.0,-0.2777070288293577,-0.17812319241819308,-0.21135081309332437,-0.107944576878429,-0.4198908479266124,0.33819427627098764
93853,鄭絪,Zheng Yin,752,cluster1_song_and_before,唐,works_general,工部,1,1,0,0,0,1,113.34937,34.71853,榮陽,0,0,0,0,0,0,0.0,1.3975995756472907e-33,0.0,-0.2777070288293577,-0.17812319241819308,-0.21135081309332437,-0.107944576878429,-0.61389746214393,0.823487387428917
93887,鄭儋,Zheng Dan,749,cluster1_song_and_before,唐,works_general,工部,0,1,0,0,0,1,113.34937,34.71853,榮陽,0,0,0,0,0,0,0.0,1.3975995756472907e-33,0.0,-0.2777070288293577,-0.17812319241819308,-0.21135081309332437,-0.107944576878429,-0.61389746214393,0.823487387428917
93923,宗晉卿,Zong Jinqing,647,cluster1_song_and_before,周,construction,将作/营缮,0,0,0,0,0,1,110.332306,34.835129,河東,0,0,0,0,1,0,0.0,1.3975995756472907e-33,0.0,-0.2777070288293577,-0.17812319241819308,-0.21135081309332437,-0.107944576878429,-1.2877784971900827,0.8562863043474794
93958,孟球,Meng Qiu,813,cluster1_song_and_before,唐,works_general,工部,0,1,0,0,0,0,,,,0,0,0,0,0,0,0.0,1.3975995756472907e-33,0.0,-0.2777070288293577,-0.17812319241819308,-0.21135081309332437,-0.107944576878429,-3.174087617753835e-15,-1.9987334503111837e-15
93973,封敖,Feng Ao,799,cluster1_song_and_before,吳(楊),works_general,工部,0,1,0,0,0,1,116.258102,37.688007,蓨縣,0,0,0,0,0,0,0.0,1.3975995756472907e-33,0.0,-0.2777070288293577,-0.17812319241819308,-0.21135081309332437,-0.107944576878429,0.035786910090756505,1.6587915445364483
94036,胡證,Hu Zheng,758,cluster1_song_and_before,唐,works_general,工部,0,1,0,0,0,1,110.332306,34.835129,河東,0,0,0,0,0,0,0.0,1.3975995756472907e-33,0.0,-0.2777070288293577,-0.17812319241819308,-0.21135081309332437,-0.107944576878429,-1.2877784971900827,0.8562863043474794
94054,査文徽,Cha Wenhui,889,cluster1_song_and_before,南唐,works_general,工部,0,0,0,0,0,1,118.17577362,29.781190872,休寧,0,0,0,0,0,0,0.0,1.3975995756472907e-33,0.0,-0.2777070288293577,-0.17812319241819308,-0.21135081309332437,-0.107944576878429,0.46411144552130795,-0.5653699428915662
94084,鍾允章,Zhong Yunzhang,896,cluster1_song_and_before,南漢,works_general,工部,0,1,0,0,0,1,108.311853,22.792885,邕州,0,0,0,0,0,0,0.0,1.3975995756472907e-33,0.0,-0.2777070288293577,-0.17812319241819308,-0.21135081309332437,-0.107944576878429,-1.7390599280454146,-2.531157502795407
94116,皇甫湜,Huangfu Shi,777,cluster1_song_and_before,唐,works_general,工部,0,1,0,0,0,1,112.144302,34.733059,新安,0,0,0,0,0,1,0.0,7.50330558788574e-25,0.0,0.0895713085213861,-0.17812319241819308,-0.21135081309332437,-0.107944576878429,-0.8830573046732889,0.8275743475564452
94273,錢徽,Qian Hui,755,cluster1_song_and_before,唐,works_general,工部,0,1,0,0,0,0,,,,0,0,0,0,0,1,0.0,6.161300137955833e-14,0.0,0.0895713085213861,-0.17812319241819308,-0.2113508130898391,-0.107944576878429,-3.174087617753835e-15,-1.9987334503111837e-15
94299,徐洪,Xu Hong,651,cluster1_song_and_before,周,works_general,工部,0,0,0,0,0,1,116.82369995,35.556697845,兗州,0,0,0,0,0,0,0.0,1.3975995756472907e-33,0.0,-0.2777070288293577,-0.17812319241819308,-0.21135081309332437,-0.107944576878429,0.16211692230328864,1.0592612578048661
94305,徐浩,Xu Hao,703,cluster1_song_and_before,唐,works_general,工部,1,0,0,0,0,1,109.939,34.79724,同州,0,0,0,0,0,0,0.0,1.3975995756472907e-33,0.0,-0.2777070288293577,-0.17812319241819308,-0.21135081309332437,-0.107944576878429,-1.3756259722087993,0.845628252707865
94370,高璩,Gao Qu,802,cluster1_song_and_before,唐,works_general,工部,1,1,0,0,0,1,118.103096,37.476895,渤海,0,0,0,0,0,0,0.0,1.3975995756472907e-33,0.0,-0.2777070288293577,-0.17812319241819308,-0.21135081309332437,-0.107944576878429,0.4478784223602825,1.5994064301828819
94390,郭虛己,Guo Xuji,686,cluster1_song_and_before,唐,works_general,工部,0,0,0,0,0,1,108.907,34.24642,京兆府,0,0,0,0,0,0,0.0,1.3975995756472907e-33,0.0,-0.2777070288293577,-0.17812319241819308,-0.21135081309332437,-0.107944576878429,-1.606129941686288,0.6906843902640838
94474,曹汾,Cao Fen,811,cluster1_song_and_before,唐,works_general,工部,0,1,0,0,0,1,112.38263,34.665276,河南,0,0,0,0,0,0,0.0,1.3975995756472907e-33,0.0,-0.2777070288293577,-0.17812319241819308,-0.21135081309332437,-0.107944576878429,-0.8298251825437993,0.808507211599097
94543,崔居儉,Cui Jujian,870,cluster1_song_and_before,後梁,works_general,工部,0,1,0,0,0,1,114.0703,35.41038,衛州,0,0,0,0,0,0,0.0,1.3975995756472907e-33,0.0,-0.2777070288293577,-0.17812319241819308,-0.21135081309332437,-0.107944576878429,-0.452873017652255,1.018102527096558
94546,崔咸,Cui Xian,750,cluster1_song_and_before,唐,works_general,工部,0,1,0,0,0,1,115.97182,36.628897,博平,0,0,0,0,0,0,0.0,1.3975995756472907e-33,0.0,-0.2777070288293577,-0.17812319241819308,-0.21135081309332437,-0.107944576878429,-0.02815605249640878,1.3608673693924227
94549,崔泰之,Cui  Taizhi,667,cluster1_song_and_before,唐,works_general,工部,1,0,0,0,0,1,113.81974792,34.031391144,許州,0,0,0,0,0,1,0.0,1.494100683197052e-13,0.0,0.0895713085213861,-0.17812319241819308,-0.21135081308487272,-0.107944576878429,-0.508835468234467,0.6301974771427228
94559,崔梲,Cui Zhuo,874,cluster1_song_and_before,後唐,works_general,工部,0,1,0,0,0,1,115.510575,38.230526,安平,0,0,0,0,0,0,0.0,1.3975995756472907e-33,0.0,-0.2777070288293577,-0.17812319241819308,-0.21135081309332437,-0.107944576878429,-0.1311781488158298,1.8114003628602877
94603,庾敬休,Yu Jingxiu,772,cluster1_song_and_before,唐,works_general,工部,0,1,0,0,0,1,112.358429,32.524872,新野,0,0,0,0,0,0,0.0,1.3975995756472907e-33,0.0,-0.2777070288293577,-0.17812319241819308,-0.21135081309332437,-0.107944576878429,-0.8352306346419833,0.20641857474836975
94626,閻立本,Yan Liben,610,cluster1_song_and_before,唐,construction,将作/营缮,0,0,0,0,0,1,108.937189,34.317987,萬年,0,0,0,0,1,0,0.0,1.3975995756472907e-33,0.0,-0.2777070288293577,-0.17812319241819308,-0.21135081309332437,-0.107944576878429,-1.5993870305093911,0.7108159530314385
94630,閻濟美,Yan Jimei,762,cluster1_song_and_before,唐,works_general,工部,0,1,0,0,0,1,113.34937,34.71853,榮陽,0,0,0,0,0,0,0.0,1.3975995756472907e-33,0.0,-0.2777070288293577,-0.17812319241819308,-0.21135081309332437,-0.107944576878429,-0.61389746214393,0.823487387428917
94718,韓章,Han Zhang,732,cluster1_song_and_before,唐,works_general,工部,0,0,0,0,0,1,108.90698242,34.246421814,長安,0,0,0,0,0,1,0.0,6.443020612551616e-14,0.0,0.0895713085213861,-0.17812319241819308,-0.21135081308967976,-0.107944576878429,-1.6061338682946031,0.6906849005363445
94758,程則,Cheng Ze,634,cluster1_song_and_before,唐,construction,将作/营缮,0,0,0,0,0,0,,,,0,0,0,0,1,1,0.0,1.494100683197052e-13,0.0,0.0895713085213861,-0.17812319241819308,-0.21135081308487272,-0.107944576878429,-3.174087617753835e-15,-1.9987334503111837e-15
94810,溫彥弘,Wen Yanhong,573,cluster1_song_and_before,隋,works_general,工部,0,0,0,0,0,1,112.3153,37.353817,祁縣,0,0,0,0,0,0,0.0,1.3975995756472907e-33,0.0,-0.2777070288293577,-0.17812319241819308,-0.21135081309332437,-0.107944576878429,-0.8448637796997317,1.5647849917785837
94858,鮑防,Bao Fang,723,cluster1_song_and_before,唐,works_general,工部,0,1,0,0,0,1,112.158699,32.026524,襄陽,0,0,0,0,0,0,0.0,1.3975995756472907e-33,0.0,-0.2777070288293577,-0.17812319241819308,-0.21135081309332437,-0.107944576878429,-0.8798416402851417,0.0662349140949199
94883,竇夢徴,Dou Mengzhi,868,cluster1_song_and_before,後梁,works_general,工部,0,1,0,0,0,1,109.939,34.79724,同州,0,0,0,0,0,0,0.0,1.3975995756472907e-33,0.0,-0.2777070288293577,-0.17812319241819308,-0.21135081309332437,-0.107944576878429,-1.3756259722087993,0.845628252707865
94959,裴皞,Pei Hao,856,cluster1_song_and_before,後梁,works_general,工部,0,1,0,0,0,1,110.332306,34.835129,河東,0,0,0,0,0,0,0.0,1.3975995756472907e-33,0.0,-0.2777070288293577,-0.17812319241819308,-0.21135081309332437,-0.107944576878429,-1.2877784971900827,0.8562863043474794
94978,翟再溫,Zhai Zaiwen,883,cluster1_song_and_before,後唐,works_general,工部,0,0,0,0,0,1,94.6332,40.1371,燉煌,0,0,0,0,0,0,0.0,1.3975995756472907e-33,0.0,-0.2777070288293577,-0.17812319241819308,-0.21135081309332437,-0.107944576878429,-4.794276801693832,2.347713386343256
95071,薛能,Xue Neng,817,cluster1_song_and_before,唐,works_general,工部,0,1,0,0,0,1,111.77903,37.263405,汾州,0,0,0,0,0,2,1.0,1.5440038824801485e-13,0.0,0.45684964587212995,7.548737710309318,-0.21135081308459042,-0.107944576878429,-0.964643201900982,1.539352392215628
95556,丁誦,Ding Song,968,cluster1_song_and_before,宋,works_general,工部,0,0,0,0,0,0,,,,0,0,0,0,0,0,0.0,1.3975995756472907e-33,0.0,-0.2777070288293577,-0.17812319241819308,-0.21135081309332437,-0.107944576878429,-3.174087617753835e-15,-1.9987334503111837e-15
95627,何處仁,He Churen,1177,cluster1_song_and_before,宋,military_industrial,军器/制造,0,0,1,0,0,1,119.12091,28.082565,龍泉,0,0,0,1,0,0,0.0,1.3975995756472907e-33,0.0,-0.2777070288293577,-0.17812319241819308,-0.21135081309332437,-0.107944576878429,0.6752138556836949,-1.0431878388550666
95738,劉大辨,Liu Dabian,1121,cluster1_song_and_before,宋,works_general,工部,0,1,0,0,0,1,120.025253,28.897268,永康,0,0,0,0,0,0,0.0,1.3975995756472907e-33,0.0,-0.2777070288293577,-0.17812319241819308,-0.21135081309332437,-0.107944576878429,0.8772047968360047,-0.8140145525464072
96368,左瑋,Zuo Wei,994,cluster1_song_and_before,宋,works_general,工部,0,1,0,0,0,0,,,,0,0,0,0,0,0,0.0,1.3975995756472907e-33,0.0,-0.2777070288293577,-0.17812319241819308,-0.21135081309332437,-0.107944576878429,-3.174087617753835e-15,-1.9987334503111837e-15
96663,彭介,Peng Jie,985,cluster1_song_and_before,宋,works_general,工部,0,1,0,0,0,0,,,,0,0,0,0,0,0,0.0,1.3975995756472907e-33,0.0,-0.2777070288293577,-0.17812319241819308,-0.21135081309332437,-0.107944576878429,-3.174087617753835e-15,-1.9987334503111837e-15
97978,王盤,Wang Pan,970,cluster1_song_and_before,宋,works_general,工部,0,1,0,0,0,0,,,,0,0,0,0,0,0,0.0,1.3975995756472907e-33,0.0,-0.2777070288293577,-0.17812319241819308,-0.21135081309332437,-0.107944576878429,-3.174087617753835e-15,-1.9987334503111837e-15
98013,王蒙正,Wang Mengzheng,965,cluster1_song_and_before,宋,works_general,工部,0,0,0,0,0,0,,,,0,0,0,0,0,0,0.0,1.3975995756472907e-33,0.0,-0.2777070288293577,-0.17812319241819308,-0.21135081309332437,-0.107944576878429,-3.174087617753835e-15,-1.9987334503111837e-15
98334,胡咸秩,Hu Xianzhi,962,cluster1_song_and_before,宋,works_general,工部,0,1,0,0,0,0,,,,0,0,0,0,0,0,0.0,1.3975995756472907e-33,0.0,-0.2777070288293577,-0.17812319241819308,-0.21135081309332437,-0.107944576878429,-3.174087617753835e-15,-1.9987334503111837e-15
99043,黎靖德,Li Jingde,1226,cluster1_song_and_before,宋,military_industrial,军器/制造,0,0,1,0,0,1,103.713741,31.002649,導江,0,0,0,1,0,1,0.0,1.503516943899234e-22,0.0,0.0895713085213861,-0.17812319241819308,-0.21135081309332437,-0.107944576878429,-2.7660784048885128,-0.22177777091946968
100017,徐愛,Xu Ai,1487,cluster2_yuan_ming,明,works_general,工部,0,1,0,0,0,1,121.152763,30.049067,餘姚,0,0,0,0,0,1,0.0,1.7940675921995588e-13,0.0,0.0895713085213861,-0.17812319241819308,-0.21135081308317588,-0.107944576878429,1.1290415513181373,-0.4900172651950324
100295,卜天璋,Bu Tianzhang,1250,cluster1_song_and_before,元,works_general,工部,0,0,0,0,0,1,112.38263,34.665276,洛陽,0,0,0,0,0,0,0.0,1.3975995756472907e-33,0.0,-0.2777070288293577,-0.17812319241819308,-0.21135081309332437,-0.107944576878429,-0.8298251825437993,0.808507211599097
100686,王宗,Wang Zong,1268,cluster1_song_and_before,元,medical,医学/医官,0,0,0,0,0,1,116.08553314,38.435699463,河間路,0,1,0,0,0,0,0.0,1.3975995756472907e-33,0.0,-0.2777070288293577,-0.17812319241819308,-0.21135081309332437,-0.107944576878429,-0.0027574767679690287,1.8691149862003742
100750,王倚,Wang Yi,1240,cluster1_song_and_before,元,works_general,工部,0,0,0,0,0,1,116.368,39.93143,宛平,0,0,0,0,0,0,0.0,1.3975995756472907e-33,0.0,-0.2777070288293577,-0.17812319241819308,-0.21135081309332437,-0.107944576878429,0.06033334927451366,2.289859088770888
100816,王善,Wang Shan,1306,cluster2_yuan_ming,元,medical,医学/医官,0,0,0,1,0,1,116.77626,27.910084,金谿,0,1,0,0,0,0,0.0,1.3975995756472907e-33,0.0,-0.2777070288293577,-0.17812319241819308,-0.21135081309332437,-0.107944576878429,0.15152089828505574,-1.091706179398557
100914,王綱,Wang Gang,1234,cluster1_song_and_before,元,works_general,工部,0,0,0,0,0,1,115.510575,38.230526,安平,0,0,0,0,0,0,0.0,1.3975995756472907e-33,0.0,-0.2777070288293577,-0.17812319241819308,-0.21135081309332437,-0.107944576878429,-0.1311781488158298,1.8114003628602877
100983,王謙,Wang Qian,1314,cluster2_yuan_ming,明,works_general,工部,0,0,0,1,0,1,117.67569,32.530247,定遠,0,0,0,0,0,0,0.0,1.3975995756472907e-33,0.0,-0.2777070288293577,-0.17812319241819308,-0.21135081309332437,-0.107944576878429,0.35241448866019176,0.20793054464894606
101128,王弘鈞,Wang Hongjun,1272,cluster1_song_and_before,元,astronomical,天文/历算,0,0,0,0,0,1,114.56905365,39.84054184,蔚州,1,0,0,0,0,0,0.0,1.3975995756472907e-33,0.0,-0.2777070288293577,-0.17812319241819308,-0.21135081309332437,-0.107944576878429,-0.34147311831467186,2.264292546959029
101171,王安貞,Wang Anzhen,1259,cluster1_song_and_before,元,works_general,工部,0,0,0,0,0,1,114.345497,36.098343,安陽,0,0,0,0,0,0,0.0,1.3975995756472907e-33,0.0,-0.2777070288293577,-0.17812319241819308,-0.21135081309332437,-0.107944576878429,-0.39140596252793847,1.211624266391446
101278,王思廉,Wang Silian,1238,cluster1_song_and_before,元,works_general,工部,0,0,0,0,0,1,114.307724,38.083111,獲鹿,0,0,0,0,0,0,0.0,1.3975995756472907e-33,0.0,-0.2777070288293577,-0.17812319241819308,-0.21135081309332437,-0.107944576878429,-0.3998428098526221,1.769933006042908
101516,包容德,Bao Rongde,1295,cluster2_yuan_ming,明,medical,医学/医官,0,0,0,1,0,1,119.913009,28.448732,麗水,0,1,0,0,0,0,0.0,1.3975995756472907e-33,0.0,-0.2777070288293577,-0.17812319241819308,-0.21135081309332437,-0.107944576878429,0.8521343631634929,-0.940186260699858
101668,田忠良,Tian Zhongliang,1243,cluster1_song_and_before,元,astronomical,天文/历算,0,0,0,0,0,1,114.97503662,38.520061493,中山府,1,0,0,0,0,0,0.0,1.3975995756472907e-33,0.0,-0.2777070288293577,-0.17812319241819308,-0.21135081309332437,-0.107944576878429,-0.2507941588909706,1.8928457490118158
101864,宇文公諒,Yuwen Gongliang,1292,cluster2_yuan_ming,元,astronomical,天文/历算,0,1,0,0,0,1,120.099312,30.864964,歸安,1,0,0,0,0,0,0.0,1.3975995756472907e-33,0.0,-0.2777070288293577,-0.17812319241819308,-0.21135081309332437,-0.107944576878429,0.8937463602812871,-0.2605081105959014
102377,吳元珪,Wu Yuangui,1251,cluster1_song_and_before,元,works_general,工部,0,0,0,0,0,1,114.723068,36.701031,永年,0,0,0,0,0,0,0.0,1.3975995756472907e-33,0.0,-0.2777070288293577,-0.17812319241819308,-0.21135081309332437,-0.107944576878429,-0.30707300297407625,1.381158427403242
102569,呂天祺,Lv Tianqi,1268,cluster1_song_and_before,元,construction,将作/营缮,0,0,0,0,0,1,116.06542969,39.807792664,大都路,0,0,0,0,1,1,0.0,7.50330558788574e-25,0.0,0.0895713085213861,-0.17812319241819308,-0.21135081309332437,-0.107944576878429,-0.007247714195479424,2.255080310981229
102575,呂合剌,Lv Heci,1238,cluster1_song_and_before,元,works_general,工部,0,0,0,0,0,1,116.06542969,39.807792664,大都路,0,0,0,0,0,1,0.0,7.50330558788574e-25,0.0,0.0895713085213861,-0.17812319241819308,-0.21135081309332437,-0.107944576878429,-0.007247714195479424,2.255080310981229
102628,宋超,Song Chao,1257,cluster1_song_and_before,元,medical,医学/医官,0,0,0,0,0,1,113.6968,37.608364,樂平,0,1,0,0,0,0,0.0,1.3975995756472907e-33,0.0,-0.2777070288293577,-0.17812319241819308,-0.21135081309332437,-0.107944576878429,-0.5362966926521038,1.636388229412434
102733,成遵,Cheng Zun,1304,cluster2_yuan_ming,元,works_general,工部,1,1,0,0,0,1,112.080963,32.684826,穰縣,0,0,0,0,0,0,0.0,1.3975995756472907e-33,0.0,-0.2777070288293577,-0.17812319241819308,-0.21135081309332437,-0.107944576878429,-0.8972044857999697,0.25141311120915977
102822,李芳,Li Fang,1256,cluster1_song_and_before,元,medical,医学/医官,0,0,0,0,0,1,119.48600006,31.430706024,溧陽州,0,1,0,0,0,0,0.0,1.3975995756472907e-33,0.0,-0.2777070288293577,-0.17812319241819308,-0.21135081309332437,-0.107944576878429,0.7567591154189417,-0.10136673166027473
102997,李綱,Li Gang,1221,cluster1_song_and_before,元,medical,医学/医官,0,0,0,0,0,1,114.563645,38.14011,真定,0,1,0,0,0,0,0.0,1.3975995756472907e-33,0.0,-0.2777070288293577,-0.17812319241819308,-0.21135081309332437,-0.107944576878429,-0.3426811757705982,1.7859666381104302
103241,李克忠,Li Kezhong,1244,cluster1_song_and_before,元,works_general,工部,0,0,0,0,0,1,117.06571198,35.067378998,滕州,0,0,0,0,0,0,0.0,1.3975995756472907e-33,0.0,-0.2777070288293577,-0.17812319241819308,-0.21135081309332437,-0.107944576878429,0.21617189669893278,0.9216174683260575
103247,李克讓,Li Kerang,1260,cluster1_song_and_before,元,medical,医学/医官,0,0,0,0,0,1,116.825432,38.580715,會川,0,1,0,0,0,0,0.0,1.3975995756472907e-33,0.0,-0.2777070288293577,-0.17812319241819308,-0.21135081309332437,-0.107944576878429,0.16250378703229418,1.9099073819324441
103376,李惟閏,Li Weirun,1289,cluster2_yuan_ming,元,hydraulic,水利/河道,0,0,0,0,0,1,114.3548,36.0976,彰德路,0,0,1,0,0,0,0.0,1.3975995756472907e-33,0.0,-0.2777070288293577,-0.17812319241819308,-0.21135081309332437,-0.107944576878429,-0.3893280764542469,1.2114152629242594
104049,周繼周,Zhou Jizhou,1297,cluster2_yuan_ming,明,medical,医学/医官,0,0,0,0,0,1,120.618622,31.31271,吳縣,0,1,0,0,0,0,0.0,1.3975995756472907e-33,0.0,-0.2777070288293577,-0.17812319241819308,-0.21135081309332437,-0.107944576878429,1.0097376552322135,-0.1345586268557452
104161,岳鉉,Yue Xuan,1249,cluster1_song_and_before,元,astronomical,天文/历算,0,0,0,0,0,1,116.06542969,39.807792664,大都路,1,0,0,0,0,0,0.0,1.3975995756472907e-33,0.0,-0.2777070288293577,-0.17812319241819308,-0.21135081309332437,-0.107944576878429,-0.007247714195479424,2.255080310981229
104911,胡彝,Hu Yi,1281,cluster2_yuan_ming,元,works_general,工部,0,0,0,0,0,1,114.345497,36.098343,安陽,0,0,0,0,0,0,0.0,1.3975995756472907e-33,0.0,-0.2777070288293577,-0.17812319241819308,-0.21135081309332437,-0.107944576878429,-0.39140596252793847,1.211624266391446
105151,倪居敬,Ni Jujing,1309,cluster2_yuan_ming,明,medical,医学/医官,0,0,0,1,0,1,120.16862488,30.294124603,杭州路,0,1,0,0,0,0,0.0,1.3975995756472907e-33,0.0,-0.2777070288293577,-0.17812319241819308,-0.21135081309332437,-0.107944576878429,0.9092278466920588,-0.4210833638660419
105210,唐仁祖,Tang Renzu,1249,cluster1_song_and_before,元,works_general,工部,0,0,0,0,0,0,,,,0,0,0,0,0,0,0.0,1.3975995756472907e-33,0.0,-0.2777070288293577,-0.17812319241819308,-0.21135081309332437,-0.107944576878429,-3.174087617753835e-15,-1.9987334503111837e-15
105267,夏應祥,Xia Yingxiang,1302,cluster2_yuan_ming,明,military_industrial,军器/制造,0,0,0,1,0,1,120.168625,30.294125,錢塘,0,0,0,1,0,0,0.0,1.3975995756472907e-33,0.0,-0.2777070288293577,-0.17812319241819308,-0.21135081309332437,-0.107944576878429,0.9092278734948482,-0.4210832521912416
105289,孫拱,Sun Gong,1252,cluster1_song_and_before,元,works_general,工部,0,0,0,0,0,1,113.68489838,39.696331024,渾源州,0,0,0,0,0,0,0.0,1.3975995756472907e-33,0.0,-0.2777070288293577,-0.17812319241819308,-0.21135081309332437,-0.107944576878429,-0.5389549975486252,2.223726516609352
105922,郜文忠,Gao Wenzhong,1263,cluster1_song_and_before,元,medical,医学/医官,0,0,0,0,0,1,114.3548,36.0976,彰德路,0,1,0,0,0,0,0.0,1.3975995756472907e-33,0.0,-0.2777070288293577,-0.17812319241819308,-0.21135081309332437,-0.107944576878429,-0.3893280764542469,1.2114152629242594
105935,郝彬,Hao Bin,1259,cluster1_song_and_before,元,works_general,工部,0,0,0,0,0,1,116.39524841,39.101539612,霸州,0,0,0,0,0,0,0.0,1.3975995756472907e-33,0.0,-0.2777070288293577,-0.17812319241819308,-0.21135081309332437,-0.107944576878429,0.0664194603858991,2.056413639946068
105955,郝伯魯,Hao Bolu,1272,cluster1_song_and_before,元,medical,医学/医官,0,0,0,0,0,1,114.97503662,38.520061493,中山府,0,1,0,0,0,0,0.0,1.3975995756472907e-33,0.0,-0.2777070288293577,-0.17812319241819308,-0.21135081309332437,-0.107944576878429,-0.2507941588909706,1.8928457490118158
105983,馬亨,Ma Heng,1207,cluster1_song_and_before,元,works_general,工部,0,0,0,0,0,1,114.687309,36.999573,南和,0,0,0,0,0,0,0.0,1.3975995756472907e-33,0.0,-0.2777070288293577,-0.17812319241819308,-0.21135081309332437,-0.107944576878429,-0.31506001018778285,1.4651373144837598
106044,馬曙,Ma Shu,1242,cluster1_song_and_before,元,astronomical,天文/历算,0,0,0,0,0,1,114.374245,36.359043,釜陽,1,0,0,0,0,0,0.0,1.3975995756472907e-33,0.0,-0.2777070288293577,-0.17812319241819308,-0.21135081309332437,-0.107944576878429,-0.3849849081533837,1.2849583227784576
106227,高觿,Gao Xi,1238,cluster1_song_and_before,元,works_general,工部,0,0,0,0,0,1,113.103485,36.183537,上黨,0,0,0,0,0,0,0.0,1.3975995756472907e-33,0.0,-0.2777070288293577,-0.17812319241819308,-0.21135081309332437,-0.107944576878429,-0.6688174897940943,1.235589059639759
106263,高克恭,Gao Kegong,1248,cluster1_song_and_before,元,works_general,工部,0,0,0,0,0,1,115.98471832,39.710479736,房山,0,0,0,0,0,0,0.0,1.3975995756472907e-33,0.0,-0.2777070288293577,-0.17812319241819308,-0.21135081309332437,-0.107944576878429,-0.025275128116959124,2.227706502967663
106333,偰哲篤,Xie Zhedu,1285,cluster2_yuan_ming,元,works_general,工部,0,1,0,0,0,1,119.48600006,31.430706024,溧陽州,0,0,0,0,0,0,0.0,1.3975995756472907e-33,0.0,-0.2777070288293577,-0.17812319241819308,-0.21135081309332437,-0.107944576878429,0.7567591154189417,-0.10136673166027473
106418,常中,Chang Zhong,1218,cluster1_song_and_before,元,medical,医学/医官,0,0,0,0,0,1,108.93718719,34.317985535,奉元路,0,1,0,0,0,0,0.0,1.3975995756472907e-33,0.0,-0.2777070288293577,-0.17812319241819308,-0.21135081309332437,-0.107944576878429,-1.599387434784764,0.7108155409317343
106942,張世昌,Zhang Shichang,1272,cluster1_song_and_before,元,construction,将作/营缮,0,0,0,0,0,1,120.618622,31.31271,長洲,0,0,0,0,1,0,0.0,1.3975995756472907e-33,0.0,-0.2777070288293577,-0.17812319241819308,-0.21135081309332437,-0.107944576878429,1.0097376552322135,-0.1345586268557452
107677,許從宗,Xu Zongzong,1269,cluster1_song_and_before,元,works_general,工部,0,0,0,0,0,1,112.936989,35.089302,河內,0,0,0,0,0,0,0.0,1.3975995756472907e-33,0.0,-0.2777070288293577,-0.17812319241819308,-0.21135081309332437,-0.107944576878429,-0.7060054635364647,0.9277843370059219
107679,許從宣,Xu Zongxuan,1269,cluster1_song_and_before,元,hydraulic,水利/河道,0,0,0,0,0,1,112.936989,35.089302,河內,0,0,1,0,0,0,0.0,1.3975995756472907e-33,0.0,-0.2777070288293577,-0.17812319241819308,-0.21135081309332437,-0.107944576878429,-0.7060054635364647,0.9277843370059219
107822,郭守敬,Guo Shoujing,1231,cluster1_song_and_before,元,hydraulic,水利/河道,0,0,0,1,0,1,114.494263,37.066357,邢臺,0,0,1,0,0,0,0.0,1.3975995756472907e-33,0.0,-0.2777070288293577,-0.17812319241819308,-0.21135081309332437,-0.107944576878429,-0.35817810058676575,1.483923435012147
107845,郭明德,Guo Mingde,1258,cluster1_song_and_before,元,works_general,工部,0,0,0,0,0,1,114.96936,38.176727,無極,0,0,0,0,0,0,0.0,1.3975995756472907e-33,0.0,-0.2777070288293577,-0.17812319241819308,-0.21135081309332437,-0.107944576878429,-0.25206206920416435,1.7962668803149688
109309,廉惠山海牙,Lian Huishanhaiya,1291,cluster2_yuan_ming,元,hydraulic,水利/河道,0,1,0,0,0,0,,,,0,0,1,0,0,0,0.0,1.3975995756472907e-33,0.0,-0.2777070288293577,-0.17812319241819308,-0.21135081309332437,-0.107944576878429,-3.174087617753835e-15,-1.9987334503111837e-15
109317,敬鉉,Jing Xuan,1190,cluster1_song_and_before,元,astronomical,天文/历算,0,1,0,0,0,1,115.49347687,39.349040985,易州,1,0,0,0,0,0,0.0,1.3975995756472907e-33,0.0,-0.2777070288293577,-0.17812319241819308,-0.21135081309332437,-0.107944576878429,-0.13499712830773286,2.1260349657743944
109504,楊元直,Yang Yuanzhi,1247,cluster1_song_and_before,元,medical,医学/医官,0,0,0,0,0,1,114.34333,34.785477,祥符,0,1,0,0,0,0,0.0,1.3975995756472907e-33,0.0,-0.2777070288293577,-0.17812319241819308,-0.21135081309332437,-0.107944576878429,-0.3918899761925293,0.8423193593235898
109615,楊教化,Yang Jiaohua,1277,cluster1_song_and_before,元,construction,将作/营缮,0,0,0,0,0,0,,,,0,0,0,0,1,0,0.0,1.3975995756472907e-33,0.0,-0.2777070288293577,-0.17812319241819308,-0.21135081309332437,-0.107944576878429,-3.174087617753835e-15,-1.9987334503111837e-15
109812,葛應雷,Ge Yinglei,1264,cluster1_song_and_before,元,medical,医学/医官,0,0,0,0,0,1,113.57494354,28.709812164,平江州,0,1,0,0,0,0,0.0,1.3975995756472907e-33,0.0,-0.2777070288293577,-0.17812319241819308,-0.21135081309332437,-0.107944576878429,-0.5635141323192282,-0.8667452654244221
109996,賈魯,Jia Lu,1297,cluster2_yuan_ming,元,works_general,工部,0,1,0,0,0,1,112.919586,35.792057,高平,0,0,0,0,0,0,0.0,1.3975995756472907e-33,0.0,-0.2777070288293577,-0.17812319241819308,-0.21135081309332437,-0.107944576878429,-0.7098925377426827,1.1254670174671952
110115,靳泰,Jin Tai,1283,cluster2_yuan_ming,元,works_general,工部,0,0,0,0,0,1,115.2183609,36.309688568,大名路,0,0,0,0,0,1,0.0,7.50330558788574e-25,0.0,0.0895713085213861,-0.17812319241819308,-0.21135081309332437,-0.107944576878429,-0.1964460848500296,1.2710750826586377
110129,靳德進,Jin Dejin,1253,cluster1_song_and_before,元,astronomical,天文/历算,0,0,0,0,0,1,115.13826,36.24564,大名,1,0,0,0,0,1,0.0,7.50330558788574e-25,0.0,0.0895713085213861,-0.17812319241819308,-0.21135081309332437,-0.107944576878429,-0.21433714629258513,1.2530584301951966
110139,寧玉,Ning Yu,1236,cluster1_song_and_before,元,hydraulic,水利/河道,0,0,0,0,0,1,112.782799,34.903179,河陽,0,0,1,0,0,0,0.0,1.3975995756472907e-33,0.0,-0.2777070288293577,-0.17812319241819308,-0.21135081309332437,-0.107944576878429,-0.7404448114567496,0.8754285465305868
110167,暢篤,Chang Du,1277,cluster1_song_and_before,元,construction,将作/营缮,0,0,0,0,0,1,112.15869904,32.026519775,襄陽路,0,0,0,0,1,0,0.0,1.3975995756472907e-33,0.0,-0.2777070288293577,-0.17812319241819308,-0.21135081309332437,-0.107944576878429,-0.8798416313508786,0.06623372561625246
110299,蓋苗,Gai Miao,1288,cluster2_yuan_ming,元,hydraulic,水利/河道,0,1,0,0,0,1,115.218359,36.30969,元城,0,0,1,0,0,0,0.0,1.3975995756472907e-33,0.0,-0.2777070288293577,-0.17812319241819308,-0.21135081309332437,-0.107944576878429,-0.19644650922748982,1.2710754854755502
110321,趙友,Zhao You,1207,cluster1_song_and_before,元,medical,医学/医官,0,0,0,0,0,1,113.02462,34.455818,登封,0,1,0,0,0,0,0.0,1.3975995756472907e-33,0.0,-0.2777070288293577,-0.17812319241819308,-0.21135081309332437,-0.107944576878429,-0.6864325048646794,0.74958736202982
110526,趙公諒,Zhao Gongliang,1294,cluster2_yuan_ming,元,works_general,工部,0,1,0,0,0,1,109.2217,34.3679,臨潼,0,0,0,0,0,0,0.0,1.3975995756472907e-33,0.0,-0.2777070288293577,-0.17812319241819308,-0.21135081309332437,-0.107944576878429,-1.5358396323892276,0.7248563165007313
110845,劉岳,Liu Yue,1239,cluster1_song_and_before,元,medical,医学/医官,0,0,0,0,0,1,116.041122,29.453486,星子,0,1,0,0,0,1,0.0,1.503516943899234e-22,0.0,0.0895713085213861,-0.17812319241819308,-0.21135081309332437,-0.107944576878429,-0.012676996205003066,-0.6575522503773592
111287,劉事義,Liu Shiyi,1260,cluster1_song_and_before,元,works_general,工部,0,0,0,0,0,1,117.72535,36.884702,鄒平,0,0,0,0,0,0,0.0,1.3975995756472907e-33,0.0,-0.2777070288293577,-0.17812319241819308,-0.21135081309332437,-0.107944576878429,0.3635063754084987,1.4328244783071873
111310,劉秉仁,Liu Bingren,1288,cluster2_yuan_ming,元,works_general,工部,0,0,0,0,0,1,116.82543182,38.580711365,清州,0,0,0,0,0,0,0.0,1.3975995756472907e-33,0.0,-0.2777070288293577,-0.17812319241819308,-0.21135081309332437,-0.107944576878429,0.1625037468281133,1.9099063594188466
111525,歐陽懋,Ouyang Mao,1245,cluster1_song_and_before,元,medical,医学/医官,0,0,0,0,0,0,,,,0,1,0,0,0,0,0.0,1.3975995756472907e-33,0.0,-0.2777070288293577,-0.17812319241819308,-0.21135081309332437,-0.107944576878429,-3.174087617753835e-15,-1.9987334503111837e-15
111765,鄧石,Deng Shi,1311,cluster2_yuan_ming,元,medical,医学/医官,0,0,0,1,0,1,116.77626,27.910084,金谿,0,1,0,0,0,0,0.0,1.3975995756472907e-33,0.0,-0.2777070288293577,-0.17812319241819308,-0.21135081309332437,-0.107944576878429,0.15152089828505574,-1.091706179398557
112150,蕭泰登,Xiao Taideng,1266,cluster1_song_and_before,元,astronomical,天文/历算,0,0,0,0,0,0,,,,1,0,0,0,0,2,0.0,2.1262940533200443e-22,1.2761352499183273e-06,0.45684964587212995,-0.17812319241819308,-0.21135081309332437,-0.10374078417106411,-3.174087617753835e-15,-1.9987334503111837e-15
112592,韓公麟,Han Gonglin,1253,cluster1_song_and_before,元,medical,医学/医官,0,0,0,0,0,1,114.563645,38.14011,真定,0,1,0,0,0,0,0.0,1.3975995756472907e-33,0.0,-0.2777070288293577,-0.17812319241819308,-0.21135081309332437,-0.107944576878429,-0.3426811757705982,1.7859666381104302
112716,聶輝,Nie Hui,1257,cluster1_song_and_before,元,construction,将作/营缮,0,0,0,0,0,1,113.62226868,37.802036285,平定州,0,0,0,0,1,0,0.0,1.3975995756472907e-33,0.0,-0.2777070288293577,-0.17812319241819308,-0.21135081309332437,-0.107944576878429,-0.5529437518676027,1.6908676090395578
112837,羅璧,Luo Bi,1244,cluster1_song_and_before,元,hydraulic,水利/河道,0,0,0,0,0,1,119.44429016,32.206489563,丹徒,0,0,1,0,0,0,0.0,1.3975995756472907e-33,0.0,-0.2777070288293577,-0.17812319241819308,-0.21135081309332437,-0.107944576878429,0.7474429356548823,0.11685863770351972
112971,嚴壽逸,Yan Shouyi,1278,cluster1_song_and_before,元,medical,医学/医官,0,0,0,0,0,1,115.987564,39.245949,新城,0,1,0,0,0,0,0.0,1.3975995756472907e-33,0.0,-0.2777070288293577,-0.17812319241819308,-0.21135081309332437,-0.107944576878429,-0.024639526822516918,2.097035527949159
113460,顧信,Gu Xin,1279,cluster2_yuan_ming,元,military_industrial,军器/制造,0,0,0,0,0,1,120.94823456,31.386108398,崑山州,0,0,0,1,0,0,0.0,1.3975995756472907e-33,0.0,-0.2777070288293577,-0.17812319241819308,-0.21135081309332437,-0.107944576878429,1.0833587826252729,-0.11391189782755783
113924,拜降,Baijiang,1251,cluster1_song_and_before,元,works_general,工部,0,0,0,0,0,0,,,,0,0,0,0,0,0,0.0,1.3975995756472907e-33,0.0,-0.2777070288293577,-0.17812319241819308,-0.21135081309332437,-0.107944576878429,-3.174087617753835e-15,-1.9987334503111837e-15
114192,不忽木,Buhumu,1255,cluster1_song_and_before,元,works_general,工部,0,0,0,0,0,0,,,,0,0,0,0,0,0,0.0,1.3975995756472907e-33,0.0,-0.2777070288293577,-0.17812319241819308,-0.21135081309332437,-0.107944576878429,-3.174087617753835e-15,-1.9987334503111837e-15
114632,篤爾只,Duerzhi,1291,cluster2_yuan_ming,元,construction,将作/营缮,0,0,0,0,0,0,,,,0,0,0,0,1,0,0.0,1.3975995756472907e-33,0.0,-0.2777070288293577,-0.17812319241819308,-0.21135081309332437,-0.107944576878429,-3.174087617753835e-15,-1.9987334503111837e-15
114900,觀音奴,Guanyinnu,1297,cluster2_yuan_ming,元,hydraulic,水利/河道,0,1,0,0,0,1,112.2250824,22.702915192,新州,0,0,1,0,0,0,0.0,1.3975995756472907e-33,0.0,-0.2777070288293577,-0.17812319241819308,-0.21135081309332437,-0.107944576878429,-0.8650144724485007,-2.5564657151966363
115560,木八剌沙,Mubalasha,1346,cluster2_yuan_ming,元,works_general,工部,0,0,0,0,0,0,,,,0,0,0,0,0,0,0.0,1.3975995756472907e-33,0.0,-0.2777070288293577,-0.17812319241819308,-0.21135081309332437,-0.107944576878429,-3.174087617753835e-15,-1.9987334503111837e-15
115866,烏馬兒,Wumaer,1307,cluster2_yuan_ming,元,construction,将作/营缮,0,1,0,0,0,0,,,,0,0,0,0,1,0,0.0,1.3975995756472907e-33,0.0,-0.2777070288293577,-0.17812319241819308,-0.21135081309332437,-0.107944576878429,-3.174087617753835e-15,-1.9987334503111837e-15
116691,鎖住,Suozhu,1289,cluster2_yuan_ming,元,construction,将作/营缮,0,0,0,0,0,0,,,,0,0,0,0,1,0,0.0,1.3975995756472907e-33,0.0,-0.2777070288293577,-0.17812319241819308,-0.21135081309332437,-0.107944576878429,-3.174087617753835e-15,-1.9987334503111837e-15
116823,泰不華,Taibuhua,1304,cluster2_yuan_ming,元,hydraulic,水利/河道,0,1,0,0,0,0,,,,0,0,1,0,0,0,0.0,1.3975995756472907e-33,0.0,-0.2777070288293577,-0.17812319241819308,-0.21135081309332437,-0.107944576878429,-3.174087617753835e-15,-1.9987334503111837e-15
117031,鐵木兒塔識,Tiemuertashi,1302,cluster2_yuan_ming,元,works_general,工部,0,0,0,0,0,0,,,,0,0,0,0,0,0,0.0,1.3975995756472907e-33,0.0,-0.2777070288293577,-0.17812319241819308,-0.21135081309332437,-0.107944576878429,-3.174087617753835e-15,-1.9987334503111837e-15
117195,託本,Tuoben,1303,cluster2_yuan_ming,元,construction,将作/营缮,0,1,0,0,0,0,,,,0,0,0,0,1,0,0.0,1.3975995756472907e-33,0.0,-0.2777070288293577,-0.17812319241819308,-0.21135081309332437,-0.107944576878429,-3.174087617753835e-15,-1.9987334503111837e-15
117390,月魯不花,Yuelubuhua,1308,cluster2_yuan_ming,元,hydraulic,水利/河道,0,1,0,0,0,0,,,,0,0,1,0,0,0,0.0,1.3975995756472907e-33,0.0,-0.2777070288293577,-0.17812319241819308,-0.21135081309332437,-0.107944576878429,-3.174087617753835e-15,-1.9987334503111837e-15
117417,五十六,Wushiliu,1296,cluster2_yuan_ming,元,construction,将作/营缮,0,0,0,0,0,0,,,,0,0,0,0,1,0,0.0,1.3975995756472907e-33,0.0,-0.2777070288293577,-0.17812319241819308,-0.21135081309332437,-0.107944576878429,-3.174087617753835e-15,-1.9987334503111837e-15
117680,宋淵,Song Yuan,1307,cluster2_yuan_ming,元,medical,医学/医官,0,0,0,0,0,1,119.649918,29.104712,金華,0,1,0,0,0,0,0.0,1.3975995756472907e-33,0.0,-0.2777070288293577,-0.17812319241819308,-0.21135081309332437,-0.107944576878429,0.7933712625493429,-0.7556612345826669
122198,鍾惺,Zhong Xing,1574,cluster2_yuan_ming,明,hydraulic,水利/河道,0,1,0,0,0,1,113.164116,30.65625,景陵,0,0,1,0,0,1,0.0,7.50330558788574e-25,0.0,0.0895713085213861,-0.17812319241819308,-0.21135081309332437,-0.107944576878429,-0.655275158230732,-0.31921867540126675
122531,馬維陛,Ma Weibi,1589,cluster2_yuan_ming,明,works_general,工部,0,1,0,0,0,1,120.578262,30.004515,會稽,0,0,0,0,0,0,0.0,1.3975995756472907e-33,0.0,-0.2777070288293577,-0.17812319241819308,-0.21135081309332437,-0.107944576878429,1.0007229844879177,-0.5025495969179097
122637,楊成,Yang Cheng,1521,cluster2_yuan_ming,明,construction,将作/营缮,0,1,0,0,0,1,120.618622,31.31271,長洲,0,0,0,0,1,1,0.0,7.50330558788574e-25,0.0,0.0895713085213861,-0.17812319241819308,-0.21135081309332437,-0.107944576878429,1.0097376552322135,-0.1345586268557452
123667,習振翎,Xi Zhenling,1754,cluster3_qing_after,清,works_general,工部,0,1,0,0,0,1,115.14727783,27.553689957,峽江,0,0,0,0,0,0,0.0,1.3975995756472907e-33,0.0,-0.2777070288293577,-0.17812319241819308,-0.21135081309332437,-0.107944576878429,-0.2123229548089892,-1.1919586567493705
123678,文佳成林,Wenjia Chenglin,1828,cluster3_qing_after,清,hydraulic,水利/河道,0,1,0,0,0,0,,,,0,0,1,0,0,0,0.0,1.3975995756472907e-33,0.0,-0.2777070288293577,-0.17812319241819308,-0.21135081309332437,-0.107944576878429,-3.174087617753835e-15,-1.9987334503111837e-15
123816,陳宗濂,Chen Zonglian,1849,cluster3_qing_after,清,works_general,工部,0,1,0,0,0,1,119.32157898,26.073953629,閩縣,0,0,0,0,0,0,0.0,1.3975995756472907e-33,0.0,-0.2777070288293577,-0.17812319241819308,-0.21135081309332437,-0.107944576878429,0.7200345886691597,-1.6082036406982059
123827,愛新覺羅孚會,Aixinjueluo Fuhui,1862,cluster3_qing_after,清,works_general,工部,0,0,0,0,0,0,,,,0,0,0,0,0,0,0.0,1.3975995756472907e-33,0.0,-0.2777070288293577,-0.17812319241819308,-0.21135081309332437,-0.107944576878429,-3.174087617753835e-15,-1.9987334503111837e-15
124068,沈演,Shen Yan,1566,cluster2_yuan_ming,明,works_general,工部,0,1,0,0,0,1,120.099312,30.864964,烏程,0,0,0,0,0,7,0.09523809523809523,2.7382021758678956e-11,9.18422385697173e-05,2.293241332625849,0.557768322127284,-0.2113508115444065,0.19459838065851986,0.8937463602812871,-0.2605081105959014
124262,屈為經,Qu Weijing,1755,cluster3_qing_after,清,works_general,工部,0,0,0,0,0,1,121.01234436,30.704219818,平湖,0,0,0,0,0,0,0.0,1.3975995756472907e-33,0.0,-0.2777070288293577,-0.17812319241819308,-0.21135081309332437,-0.107944576878429,1.0976781269880707,-0.3057249226659903
124308,李邦華,Li Banghua,1574,cluster2_yuan_ming,明,works_general,工部,0,1,0,0,0,1,115.132248,27.214367,吉水,0,0,0,0,0,2,0.0,2.1937015976303334e-11,8.398641073956533e-05,0.45684964587212995,-0.17812319241819308,-0.21135081185241394,0.16872003293258675,-0.21567996592872687,-1.2874090935044358
124331,卓爾康,Zhuo Erkang,1570,cluster2_yuan_ming,明,works_general,工部,0,1,0,0,0,1,120.168625,30.294125,仁和,0,0,0,0,0,0,0.0,1.3975995756472907e-33,0.0,-0.2777070288293577,-0.17812319241819308,-0.21135081309332437,-0.107944576878429,0.9092278734948482,-0.4210832521912416
124348,薩克達弁塔哈,Sakeda Biantaha,1702,cluster3_qing_after,清,works_general,工部,0,1,0,0,0,0,,,,0,0,0,0,0,0,0.0,1.3975995756472907e-33,0.0,-0.2777070288293577,-0.17812319241819308,-0.21135081309332437,-0.107944576878429,-3.174087617753835e-15,-1.9987334503111837e-15
124364,劉一儒,Liu Yiru,1522,cluster2_yuan_ming,明,works_general,工部,0,1,0,0,0,1,111.287117,30.704229355,夷陵州,0,0,0,0,0,0,0.0,1.3975995756472907e-33,0.0,-0.2777070288293577,-0.17812319241819308,-0.21135081309332437,-0.107944576878429,-1.0745151971893374,-0.3057222399391173
124395,王世琇,Wang Shixiu,1579,cluster2_yuan_ming,明,construction,将作/营缮,0,1,0,0,0,1,115.50209,38.855701,清苑,0,0,0,0,1,0,0.0,1.3975995756472907e-33,0.0,-0.2777070288293577,-0.17812319241819308,-0.21135081309332437,-0.107944576878429,-0.13307332922379317,1.9872600433426442
124715,劉應節,Liu Yingjie,1527,cluster2_yuan_ming,明,works_general,工部,0,1,0,0,0,1,119.106499,36.702705,濰縣,0,0,0,0,0,0,0.0,1.3975995756472907e-33,0.0,-0.2777070288293577,-0.17812319241819308,-0.21135081309332437,-0.107944576878429,0.6719950643037151,1.381629318122045
124733,徐栻,Xu Chi,1518,cluster2_yuan_ming,明,works_general,工部,0,1,0,0,0,1,120.733788,31.646582,常熟,0,0,0,0,0,2,0.0,4.0855019958563585e-12,0.00010209081999346619,0.45684964587212995,-0.17812319241819308,-0.21135081286221993,0.2283588397107623,1.0354607367717918,-0.040641526456649514
124734,王遴,Wang Lin,1525,cluster2_yuan_ming,明,works_general,工部,0,1,0,0,0,1,116.39524841,39.101539612,霸州,0,0,0,0,0,1,0.0,5.127352712472788e-12,0.0,0.0895713085213861,-0.17812319241819308,-0.2113508128032856,-0.107944576878429,0.0664194603858991,2.056413639946068
124742,畢鏘,Bi Qiang,1517,cluster2_yuan_ming,明,works_general,工部,0,1,0,0,0,1,117.945084,30.374228,石埭,0,0,0,0,0,0,0.0,1.3975995756472907e-33,0.0,-0.2777070288293577,-0.17812319241819308,-0.21135081309332437,-0.107944576878429,0.4125854056693165,-0.39855054057341033
124796,李世達,Li Shida,1533,cluster2_yuan_ming,明,hydraulic,水利/河道,0,1,0,0,0,1,108.837563,34.533337,涇陽,0,0,1,0,0,0,0.0,1.3975995756472907e-33,0.0,-0.2777070288293577,-0.17812319241819308,-0.21135081309332437,-0.107944576878429,-1.6216391511132326,0.7713932029084734
124804,曾同亨,Zeng Tongheng,1533,cluster2_yuan_ming,明,works_general,工部,0,1,0,0,0,1,115.132248,27.214367,吉水,0,0,0,0,0,4,0.16666666666666666,2.7671138910806227e-11,0.0007363832115049548,1.1914063205736174,1.109686958036392,-0.21135081152805202,2.3178189733005867,-0.21567996592872687,-1.2874090935044358
124850,袁洪愈,Yuan Hongyu,1516,cluster2_yuan_ming,明,works_general,工部,0,1,0,0,0,1,120.618622,31.31271,吳縣,0,0,0,0,0,0,0.0,1.3975995756472907e-33,0.0,-0.2777070288293577,-0.17812319241819308,-0.21135081309332437,-0.107944576878429,1.0097376552322135,-0.1345586268557452
124861,高璐,Gao Lu,1746,cluster3_qing_after,清,works_general,工部,0,0,0,0,0,0,,,,0,0,0,0,0,0,0.0,1.3975995756472907e-33,0.0,-0.2777070288293577,-0.17812319241819308,-0.21135081309332437,-0.107944576878429,-3.174087617753835e-15,-1.9987334503111837e-15
124863,常發祥,Chang Faxiang,1750,cluster3_qing_after,清,hydraulic,水利/河道,0,0,0,0,0,1,118.75231171,39.739654541,灤州,0,0,1,0,0,0,0.0,1.3975995756472907e-33,0.0,-0.2777070288293577,-0.17812319241819308,-0.21135081309332437,-0.107944576878429,0.5928850097654649,2.2359132800867645
124886,吳文華,Wu Wenhua,1521,cluster2_yuan_ming,明,works_general,工部,0,1,0,0,0,1,119.534469,26.198015,連江,0,0,0,0,0,1,0.0,6.18844221904644e-13,0.0,0.0895713085213861,-0.17812319241819308,-0.21135081305831824,-0.107944576878429,0.7675849711034066,-1.5733055832514693
124891,耿定向,Geng Dingxiang,1524,cluster2_yuan_ming,明,works_general,工部,0,1,0,0,0,1,115.030968,31.180918,麻城,0,0,0,0,0,7,0.0,6.654960029013083e-12,0.0004790041334407451,2.293241332625849,-0.17812319241819308,-0.21135081271687348,1.4699713086710973,-0.2383015182820997,-0.17163128492769408
124912,張端本,Zhang Duanben,1850,cluster3_qing_after,清,works_general,工部,0,0,1,0,0,1,116.36800385,39.931427002,大興,0,0,0,0,0,0,0.0,1.3975995756472907e-33,0.0,-0.2777070288293577,-0.17812319241819308,-0.21135081309332437,-0.107944576878429,0.060334209197267744,2.289858245443304
124932,郝傑,Hao Jie,1530,cluster2_yuan_ming,明,works_general,工部,0,1,0,0,0,1,114.56905365,39.84054184,蔚州,0,0,0,0,0,0,0.0,1.3975995756472907e-33,0.0,-0.2777070288293577,-0.17812319241819308,-0.21135081309332437,-0.107944576878429,-0.34147311831467186,2.264292546959029
124967,丁賓,Ding Bin,1543,cluster2_yuan_ming,明,works_general,工部,0,1,0,0,0,1,120.917221,30.843824,嘉善,0,0,0,0,0,8,0.0,1.798886887872649e-11,0.0001803999480795258,2.6605196699765927,-0.17812319241819308,-0.21135081207574863,0.48632157648913205,1.0764317005636164,-0.26645472337695764
125004,畢棠,Bi Tang,1828,cluster3_qing_after,清,works_general,工部,0,1,0,0,0,1,115.19208527,38.184902191,深澤,0,0,0,0,0,0,0.0,1.3975995756472907e-33,0.0,-0.2777070288293577,-0.17812319241819308,-0.21135081309332437,-0.107944576878429,-0.20231491916739267,1.7985665347751474
125077,李遷,Li Qian,1511,cluster2_yuan_ming,明,works_general,工部,0,1,0,0,0,1,115.89772,28.674896,新建,0,0,0,0,0,1,0.0,7.50330558788574e-25,0.0,0.0895713085213861,-0.17812319241819308,-0.21135081309332437,-0.107944576878429,-0.044706773560632615,-0.876567068031227
125108,喬人傑,Qiao Renjie,1740,cluster3_qing_after,清,hydraulic,水利/河道,0,1,0,0,0,1,112.50899506,37.557182312,徐溝,0,0,1,0,0,0,0.0,1.3975995756472907e-33,0.0,-0.2777070288293577,-0.17812319241819308,-0.21135081309332437,-0.107944576878429,-0.8016007174921902,1.6219909881628198
125133,淩雲翼,Ling Yunyi,1517,cluster2_yuan_ming,明,works_general,工部,0,1,0,0,0,1,121.09863281,31.451000214,太倉州,0,0,0,0,0,0,0.0,1.3975995756472907e-33,0.0,-0.2777070288293577,-0.17812319241819308,-0.21135081309332437,-0.107944576878429,1.1169512183108026,-0.09565804246277254
125136,朱衡,Zhu Heng,1512,cluster2_yuan_ming,明,works_general,工部,0,1,0,0,0,1,114.779678,26.461771,萬安,0,0,0,0,0,6,0.2,1.741477081168976e-11,0.00012932132265772725,1.9259629952751052,1.367248988127309,-0.21135081210822362,0.31806045129560573,-0.2944287881367486,-1.4991118840707545
125163,翁大立,Weng Dali,1517,cluster2_yuan_ming,明,hydraulic,水利/河道,0,1,0,0,0,1,121.152763,30.049067,餘姚,0,0,1,0,0,1,0.0,3.901488447132687e-12,0.0,0.0895713085213861,-0.17812319241819308,-0.21135081287262902,-0.107944576878429,1.1290415513181373,-0.4900172651950324
125165,馮光元,Feng Guangyuan,1843,cluster3_qing_after,清,works_general,工部,0,1,0,0,0,1,119.95230103,31.782783508,陽湖,0,0,0,0,0,0,0.0,1.3975995756472907e-33,0.0,-0.2777070288293577,-0.17812319241819308,-0.21135081309332437,-0.107944576878429,0.8609104958028614,-0.002328488222402521
125185,潘季馴,Pan Jixun,1521,cluster2_yuan_ming,明,hydraulic,水利/河道,0,1,0,0,0,1,120.099312,30.864964,烏程,0,0,1,0,0,2,0.0,1.7575258028246238e-12,0.0002867964124976488,0.45684964587212995,-0.17812319241819308,-0.21135081299390646,0.8368084713844333,0.8937463602812871,-0.2605081105959014
125187,吳桂芳,Wu Guifang,1521,cluster2_yuan_ming,明,works_general,工部,0,1,0,0,0,1,115.89772,28.674896,新建,0,0,0,0,0,0,0.0,1.3975995756472907e-33,0.0,-0.2777070288293577,-0.17812319241819308,-0.21135081309332437,-0.107944576878429,-0.044706773560632615,-0.876567068031227
125188,傅希摯,Fu Xizhi,1526,cluster2_yuan_ming,明,hydraulic,水利/河道,0,1,0,0,0,1,115.705727,37.726162,衡水,0,0,1,0,0,0,0.0,1.3975995756472907e-33,0.0,-0.2777070288293577,-0.17812319241819308,-0.21135081309332437,-0.107944576878429,-0.08758966950239044,1.6695244211050968
125234,楚維寧,Chu Weining,1748,cluster3_qing_after,清,construction,将作/营缮,0,1,0,0,0,0,,,,0,0,0,0,1,0,0.0,1.3975995756472907e-33,0.0,-0.2777070288293577,-0.17812319241819308,-0.21135081309332437,-0.107944576878429,-3.174087617753835e-15,-1.9987334503111837e-15
125235,嚴清,Yan Qing,1524,cluster2_yuan_ming,明,works_general,工部,0,1,0,0,0,0,,,,0,0,0,0,0,0,0.0,1.3975995756472907e-33,0.0,-0.2777070288293577,-0.17812319241819308,-0.21135081309332437,-0.107944576878429,-3.174087617753835e-15,-1.9987334503111837e-15
125305,覺羅達椿,Jueluo Dachun,1840,cluster3_qing_after,清,works_general,工部,0,0,0,0,0,0,,,,0,0,0,0,0,0,0.0,1.3975995756472907e-33,0.0,-0.2777070288293577,-0.17812319241819308,-0.21135081309332437,-0.107944576878429,-3.174087617753835e-15,-1.9987334503111837e-15
125306,阿克達春,Akedachun,1833,cluster3_qing_after,清,works_general,工部,0,0,0,0,0,0,,,,0,0,0,0,0,0,0.0,1.3975995756472907e-33,0.0,-0.2777070288293577,-0.17812319241819308,-0.21135081309332437,-0.107944576878429,-3.174087617753835e-15,-1.9987334503111837e-15
125309,張瀚,Zhang Han,1511,cluster2_yuan_ming,明,hydraulic,水利/河道,0,1,0,0,0,1,120.168625,30.294125,仁和,0,0,1,0,0,6,0.0,3.5998984403594123e-12,0.0001477020207176304,1.9259629952751052,-0.17812319241819308,-0.21135081288968904,0.3786093973931624,0.9092278734948482,-0.4210832521912416
125334,劉永泰,Liu Yungtai,1687,cluster3_qing_after,清,works_general,工部,0,1,0,0,0,1,123.41880798,41.787513733,奉天省,0,0,0,0,0,0,0.0,1.3975995756472907e-33,0.0,-0.2777070288293577,-0.17812319241819308,-0.21135081309332437,-0.107944576878429,1.6351775618845508,2.811969365467614
125336,楊時喬,Yang Shiqiao,1531,cluster2_yuan_ming,明,works_general,工部,0,1,0,0,0,1,117.96489,28.450691,上饒,0,0,0,0,0,1,0.0,3.686838465712939e-12,0.0,0.0895713085213861,-0.17812319241819308,-0.21135081288477112,-0.107944576878429,0.4170092056881845,-0.9396352004142342
125337,李戴,Li Dai,1544,cluster2_yuan_ming,明,works_general,工部,0,1,0,0,0,1,114.194687,35.142761,延津,0,0,0,0,0,0,0.0,1.3975995756472907e-33,0.0,-0.2777070288293577,-0.17812319241819308,-0.21135081309332437,-0.107944576878429,-0.42509036527687116,0.9428221786645065
125397,蔡德晉,Cai Dejin,1699,cluster3_qing_after,清,works_general,工部,0,1,0,0,0,1,120.29766846,31.574613571,無錫,0,0,0,0,0,0,0.0,1.3975995756472907e-33,0.0,-0.2777070288293577,-0.17812319241819308,-0.21135081309332437,-0.107944576878429,0.9380505767556113,-0.06088600988729968
125427,蔣實英,Jiang Shiying,1859,cluster3_qing_after,清,hydraulic,水利/河道,0,0,0,0,0,1,111.06500244,25.931814194,全州,0,0,1,0,0,0,0.0,1.3975995756472907e-33,0.0,-0.2777070288293577,-0.17812319241819308,-0.21135081309332437,-0.107944576878429,-1.1241259411416094,-1.648186998354929
125527,張孔教,Zhang Kongjiao,1581,cluster2_yuan_ming,明,works_general,工部,0,1,0,0,0,1,120.578262,30.004515,會稽,0,0,0,0,0,0,0.0,1.3975995756472907e-33,0.0,-0.2777070288293577,-0.17812319241819308,-0.21135081309332437,-0.107944576878429,1.0007229844879177,-0.5025495969179097
125582,蕭廩,Xiao Lin,1524,cluster2_yuan_ming,明,works_general,工部,0,1,0,0,0,1,114.779678,26.461771,萬安,0,0,0,0,0,0,0.0,1.3975995756472907e-33,0.0,-0.2777070288293577,-0.17812319241819308,-0.21135081309332437,-0.107944576878429,-0.2944287881367486,-1.4991118840707545
125584,李頤,Li Yi,1539,cluster2_yuan_ming,明,works_general,工部,0,1,0,0,0,1,116.682,28.69155,餘干,0,0,0,0,0,0,0.0,1.3975995756472907e-33,0.0,-0.2777070288293577,-0.17812319241819308,-0.21135081309332437,-0.107944576878429,0.13046730897987538,-0.8718823523616097
125601,萬象春,Wan Xiangchun,1549,cluster2_yuan_ming,明,works_general,工部,0,1,0,0,0,1,120.297668,31.574614,無錫,0,0,0,0,0,0,0.0,1.3975995756472907e-33,0.0,-0.2777070288293577,-0.17812319241819308,-0.21135081309332437,-0.107944576878429,0.938050474011595,-0.06088588921100437
125694,李化龍,Li Hualong,1552,cluster2_yuan_ming,明,works_general,工部,0,1,0,0,0,1,114.682724,35.19836,長垣,0,0,0,0,0,1,0.0,3.686838465712939e-12,0.0,0.0895713085213861,-0.17812319241819308,-0.21135081288477112,-0.107944576878429,-0.3160841000134182,0.9584619953160658
126299,丁元薦,Ding Yuanjian,1556,cluster2_yuan_ming,明,works_general,工部,0,1,0,0,0,1,119.901375,31.013893,長興,0,0,0,0,0,5,0.2,3.809242031845038e-11,0.00014699255028702098,1.5586846579243614,1.367248988127309,-0.21135081093855174,0.37627228882847247,0.8495358329494412,-0.21861487053582795
126309,丁自申,Ding Zishen,1526,cluster2_yuan_ming,明,works_general,工部,0,1,0,0,0,1,118.589905,24.909641,晉江,0,0,0,0,0,0,0.0,1.3975995756472907e-33,0.0,-0.2777070288293577,-0.17812319241819308,-0.21135081309332437,-0.107944576878429,0.5566104057685858,-1.9357209709137615
126330,丁璐,Ding Lu,1421,cluster2_yuan_ming,明,works_general,工部,0,1,0,0,0,1,115.785782,28.197754,豐城,0,0,0,0,0,0,0.0,1.3975995756472907e-33,0.0,-0.2777070288293577,-0.17812319241819308,-0.21135081309332437,-0.107944576878429,-0.06970886012591684,-1.0107855503197252
126331,丁懋遜,Ding Maoxun,1550,cluster2_yuan_ming,明,works_general,工部,0,1,0,0,0,1,117.80175781,37.68321991,霑化,0,0,0,0,0,0,0.0,1.3975995756472907e-33,0.0,-0.2777070288293577,-0.17812319241819308,-0.21135081309332437,-0.107944576878429,0.38057256097446773,1.6574449517938716
126376,方九功,Fang Jiugong,1535,cluster2_yuan_ming,明,works_general,工部,0,1,0,0,0,1,112.535469,33.001678,南陽,0,0,0,0,0,0,0.0,1.3975995756472907e-33,0.0,-0.2777070288293577,-0.17812319241819308,-0.21135081309332437,-0.107944576878429,-0.795687589335495,0.34054254133703526
126387,方弘靜,Fang Hongjing,1516,cluster2_yuan_ming,明,works_general,工部,0,1,0,0,0,1,118.433945,29.86577,歙縣,0,0,0,0,0,4,0.0,3.0622884611649755e-12,2.414022514428836e-05,1.1914063205736174,-0.17812319241819308,-0.21135081292010002,-0.028422831497443134,0.521775716737858,-0.541578111123571
126392,方良曙,Fang Liangshu,1515,cluster2_yuan_ming,明,works_general,工部,0,1,0,0,0,1,118.433945,29.86577,歙縣,0,0,0,0,0,0,0.0,1.3975995756472907e-33,0.0,-0.2777070288293577,-0.17812319241819308,-0.21135081309332437,-0.107944576878429,0.521775716737858,-0.541578111123571
126411,方廉,Fang Lian,1513,cluster2_yuan_ming,明,works_general,工部,0,0,0,0,0,1,119.723953,29.970999,新城,0,0,0,0,0,0,0.0,1.3975995756472907e-33,0.0,-0.2777070288293577,-0.17812319241819308,-0.21135081309332437,-0.107944576878429,0.8099074654371963,-0.5119775379760886
126438,王康,Wang Kang,1397,cluster2_yuan_ming,明,works_general,工部,0,1,0,0,0,1,120.73346,28.852207,仙居,0,0,0,0,0,0,0.0,1.3975995756472907e-33,0.0,-0.2777070288293577,-0.17812319241819308,-0.21135081309332437,-0.107944576878429,1.0353874758202501,-0.8266900643026602
126521,王如堅,Wang Rujian,1556,cluster2_yuan_ming,明,works_general,工部,0,1,0,0,0,1,114.608452,27.382462,安福,0,0,0,0,0,0,0.0,1.3975995756472907e-33,0.0,-0.2777070288293577,-0.17812319241819308,-0.21135081309332437,-0.107944576878429,-0.33267323840588964,-1.2401245203998144
126609,王昺,Wang Bing,1491,cluster2_yuan_ming,明,works_general,工部,0,0,0,0,0,0,,,,0,0,0,0,0,0,0.0,1.3975995756472907e-33,0.0,-0.2777070288293577,-0.17812319241819308,-0.21135081309332437,-0.107944576878429,-3.174087617753835e-15,-1.9987334503111837e-15
126657,王純,Wang Chun,1434,cluster2_yuan_ming,明,works_general,工部,0,1,0,0,0,1,120.73346,28.852207,仙居,0,0,0,0,0,2,0.0,8.577675189677299e-13,2.1694299248611563e-05,0.45684964587212995,-0.17812319241819308,-0.21135081304480308,-0.03648010085322585,1.0353874758202501,-0.8266900643026602
126692,王莘,Wang Shen,1476,cluster2_yuan_ming,明,works_general,工部,0,1,0,0,0,1,120.26609,31.90877,江陰,0,0,0,0,0,1,0.0,7.50330558788574e-25,0.0,0.0895713085213861,-0.17812319241819308,-0.21135081309332437,-0.107944576878429,0.9309973205734562,0.03311109945818705
126725,王鈁,Wang Fang,1493,cluster2_yuan_ming,明,works_general,工部,0,1,0,0,0,1,120.578262,30.004515,會稽,0,0,0,0,0,0,0.0,1.3975995756472907e-33,0.0,-0.2777070288293577,-0.17812319241819308,-0.21135081309332437,-0.107944576878429,1.0007229844879177,-0.5025495969179097
126819,王德新,Wang Dexin,1550,cluster2_yuan_ming,明,works_general,工部,0,1,0,0,0,1,114.608452,27.382462,安福,0,0,0,0,0,0,0.0,1.3975995756472907e-33,0.0,-0.2777070288293577,-0.17812319241819308,-0.21135081309332437,-0.107944576878429,-0.33267323840588964,-1.2401245203998144
126879,王繼宗,Wang Jizong,1502,cluster2_yuan_ming,明,works_general,工部,0,1,0,0,0,1,106.080727,30.798986,南充,0,0,0,0,0,0,0.0,1.3975995756472907e-33,0.0,-0.2777070288293577,-0.17812319241819308,-0.21135081309332437,-0.107944576878429,-2.237396555375292,-0.27906750596338253
126955,尤魯,You Lu,1502,cluster2_yuan_ming,明,works_general,工部,0,1,0,0,0,1,120.297668,31.574614,無錫,0,0,0,0,0,0,0.0,1.3975995756472907e-33,0.0,-0.2777070288293577,-0.17812319241819308,-0.21135081309332437,-0.107944576878429,0.938050474011595,-0.06088588921100437
127066,史琳,Shi Lin,1438,cluster2_yuan_ming,明,works_general,工部,0,1,0,0,0,1,121.152763,30.049067,餘姚,0,0,0,0,0,0,0.0,1.3975995756472907e-33,0.0,-0.2777070288293577,-0.17812319241819308,-0.21135081309332437,-0.107944576878429,1.1290415513181373,-0.4900172651950324
127166,江一麟,Jiang Yilin,1523,cluster2_yuan_ming,明,works_general,工部,0,1,0,0,0,1,117.844589,29.244728,婺源,0,0,0,0,0,2,0.0,6.450328921829782e-12,7.337777687030382e-06,0.45684964587212995,-0.17812319241819308,-0.21135081272844883,-0.08377276881108088,0.3901391882152088,-0.7162751922386555
127171,江治,Jiang Zhi,1517,cluster2_yuan_ming,明,works_general,工部,0,1,0,0,0,1,116.259071,28.364485,進賢,0,0,0,0,0,0,0.0,1.3975995756472907e-33,0.0,-0.2777070288293577,-0.17812319241819308,-0.21135081309332437,-0.107944576878429,0.036003342596983685,-0.9638846659489437
127192,安希范,An Xifan,1564,cluster2_yuan_ming,明,works_general,工部,0,1,0,0,0,1,120.297668,31.574614,無錫,0,0,0,0,0,2,0.0,2.1095644890787706e-11,1.7865893498856583e-05,0.45684964587212995,-0.17812319241819308,-0.21135081190000776,-0.04909147897532052,0.938050474011595,-0.06088588921100437
127385,朱維京,Zhu Weijing,1549,cluster2_yuan_ming,明,works_general,工部,0,1,0,0,0,1,114.779678,26.461771,萬安,0,0,0,0,0,1,0.0,3.712529352393591e-12,0.0,0.0895713085213861,-0.17812319241819308,-0.21135081288331786,-0.107944576878429,-0.2944287881367486,-1.4991118840707545
127417,朱爵,Zhu Jue,1556,cluster2_yuan_ming,明,works_general,工部,0,1,0,0,0,1,115.00592804,35.754283905,開州,0,0,0,0,0,0,0.0,1.3975995756472907e-33,0.0,-0.2777070288293577,-0.17812319241819308,-0.21135081309332437,-0.107944576878429,-0.24389435759950062,1.1148415695245721
127467,仲本,Zhong Ben,1460,cluster2_yuan_ming,明,medical,医学/医官,0,1,0,0,0,1,119.310043,33.235947,寶應,0,1,0,0,0,2,1.0,9.591778628167397e-20,0.0,0.45684964587212995,7.548737710309318,-0.21135081309332437,-0.107944576878429,0.7174579518650762,0.4064416439673733
127474,仰儒,Yang Ru,1463,cluster2_yuan_ming,明,works_general,工部,0,1,0,0,0,1,119.9406,30.27177,餘杭,0,0,0,0,0,0,0.0,1.3975995756472907e-33,0.0,-0.2777070288293577,-0.17812319241819308,-0.21135081309332437,-0.107944576878429,0.8582969939986224,-0.42737164049400994
127476,全元立,Quan Yuanli,1498,cluster2_yuan_ming,明,works_general,工部,0,1,0,0,0,1,121.542656,29.866316,鄞縣,0,0,0,0,0,0,0.0,1.3975995756472907e-33,0.0,-0.2777070288293577,-0.17812319241819308,-0.21135081309332437,-0.107944576878429,1.2161267103990354,-0.541424523111345
127501,汪大受,Wang Dashou,1499,cluster2_yuan_ming,明,works_general,工部,0,1,0,0,0,1,117.844589,29.244728,婺源,0,0,0,0,0,1,0.0,1.5959248592679245e-20,0.0,0.0895713085213861,-0.17812319241819308,-0.21135081309332437,-0.107944576878429,0.3901391882152088,-0.7162751922386555
127541,汪應蛟,Wang Yingjiao,1544,cluster2_yuan_ming,明,works_general,工部,0,1,0,0,0,1,117.844589,29.244728,婺源,0,0,0,0,0,1,0.0,3.905836058279863e-12,0.0,0.0895713085213861,-0.17812319241819308,-0.21135081287238308,-0.107944576878429,0.3901391882152088,-0.7162751922386555
127611,沈暉,Shen Hui,1446,cluster2_yuan_ming,明,works_general,工部,0,1,0,0,0,1,119.814385,31.363638,宜興,0,0,0,0,0,0,0.0,1.3975995756472907e-33,0.0,-0.2777070288293577,-0.17812319241819308,-0.21135081309332437,-0.107944576878429,0.8301060458323416,-0.12023274720987676
127625,沈儆炌,Shen Jingkai,1554,cluster2_yuan_ming,明,works_general,工部,0,0,0,0,0,1,120.099312,30.864964,歸安,0,0,0,0,0,1,0.0,2.845467380197311e-12,0.0,0.0895713085213861,-0.17812319241819308,-0.21135081293236493,-0.107944576878429,0.8937463602812871,-0.2605081105959014
127627,沈節甫,Shen Jiefu,1533,cluster2_yuan_ming,明,works_general,工部,0,1,0,0,0,1,120.099312,30.864964,烏程,0,0,0,0,0,1,0.0,5.612038651668292e-12,0.0,0.0895713085213861,-0.17812319241819308,-0.21135081277586837,-0.107944576878429,0.8937463602812871,-0.2605081105959014
127641,沈鎜,Shen Pan,1505,cluster2_yuan_ming,明,works_general,工部,0,1,0,0,0,1,120.753204,30.767469,秀水,0,0,0,0,0,0,0.0,1.3975995756472907e-33,0.0,-0.2777070288293577,-0.17812319241819308,-0.21135081309332437,-0.107944576878429,1.039797427732425,-0.2879331348669096
127713,杜拯,Du Zheng,1508,cluster2_yuan_ming,明,works_general,工部,0,1,0,0,0,1,115.785782,28.197754,豐城,0,0,0,0,0,0,0.0,1.3975995756472907e-33,0.0,-0.2777070288293577,-0.17812319241819308,-0.21135081309332437,-0.107944576878429,-0.06970886012591684,-1.0107855503197252
127823,李孟暘,Li Mengyang,1432,cluster2_yuan_ming,明,works_general,工部,0,1,0,0,0,1,115.06597137,34.430503845,睢州,0,0,0,0,0,0,0.0,1.3975995756472907e-33,0.0,-0.2777070288293577,-0.17812319241819308,-0.21135081309332437,-0.107944576878429,-0.23048328598550194,0.742466573114746
127845,李春,Li Chun,1409,cluster2_yuan_ming,明,works_general,工部,0,0,0,0,0,1,115.15681458,36.713916779,邱縣,0,0,0,0,0,0,0.0,1.3975995756472907e-33,0.0,-0.2777070288293577,-0.17812319241819308,-0.21135081309332437,-0.107944576878429,-0.21019285913949634,1.384783154843889
127866,李重,Li Zhong,1469,cluster2_yuan_ming,明,works_general,工部,0,1,0,0,0,1,119.437187,32.39127,江都,0,0,0,0,0,0,0.0,1.3975995756472907e-33,0.0,-0.2777070288293577,-0.17812319241819308,-0.21135081309332437,-0.107944576878429,0.7458563982751986,0.16883676960292385
127867,李香,Li Xiang,1494,cluster2_yuan_ming,明,works_general,工部,0,1,0,0,0,1,114.693603,27.767023,分宜,0,0,0,0,0,0,0.0,1.3975995756472907e-33,0.0,-0.2777070288293577,-0.17812319241819308,-0.21135081309332437,-0.107944576878429,-0.31365420400184235,-1.131948770272291
127868,李浩,Li Hao,1406,cluster2_yuan_ming,明,works_general,工部,1,0,0,0,0,1,113.688919,31.263714,安陸,0,0,0,0,0,0,0.0,1.3975995756472907e-33,0.0,-0.2777070288293577,-0.17812319241819308,-0.21135081309332437,-0.107944576878429,-0.5380569656980839,-0.14834104122758232
127882,李時珍,Li Shizhen,1518,cluster2_yuan_ming,明,medical,医学/医官,0,0,0,0,0,1,115.34519958,30.062501907,蘄州,0,1,0,0,0,0,0.0,1.3975995756472907e-33,0.0,-0.2777070288293577,-0.17812319241819308,-0.21135081309332437,-0.107944576878429,-0.16811583366467459,-0.4862380698460017
127906,李堂,Li Tang,1462,cluster2_yuan_ming,明,works_general,工部,0,1,0,0,0,1,121.542656,29.866316,鄞縣,0,0,0,0,0,6,0.0,8.691069649961038e-13,9.625830183986219e-05,1.9259629952751052,-0.17812319241819308,-0.21135081304416165,0.2091455962232377,1.2161267103990354,-0.541424523111345
127920,李善,Li Shan,1444,cluster2_yuan_ming,明,works_general,工部,0,1,0,0,0,1,106.85295868,34.891407013,隴州,0,0,0,0,0,0,0.0,1.3975995756472907e-33,0.0,-0.2777070288293577,-0.17812319241819308,-0.21135081309332437,-0.107944576878429,-2.064913544138595,0.8721171251326374
127947,李滄,Li Cang,1466,cluster2_yuan_ming,明,works_general,工部,0,0,0,0,0,1,120.025253,28.897268,永康,0,0,0,0,0,0,0.0,1.3975995756472907e-33,0.0,-0.2777070288293577,-0.17812319241819308,-0.21135081309332437,-0.107944576878429,0.8772047968360047,-0.8140145525464072
127951,李愷,Li Kai,1502,cluster2_yuan_ming,明,works_general,工部,0,1,0,0,0,1,118.802818,25.022078,惠安,0,0,0,0,0,0,0.0,1.3975995756472907e-33,0.0,-0.2777070288293577,-0.17812319241819308,-0.21135081309332437,-0.107944576878429,0.604165920936571,-1.9040928109675153
128027,李蕡,Li Fen,1385,cluster2_yuan_ming,明,works_general,工部,0,1,0,0,0,1,120.618622,31.31271,長洲,0,0,0,0,0,0,0.0,1.3975995756472907e-33,0.0,-0.2777070288293577,-0.17812319241819308,-0.21135081309332437,-0.107944576878429,1.0097376552322135,-0.1345586268557452
128088,車純,Che Chun,1480,cluster2_yuan_ming,明,works_general,工部,0,1,0,0,0,1,120.973587,29.952654,上虞,0,0,0,0,0,0,0.0,1.3975995756472907e-33,0.0,-0.2777070288293577,-0.17812319241819308,-0.21135081309332437,-0.107944576878429,1.0890214164004066,-0.5171379264088455
128139,吳之甲,Wu Zhijia,1580,cluster2_yuan_ming,明,construction,将作/营缮,0,1,0,0,0,1,116.259071,28.364485,進賢,0,0,0,0,1,1,0.0,2.328247020004457e-14,0.0,0.0895713085213861,-0.17812319241819308,-0.21135081309200734,-0.107944576878429,0.036003342596983685,-0.9638846659489437
128145,吳仁度,Wu Rendu,1532,cluster2_yuan_ming,明,works_general,工部,0,1,0,0,0,1,116.77626,27.910084,金谿,0,0,0,0,0,0,0.0,1.3975995756472907e-33,0.0,-0.2777070288293577,-0.17812319241819308,-0.21135081309332437,-0.107944576878429,0.15152089828505574,-1.091706179398557
128170,吳自新,Wu Zixin,1541,cluster2_yuan_ming,明,hydraulic,水利/河道,0,1,0,0,0,1,117.706978,29.854147,祁門,0,0,1,0,0,0,0.0,1.3975995756472907e-33,0.0,-0.2777070288293577,-0.17812319241819308,-0.21135081309332437,-0.107944576878429,0.3594028686960566,-0.5448476229662493
128187,吳昊,Wu Hao,1447,cluster2_yuan_ming,明,astronomical,天文/历算,0,0,0,0,0,1,116.351341,27.984781,臨川,1,0,0,0,0,0,0.0,1.3975995756472907e-33,0.0,-0.2777070288293577,-0.17812319241819308,-0.21135081309332437,-0.107944576878429,0.0566124523486191,-1.0706941578797973
128191,吳洪,Wu Hong,1448,cluster2_yuan_ming,明,works_general,工部,0,1,0,0,0,1,120.637787,31.167065,吳江,0,0,0,0,0,1,0.0,3.4107513001509494e-13,0.0,0.0895713085213861,-0.17812319241819308,-0.21135081307403078,-0.107944576878429,1.0140182836963958,-0.17552808846865717
128229,吳傑,Wu Jie,1467,cluster2_yuan_ming,明,medical,医学/医官,0,0,0,0,0,1,119.952301,31.782784,武進,0,1,0,0,0,0,0.0,1.3975995756472907e-33,0.0,-0.2777070288293577,-0.17812319241819308,-0.21135081309332437,-0.107944576878429,0.8609104891021656,-0.002328349824414023
128233,吳源,Wu Yuan,1508,cluster2_yuan_ming,明,works_general,工部,0,1,0,0,0,1,120.168625,30.294125,錢塘,0,0,0,0,0,2,0.0,2.2569789337400278e-20,0.0,0.45684964587212995,-0.17812319241819308,-0.21135081309332437,-0.107944576878429,0.9092278734948482,-0.4210832521912416
128242,吳瑞,Wu Rui,1445,cluster2_yuan_ming,明,works_general,工部,0,1,0,0,0,1,120.94823456,31.386108398,崑山,0,0,0,0,0,0,0.0,1.3975995756472907e-33,0.0,-0.2777070288293577,-0.17812319241819308,-0.21135081309332437,-0.107944576878429,1.0833587826252729,-0.11391189782755783
128270,吳誾,Wu Yin,1486,cluster2_yuan_ming,明,hydraulic,水利/河道,0,1,0,0,0,1,119.952301,31.782784,武進,0,0,1,0,0,0,0.0,1.3975995756472907e-33,0.0,-0.2777070288293577,-0.17812319241819308,-0.21135081309332437,-0.107944576878429,0.8609104891021656,-0.002328349824414023
128301,呂本,Lv Ben,1504,cluster2_yuan_ming,明,works_general,工部,0,1,0,0,0,1,121.152763,30.049067,餘姚,0,0,0,0,0,2,0.0,2.1634963803720835e-21,6.380676249591637e-07,0.45684964587212995,-0.17812319241819308,-0.21135081309332437,-0.10584268052474656,1.1290415513181373,-0.4900172651950324
128304,呂光洵,Lv Guangxun,1518,cluster2_yuan_ming,明,works_general,工部,0,1,0,0,0,1,120.902107,29.494654,新昌,0,0,0,0,0,1,0.0,2.233247787280779e-12,0.0,0.0895713085213861,-0.17812319241819308,-0.21135081296699632,-0.107944576878429,1.0730558895222577,-0.6459718267742123
128334,呂夔,Lv Kui,1472,cluster2_yuan_ming,明,works_general,工部,0,1,0,0,0,1,118.191361,28.438469,永豐,0,0,0,0,0,0,0.0,1.3975995756472907e-33,0.0,-0.2777070288293577,-0.17812319241819308,-0.21135081309332437,-0.107944576878429,0.46759298909083696,-0.9430732089955993
128366,余禎,Yu Zhen,1484,cluster2_yuan_ming,明,works_general,工部,0,1,0,0,0,1,115.377151,28.70723,奉新,0,0,0,0,0,0,0.0,1.3975995756472907e-33,0.0,-0.2777070288293577,-0.17812319241819308,-0.21135081309332437,-0.107944576878429,-0.16097927442006013,-0.867471619702813
128375,余懋學,Yu Maoxue,1538,cluster2_yuan_ming,明,works_general,工部,0,1,0,0,0,1,117.844589,29.244728,婺源,0,0,0,0,0,0,0.0,1.3975995756472907e-33,0.0,-0.2777070288293577,-0.17812319241819308,-0.21135081309332437,-0.107944576878429,0.3901391882152088,-0.7162751922386555
128406,何廷仁,He Tingren,1486,cluster2_yuan_ming,明,works_general,工部,0,1,0,0,0,1,115.409363,25.954086,雩都,0,0,0,0,0,0,0.0,1.3975995756472907e-33,0.0,-0.2777070288293577,-0.17812319241819308,-0.21135081309332437,-0.107944576878429,-0.153784512923152,-1.641922012251958
128412,何其高,He Qigao,1502,cluster2_yuan_ming,明,works_general,工部,0,1,0,0,0,1,105.967034,31.58316,閬中,0,0,0,0,0,0,0.0,1.3975995756472907e-33,0.0,-0.2777070288293577,-0.17812319241819308,-0.21135081309332437,-0.107944576878429,-2.2627906327026213,-0.05848192739327008
128432,何詔,He Zhao,1460,cluster2_yuan_ming,明,works_general,工部,0,1,0,0,0,1,120.578262,30.004515,山陰,0,0,0,0,0,0,0.0,1.3975995756472907e-33,0.0,-0.2777070288293577,-0.17812319241819308,-0.21135081309332437,-0.107944576878429,1.0007229844879177,-0.5025495969179097
128441,何喬遠,He Qiaoyuan,1558,cluster2_yuan_ming,明,works_general,工部,0,1,0,0,0,1,118.589905,24.909641,晉江,0,0,0,0,0,5,0.0,1.3882631565862058e-11,3.2936443116939684e-05,1.5586846579243614,-0.17812319241819308,-0.21135081230802602,0.0005533110926077091,0.5566104057685858,-1.9357209709137615
128508,孟洋,Meng Yang,1483,cluster2_yuan_ming,明,hydraulic,水利/河道,0,1,0,0,0,1,114.06924,32.13112,信陽衛,0,0,1,0,0,1,0.0,7.50330558788574e-25,0.0,0.0895713085213861,-0.17812319241819308,-0.21135081309332437,-0.107944576878429,-0.45310977560540266,0.09565742641504228
128522,孟鑑,Meng Jian,1403,cluster2_yuan_ming,明,works_general,工部,0,1,0,0,0,1,115.459084,38.457569,博野,0,0,0,0,0,0,0.0,1.3975995756472907e-33,0.0,-0.2777070288293577,-0.17812319241819308,-0.21135081309332437,-0.107944576878429,-0.14267900142471068,1.8752668153507994
128594,林廷選,Lin Tingxuan,1450,cluster2_yuan_ming,明,works_general,工部,0,1,0,0,0,1,119.518837,25.959837,長樂,0,0,0,0,0,2,0.0,9.240145915687276e-13,4.905241543786444e-05,0.45684964587212995,-0.17812319241819308,-0.21135081304105566,0.053641890002354,0.7640934613641902,-1.6403042747825232
128649,林㙱,Lin Hao,1444,cluster2_yuan_ming,明,works_general,工部,0,1,0,0,0,1,119.321577,26.073954,閩縣,0,0,0,0,0,1,0.0,8.100518922695011e-13,0.0,0.0895713085213861,-0.17812319241819308,-0.21135081304750222,-0.107944576878429,0.7200341464231732,-1.6082035363371199
128665,來天球,Lai Tianqiu,1460,cluster2_yuan_ming,明,works_general,工部,0,1,0,0,0,1,120.258934,30.161488,蕭山,0,0,0,0,0,0,0.0,1.3975995756472907e-33,0.0,-0.2777070288293577,-0.17812319241819308,-0.21135081309332437,-0.107944576878429,0.9293989810331625,-0.4583936059963978
128669,來斯行,Lai Sixing,1577,cluster2_yuan_ming,明,works_general,工部,0,1,0,0,0,1,120.258934,30.161488,蕭山,0,0,0,0,0,0,0.0,1.3975995756472907e-33,0.0,-0.2777070288293577,-0.17812319241819308,-0.21135081309332437,-0.107944576878429,0.9293989810331625,-0.4583936059963978
128745,金鉉,Jin Xuan,1610,cluster2_yuan_ming,明,hydraulic,水利/河道,0,0,0,0,0,1,116.36800385,39.931427002,大興,0,0,1,0,0,0,0.0,1.3975995756472907e-33,0.0,-0.2777070288293577,-0.17812319241819308,-0.21135081309332437,-0.107944576878429,0.060334209197267744,2.289858245443304
128797,周汝登,Zhou Rudeng,1547,cluster2_yuan_ming,明,works_general,工部,0,1,0,0,0,1,120.815277,29.58749,嵊縣,0,0,0,0,0,1,0.0,3.686838465712939e-12,0.0,0.0895713085213861,-0.17812319241819308,-0.21135081288477112,-0.107944576878429,1.0536618394546882,-0.6198573639481882
128809,周宏,Zhou Hong,1445,cluster2_yuan_ming,明,works_general,工部,0,1,0,0,0,1,120.084801,30.553133,德清,0,0,0,0,0,0,0.0,1.3975995756472907e-33,0.0,-0.2777070288293577,-0.17812319241819308,-0.21135081309332437,-0.107944576878429,0.8905052332453495,-0.3482251498640958
128917,周賢,Zhou Xian,1407,cluster2_yuan_ming,明,works_general,工部,0,1,0,0,0,1,120.618622,31.31271,長洲,0,0,0,0,0,0,0.0,1.3975995756472907e-33,0.0,-0.2777070288293577,-0.17812319241819308,-0.21135081309332437,-0.107944576878429,1.0097376552322135,-0.1345586268557452
128918,周賢宣,Zhou Xianxuan,1523,cluster2_yuan_ming,明,construction,将作/营缮,0,1,0,0,0,1,114.779678,26.461771,萬安,0,0,0,0,1,0,0.0,1.3975995756472907e-33,0.0,-0.2777070288293577,-0.17812319241819308,-0.21135081309332437,-0.107944576878429,-0.2944287881367486,-1.4991118840707545
128945,洪文衡,Hong Wenheng,1560,cluster2_yuan_ming,明,works_general,工部,0,1,0,0,0,1,118.433945,29.86577,歙縣,0,0,0,0,0,1,0.0,2.845467380197311e-12,0.0,0.0895713085213861,-0.17812319241819308,-0.21135081293236493,-0.107944576878429,0.521775716737858,-0.541578111123571
128956,洪遠,Hong Yuan,1450,cluster2_yuan_ming,明,works_general,工部,0,1,0,0,0,1,118.433945,29.86577,歙縣,0,0,0,0,0,1,0.0,1.959671285033881e-13,0.0,0.0895713085213861,-0.17812319241819308,-0.21135081308223913,-0.107944576878429,0.521775716737858,-0.541578111123571
128987,施邦曜,Shi Bangyao,1585,cluster2_yuan_ming,明,construction,将作/营缮,0,1,0,0,0,1,121.152763,30.049067,餘姚,0,0,0,0,1,0,0.0,1.3975995756472907e-33,0.0,-0.2777070288293577,-0.17812319241819308,-0.21135081309332437,-0.107944576878429,1.1290415513181373,-0.4900172651950324
129043,胡訓,Hu Xun,1474,cluster2_yuan_ming,明,works_general,工部,0,1,0,0,0,1,115.89772,28.674896,南昌,0,0,0,0,0,0,0.0,1.3975995756472907e-33,0.0,-0.2777070288293577,-0.17812319241819308,-0.21135081309332437,-0.107944576878429,-0.044706773560632615,-0.876567068031227
129045,胡桂芳,Hu Guifang,1544,cluster2_yuan_ming,明,works_general,工部,0,1,0,0,0,1,116.77626,27.910084,金谿,0,0,0,0,0,0,0.0,1.3975995756472907e-33,0.0,-0.2777070288293577,-0.17812319241819308,-0.21135081309332437,-0.107944576878429,0.15152089828505574,-1.091706179398557
129167,范瑟,Fan Se,1504,cluster2_yuan_ming,明,works_general,工部,0,1,0,0,0,1,117.00148773,36.650131226,歷城,0,0,0,0,0,0,0.0,1.3975995756472907e-33,0.0,-0.2777070288293577,-0.17812319241819308,-0.21135081309332437,-0.107944576878429,0.20182698917788935,1.3668404876387532
129169,范嵩,Fan Song,1472,cluster2_yuan_ming,明,works_general,工部,0,1,0,0,0,1,118.32378387,27.038864136,甌寧,0,0,0,0,0,0,0.0,1.3975995756472907e-33,0.0,-0.2777070288293577,-0.17812319241819308,-0.21135081309332437,-0.107944576878429,0.4971705057425824,-1.3367774744966026
129178,范檟,Fan Jia,1517,cluster2_yuan_ming,明,works_general,工部,0,1,0,0,0,1,120.578262,30.004515,會稽,0,0,0,0,0,0,0.0,1.3975995756472907e-33,0.0,-0.2777070288293577,-0.17812319241819308,-0.21135081309332437,-0.107944576878429,1.0007229844879177,-0.5025495969179097
129193,柴昇,Chai Sheng,1457,cluster2_yuan_ming,明,works_general,工部,0,1,0,0,0,1,111.838593,33.050232,內鄉,0,0,0,0,0,0,0.0,1.3975995756472907e-33,0.0,-0.2777070288293577,-0.17812319241819308,-0.21135081309332437,-0.107944576878429,-0.9513394151432426,0.3542006225561191
129216,俞諮伯,Yu Zibo,1502,cluster2_yuan_ming,明,works_general,工部,0,1,0,0,0,1,121.012344,30.70422,平湖,0,0,0,0,0,0,0.0,1.3975995756472907e-33,0.0,-0.2777070288293577,-0.17812319241819308,-0.21135081309332437,-0.107944576878429,1.097678046579709,-0.305724871469986
129305,姚文灝,Yao Wenhao,1455,cluster2_yuan_ming,明,hydraulic,水利/河道,0,1,0,0,0,1,117.202271,28.287901,貴溪,0,0,1,0,0,0,0.0,1.3975995756472907e-33,0.0,-0.2777070288293577,-0.17812319241819308,-0.21135081309332437,-0.107944576878429,0.2466732495845473,-0.9854274943890766
129342,姚繼巖,Yao Jiyan,1475,cluster2_yuan_ming,明,works_general,工部,0,1,0,0,0,1,116.65880585,39.905921936,通州,0,0,0,0,0,0,0.0,1.3975995756472907e-33,0.0,-0.2777070288293577,-0.17812319241819308,-0.21135081309332437,-0.107944576878429,0.12528674343369478,2.282683753889033
129359,衷貞吉,Zhong Zhenji,1529,cluster2_yuan_ming,明,works_general,工部,0,1,0,0,0,1,115.89772,28.674896,南昌,0,0,0,0,0,0,0.0,1.3975995756472907e-33,0.0,-0.2777070288293577,-0.17812319241819308,-0.21135081309332437,-0.107944576878429,-0.044706773560632615,-0.876567068031227
129381,高翀,Gao Chong,1490,cluster2_yuan_ming,明,works_general,工部,0,1,0,0,0,1,115.147278,27.553688,峽江,0,0,0,0,0,0,0.0,1.3975995756472907e-33,0.0,-0.2777070288293577,-0.17812319241819308,-0.21135081309332437,-0.107944576878429,-0.2123229168383725,-1.1919592072470624
129408,高濟,Gao Ji,1445,cluster2_yuan_ming,明,works_general,工部,0,1,0,0,0,1,119.437187,32.39127,江都,0,0,0,0,0,1,0.0,7.50330558788574e-25,0.0,0.0895713085213861,-0.17812319241819308,-0.21135081309332437,-0.107944576878429,0.7458563982751986,0.16883676960292385
129417,高鏊,Gao Ao,1486,cluster2_yuan_ming,明,medical,医学/医官,0,0,0,0,0,1,121.249023,31.385845,嘉定,0,1,0,0,0,0,0.0,1.3975995756472907e-33,0.0,-0.2777070288293577,-0.17812319241819308,-0.21135081309332437,-0.107944576878429,1.1505418537424623,-0.11398599082251111
129465,唐維城,Tang Weicheng,1535,cluster2_yuan_ming,明,works_general,工部,0,1,0,0,0,1,119.011101,25.433954,莆田,0,0,0,0,0,0,0.0,1.3975995756472907e-33,0.0,-0.2777070288293577,-0.17812319241819308,-0.21135081309332437,-0.107944576878429,0.6506872952337401,-1.788233440777808
129514,夏英,Xia Ying,1451,cluster2_yuan_ming,明,works_general,工部,0,1,0,0,0,1,115.985679,29.722364,德化,0,0,0,0,0,1,0.0,8.100518922695011e-13,0.0,0.0895713085213861,-0.17812319241819308,-0.21135081304750222,-0.107944576878429,-0.025060553937308976,-0.5819177493676674
129518,夏從壽,Xia Congshou,1463,cluster2_yuan_ming,明,works_general,工部,0,1,0,0,0,1,120.26609,31.90877,江陰,0,0,0,0,0,0,0.0,1.3975995756472907e-33,0.0,-0.2777070288293577,-0.17812319241819308,-0.21135081309332437,-0.107944576878429,0.9309973205734562,0.03311109945818705
129554,馬坤,Ma Kun,1493,cluster2_yuan_ming,明,works_general,工部,0,1,0,0,0,1,116.65880585,39.905921936,通州,0,0,0,0,0,0,0.0,1.3975995756472907e-33,0.0,-0.2777070288293577,-0.17812319241819308,-0.21135081309332437,-0.107944576878429,0.12528674343369478,2.282683753889033
129574,馬軾,Ma Shi,1405,cluster2_yuan_ming,明,astronomical,天文/历算,0,0,0,0,0,1,121.249023,31.385845,嘉定,1,0,0,0,0,0,0.0,1.3975995756472907e-33,0.0,-0.2777070288293577,-0.17812319241819308,-0.21135081309332437,-0.107944576878429,1.1505418537424623,-0.11398599082251111
129759,孫偉,Sun Wei,1472,cluster2_yuan_ming,明,works_general,工部,0,1,0,0,0,1,115.398987,28.015566,清江,0,0,0,0,0,0,0.0,1.3975995756472907e-33,0.0,-0.2777070288293577,-0.17812319241819308,-0.21135081309332437,-0.107944576878429,-0.1561020605852615,-1.062034438179475
129768,孫植,Sun Zhi,1505,cluster2_yuan_ming,明,works_general,工部,0,1,0,0,0,1,121.227638,31.009476,華亭,0,0,0,0,0,1,0.0,7.700396330119527e-13,0.0,0.0895713085213861,-0.17812319241819308,-0.21135081304976555,-0.107944576878429,1.1457653737160332,-0.2198573581731944
129857,倪思益,Ni Siyi,1556,cluster2_yuan_ming,明,works_general,工部,0,1,0,0,0,1,119.321577,26.073954,侯官,0,0,0,0,0,0,0.0,1.3975995756472907e-33,0.0,-0.2777070288293577,-0.17812319241819308,-0.21135081309332437,-0.107944576878429,0.7200341464231732,-1.6082035363371199
129885,徐日久,Xu Rijiu,1580,cluster2_yuan_ming,明,works_general,工部,0,1,0,0,0,1,118.867645,28.956821,西安,0,0,0,0,0,1,0.0,7.50330558788574e-25,0.0,0.0895713085213861,-0.17812319241819308,-0.21135081309332437,-0.107944576878429,0.6186454566238925,-0.7972624886414752
129902,徐如珂,Xu Ruke,1562,cluster2_yuan_ming,明,works_general,工部,0,0,0,0,0,1,120.618622,31.31271,吳縣,0,0,0,0,0,0,0.0,1.3975995756472907e-33,0.0,-0.2777070288293577,-0.17812319241819308,-0.21135081309332437,-0.107944576878429,1.0097376552322135,-0.1345586268557452
129906,徐良彥,Xu Liangyan,1568,cluster2_yuan_ming,明,works_general,工部,0,1,0,0,0,1,115.89772,28.674896,新建,0,0,0,0,0,0,0.0,1.3975995756472907e-33,0.0,-0.2777070288293577,-0.17812319241819308,-0.21135081309332437,-0.107944576878429,-0.044706773560632615,-0.876567068031227
129935,徐待聘,Xu Daipin,1555,cluster2_yuan_ming,明,works_general,工部,0,1,0,0,0,1,120.733788,31.646582,常熟,0,0,0,0,0,1,0.0,8.668041168429017e-13,0.0,0.0895713085213861,-0.17812319241819308,-0.2113508130442919,-0.107944576878429,1.0354607367717918,-0.040641526456649514
129973,徐瑤,Xu Yao,1450,cluster2_yuan_ming,明,works_general,工部,0,1,0,0,0,1,120.618622,31.31271,吳縣,0,0,0,0,0,0,0.0,1.3975995756472907e-33,0.0,-0.2777070288293577,-0.17812319241819308,-0.21135081309332437,-0.107944576878429,1.0097376552322135,-0.1345586268557452
129979,徐標,Xu Biao,1590,cluster2_yuan_ming,明,hydraulic,水利/河道,0,1,0,0,0,1,116.5778656,35.410430908,濟寧州,0,0,1,0,0,2,0.0,5.858026891393042e-12,1.0847149624305782e-05,0.45684964587212995,-0.17812319241819308,-0.21135081276195358,-0.07221233886582742,0.10720820766286163,1.018116847350269
130079,章格,Zhang Ge,1426,cluster2_yuan_ming,明,works_general,工部,0,1,0,0,0,1,120.733788,31.646582,常熟,0,0,0,0,0,0,0.0,1.3975995756472907e-33,0.0,-0.2777070288293577,-0.17812319241819308,-0.21135081309332437,-0.107944576878429,1.0354607367717918,-0.040641526456649514
130131,許紳,Xu Shen,1478,cluster2_yuan_ming,明,medical,医学/医官,0,0,0,0,0,1,118.76898956,32.052562714,南京,0,1,0,0,0,0,0.0,1.3975995756472907e-33,0.0,-0.2777070288293577,-0.17812319241819308,-0.21135081309332437,-0.107944576878429,0.5966101169625081,0.07355951908425971
130144,許應元,Xu Yingyuan,1506,cluster2_yuan_ming,明,works_general,工部,0,1,0,0,0,1,111.222092,26.332001,東安,0,0,0,0,0,2,0.0,6.569037807082817e-12,3.379852117618001e-05,0.45684964587212995,-0.17812319241819308,-0.21135081272173384,0.0033931334851367875,-1.0890389574754533,-1.53561576016336
130150,郭子章,Guo Zizhang,1542,cluster2_yuan_ming,明,works_general,工部,0,1,0,0,0,1,114.89487457,26.792102814,泰和,0,0,0,0,0,3,0.0,2.909800260652924e-12,4.285687547642383e-05,0.8241279832228736,-0.17812319241819308,-0.2113508129287258,0.03323279487724194,-0.26869887858714564,-1.406190626401787
130195,郭鋆,Guo Yun,1498,cluster2_yuan_ming,明,works_general,工部,0,1,0,0,0,1,112.919586,35.792057,高平,0,0,0,0,0,2,0.0,8.070839397111143e-13,1.0847149624305782e-05,0.45684964587212995,-0.17812319241819308,-0.2113508130476701,-0.07221233886582742,-0.7098925377426827,1.1254670174671952
130203,郭應奎,Guo Yingkui,1499,cluster2_yuan_ming,明,works_general,工部,0,1,0,0,0,1,114.89487457,26.792102814,泰和,0,0,0,0,0,0,0.0,1.3975995756472907e-33,0.0,-0.2777070288293577,-0.17812319241819308,-0.21135081309332437,-0.107944576878429,-0.26869887858714564,-1.406190626401787
130204,郭鎜,Guo Pan,1499,cluster2_yuan_ming,明,works_general,工部,0,1,0,0,0,1,112.919586,35.792057,高平,0,0,0,0,0,1,0.0,1.7282087659094806e-13,0.0,0.0895713085213861,-0.17812319241819308,-0.21135081308354842,-0.107944576878429,-0.7098925377426827,1.1254670174671952
130210,康太和,Kang Taihe,1505,cluster2_yuan_ming,明,works_general,工部,0,1,0,0,0,1,119.011101,25.433954,莆田,0,0,0,0,0,1,0.0,3.324640288520781e-13,0.0,0.0895713085213861,-0.17812319241819308,-0.2113508130745179,-0.107944576878429,0.6506872952337401,-1.788233440777808
130253,曹三暘,Cao Sanyang,1516,cluster2_yuan_ming,明,works_general,工部,0,1,0,0,0,1,119.814385,31.363638,宜興,0,0,0,0,0,0,0.0,1.3975995756472907e-33,0.0,-0.2777070288293577,-0.17812319241819308,-0.21135081309332437,-0.107944576878429,0.8301060458323416,-0.12023274720987676
130290,曹嗣榮,Cao Sirong,1489,cluster2_yuan_ming,明,works_general,工部,0,1,0,0,0,1,121.227638,31.009476,華亭,0,0,0,0,0,0,0.0,1.3975995756472907e-33,0.0,-0.2777070288293577,-0.17812319241819308,-0.21135081309332437,-0.107944576878429,1.1457653737160332,-0.2198573581731944
130294,曹璜,Cao Huang,1556,cluster2_yuan_ming,明,works_general,工部,0,1,0,0,0,1,118.478098,36.69748,益都,0,0,0,0,0,0,0.0,1.3975995756472907e-33,0.0,-0.2777070288293577,-0.17812319241819308,-0.21135081309332437,-0.107944576878429,0.5316375789126077,1.3801595427303213
130301,敖英,Ao Ying,1491,cluster2_yuan_ming,明,works_general,工部,0,1,0,0,0,1,115.398987,28.015566,清江,0,0,0,0,0,0,0.0,1.3975995756472907e-33,0.0,-0.2777070288293577,-0.17812319241819308,-0.21135081309332437,-0.107944576878429,-0.1561020605852615,-1.062034438179475
130364,張汝蘊,Zhang Ruyun,1550,cluster2_yuan_ming,明,works_general,工部,0,1,0,0,0,1,117.46158,36.75417,章丘,0,0,0,0,0,0,0.0,1.3975995756472907e-33,0.0,-0.2777070288293577,-0.17812319241819308,-0.21135081309332437,-0.107944576878429,0.3045916156903987,1.3961062541096076
130374,張羽,Zhang Yu,1470,cluster2_yuan_ming,明,works_general,工部,0,0,0,0,0,1,107.035187,33.076485,南鄭,0,0,0,0,0,0,0.0,1.3975995756472907e-33,0.0,-0.2777070288293577,-0.17812319241819308,-0.21135081309332437,-0.107944576878429,-2.024211653526955,0.36158550549562046
130478,張恕,Zhang Shu,1451,cluster2_yuan_ming,明,works_general,工部,0,1,0,0,0,1,116.39524841,39.101539612,霸州,0,0,0,0,0,0,0.0,1.3975995756472907e-33,0.0,-0.2777070288293577,-0.17812319241819308,-0.21135081309332437,-0.107944576878429,0.0664194603858991,2.056413639946068
130491,張祥,Zhang xiang,1496,cluster2_yuan_ming,明,works_general,工部,0,1,0,0,0,1,119.952301,31.782784,武進,0,0,0,0,0,0,0.0,1.3975995756472907e-33,0.0,-0.2777070288293577,-0.17812319241819308,-0.21135081309332437,-0.107944576878429,0.8609104891021656,-0.002328349824414023
130526,張琮,Zhang Cong,1463,cluster2_yuan_ming,明,works_general,工部,0,1,0,0,0,1,118.76899,32.052563,江寧,0,0,0,0,0,0,0.0,1.3975995756472907e-33,0.0,-0.2777070288293577,-0.17812319241819308,-0.21135081309332437,-0.107944576878429,0.5966102152393962,0.07355959953512392
130557,張瑋,Zhang Wei,1453,cluster2_yuan_ming,明,works_general,工部,0,1,0,0,0,1,120.61862183,31.312709808,蘇州府,0,0,0,0,0,0,0.0,1.3975995756472907e-33,0.0,-0.2777070288293577,-0.17812319241819308,-0.21135081309332437,-0.107944576878429,1.0097376172615966,-0.134558680864716
130564,張達,Zhang Da,1434,cluster2_yuan_ming,明,works_general,工部,0,1,0,0,0,1,114.89487457,26.792102814,泰和,0,0,0,0,0,0,0.0,1.3975995756472907e-33,0.0,-0.2777070288293577,-0.17812319241819308,-0.21135081309332437,-0.107944576878429,-0.26869887858714564,-1.406190626401787
130655,張穆,Zhang Mu,1409,cluster2_yuan_ming,明,works_general,工部,0,1,0,0,0,1,120.94823456,31.386108398,崑山,0,0,0,0,0,0,0.0,1.3975995756472907e-33,0.0,-0.2777070288293577,-0.17812319241819308,-0.21135081309332437,-0.107944576878429,1.0833587826252729,-0.11391189782755783
130719,陰武卿,Yin Wuqing,1527,cluster2_yuan_ming,明,works_general,工部,0,1,0,0,0,1,105.053894,29.580755,內江,0,0,0,0,0,1,0.0,6.513307477589178e-13,0.0,0.0895713085213861,-0.17812319241819308,-0.2113508130564806,-0.107944576878429,-2.466746441509476,-0.6217518973957005
130733,陸化淳,Lu Huachun,1562,cluster2_yuan_ming,明,works_general,工部,0,1,0,0,0,1,120.733788,31.646582,常熟,0,0,0,0,0,2,0.0,1.905087926032214e-11,1.022906063339622e-05,0.45684964587212995,-0.17812319241819308,-0.21135081201567393,-0.07424842241782902,1.0354607367717918,-0.040641526456649514
130865,陳政,Chen Zheng,1439,cluster2_yuan_ming,明,works_general,工部,0,1,0,0,0,1,114.7789,28.393312,新昌,0,0,0,0,0,0,0.0,1.3975995756472907e-33,0.0,-0.2777070288293577,-0.17812319241819308,-0.21135081309332437,-0.107944576878429,-0.29460255954009745,-0.9557757252375183
130897,陳明,Chen Ming,1434,cluster2_yuan_ming,明,works_general,工部,0,1,0,0,0,1,118.478098,36.69748,益都,0,0,0,0,0,0,0.0,1.3975995756472907e-33,0.0,-0.2777070288293577,-0.17812319241819308,-0.21135081309332437,-0.107944576878429,0.5316375789126077,1.3801595427303213
130912,陳紹儒,Chen Shaoru,1506,cluster2_yuan_ming,明,works_general,工部,0,1,0,0,0,1,113.256066,23.134624,南海,0,0,0,0,0,0,0.0,1.3975995756472907e-33,0.0,-0.2777070288293577,-0.17812319241819308,-0.21135081309332437,-0.107944576878429,-0.6347375225781599,-2.4350274410553188
130917,陳琦,Chen Qi,1439,cluster2_yuan_ming,明,medical,医学/医官,0,1,0,0,0,1,120.618622,31.31271,吳縣,0,1,0,0,0,0,0.0,1.3975995756472907e-33,0.0,-0.2777070288293577,-0.17812319241819308,-0.21135081309332437,-0.107944576878429,1.0097376552322135,-0.1345586268557452
130921,陳堯,Chen Yao,1502,cluster2_yuan_ming,明,works_general,工部,0,1,0,0,0,1,116.65880585,39.905921936,通州,0,0,0,0,0,0,0.0,1.3975995756472907e-33,0.0,-0.2777070288293577,-0.17812319241819308,-0.21135081309332437,-0.107944576878429,0.12528674343369478,2.282683753889033
130934,陳雍,Chen Yong,1451,cluster2_yuan_ming,明,works_general,工部,0,1,0,0,0,1,121.152763,30.049067,餘姚,0,0,0,0,0,0,0.0,1.3975995756472907e-33,0.0,-0.2777070288293577,-0.17812319241819308,-0.21135081309332437,-0.107944576878429,1.1290415513181373,-0.4900172651950324
130981,陳鳳梧,Chen Fengwu,1475,cluster2_yuan_ming,明,works_general,工部,0,1,0,0,0,1,114.89487457,26.792102814,泰和,0,0,0,0,0,1,0.0,8.100518922695011e-13,0.0,0.0895713085213861,-0.17812319241819308,-0.21135081304750222,-0.107944576878429,-0.26869887858714564,-1.406190626401787
131062,畢亨,Bi Heng,1445,cluster2_yuan_ming,明,works_general,工部,0,1,0,0,0,1,117.943075,36.949595,新城,0,0,0,0,0,0,0.0,1.3975995756472907e-33,0.0,-0.2777070288293577,-0.17812319241819308,-0.21135081309332437,-0.107944576878429,0.4121366823411377,1.4510786667272972
131066,畢懋良,Bi Maoliang,1562,cluster2_yuan_ming,明,works_general,工部,0,1,0,0,0,1,118.433945,29.86577,歙縣,0,0,0,0,0,2,1.0,1.3309936961949733e-11,0.0,0.45684964587212995,7.548737710309318,-0.21135081234042163,-0.107944576878429,0.521775716737858,-0.541578111123571
131078,崔文奎,Cui Wenkui,1451,cluster2_yuan_ming,明,works_general,工部,0,0,0,0,0,1,117.755882,35.90966,新泰,0,0,0,0,0,0,0.0,1.3975995756472907e-33,0.0,-0.2777070288293577,-0.17812319241819308,-0.21135081309332437,-0.107944576878429,0.37032589788532555,1.1585483562983494
131106,莫如忠,Mo Ruzhong,1509,cluster2_yuan_ming,明,works_general,工部,0,1,0,0,0,1,121.227638,31.009476,華亭,0,0,0,0,0,9,0.027777777777777776,1.840098939638598e-11,0.0005917424652334352,3.0277980073273367,0.03651183265757108,-0.21135081205243622,1.8413493244895034,1.1457653737160332,-0.2198573581731944
131110,莫驄,Mo Cong,1454,cluster2_yuan_ming,明,works_general,工部,0,1,0,0,0,1,120.297668,31.574614,無錫,0,0,0,0,0,0,0.0,1.3975995756472907e-33,0.0,-0.2777070288293577,-0.17812319241819308,-0.21135081309332437,-0.107944576878429,0.938050474011595,-0.06088588921100437
131161,馮貫,Feng Guan,1433,cluster2_yuan_ming,明,works_general,工部,0,1,0,0,0,1,115.5747,38.490063,蠡縣,0,0,0,0,0,0,0.0,1.3975995756472907e-33,0.0,-0.2777070288293577,-0.17812319241819308,-0.21135081309332437,-0.107944576878429,-0.11685540943332497,1.884407271155324
131183,游居敬,You Jujing,1509,cluster2_yuan_ming,明,works_general,工部,0,1,0,0,0,1,118.169182,26.642174,南平,0,0,0,0,0,0,0.0,1.3975995756472907e-33,0.0,-0.2777070288293577,-0.17812319241819308,-0.21135081309332437,-0.107944576878429,0.4626391639561084,-1.448365110866358
131229,曾于拱,Zeng Yugong,1521,cluster2_yuan_ming,明,works_general,工部,0,1,0,0,0,1,114.89487457,26.792102814,泰和,0,0,0,0,0,2,0.0,6.417842395975508e-12,4.262108597248425e-06,0.45684964587212995,-0.17812319241819308,-0.2113508127302865,-0.09390451251984568,-0.26869887858714564,-1.406190626401787
131238,曾如春,Zeng Ruchun,1535,cluster2_yuan_ming,明,works_general,工部,0,1,0,0,0,1,116.351341,27.984781,臨川,0,0,0,0,0,0,0.0,1.3975995756472907e-33,0.0,-0.2777070288293577,-0.17812319241819308,-0.21135081309332437,-0.107944576878429,0.0566124523486191,-1.0706941578797973
131243,曾直,Zeng Zhi,1467,cluster2_yuan_ming,明,works_general,工部,0,1,0,0,0,1,115.132248,27.214367,吉水,0,0,0,0,0,1,0.0,1.968812761070012e-13,0.0,0.0895713085213861,-0.17812319241819308,-0.21135081308218742,-0.107944576878429,-0.21567996592872687,-1.2874090935044358
131285,項德禎,Xiang Dezhen,1556,cluster2_yuan_ming,明,works_general,工部,0,1,0,0,0,1,120.753204,30.767469,嘉興,0,0,0,0,0,1,0.0,1.8250177510590394e-11,0.0,0.0895713085213861,-0.17812319241819308,-0.2113508120609672,-0.107944576878429,1.039797427732425,-0.2879331348669096
131290,閔如霖,Min Rulin,1503,cluster2_yuan_ming,明,works_general,工部,0,1,0,0,0,1,120.099312,30.864964,烏程,0,0,0,0,0,0,0.0,1.3975995756472907e-33,0.0,-0.2777070288293577,-0.17812319241819308,-0.21135081309332437,-0.107944576878429,0.8937463602812871,-0.2605081105959014
131339,彭禮,Peng Li,1442,cluster2_yuan_ming,明,works_general,工部,0,1,0,0,0,1,114.608452,27.382462,安福,0,0,0,0,0,0,0.0,1.3975995756472907e-33,0.0,-0.2777070288293577,-0.17812319241819308,-0.21135081309332437,-0.107944576878429,-0.33267323840588964,-1.2401245203998144
131350,盛俌,Sheng Fu,1441,cluster2_yuan_ming,明,medical,医学/医官,0,0,0,0,0,1,120.61862183,31.312709808,蘇州府,0,1,0,0,0,0,0.0,1.3975995756472907e-33,0.0,-0.2777070288293577,-0.17812319241819308,-0.21135081309332437,-0.107944576878429,1.0097376172615966,-0.134558680864716
131352,盛寅,Sheng Yin,1374,cluster2_yuan_ming,明,medical,医学/医官,0,0,0,0,0,1,120.637787,31.167065,吳江,0,1,0,0,0,2,0.0,2.1262940533200443e-22,0.0,0.45684964587212995,-0.17812319241819308,-0.21135081309332437,-0.107944576878429,1.0140182836963958,-0.17552808846865717
131392,黃承玄,Huang Chengxuan,1556,cluster2_yuan_ming,明,hydraulic,水利/河道,0,1,0,0,0,1,120.753204,30.767469,嘉興,0,0,1,0,0,20,0.010526315789473684,8.900731953786729e-11,0.0007780475082061574,7.0678597181855185,-0.0967878144947456,-0.21135080805845033,2.455067800680923,1.039797427732425,-0.2879331348669096
131629,程文德,Cheng Wende,1497,cluster2_yuan_ming,明,works_general,工部,0,1,0,0,0,1,120.025253,28.897268,永康,0,0,0,0,0,2,0.0,1.320771482627386e-12,6.968326864487741e-05,0.45684964587212995,-0.17812319241819308,-0.21135081301861233,0.12160320543808645,0.8772047968360047,-0.8140145525464072
131640,程宗,Cheng Zong,1426,cluster2_yuan_ming,明,works_general,工部,0,1,0,0,0,1,120.733788,31.646582,常熟,0,0,0,0,0,0,0.0,1.3975995756472907e-33,0.0,-0.2777070288293577,-0.17812319241819308,-0.21135081309332437,-0.107944576878429,1.0354607367717918,-0.040641526456649514
131642,程金,Cheng Jin,1523,cluster2_yuan_ming,明,works_general,工部,0,1,0,0,0,1,118.433945,29.86577,歙縣,0,0,0,0,0,0,0.0,1.3975995756472907e-33,0.0,-0.2777070288293577,-0.17812319241819308,-0.21135081309332437,-0.107944576878429,0.521775716737858,-0.541578111123571
131720,雷禮,Lei Li,1505,cluster2_yuan_ming,明,works_general,工部,0,1,0,0,0,1,115.785782,28.197754,豐城,0,0,0,0,0,11,0.0,1.5779852153422807e-12,0.00035647339714318943,3.7623546820288243,-0.17812319241819308,-0.21135081300406255,1.0663355532065562,-0.06970886012591684,-1.0107855503197252
131724,楊一魁,Yang Yikui,1534,cluster2_yuan_ming,明,works_general,工部,0,1,0,0,0,1,111.042419,35.062,安邑,0,0,0,0,0,2,0.0,1.905087926032214e-11,1.0847149624305782e-05,0.45684964587212995,-0.17812319241819308,-0.21135081201567393,-0.07221233886582742,-1.1291701006032933,0.9201043738011708
131786,楊其休,Yang Qixiu,1550,cluster2_yuan_ming,明,works_general,工部,0,1,0,0,0,1,117.69149,37.187836,青城,0,0,0,0,0,0,0.0,1.3975995756472907e-33,0.0,-0.2777070288293577,-0.17812319241819308,-0.21135081309332437,-0.107944576878429,0.3559435223014166,1.5180950799520676
131890,楊麒,Yang Qi,1491,cluster2_yuan_ming,明,works_general,工部,0,1,0,0,0,1,117.96489,28.450691,上饒,0,0,0,0,0,0,0.0,1.3975995756472907e-33,0.0,-0.2777070288293577,-0.17812319241819308,-0.21135081309332437,-0.107944576878429,0.4170092056881845,-0.9396352004142342
131944,萬燝,Wan Jing,1576,cluster2_yuan_ming,明,construction,将作/营缮,0,1,0,0,0,1,115.89772,28.674896,南昌,0,0,0,0,1,1,0.0,7.50330558788574e-25,0.0,0.0895713085213861,-0.17812319241819308,-0.21135081309332437,-0.107944576878429,-0.044706773560632615,-0.876567068031227
131961,葉茂才,Ye Maocai,1558,cluster2_yuan_ming,明,works_general,工部,0,1,0,0,0,1,120.297668,31.574614,無錫,0,0,0,0,0,0,0.0,1.3975995756472907e-33,0.0,-0.2777070288293577,-0.17812319241819308,-0.21135081309332437,-0.107944576878429,0.938050474011595,-0.06088588921100437
131967,葉逢春,Ye Fengchun,1532,cluster2_yuan_ming,明,works_general,工部,0,1,0,0,0,1,121.152763,30.049067,餘姚,0,0,0,0,0,2,0.0,2.1262940533200443e-22,1.2786325791745276e-06,0.45684964587212995,-0.17812319241819308,-0.21135081309332437,-0.103732557570854,1.1290415513181373,-0.4900172651950324
131975,葉夢熊,Ye Mengxiong,1535,cluster2_yuan_ming,明,works_general,工部,0,1,0,0,0,1,114.402401,23.091892,歸善,0,0,0,0,0,0,0.0,1.3975995756472907e-33,0.0,-0.2777070288293577,-0.17812319241819308,-0.21135081309332437,-0.107944576878429,-0.37869608086209766,-2.447047812737442
132008,董越,Dong Yue,1431,cluster2_yuan_ming,明,works_general,工部,0,1,0,0,0,1,116.010101,26.466515,寧都,0,0,0,0,0,0,0.0,1.3975995756472907e-33,0.0,-0.2777070288293577,-0.17812319241819308,-0.21135081309332437,-0.107944576878429,-0.019605740039460588,-1.4977774124040872
132010,董裕,Dong Yu,1537,cluster2_yuan_ming,明,works_general,工部,0,1,0,0,0,1,118.400307,37.049801,樂安,0,0,0,0,0,0,0.0,1.3975995756472907e-33,0.0,-0.2777070288293577,-0.17812319241819308,-0.21135081309332437,-0.107944576878429,0.5142624487870026,1.4792662864216466
132051,鄒廸光,Zou Diguang,1544,cluster2_yuan_ming,明,works_general,工部,0,1,0,0,0,1,120.297668,31.574614,無錫,0,0,0,0,0,0,0.0,1.3975995756472907e-33,0.0,-0.2777070288293577,-0.17812319241819308,-0.21135081309332437,-0.107944576878429,0.938050474011595,-0.06088588921100437
132261,熊汝達,Xiong Ruda,1519,cluster2_yuan_ming,明,works_general,工部,0,1,0,0,0,1,116.259071,28.364485,進賢,0,0,0,0,0,1,0.0,2.328247020004457e-14,0.0,0.0895713085213861,-0.17812319241819308,-0.21135081309200734,-0.107944576878429,0.036003342596983685,-0.9638846659489437
132281,熊鍊,Xiong Lian,1398,cluster2_yuan_ming,明,hydraulic,水利/河道,0,1,0,0,0,1,116.259071,28.364485,進賢,0,0,1,0,0,1,0.0,2.328247020004457e-14,0.0,0.0895713085213861,-0.17812319241819308,-0.21135081309200734,-0.107944576878429,0.036003342596983685,-0.9638846659489437
132341,潘禮,Pan Li,1430,cluster2_yuan_ming,明,works_general,工部,0,1,0,0,0,1,115.60745,34.38505,歸德衛,0,0,0,0,0,0,0.0,1.3975995756472907e-33,0.0,-0.2777070288293577,-0.17812319241819308,-0.21135081309332437,-0.107944576878429,-0.1095404821073694,0.7296805553462907
132345,潘鑑,Pan Jian,1482,cluster2_yuan_ming,明,works_general,工部,0,1,0,0,0,1,117.844589,29.244728,婺源,0,0,0,0,0,0,0.0,1.3975995756472907e-33,0.0,-0.2777070288293577,-0.17812319241819308,-0.21135081309332437,-0.107944576878429,0.3901391882152088,-0.7162751922386555
132352,鄭之文,Zheng Zhiwen,1580,cluster2_yuan_ming,明,works_general,工部,0,1,0,0,0,1,116.627449,27.559717,南城,0,0,0,0,0,0,0.0,1.3975995756472907e-33,0.0,-0.2777070288293577,-0.17812319241819308,-0.21135081309332437,-0.107944576878429,0.11828298529870547,-1.1902632692878865
132380,鄭宣化,Zheng Xuanhua,1535,cluster2_yuan_ming,明,construction,将作/营缮,0,1,0,0,0,1,118.76898956,32.052562714,南京,0,0,0,0,1,0,0.0,1.3975995756472907e-33,0.0,-0.2777070288293577,-0.17812319241819308,-0.21135081309332437,-0.107944576878429,0.5966101169625081,0.07355951908425971
132395,鄭普,Zheng Pu,1495,cluster2_yuan_ming,明,works_general,工部,0,1,0,0,0,1,118.537849,24.953764,南安,0,0,0,0,0,0,0.0,1.3975995756472907e-33,0.0,-0.2777070288293577,-0.17812319241819308,-0.21135081309332437,-0.107944576878429,0.5449833567035451,-1.9233093154862047
132452,歐陽席,Ouyang Xi,1481,cluster2_yuan_ming,明,works_general,工部,0,0,0,0,0,1,114.89487457,26.792102814,泰和,0,0,0,0,0,0,0.0,1.3975995756472907e-33,0.0,-0.2777070288293577,-0.17812319241819308,-0.21135081309332437,-0.107944576878429,-0.26869887858714564,-1.406190626401787
132539,蔣用文,Jiang Yongwen,1351,cluster2_yuan_ming,明,medical,医学/医官,0,0,0,0,0,1,119.162735,31.946535,句容,0,1,0,0,0,1,0.0,7.193833971125509e-20,0.0,0.0895713085213861,-0.17812319241819308,-0.21135081309332437,-0.107944576878429,0.6845557437877614,0.04373427030381615
132558,蔣恭,Jiang Gong,1457,cluster2_yuan_ming,明,works_general,工部,0,1,0,0,0,1,106.55870819,29.560045242,巴縣,0,0,0,0,0,0,0.0,1.3975995756472907e-33,0.0,-0.2777070288293577,-0.17812319241819308,-0.21135081309332437,-0.107944576878429,-2.130636321237137,-0.6275774845109029
132570,蔣敵,Jiang Di,1424,cluster2_yuan_ming,明,medical,医学/医官,0,1,0,0,0,1,118.76899,32.052563,江寧,0,1,0,0,0,1,0.0,7.50330558788574e-25,0.0,0.0895713085213861,-0.17812319241819308,-0.21135081309332437,-0.107944576878429,0.5966102152393962,0.07355959953512392
132583,蔡汝楠,Cai Runan,1516,cluster2_yuan_ming,明,works_general,工部,0,1,0,0,0,1,120.084801,30.553133,德清,0,0,0,0,0,14,0.04395604395604396,2.718370037183392e-11,0.0003270647636319087,4.864189694081055,0.16151904506433487,-0.21135081155562493,0.9694588317961877,0.8905052332453495,-0.3482251498640958
132642,劉一焜,Liu Yikun,1562,cluster2_yuan_ming,明,works_general,工部,0,1,0,0,0,1,115.89772,28.674896,南昌,0,0,0,0,0,1,0.0,1.8250177510590394e-11,0.0,0.0895713085213861,-0.17812319241819308,-0.2113508120609672,-0.107944576878429,-0.044706773560632615,-0.876567068031227
132680,劉日升,Liu Risheng,1546,cluster2_yuan_ming,明,works_general,工部,0,1,0,0,0,1,114.971275,27.103239,廬陵,0,0,0,0,0,3,0.3333333333333333,2.4991487160482582e-11,1.022906063339622e-05,0.8241279832228736,2.397497108490977,-0.21135081167963177,-0.07424842241782902,-0.251634341392583,-1.318669036036756
132724,劉志選,Liu Zhixuan,1553,cluster2_yuan_ming,明,works_general,工部,0,1,0,0,0,1,121.444199,29.979195,慈溪,0,0,0,0,0,1,0.0,7.50330558788574e-25,0.0,0.0895713085213861,-0.17812319241819308,-0.21135081309332437,-0.107944576878429,1.1941356936133336,-0.5096720300123445
132741,劉伯淵,Liu Boyuan,1541,cluster2_yuan_ming,明,works_general,工部,0,1,0,0,0,1,121.444199,29.979195,慈溪,0,0,0,0,0,0,0.0,1.3975995756472907e-33,0.0,-0.2777070288293577,-0.17812319241819308,-0.21135081309332437,-0.107944576878429,1.1941356936133336,-0.5096720300123445
132768,劉采,Liu Cai,1500,cluster2_yuan_ming,明,works_general,工部,0,1,0,0,0,1,115.030968,31.180918,麻城,0,0,0,0,0,1,0.0,1.4086869929266067e-12,0.0,0.0895713085213861,-0.17812319241819308,-0.21135081301363923,-0.107944576878429,-0.2383015182820997,-0.17163128492769408
132775,劉宣,Liu Xuan,1425,cluster2_yuan_ming,明,works_general,工部,0,1,0,0,0,1,114.608452,27.382462,安福,0,0,0,0,0,0,0.0,1.3975995756472907e-33,0.0,-0.2777070288293577,-0.17812319241819308,-0.21135081309332437,-0.107944576878429,-0.33267323840588964,-1.2401245203998144
132785,劉俊,Liu Jun,1415,cluster2_yuan_ming,明,works_general,工部,0,1,0,0,0,1,107.140381,34.38187,寶雞,0,0,0,0,0,0,0.0,1.3975995756472907e-33,0.0,-0.2777070288293577,-0.17812319241819308,-0.21135081309332437,-0.107944576878429,-2.0007158835994185,0.7287860317586009
132794,劉浩,Liu Hao,1457,cluster2_yuan_ming,明,works_general,工部,0,1,0,0,0,1,114.608452,27.382462,安福,0,0,0,0,0,0,0.0,1.3975995756472907e-33,0.0,-0.2777070288293577,-0.17812319241819308,-0.21135081309332437,-0.107944576878429,-0.33267323840588964,-1.2401245203998144
132917,劉慤,Liu Que,1514,cluster2_yuan_ming,明,works_general,工部,0,1,0,0,0,1,114.779678,26.461771,萬安,0,0,0,0,0,2,1.0,9.071440581960771e-12,0.0,0.45684964587212995,7.548737710309318,-0.2113508125801805,-0.107944576878429,-0.2944287881367486,-1.4991118840707545
132983,諸壽賢,Zhu Shouxian,1556,cluster2_yuan_ming,明,works_general,工部,0,1,0,0,0,1,120.94823456,31.386108398,崑山,0,0,0,0,0,0,0.0,1.3975995756472907e-33,0.0,-0.2777070288293577,-0.17812319241819308,-0.21135081309332437,-0.107944576878429,1.0833587826252729,-0.11391189782755783
132984,諸觀,Zhu Guan,1436,cluster2_yuan_ming,明,works_general,工部,0,1,0,0,0,1,121.152763,30.049067,餘姚,0,0,0,0,0,0,0.0,1.3975995756472907e-33,0.0,-0.2777070288293577,-0.17812319241819308,-0.21135081309332437,-0.107944576878429,1.1290415513181373,-0.4900172651950324
133063,盧勳,Lu Xun,1502,cluster2_yuan_ming,明,works_general,工部,0,1,0,0,0,1,120.058441,28.648392,縉雲,0,0,0,0,0,2,0.0,7.005806957399024e-12,1.186274059403245e-05,0.45684964587212995,-0.17812319241819308,-0.21135081269702713,-0.06886682050288287,0.8846175543350531,-0.8840225564488767
133090,錢士鰲,Qian Shiao,1556,cluster2_yuan_ming,明,works_general,工部,0,1,0,0,0,1,120.168625,30.294125,錢塘,0,0,0,0,0,0,0.0,1.3975995756472907e-33,0.0,-0.2777070288293577,-0.17812319241819308,-0.21135081309332437,-0.107944576878429,0.9092278734948482,-0.4210832521912416
133122,錢喜起,Qian Xiqi,1610,cluster2_yuan_ming,明,works_general,工部,0,1,0,0,0,1,120.168625,30.294125,錢塘,0,0,0,0,0,0,0.0,1.3975995756472907e-33,0.0,-0.2777070288293577,-0.17812319241819308,-0.21135081309332437,-0.107944576878429,0.9092278734948482,-0.4210832521912416
133146,謝一夔,Xie Yikui,1425,cluster2_yuan_ming,明,works_general,工部,0,1,0,0,0,1,115.89772,28.674896,新建,0,0,0,0,0,0,0.0,1.3975995756472907e-33,0.0,-0.2777070288293577,-0.17812319241819308,-0.21135081309332437,-0.107944576878429,-0.044706773560632615,-0.876567068031227
133164,謝廷[⿱艹氵臣],Xie Tingmou,1502,cluster2_yuan_ming,明,works_general,工部,0,1,0,0,0,1,104.98831177,29.188720703,富順,0,0,0,0,0,1,0.0,2.233247787280779e-12,0.0,0.0895713085213861,-0.17812319241819308,-0.21135081296699632,-0.107944576878429,-2.481394662771285,-0.7320298614994223
133233,韓邦憲,Han Bangxian,1541,cluster2_yuan_ming,明,works_general,工部,0,1,0,0,0,1,118.861511,31.32163,高淳,0,0,0,0,0,0,0.0,1.3975995756472907e-33,0.0,-0.2777070288293577,-0.17812319241819308,-0.21135081309332437,-0.107944576878429,0.617275387487482,-0.13204946006260318
133248,韓重,Han Zhong,1442,cluster2_yuan_ming,明,works_general,工部,0,1,0,0,0,1,111.21614838,35.616409302,絳州,0,0,0,0,0,0,0.0,1.3975995756472907e-33,0.0,-0.2777070288293577,-0.17812319241819308,-0.21135081309332437,-0.107944576878429,-1.0903665039900512,1.07605789514506
133281,薛三才,Xue Sancai,1556,cluster2_yuan_ming,明,works_general,工部,0,1,0,0,0,1,121.542656,29.866316,鄞縣,0,0,0,0,0,1,0.0,1.8250177510590394e-11,0.0,0.0895713085213861,-0.17812319241819308,-0.2113508120609672,-0.107944576878429,1.2161267103990354,-0.541424523111345
133351,蕭鼎,Xiao Ding,1434,cluster2_yuan_ming,明,works_general,工部,0,1,0,0,0,1,116.636658,23.667706,海陽,0,0,0,0,0,0,0.0,1.3975995756472907e-33,0.0,-0.2777070288293577,-0.17812319241819308,-0.21135081309332437,-0.107944576878429,0.1203398758557964,-2.285073219931802
133356,蕭禎,Xiao Zhen,1432,cluster2_yuan_ming,明,works_general,工部,0,1,0,0,0,1,114.89487457,26.792102814,泰和,0,0,0,0,0,0,0.0,1.3975995756472907e-33,0.0,-0.2777070288293577,-0.17812319241819308,-0.21135081309332437,-0.107944576878429,-0.26869887858714564,-1.406190626401787
133366,繆昌,Miao Chang,1448,cluster2_yuan_ming,明,works_general,工部,0,1,0,0,0,1,120.297668,31.574614,無錫,0,0,0,0,0,0,0.0,1.3975995756472907e-33,0.0,-0.2777070288293577,-0.17812319241819308,-0.21135081309332437,-0.107944576878429,0.938050474011595,-0.06088588921100437
133370,繆國維,Miao Guowei,1566,cluster2_yuan_ming,明,construction,将作/营缮,0,1,0,0,0,1,120.618622,31.31271,吳縣,0,0,0,0,1,1,0.0,7.50330558788574e-25,0.0,0.0895713085213861,-0.17812319241819308,-0.21135081309332437,-0.107944576878429,1.0097376552322135,-0.1345586268557452
133391,顏容暄,Yan Rongxuan,1580,cluster2_yuan_ming,明,works_general,工部,0,1,0,0,0,1,117.610733,24.117096,漳浦,0,0,0,0,0,0,0.0,1.3975995756472907e-33,0.0,-0.2777070288293577,-0.17812319241819308,-0.21135081309332437,-0.107944576878429,0.33790591662012315,-2.158661284374613
133408,戴思恭,Dai Sigong,1324,cluster2_yuan_ming,明,medical,医学/医官,0,0,0,0,0,1,119.883675,29.458708,浦江,0,1,0,0,0,1,0.0,1.503516943899234e-22,0.0,0.0895713085213861,-0.17812319241819308,-0.21135081309332437,-0.107944576878429,0.8455824218450297,-0.6560833188758135
133415,戴祥,Dai Xiang,1481,cluster2_yuan_ming,明,works_general,工部,0,1,0,0,0,1,118.58410645,30.077772141,績溪,0,0,0,0,0,0,0.0,1.3975995756472907e-33,0.0,-0.2777070288293577,-0.17812319241819308,-0.21135081309332437,-0.107944576878429,0.5553152615900822,-0.48194260302130365
133425,戴縉,Dai Jin,1436,cluster2_yuan_ming,明,works_general,工部,0,1,0,0,0,1,113.256066,23.134624,南海,0,0,0,0,0,1,0.0,3.4883880989801677e-13,0.0,0.0895713085213861,-0.17812319241819308,-0.2113508130735916,-0.107944576878429,-0.6347375225781599,-2.4350274410553188
133464,魏有本,Wei Youben,1483,cluster2_yuan_ming,明,works_general,工部,0,1,0,0,0,1,121.152763,30.049067,餘姚,0,0,0,0,0,0,0.0,1.3975995756472907e-33,0.0,-0.2777070288293577,-0.17812319241819308,-0.21135081309332437,-0.107944576878429,1.1290415513181373,-0.4900172651950324
133473,魏尚純,Wei Shangchun,1502,cluster2_yuan_ming,明,works_general,工部,0,1,0,0,0,1,117.157007,35.085022,滕縣,0,0,0,0,0,0,0.0,1.3975995756472907e-33,0.0,-0.2777070288293577,-0.17812319241819308,-0.21135081309332437,-0.107944576878429,0.23656323827211534,0.9265803870199745
133599,嚴時泰,Yan Shitai,1479,cluster2_yuan_ming,明,works_general,工部,0,1,0,0,0,1,121.152763,30.049067,餘姚,0,0,0,0,0,0,0.0,1.3975995756472907e-33,0.0,-0.2777070288293577,-0.17812319241819308,-0.21135081309332437,-0.107944576878429,1.1290415513181373,-0.4900172651950324
133629,顧玉柱,Gu Yuzhu,1505,cluster2_yuan_ming,明,works_general,工部,0,1,0,0,0,1,120.733788,31.646582,常熟,0,0,0,0,0,0,0.0,1.3975995756472907e-33,0.0,-0.2777070288293577,-0.17812319241819308,-0.21135081309332437,-0.107944576878429,1.0354607367717918,-0.040641526456649514
133631,顧可學,Gu Kexue,1475,cluster2_yuan_ming,明,construction,将作/营缮,0,1,0,0,0,1,119.95230103,31.782783508,常州府,0,0,0,0,1,0,0.0,1.3975995756472907e-33,0.0,-0.2777070288293577,-0.17812319241819308,-0.21135081309332437,-0.107944576878429,0.8609104958028614,-0.002328488222402521
133642,顧其志,Gu Qizhi,1541,cluster2_yuan_ming,明,works_general,工部,0,1,0,0,0,1,120.618622,31.31271,長洲,0,0,0,0,0,0,0.0,1.3975995756472907e-33,0.0,-0.2777070288293577,-0.17812319241819308,-0.21135081309332437,-0.107944576878429,1.0097376552322135,-0.1345586268557452
133691,饒位,Rao Wei,1550,cluster2_yuan_ming,明,works_general,工部,0,1,0,0,0,1,116.259071,28.364485,進賢,0,0,0,0,0,1,0.0,7.50330558788574e-25,0.0,0.0895713085213861,-0.17812319241819308,-0.21135081309332437,-0.107944576878429,0.036003342596983685,-0.9638846659489437
133692,饒伸,Rao Shen,1553,cluster2_yuan_ming,明,works_general,工部,0,1,0,0,0,1,116.259071,28.364485,進賢,0,0,0,0,0,1,0.0,7.50330558788574e-25,0.0,0.0895713085213861,-0.17812319241819308,-0.21135081309332437,-0.107944576878429,0.036003342596983685,-0.9638846659489437
133711,龔情,Gong Qing,1523,cluster2_yuan_ming,明,works_general,工部,0,1,0,0,0,1,121.486763,31.224427,上海,0,0,0,0,0,0,0.0,1.3975995756472907e-33,0.0,-0.2777070288293577,-0.17812319241819308,-0.21135081309332437,-0.107944576878429,1.2036426422149225,-0.1593923456897098
133712,龔理,Gong Li,1406,cluster2_yuan_ming,明,works_general,工部,0,1,0,0,0,1,120.94823456,31.386108398,崑山,0,0,0,0,0,0,0.0,1.3975995756472907e-33,0.0,-0.2777070288293577,-0.17812319241819308,-0.21135081309332437,-0.107944576878429,1.0833587826252729,-0.11391189782755783
133718,龔輝,Gong Hui,1493,cluster2_yuan_ming,明,works_general,工部,0,1,0,0,0,1,121.152763,30.049067,餘姚,0,0,0,0,0,1,0.0,1.3371142976073185e-21,0.0,0.0895713085213861,-0.17812319241819308,-0.21135081309332437,-0.107944576878429,1.1290415513181373,-0.4900172651950324
134432,樓釐,Lou Li,1304,cluster2_yuan_ming,元,medical,医学/医官,0,0,0,1,0,1,120.071625,29.300087,義烏,0,1,0,0,0,0,0.0,1.3975995756472907e-33,0.0,-0.2777070288293577,-0.17812319241819308,-0.21135081309332437,-0.107944576878429,0.8875622872164389,-0.700702886801261
138722,屈突通,Qutu Tong,557,cluster1_song_and_before,隋,works_general,工部,0,0,0,0,0,1,108.90698242,34.246421814,長安,0,0,0,0,0,0,0.0,1.3975995756472907e-33,0.0,-0.2777070288293577,-0.17812319241819308,-0.21135081309332437,-0.107944576878429,-1.6061338682946031,0.6906849005363445
140346,韋頊,Wei Xu,636,cluster1_song_and_before,周,works_general,工部,0,0,0,0,0,1,109.045278,34.156564,杜陵,0,0,0,0,0,0,0.0,1.3975995756472907e-33,0.0,-0.2777070288293577,-0.17812319241819308,-0.21135081309332437,-0.107944576878429,-1.5752446433419,0.6654081916806119
142232,孟公行,Meng Gongxing,558,cluster1_song_and_before,隋,construction,将作/营缮,0,0,0,0,0,1,116.9605,37.4701,平昌,0,0,0,0,1,0,0.0,1.3975995756472907e-33,0.0,-0.2777070288293577,-0.17812319241819308,-0.21135081309332437,-0.107944576878429,0.19267211082045616,1.5974950189318289
144863,羅讓,Luo Rang,808,cluster1_song_and_before,唐,works_general,工部,0,0,0,0,0,1,115.218359,36.30969,貴鄉,0,0,0,0,0,1,0.0,7.50330558788574e-25,0.0,0.0895713085213861,-0.17812319241819308,-0.21135081309332437,-0.107944576878429,-0.19644650922748982,1.2710754854755502
144915,龔某某,Gong Moumou,770,cluster1_song_and_before,唐,construction,将作/营缮,0,0,0,0,0,1,112.785721,34.840869,河陽,0,0,0,0,1,0,0.0,1.3975995756472907e-33,0.0,-0.2777070288293577,-0.17812319241819308,-0.21135081309332437,-0.107944576878429,-0.7397921635896829,0.8579009475529307
144924,程惟誠,Cheng Weicheng,734,cluster1_song_and_before,唐,works_general,工部,0,0,0,0,0,1,108.937189,34.317987,萬年,0,0,0,0,0,0,0.0,1.3975995756472907e-33,0.0,-0.2777070288293577,-0.17812319241819308,-0.21135081309332437,-0.107944576878429,-1.5993870305093911,0.7108159530314385
144930,孫拙,Sun Zhuo,858,cluster1_song_and_before,唐,works_general,工部,0,0,0,0,0,1,112.38263,34.665276,河南,0,0,0,0,0,0,0.0,1.3975995756472907e-33,0.0,-0.2777070288293577,-0.17812319241819308,-0.21135081309332437,-0.107944576878429,-0.8298251825437993,0.808507211599097
144933,李宗師,Li Zongshi,797,cluster1_song_and_before,唐,works_general,工部,0,0,0,0,0,1,112.38263,34.665276,河南,0,0,0,0,0,0,0.0,1.3975995756472907e-33,0.0,-0.2777070288293577,-0.17812319241819308,-0.21135081309332437,-0.107944576878429,-0.8298251825437993,0.808507211599097
144968,張仁憲,Zhang Renxian,714,cluster1_song_and_before,唐,works_general,工部,0,0,0,0,0,1,116.464562,38.864807,文安,0,0,0,0,0,0,0.0,1.3975995756472907e-33,0.0,-0.2777070288293577,-0.17812319241819308,-0.21135081309332437,-0.107944576878429,0.0819011053798302,1.989821531326763
145255,李良,Li Liang,783,cluster1_song_and_before,唐,works_general,工部,0,0,0,0,0,1,109.46991,36.591808,膚施,0,0,0,0,0,0,0.0,1.3975995756472907e-33,0.0,-0.2777070288293577,-0.17812319241819308,-0.21135081309332437,-0.107944576878429,-1.4804003007380573,1.3504343551333586
145267,盧虔,Lu Qian,734,cluster1_song_and_before,唐,works_general,工部,0,0,0,0,0,1,110.662392,35.576092,龍門,0,0,0,0,0,0,0.0,1.3975995756472907e-33,0.0,-0.2777070288293577,-0.17812319241819308,-0.21135081309332437,-0.107944576878429,-1.2140516238674615,1.064716770103863
145498,王用,Wang Yong,770,cluster1_song_and_before,唐,works_general,工部,0,0,0,0,0,1,108.937189,34.317987,萬年,0,0,0,0,0,0,0.0,1.3975995756472907e-33,0.0,-0.2777070288293577,-0.17812319241819308,-0.21135081309332437,-0.107944576878429,-1.5993870305093911,0.7108159530314385
145504,支謨,Zhi Mo,829,cluster1_song_and_before,唐,works_general,工部,0,0,0,0,0,1,112.38263,34.665276,河南,0,0,0,0,0,0,0.0,1.3975995756472907e-33,0.0,-0.2777070288293577,-0.17812319241819308,-0.21135081309332437,-0.107944576878429,-0.8298251825437993,0.808507211599097
145600,任佶,Ren Ji,717,cluster1_song_and_before,唐,works_general,工部,0,0,0,0,0,1,108.937189,34.317987,萬年,0,0,0,0,0,0,0.0,1.3975995756472907e-33,0.0,-0.2777070288293577,-0.17812319241819308,-0.21135081309332437,-0.107944576878429,-1.5993870305093911,0.7108159530314385
145610,程懷信,Cheng Huaixin,759,cluster1_song_and_before,唐,works_general,工部,0,0,0,0,0,1,117.02410126,38.209125519,滄州,0,0,0,0,0,0,0.0,1.3975995756472907e-33,0.0,-0.2777070288293577,-0.17812319241819308,-0.21135081309332437,-0.107944576878429,0.2068778694384499,1.805380477626827
145621,崔備,Cui Bei,747,cluster1_song_and_before,唐,works_general,工部,0,0,0,0,0,1,112.38263,34.665276,洛陽,0,0,0,0,0,1,0.0,7.50330558788574e-25,0.0,0.0895713085213861,-0.17812319241819308,-0.21135081309332437,-0.107944576878429,-0.8298251825437993,0.808507211599097
145634,史用誠,Shi Yongcheng,772,cluster1_song_and_before,唐,works_general,工部,0,0,0,0,0,1,108.937189,34.317987,萬年,0,0,0,0,0,0,0.0,1.3975995756472907e-33,0.0,-0.2777070288293577,-0.17812319241819308,-0.21135081309332437,-0.107944576878429,-1.5993870305093911,0.7108159530314385
145644,盧涗,Lu Shui,710,cluster1_song_and_before,唐,works_general,工部,0,0,0,0,0,1,112.38263,34.665276,河南府,0,0,0,0,0,0,0.0,1.3975995756472907e-33,0.0,-0.2777070288293577,-0.17812319241819308,-0.21135081309332437,-0.107944576878429,-0.8298251825437993,0.808507211599097
145710,崔淙,Cui Cong,745,cluster1_song_and_before,唐,works_general,工部,0,0,0,0,0,0,,,,0,0,0,0,0,0,0.0,1.3975995756472907e-33,0.0,-0.2777070288293577,-0.17812319241819308,-0.21135081309332437,-0.107944576878429,-3.174087617753835e-15,-1.9987334503111837e-15
145751,韋渢,Wei Feng,735,cluster1_song_and_before,唐,works_general,工部,0,0,0,0,0,1,108.937189,34.317987,萬年,0,0,0,0,0,0,0.0,1.3975995756472907e-33,0.0,-0.2777070288293577,-0.17812319241819308,-0.21135081309332437,-0.107944576878429,-1.5993870305093911,0.7108159530314385
145811,趙憬,Zhao Jing,737,cluster1_song_and_before,唐,works_general,工部,0,0,0,0,0,1,114.971275,27.103239,吉州,0,0,0,0,0,0,0.0,1.3975995756472907e-33,0.0,-0.2777070288293577,-0.17812319241819308,-0.21135081309332437,-0.107944576878429,-0.251634341392583,-1.318669036036756
145987,李彙,Li Hui,757,cluster1_song_and_before,唐,works_general,工部,0,0,0,0,0,1,108.9805,34.9129,華原,0,0,0,0,0,0,0.0,1.3975995756472907e-33,0.0,-0.2777070288293577,-0.17812319241819308,-0.21135081309332437,-0.107944576878429,-1.5897132345578018,0.8781630320010051
145995,張誠,Zhang Cheng,714,cluster1_song_and_before,唐,works_general,工部,0,0,0,0,0,1,112.395023,34.397707,伊闕,0,0,0,0,0,0,0.0,1.3975995756472907e-33,0.0,-0.2777070288293577,-0.17812319241819308,-0.21135081309332437,-0.107944576878429,-0.8270571247010358,0.7332409280033302
146000,李建,Li Jian,764,cluster1_song_and_before,唐,works_general,工部,0,0,0,0,0,1,107.38591766,34.522518158,岐州,0,0,0,0,0,0,0.0,1.3975995756472907e-33,0.0,-0.2777070288293577,-0.17812319241819308,-0.21135081309332437,-0.107944576878429,-1.9458736599732127,0.7683498980781296
146006,李從易,Li Congyi,779,cluster1_song_and_before,唐,works_general,工部,0,0,0,0,0,1,108.798811,34.794427,三原,0,0,0,0,0,0,0.0,1.3975995756472907e-33,0.0,-0.2777070288293577,-0.17812319241819308,-0.21135081309332437,-0.107944576878429,-1.6302946645097367,0.8448369650185021
146010,韋正貫,Wei Zhengguan,784,cluster1_song_and_before,唐,works_general,工部,0,0,0,0,0,1,108.937189,34.317987,萬年,0,0,0,0,0,0,0.0,1.3975995756472907e-33,0.0,-0.2777070288293577,-0.17812319241819308,-0.21135081309332437,-0.107944576878429,-1.5993870305093911,0.7108159530314385
146094,馮昭泰,Feng Zhaotai,645,cluster1_song_and_before,唐,works_general,工部,0,0,0,0,0,1,108.906976,34.246423,長安,0,0,0,0,0,0,0.0,1.3975995756472907e-33,0.0,-0.2777070288293577,-0.17812319241819308,-0.21135081309332437,-0.107944576878429,-1.6061353022437168,0.6906852341542608
146100,薛丹,Xue Dan,745,cluster1_song_and_before,唐,works_general,工部,0,0,0,0,0,1,112.804997,34.720623,偃師,0,0,0,0,0,0,0.0,1.3975995756472907e-33,0.0,-0.2777070288293577,-0.17812319241819308,-0.21135081309332437,-0.107944576878429,-0.7354867425473871,0.8240761414757838
146136,裴虬,Pei Qiu,723,cluster1_song_and_before,唐,works_general,工部,0,0,0,0,0,1,112.38263,34.665276,河南,0,0,0,0,0,0,0.0,1.3975995756472907e-33,0.0,-0.2777070288293577,-0.17812319241819308,-0.21135081309332437,-0.107944576878429,-0.8298251825437993,0.808507211599097
146140,裴伷先,Pei Zhouxian,664,cluster1_song_and_before,唐,works_general,工部,0,0,0,0,0,1,108.937189,34.317987,萬年,0,0,0,0,0,0,0.0,1.3975995756472907e-33,0.0,-0.2777070288293577,-0.17812319241819308,-0.21135081309332437,-0.107944576878429,-1.5993870305093911,0.7108159530314385
146148,韋向,Wei Xiang,718,cluster1_song_and_before,唐,works_general,工部,0,0,0,0,0,1,108.906976,34.246423,長安,0,0,0,0,0,0,0.0,1.3975995756472907e-33,0.0,-0.2777070288293577,-0.17812319241819308,-0.21135081309332437,-0.107944576878429,-1.6061353022437168,0.6906852341542608
146238,李懷讓,Li Huairang,700,cluster1_song_and_before,唐,works_general,工部,0,0,0,0,0,1,108.907,34.24642,京兆府,0,0,0,0,0,0,0.0,1.3975995756472907e-33,0.0,-0.2777070288293577,-0.17812319241819308,-0.21135081309332437,-0.107944576878429,-1.606129941686288,0.6906843902640838
146626,李弘節,Li Hongjie,595,cluster1_song_and_before,唐,works_general,工部,0,0,0,0,0,1,112.38263,34.665276,河南,0,0,0,0,0,0,0.0,1.3975995756472907e-33,0.0,-0.2777070288293577,-0.17812319241819308,-0.21135081309332437,-0.107944576878429,-0.8298251825437993,0.808507211599097
147490,薛獻,Xue Xian,565,cluster1_song_and_before,隋,works_general,工部,0,0,0,0,0,1,108.907,34.24642,京兆府,0,0,0,0,0,0,0.0,1.3975995756472907e-33,0.0,-0.2777070288293577,-0.17812319241819308,-0.21135081309332437,-0.107944576878429,-1.606129941686288,0.6906843902640838
147585,翟道生干,Zhai Daoshenggan,566,cluster1_song_and_before,唐,construction,将作/营缮,0,0,0,0,0,1,112.38263,34.665276,洛陽,0,0,0,0,1,0,0.0,1.3975995756472907e-33,0.0,-0.2777070288293577,-0.17812319241819308,-0.21135081309332437,-0.107944576878429,-0.8298251825437993,0.808507211599097
148359,朱某(朱信子),Zhu Mou (Zhuxinzi),631,cluster1_song_and_before,唐,construction,将作/营缮,0,0,0,0,0,1,112.395023,34.397707,伊闕,0,0,0,0,1,0,0.0,1.3975995756472907e-33,0.0,-0.2777070288293577,-0.17812319241819308,-0.21135081309332437,-0.107944576878429,-0.8270571247010358,0.7332409280033302
148891,王遊藝,Wang Youyi,638,cluster1_song_and_before,唐,construction,将作/营缮,0,0,0,0,0,1,112.56482697,37.873748779,太原,0,0,0,0,1,0,0.0,1.3975995756472907e-33,0.0,-0.2777070288293577,-0.17812319241819308,-0.21135081309332437,-0.107944576878429,-0.7891302941603019,1.7110400987927203
148892,某行莊(某旦父),Mou Xingzhuang (Moudanfu),586,cluster1_song_and_before,唐,works_general,工部,0,0,0,0,0,1,112.38263,34.665276,河南,0,0,0,0,0,0,0.0,1.3975995756472907e-33,0.0,-0.2777070288293577,-0.17812319241819308,-0.21135081309332437,-0.107944576878429,-0.8298251825437993,0.808507211599097
149033,斐悌,Fei Ti,631,cluster1_song_and_before,唐,construction,将作/营缮,0,0,0,0,0,1,111.318657,35.426205,聞喜,0,0,0,0,1,0,0.0,1.3975995756472907e-33,0.0,-0.2777070288293577,-0.17812319241819308,-0.21135081309332437,-0.107944576878429,-1.0674705313004598,1.0225540477805797
149212,爾朱義琛,Erzhu Yichen,591,cluster1_song_and_before,唐,works_general,工部,0,0,0,0,0,1,112.38263,34.665276,洛陽,0,0,0,0,0,0,0.0,1.3975995756472907e-33,0.0,-0.2777070288293577,-0.17812319241819308,-0.21135081309332437,-0.107944576878429,-0.8298251825437993,0.808507211599097
149302,樊叡,Fan Rui,612,cluster1_song_and_before,唐,hydraulic,水利/河道,0,0,0,0,0,1,112.38263,34.665276,河南府,0,0,1,0,0,0,0.0,1.3975995756472907e-33,0.0,-0.2777070288293577,-0.17812319241819308,-0.21135081309332437,-0.107944576878429,-0.8298251825437993,0.808507211599097
149416,鄭植,Zheng Zhi,600,cluster1_song_and_before,唐,construction,将作/营缮,0,0,0,0,0,1,113.39922,34.8904,榮澤,0,0,0,0,1,0,0.0,1.3975995756472907e-33,0.0,-0.2777070288293577,-0.17812319241819308,-0.21135081309332437,-0.107944576878429,-0.6027631376493038,0.871833855673012
151811,盧義恭,Lu Yigong,582,cluster1_song_and_before,隋,works_general,工部,0,0,0,0,0,1,112.38263,34.665276,河南府,0,0,0,0,0,0,0.0,1.3975995756472907e-33,0.0,-0.2777070288293577,-0.17812319241819308,-0.21135081309332437,-0.107944576878429,-0.8298251825437993,0.808507211599097
155515,韋縝,Wei Zhen,767,cluster1_song_and_before,唐,works_general,工部,0,0,0,0,0,1,112.5121,37.709,晉陽,0,0,0,0,0,0,0.0,1.3975995756472907e-33,0.0,-0.2777070288293577,-0.17812319241819308,-0.21135081309332437,-0.107944576878429,-0.8009072087761152,1.6646968066988297
155914,崔珪璋,Cui Guizhang,712,cluster1_song_and_before,唐,works_general,工部,0,0,0,0,0,1,115.586137,37.083669,清河,0,0,0,0,0,0,0.0,1.3975995756472907e-33,0.0,-0.2777070288293577,-0.17812319241819308,-0.21135081309332437,-0.107944576878429,-0.11430088046151203,1.4887932439272669
156680,李正叔,Li Zhengshu,761,cluster1_song_and_before,唐,works_general,工部,0,0,0,0,0,1,113.038399,22.526581,新會,0,0,0,0,0,0,0.0,1.3975995756472907e-33,0.0,-0.2777070288293577,-0.17812319241819308,-0.21135081309332437,-0.107944576878429,-0.6833548748303478,-2.6060679460331766
156713,崔衍,Cui Yan,746,cluster1_song_and_before,唐,works_general,工部,0,0,0,0,0,1,114.6254,35.62207,滑州,0,0,0,0,0,0,0.0,1.3975995756472907e-33,0.0,-0.2777070288293577,-0.17812319241819308,-0.21135081309332437,-0.107944576878429,-0.32888779143427693,1.0776502309575717
156814,鄭□易,Zheng Mou Yi,758,cluster1_song_and_before,唐,works_general,工部,0,0,0,0,0,1,113.34937,34.71853,榮陽,0,0,0,0,0,0,0.0,1.3975995756472907e-33,0.0,-0.2777070288293577,-0.17812319241819308,-0.21135081309332437,-0.107944576878429,-0.61389746214393,0.823487387428917
156830,裴譔,Pei Zhuan,795,cluster1_song_and_before,唐,works_general,工部,0,0,0,0,0,1,111.318657,35.426205,聞喜,0,0,0,0,0,1,0.0,7.50330558788574e-25,0.0,0.0895713085213861,-0.17812319241819308,-0.21135081309332437,-0.107944576878429,-1.0674705313004598,1.0225540477805797
158002,楊玄珪,Yang Xuangui,662,cluster1_song_and_before,唐,works_general,工部,0,0,0,0,0,1,110.865379,34.527512,弘農,0,0,0,0,0,0,0.0,1.3975995756472907e-33,0.0,-0.2777070288293577,-0.17812319241819308,-0.21135081309332437,-0.107944576878429,-1.1687131459097784,0.769754649481337
158369,張伯禽,Zhang Boqin,732,cluster1_song_and_before,唐,construction,将作/营缮,0,0,0,0,0,1,108.937189,34.317987,萬年,0,0,0,0,1,0,0.0,1.3975995756472907e-33,0.0,-0.2777070288293577,-0.17812319241819308,-0.21135081309332437,-0.107944576878429,-1.5993870305093911,0.7108159530314385
159865,崔授,Cui Shou,768,cluster1_song_and_before,唐,works_general,工部,0,0,0,0,0,0,,,,0,0,0,0,0,0,0.0,1.3975995756472907e-33,0.0,-0.2777070288293577,-0.17812319241819308,-0.21135081309332437,-0.107944576878429,-3.174087617753835e-15,-1.9987334503111837e-15
160060,閻濟美,Yan Jimei,757,cluster1_song_and_before,唐,works_general,工部,0,0,0,0,0,0,,,,0,0,0,0,0,0,0.0,1.3975995756472907e-33,0.0,-0.2777070288293577,-0.17812319241819308,-0.21135081309332437,-0.107944576878429,-3.174087617753835e-15,-1.9987334503111837e-15
161691,張守瑜,Zhang Shouyu,682,cluster1_song_and_before,唐,works_general,工部,0,0,0,0,0,1,108.937189,34.317987,萬年,0,0,0,0,0,0,0.0,1.3975995756472907e-33,0.0,-0.2777070288293577,-0.17812319241819308,-0.21135081309332437,-0.107944576878429,-1.5993870305093911,0.7108159530314385
163926,閻毗,Yan Pi,562,cluster1_song_and_before,隋,construction,将作/营缮,0,0,0,0,0,0,,,,0,0,0,0,1,1,0.0,7.50330558788574e-25,0.0,0.0895713085213861,-0.17812319241819308,-0.21135081309332437,-0.107944576878429,-3.174087617753835e-15,-1.9987334503111837e-15
163927,閻立德,Yan Lide,592,cluster1_song_and_before,唐,works_general,工部,0,0,0,0,0,0,,,,0,0,0,0,0,1,0.0,7.50330558788574e-25,0.0,0.0895713085213861,-0.17812319241819308,-0.21135081309332437,-0.107944576878429,-3.174087617753835e-15,-1.9987334503111837e-15
168914,崔潔,Cui Jie,836,cluster1_song_and_before,唐,works_general,工部,0,0,0,0,0,0,,,,0,0,0,0,0,0,0.0,1.3975995756472907e-33,0.0,-0.2777070288293577,-0.17812319241819308,-0.21135081309332437,-0.107944576878429,-3.174087617753835e-15,-1.9987334503111837e-15
170052,李景温,Li Jingwen,785,cluster1_song_and_before,唐,works_general,工部,0,0,0,0,0,1,112.38263,34.665276,河南,0,0,0,0,0,0,0.0,1.3975995756472907e-33,0.0,-0.2777070288293577,-0.17812319241819308,-0.21135081309332437,-0.107944576878429,-0.8298251825437993,0.808507211599097
170360,羅邮,Luo You,693,cluster1_song_and_before,唐,works_general,工部,0,0,0,0,0,1,115.218359,36.30969,貴鄉,0,0,0,0,0,0,0.0,1.3975995756472907e-33,0.0,-0.2777070288293577,-0.17812319241819308,-0.21135081309332437,-0.107944576878429,-0.19644650922748982,1.2710754854755502
170688,裴弘策,Pei Hongce,589,cluster1_song_and_before,唐,construction,将作/营缮,0,0,0,0,0,1,111.318657,35.426205,聞喜,0,0,0,0,1,0,0.0,1.3975995756472907e-33,0.0,-0.2777070288293577,-0.17812319241819308,-0.21135081309332437,-0.107944576878429,-1.0674705313004598,1.0225540477805797
170806,裴常憲,Pei Changxian,758,cluster1_song_and_before,唐,construction,将作/营缮,0,0,0,0,0,1,112.395023,34.397707,伊闕,0,0,0,0,1,0,0.0,1.3975995756472907e-33,0.0,-0.2777070288293577,-0.17812319241819308,-0.21135081309332437,-0.107944576878429,-0.8270571247010358,0.7332409280033302
170856,裴興,Pei Xing,705,cluster1_song_and_before,唐,works_general,工部,0,0,0,0,0,1,112.38263,34.665276,洛陽,0,0,0,0,0,0,0.0,1.3975995756472907e-33,0.0,-0.2777070288293577,-0.17812319241819308,-0.21135081309332437,-0.107944576878429,-0.8298251825437993,0.808507211599097
170883,裴澡,Pei Zao,747,cluster1_song_and_before,唐,works_general,工部,0,0,0,0,0,1,108.937189,34.317987,萬年,0,0,0,0,0,0,0.0,1.3975995756472907e-33,0.0,-0.2777070288293577,-0.17812319241819308,-0.21135081309332437,-0.107944576878429,-1.5993870305093911,0.7108159530314385
171262,裴思猷,Pei Siyou,785,cluster1_song_and_before,唐,works_general,工部,0,0,0,0,0,1,108.937189,34.317987,萬年,0,0,0,0,0,0,0.0,1.3975995756472907e-33,0.0,-0.2777070288293577,-0.17812319241819308,-0.21135081309332437,-0.107944576878429,-1.5993870305093911,0.7108159530314385
171972,竇德洽,Dou Deqia,586,cluster1_song_and_before,唐,construction,将作/营缮,0,0,0,0,0,1,108.937189,34.317987,萬年,0,0,0,0,1,0,0.0,1.3975995756472907e-33,0.0,-0.2777070288293577,-0.17812319241819308,-0.21135081309332437,-0.107944576878429,-1.5993870305093911,0.7108159530314385
172145,竇鋼,Dou Gang,697,cluster1_song_and_before,唐,construction,将作/营缮,0,0,0,0,0,1,108.70994568,34.339054108,咸陽,0,0,0,0,1,0,0.0,1.3975995756472907e-33,0.0,-0.2777070288293577,-0.17812319241819308,-0.21135081309332437,-0.107944576878429,-1.6501433166501307,0.7167420615315653
172204,竇璡,Dou Jin,539,cluster1_song_and_before,南北朝,construction,将作/营缮,0,0,0,0,0,1,109.579855,27.714187,盧陽,0,0,0,0,1,0,0.0,1.3975995756472907e-33,0.0,-0.2777070288293577,-0.17812319241819308,-0.21135081309332437,-0.107944576878429,-1.4558433637960013,-1.1468113640707722
172213,竇克順,Dou Keshun,671,cluster1_song_and_before,唐,construction,将作/营缮,0,0,0,0,0,0,,,,0,0,0,0,1,0,0.0,1.3975995756472907e-33,0.0,-0.2777070288293577,-0.17812319241819308,-0.21135081309332437,-0.107944576878429,-3.174087617753835e-15,-1.9987334503111837e-15
172491,楊恕,Yang Shu,695,cluster1_song_and_before,唐,works_general,工部,0,0,0,0,0,1,110.089363,34.56831,華陰,0,0,0,0,0,0,0.0,1.3975995756472907e-33,0.0,-0.2777070288293577,-0.17812319241819308,-0.21135081309332437,-0.107944576878429,-1.3420414098419906,0.7812309932959781
172661,楊昉,Yang Fang,605,cluster1_song_and_before,唐,works_general,工部,0,0,0,0,0,1,108.906976,34.246423,長安,0,0,0,0,0,0,0.0,1.3975995756472907e-33,0.0,-0.2777070288293577,-0.17812319241819308,-0.21135081309332437,-0.107944576878429,-1.6061353022437168,0.6906852341542608
172665,楊維友,Yang Weiyou,705,cluster1_song_and_before,唐,works_general,工部,0,0,0,0,0,1,108.906976,34.246423,長安,0,0,0,0,0,0,0.0,1.3975995756472907e-33,0.0,-0.2777070288293577,-0.17812319241819308,-0.21135081309332437,-0.107944576878429,-1.6061353022437168,0.6906852341542608
172770,楊緘,Yang Jian,605,cluster1_song_and_before,唐,construction,将作/营缮,0,0,0,0,0,1,108.906976,34.246423,長安,0,0,0,0,1,0,0.0,1.3975995756472907e-33,0.0,-0.2777070288293577,-0.17812319241819308,-0.21135081309332437,-0.107944576878429,-1.6061353022437168,0.6906852341542608
172819,楊弘暕,Yang Honglan,601,cluster1_song_and_before,唐,works_general,工部,0,0,0,0,0,1,113.39922,34.8904,榮澤,0,0,0,0,0,0,0.0,1.3975995756472907e-33,0.0,-0.2777070288293577,-0.17812319241819308,-0.21135081309332437,-0.107944576878429,-0.6027631376493038,0.871833855673012
172898,高少逸,Gao Shaoyi,773,cluster1_song_and_before,唐,works_general,工部,0,0,0,0,0,1,112.395023,34.397707,伊闕,0,0,0,0,0,0,0.0,1.3975995756472907e-33,0.0,-0.2777070288293577,-0.17812319241819308,-0.21135081309332437,-0.107944576878429,-0.8270571247010358,0.7332409280033302
173236,杜楚客,Du Chuke,581,cluster1_song_and_before,唐,works_general,工部,0,0,0,0,0,1,108.906976,34.246423,長安,0,0,0,0,0,0,0.0,1.3975995756472907e-33,0.0,-0.2777070288293577,-0.17812319241819308,-0.21135081309332437,-0.107944576878429,-1.6061353022437168,0.6906852341542608
173426,李咸,Li Xian,629,cluster1_song_and_before,唐,works_general,工部,0,0,0,0,0,1,112.38263,34.665276,河南,0,0,0,0,0,0,0.0,1.3975995756472907e-33,0.0,-0.2777070288293577,-0.17812319241819308,-0.21135081309332437,-0.107944576878429,-0.8298251825437993,0.808507211599097
173428,李義琛,Li Yichen,615,cluster1_song_and_before,唐,works_general,工部,0,0,0,0,0,1,112.38263,34.665276,河南府,0,0,0,0,0,0,0.0,1.3975995756472907e-33,0.0,-0.2777070288293577,-0.17812319241819308,-0.21135081309332437,-0.107944576878429,-0.8298251825437993,0.808507211599097
173450,李回,Li Hui,737,cluster1_song_and_before,唐,works_general,工部,0,0,0,0,0,1,112.38263,34.665276,河南府,0,0,0,0,0,0,0.0,1.3975995756472907e-33,0.0,-0.2777070288293577,-0.17812319241819308,-0.21135081309332437,-0.107944576878429,-0.8298251825437993,0.808507211599097
173725,李舒,Li Shu,711,cluster1_song_and_before,唐,works_general,工部,0,0,0,0,0,1,108.906976,34.246423,長安,0,0,0,0,0,0,0.0,1.3975995756472907e-33,0.0,-0.2777070288293577,-0.17812319241819308,-0.21135081309332437,-0.107944576878429,-1.6061353022437168,0.6906852341542608
173840,李思冲,Li Sichong,671,cluster1_song_and_before,唐,works_general,工部,0,0,0,0,0,1,115.770905,33.879292,譙縣,0,0,0,0,0,0,0.0,1.3975995756472907e-33,0.0,-0.2777070288293577,-0.17812319241819308,-0.21135081309332437,-0.107944576878429,-0.0730317356626574,0.5874124859554885
174003,李元恭,Li Yuangong,623,cluster1_song_and_before,唐,works_general,工部,0,0,0,0,0,1,114.376983,37.662655,贊皇,0,0,0,0,0,0,0.0,1.3975995756472907e-33,0.0,-0.2777070288293577,-0.17812319241819308,-0.21135081309332437,-0.107944576878429,-0.38437335789327914,1.651660109946792
175676,王鼎,Wang Ding,600,cluster1_song_and_before,唐,works_general,工部,0,0,0,0,0,1,112.38263,34.665276,洛陽,0,0,0,0,0,0,0.0,1.3975995756472907e-33,0.0,-0.2777070288293577,-0.17812319241819308,-0.21135081309332437,-0.107944576878429,-0.8298251825437993,0.808507211599097
175863,王遵,Wang Zun,567,cluster1_song_and_before,唐,works_general,工部,0,0,0,0,0,1,108.906976,34.246423,長安,0,0,0,0,0,0,0.0,1.3975995756472907e-33,0.0,-0.2777070288293577,-0.17812319241819308,-0.21135081309332437,-0.107944576878429,-1.6061353022437168,0.6906852341542608
175881,王仁皎,Wang Renjiao,651,cluster1_song_and_before,唐,construction,将作/营缮,0,0,0,0,1,1,108.937189,34.317987,萬年,0,0,0,0,1,0,0.0,1.3975995756472907e-33,0.0,-0.2777070288293577,-0.17812319241819308,-0.21135081309332437,-0.107944576878429,-1.5993870305093911,0.7108159530314385
175932,王儼,Wang Yan,638,cluster1_song_and_before,唐,works_general,工部,0,0,0,0,0,1,108.937189,34.317987,萬年,0,0,0,0,0,0,0.0,1.3975995756472907e-33,0.0,-0.2777070288293577,-0.17812319241819308,-0.21135081309332437,-0.107944576878429,-1.5993870305093911,0.7108159530314385
176041,温無隱,Wen Wuyin,569,cluster1_song_and_before,唐,works_general,工部,0,0,0,0,0,1,113.075463,34.938118,溫縣,0,0,0,0,0,0,0.0,1.3975995756472907e-33,0.0,-0.2777070288293577,-0.17812319241819308,-0.21135081309332437,-0.107944576878429,-0.6750763873064003,0.8852567728294203
176640,張承纘,Zhang Chengzuan,642,cluster1_song_and_before,唐,construction,将作/营缮,0,0,0,0,0,1,120.618622,31.31271,吳縣,0,0,0,0,1,0,0.0,1.3975995756472907e-33,0.0,-0.2777070288293577,-0.17812319241819308,-0.21135081309332437,-0.107944576878429,1.0097376552322135,-0.1345586268557452
176985,崔照,Cui Zhao,753,cluster1_song_and_before,唐,construction,将作/营缮,0,0,0,0,0,1,112.38263,34.665276,河南府,0,0,0,0,1,0,0.0,1.3975995756472907e-33,0.0,-0.2777070288293577,-0.17812319241819308,-0.21135081309332437,-0.107944576878429,-0.8298251825437993,0.808507211599097
177021,崔柅,Cui Ni,872,cluster1_song_and_before,唐,works_general,工部,0,0,0,0,0,1,109.7598877,34.519626617,華州,0,0,0,0,0,0,0.0,1.3975995756472907e-33,0.0,-0.2777070288293577,-0.17812319241819308,-0.21135081309332437,-0.107944576878429,-1.415631879313686,0.7675365170626363
177068,崔侁,Cui Shen,711,cluster1_song_and_before,唐,works_general,工部,0,0,0,0,0,1,112.38263,34.665276,河南府,0,0,0,0,0,0,0.0,1.3975995756472907e-33,0.0,-0.2777070288293577,-0.17812319241819308,-0.21135081309332437,-0.107944576878429,-0.8298251825437993,0.808507211599097
177514,崔眾,Cui Zhong,695,cluster1_song_and_before,唐,works_general,工部,0,0,0,0,0,1,114.434503,35.397076,靈昌,0,0,0,0,0,0,0.0,1.3975995756472907e-33,0.0,-0.2777070288293577,-0.17812319241819308,-0.21135081309332437,-0.107944576878429,-0.3715258885867407,1.014360155457996
177865,崔宥,Cui You,695,cluster1_song_and_before,唐,works_general,工部,0,0,0,0,0,1,115.510575,38.230526,安平,0,0,0,0,0,0,0.0,1.3975995756472907e-33,0.0,-0.2777070288293577,-0.17812319241819308,-0.21135081309332437,-0.107944576878429,-0.1311781488158298,1.8114003628602877
178038,崔抗,Cui Kang,727,cluster1_song_and_before,唐,construction,将作/营缮,0,0,0,0,0,1,110.865379,34.527512,虢州,0,0,0,0,1,0,0.0,1.3975995756472907e-33,0.0,-0.2777070288293577,-0.17812319241819308,-0.21135081309332437,-0.107944576878429,-1.1687131459097784,0.769754649481337
178095,柳幹,Liu Gan,611,cluster1_song_and_before,唐,works_general,工部,0,0,0,0,0,1,112.38263,34.665276,河南府,0,0,0,0,0,0,0.0,1.3975995756472907e-33,0.0,-0.2777070288293577,-0.17812319241819308,-0.21135081309332437,-0.107944576878429,-0.8298251825437993,0.808507211599097
178163,柳肅,Liu Su,524,cluster1_song_and_before,南北朝,works_general,工部,0,0,0,0,0,1,110.855438,34.911781,解縣,0,0,0,0,0,0,0.0,1.3975995756472907e-33,0.0,-0.2777070288293577,-0.17812319241819308,-0.21135081309332437,-0.107944576878429,-1.1709335334684754,0.8778482609649588
179521,陸審傳,Lu Shenchuan,783,cluster1_song_and_before,唐,works_general,工部,0,0,0,0,0,1,120.618622,31.31271,吳縣,0,0,0,0,0,0,0.0,1.3975995756472907e-33,0.0,-0.2777070288293577,-0.17812319241819308,-0.21135081309332437,-0.107944576878429,1.0097376552322135,-0.1345586268557452
179558,陸包,Lu Bao,709,cluster1_song_and_before,唐,works_general,工部,0,0,0,0,0,1,108.907,34.24642,京兆府,0,0,0,0,0,0,0.0,1.3975995756472907e-33,0.0,-0.2777070288293577,-0.17812319241819308,-0.21135081309332437,-0.107944576878429,-1.606129941686288,0.6906843902640838
179754,姜還,Jiang Hai,742,cluster1_song_and_before,唐,construction,将作/营缮,0,0,0,0,0,0,,,,0,0,0,0,1,0,0.0,1.3975995756472907e-33,0.0,-0.2777070288293577,-0.17812319241819308,-0.21135081309332437,-0.107944576878429,-3.174087617753835e-15,-1.9987334503111837e-15
179779,陸桂,Lu Gui,778,cluster1_song_and_before,唐,works_general,工部,0,0,0,0,0,1,106.694038,38.810596,靈武,0,0,0,0,0,0,0.0,1.3975995756472907e-33,0.0,-0.2777070288293577,-0.17812319241819308,-0.21135081309332437,-0.107944576878429,-2.1004095204681112,1.974572154530459
179905,韋正己,Wei Zhengji,640,cluster1_song_and_before,唐,works_general,工部,0,0,0,0,0,1,108.906976,34.246423,長安,0,0,0,0,0,0,0.0,1.3975995756472907e-33,0.0,-0.2777070288293577,-0.17812319241819308,-0.21135081309332437,-0.107944576878429,-1.6061353022437168,0.6906852341542608
180193,薛孝廉,Xue Xiaolian,628,cluster1_song_and_before,唐,works_general,工部,0,0,0,0,0,1,108.907,34.24642,京兆府,0,0,0,0,0,0,0.0,1.3975995756472907e-33,0.0,-0.2777070288293577,-0.17812319241819308,-0.21135081309332437,-0.107944576878429,-1.606129941686288,0.6906843902640838
180456,薛弘悌,Xue Hongti,687,cluster1_song_and_before,唐,works_general,工部,0,0,0,0,0,1,112.38263,34.665276,河南,0,0,0,0,0,0,0.0,1.3975995756472907e-33,0.0,-0.2777070288293577,-0.17812319241819308,-0.21135081309332437,-0.107944576878429,-0.8298251825437993,0.808507211599097
180633,薛季連,Xue Jilian,714,cluster1_song_and_before,唐,works_general,工部,0,0,0,0,0,1,110.483235,35.312033,寶鼎,0,0,0,0,0,0,0.0,1.3975995756472907e-33,0.0,-0.2777070288293577,-0.17812319241819308,-0.21135081309332437,-0.107944576878429,-1.2540675150105616,0.9904378380152628
180730,韋文恪,Wei Wenke,742,cluster1_song_and_before,唐,construction,将作/营缮,0,0,0,0,0,1,108.937189,34.317987,萬年,0,0,0,0,1,0,0.0,1.3975995756472907e-33,0.0,-0.2777070288293577,-0.17812319241819308,-0.21135081309332437,-0.107944576878429,-1.5993870305093911,0.7108159530314385
180734,韋發,Wei Fa,807,cluster1_song_and_before,唐,works_general,工部,0,0,0,0,0,1,113.02048,34.69476,鞏州,0,0,0,0,0,0,0.0,1.3975995756472907e-33,0.0,-0.2777070288293577,-0.17812319241819308,-0.21135081309332437,-0.107944576878429,-0.6873572010213026,0.8168009642592999
180800,韋蘭,Wei Lan,668,cluster1_song_and_before,唐,construction,将作/营缮,0,0,0,0,0,1,108.906976,34.246423,長安,0,0,0,0,1,0,0.0,1.3975995756472907e-33,0.0,-0.2777070288293577,-0.17812319241819308,-0.21135081309332437,-0.107944576878429,-1.6061353022437168,0.6906852341542608
180905,韋珣,Wei Xun,763,cluster1_song_and_before,唐,construction,将作/营缮,0,0,0,0,0,1,108.906976,34.246423,長安,0,0,0,0,1,0,0.0,1.3975995756472907e-33,0.0,-0.2777070288293577,-0.17812319241819308,-0.21135081309332437,-0.107944576878429,-1.6061353022437168,0.6906852341542608
181054,韋琡,Wei Chu,821,cluster1_song_and_before,唐,works_general,工部,0,0,0,0,0,1,108.937189,34.317987,萬年,0,0,0,0,0,0,0.0,1.3975995756472907e-33,0.0,-0.2777070288293577,-0.17812319241819308,-0.21135081309332437,-0.107944576878429,-1.5993870305093911,0.7108159530314385
181499,武士彠,Wu Shiyue,559,cluster1_song_and_before,唐,works_general,工部,0,0,0,0,0,1,112.02419281,37.436981201,文水,0,0,0,0,0,0,0.0,1.3975995756472907e-33,0.0,-0.2777070288293577,-0.17812319241819308,-0.21135081309332437,-0.107944576878429,-0.9098844801245725,1.5881788092143907
181728,袁倜,Yuan Ti,689,cluster1_song_and_before,唐,works_general,工部,0,0,0,0,0,1,112.38263,34.665276,河南,0,0,0,0,0,0,0.0,1.3975995756472907e-33,0.0,-0.2777070288293577,-0.17812319241819308,-0.21135081309332437,-0.107944576878429,-0.8298251825437993,0.808507211599097
181775,姚璹,Yao Shu,631,cluster1_song_and_before,唐,works_general,工部,0,0,0,0,0,1,108.937189,34.317987,咸寧,0,0,0,0,0,0,0.0,1.3975995756472907e-33,0.0,-0.2777070288293577,-0.17812319241819308,-0.21135081309332437,-0.107944576878429,-1.5993870305093911,0.7108159530314385
181784,姚喬栵,Yao Qiaoli,702,cluster1_song_and_before,唐,construction,将作/营缮,0,0,0,0,0,1,108.937189,34.317987,咸寧,0,0,0,0,1,0,0.0,1.3975995756472907e-33,0.0,-0.2777070288293577,-0.17812319241819308,-0.21135081309332437,-0.107944576878429,-1.5993870305093911,0.7108159530314385
181803,唐防,Tang Fang,604,cluster1_song_and_before,唐,works_general,工部,0,0,0,0,0,1,108.937189,34.317987,萬年,0,0,0,0,0,0,0.0,1.3975995756472907e-33,0.0,-0.2777070288293577,-0.17812319241819308,-0.21135081309332437,-0.107944576878429,-1.5993870305093911,0.7108159530314385
182284,朱密,Zhu Mi,952,cluster1_song_and_before,宋,works_general,工部,0,0,0,0,0,1,119.569855,31.995802,丹陽,0,0,0,0,0,0,0.0,1.3975995756472907e-33,0.0,-0.2777070288293577,-0.17812319241819308,-0.21135081309332437,-0.107944576878429,0.775488666320394,0.05759291608831527
182286,朱岳,Zhu Yue,952,cluster1_song_and_before,宋,works_general,工部,0,0,0,0,0,1,119.569855,31.995802,丹陽,0,0,0,0,0,0,0.0,1.3975995756472907e-33,0.0,-0.2777070288293577,-0.17812319241819308,-0.21135081309332437,-0.107944576878429,0.775488666320394,0.05759291608831527
183058,鄭越客,Zheng Yueke,663,cluster1_song_and_before,唐,works_general,工部,0,0,0,0,0,1,113.39922,34.8904,榮澤,0,0,0,0,0,0,0.0,1.3975995756472907e-33,0.0,-0.2777070288293577,-0.17812319241819308,-0.21135081309332437,-0.107944576878429,-0.6027631376493038,0.871833855673012
184058,源弼,Yuan Bi,629,cluster1_song_and_before,唐,works_general,工部,0,0,0,0,0,1,114.5545,36.24,臨漳,0,0,0,0,0,0,0.0,1.3975995756472907e-33,0.0,-0.2777070288293577,-0.17812319241819308,-0.21135081309332437,-0.107944576878429,-0.3447237715078746,1.2514719166623132
184075,牛遼允,Niu Liaoyun,480,cluster1_song_and_before,南北朝,works_general,工部,0,0,0,0,0,1,107.6253,35.0716,鶉觚,0,0,0,0,0,0,0.0,1.3975995756472907e-33,0.0,-0.2777070288293577,-0.17812319241819308,-0.21135081309332437,-0.107944576878429,-1.8924060440887087,0.9228048223677808
184204,齊玘,Qi Qi,707,cluster1_song_and_before,唐,works_general,工部,0,0,0,0,0,1,115.919899,38.682152,高陽,0,0,0,0,0,0,0.0,1.3975995756472907e-33,0.0,-0.2777070288293577,-0.17812319241819308,-0.21135081309332437,-0.107944576878429,-0.03975294842590404,1.9384412778961173
184374,元孝節,Yuan Xiaojie,651,cluster1_song_and_before,唐,works_general,工部,0,0,0,0,0,1,112.38263,34.665276,洛陽,0,0,0,0,0,0,0.0,1.3975995756472907e-33,0.0,-0.2777070288293577,-0.17812319241819308,-0.21135081309332437,-0.107944576878429,-0.8298251825437993,0.808507211599097
184580,蔣曙,Jiang Shu,839,cluster1_song_and_before,唐,works_general,工部,0,1,0,0,0,1,119.814385,31.363638,義興,0,0,0,0,0,0,0.0,1.3975995756472907e-33,0.0,-0.2777070288293577,-0.17812319241819308,-0.21135081309332437,-0.107944576878429,0.8301060458323416,-0.12023274720987676
186447,元佑,Yuan You,770,cluster1_song_and_before,唐,works_general,工部,0,0,0,0,0,1,112.38263,34.665276,河南,0,0,0,0,0,0,0.0,1.3975995756472907e-33,0.0,-0.2777070288293577,-0.17812319241819308,-0.21135081309332437,-0.107944576878429,-0.8298251825437993,0.808507211599097
187226,李哲,Li Zhe,589,cluster1_song_and_before,唐,works_general,工部,0,0,0,0,0,1,105.5689,34.9478,成紀,0,0,0,0,0,0,0.0,1.3975995756472907e-33,0.0,-0.2777070288293577,-0.17812319241819308,-0.21135081309332437,-0.107944576878429,-2.3517164731909452,0.8879802877275365
187371,李岫,Li Xiu,716,cluster1_song_and_before,唐,construction,将作/营缮,0,0,0,0,0,1,108.937189,34.317987,萬年,0,0,0,0,1,0,0.0,1.3975995756472907e-33,0.0,-0.2777070288293577,-0.17812319241819308,-0.21135081309332437,-0.107944576878429,-1.5993870305093911,0.7108159530314385
187418,李珍,Li Zhen,671,cluster1_song_and_before,唐,works_general,工部,0,0,0,0,0,1,108.906976,34.246423,長安,0,0,0,0,0,0,0.0,1.3975995756472907e-33,0.0,-0.2777070288293577,-0.17812319241819308,-0.21135081309332437,-0.107944576878429,-1.6061353022437168,0.6906852341542608
187492,李話,Li Hua,779,cluster1_song_and_before,唐,construction,将作/营缮,0,0,0,0,0,1,108.906976,34.246423,長安,0,0,0,0,1,0,0.0,1.3975995756472907e-33,0.0,-0.2777070288293577,-0.17812319241819308,-0.21135081309332437,-0.107944576878429,-1.6061353022437168,0.6906852341542608
188652,李己,Li Ji,703,cluster1_song_and_before,唐,hydraulic,水利/河道,0,0,0,0,0,1,108.906976,34.246423,長安,0,0,1,0,0,0,0.0,1.3975995756472907e-33,0.0,-0.2777070288293577,-0.17812319241819308,-0.21135081309332437,-0.107944576878429,-1.6061353022437168,0.6906852341542608
189466,馮定,Feng Ding,783,cluster1_song_and_before,唐,works_general,工部,0,0,0,0,0,1,120.227981,29.260567,東陽,0,0,0,0,0,0,0.0,1.3975995756472907e-33,0.0,-0.2777070288293577,-0.17812319241819308,-0.21135081309332437,-0.107944576878429,0.9224854254447556,-0.7118197334004733
189511,高瑀,Gao Yu,771,cluster1_song_and_before,唐,works_general,工部,0,0,0,0,0,1,116.258102,37.688007,蓨縣,0,0,0,0,0,0,0.0,1.3975995756472907e-33,0.0,-0.2777070288293577,-0.17812319241819308,-0.21135081309332437,-0.107944576878429,0.035786910090756505,1.6587915445364483
189545,衛洙,Wei Zhu,786,cluster1_song_and_before,唐,works_general,工部,0,0,0,0,0,0,,,,0,0,0,0,0,0,0.0,1.3975995756472907e-33,0.0,-0.2777070288293577,-0.17812319241819308,-0.21135081309332437,-0.107944576878429,-3.174087617753835e-15,-1.9987334503111837e-15
189661,庾簡休,Yu Jianxiu,772,cluster1_song_and_before,唐,works_general,工部,0,0,0,0,0,1,108.907,34.24642,京兆府,0,0,0,0,0,0,0.0,1.3975995756472907e-33,0.0,-0.2777070288293577,-0.17812319241819308,-0.21135081309332437,-0.107944576878429,-1.606129941686288,0.6906843902640838
189929,楊某,Yang Mou,718,cluster1_song_and_before,唐,works_general,工部,0,0,0,0,0,1,110.089363,34.56831,華陰,0,0,0,0,0,0,0.0,1.3975995756472907e-33,0.0,-0.2777070288293577,-0.17812319241819308,-0.21135081309332437,-0.107944576878429,-1.3420414098419906,0.7812309932959781
190364,劉公濟,Liu Gongji,731,cluster1_song_and_before,唐,works_general,工部,0,0,0,0,0,1,112.38263,34.665276,洛陽,0,0,0,0,0,0,0.0,1.3975995756472907e-33,0.0,-0.2777070288293577,-0.17812319241819308,-0.21135081309332437,-0.107944576878429,-0.8298251825437993,0.808507211599097
190438,張元亮,Zhang Yuanliang,748,cluster1_song_and_before,唐,construction,将作/营缮,0,0,0,0,0,1,112.804997,34.720623,偃師,0,0,0,0,1,0,0.0,1.3975995756472907e-33,0.0,-0.2777070288293577,-0.17812319241819308,-0.21135081309332437,-0.107944576878429,-0.7354867425473871,0.8240761414757838
191194,辛京杲,Xin Jinggao,710,cluster1_song_and_before,唐,works_general,工部,0,0,0,0,0,1,108.937189,34.317987,萬年,0,0,0,0,0,0,0.0,1.3975995756472907e-33,0.0,-0.2777070288293577,-0.17812319241819308,-0.21135081309332437,-0.107944576878429,-1.5993870305093911,0.7108159530314385
191343,吳凑,Wu Cou,727,cluster1_song_and_before,唐,works_general,工部,0,0,0,0,0,1,108.937189,34.317987,萬年,0,0,0,0,0,0,0.0,1.3975995756472907e-33,0.0,-0.2777070288293577,-0.17812319241819308,-0.21135081309332437,-0.107944576878429,-1.5993870305093911,0.7108159530314385
191756,韋訥,Wei Ne,768,cluster1_song_and_before,唐,construction,将作/营缮,0,0,0,0,0,1,108.937189,34.317987,萬年,0,0,0,0,1,0,0.0,1.3975995756472907e-33,0.0,-0.2777070288293577,-0.17812319241819308,-0.21135081309332437,-0.107944576878429,-1.5993870305093911,0.7108159530314385
192165,栢季纂,Bai Jizuan,581,cluster1_song_and_before,唐,works_general,工部,0,0,0,0,0,1,108.937189,34.317987,萬年,0,0,0,0,0,0,0.0,1.3975995756472907e-33,0.0,-0.2777070288293577,-0.17812319241819308,-0.21135081309332437,-0.107944576878429,-1.5993870305093911,0.7108159530314385
192167,康復,Kang Fu,735,cluster1_song_and_before,唐,works_general,工部,0,0,0,0,0,0,,,,0,0,0,0,0,0,0.0,1.3975995756472907e-33,0.0,-0.2777070288293577,-0.17812319241819308,-0.21135081309332437,-0.107944576878429,-3.174087617753835e-15,-1.9987334503111837e-15
192955,蘇晟,Su Sheng,773,cluster1_song_and_before,唐,construction,将作/营缮,0,0,0,0,0,0,,,,0,0,0,0,1,0,0.0,1.3975995756472907e-33,0.0,-0.2777070288293577,-0.17812319241819308,-0.21135081309332437,-0.107944576878429,-3.174087617753835e-15,-1.9987334503111837e-15
193353,薛腴,Xue Yu,702,cluster1_song_and_before,唐,construction,将作/营缮,0,0,0,0,0,0,,,,0,0,0,0,1,0,0.0,1.3975995756472907e-33,0.0,-0.2777070288293577,-0.17812319241819308,-0.21135081309332437,-0.107944576878429,-3.174087617753835e-15,-1.9987334503111837e-15
194490,韋慎知,Wei Shenzhi,640,cluster1_song_and_before,唐,construction,将作/营缮,0,0,0,0,0,1,108.906976,34.246423,長安,0,0,0,0,1,0,0.0,1.3975995756472907e-33,0.0,-0.2777070288293577,-0.17812319241819308,-0.21135081309332437,-0.107944576878429,-1.6061353022437168,0.6906852341542608
194500,盧寔,Lu Shi,733,cluster1_song_and_before,唐,works_general,工部,0,0,0,0,0,1,108.906976,34.246423,長安,0,0,0,0,0,0,0.0,1.3975995756472907e-33,0.0,-0.2777070288293577,-0.17812319241819308,-0.21135081309332437,-0.107944576878429,-1.6061353022437168,0.6906852341542608
194998,李忠臣,Li Zhongchen,716,cluster1_song_and_before,唐,works_general,工部,1,0,0,0,0,1,116.326,39.8768,薊縣,0,0,0,0,0,1,0.0,9.278738686845651e-14,0.0,0.0895713085213861,-0.17812319241819308,-0.21135081308807568,-0.107944576878429,0.050952373772522465,2.274491848646522
195641,丘行淹,Qiu Xingyan,610,cluster1_song_and_before,唐,works_general,工部,0,0,0,0,0,0,,,,0,0,0,0,0,0,0.0,1.3975995756472907e-33,0.0,-0.2777070288293577,-0.17812319241819308,-0.21135081309332437,-0.107944576878429,-3.174087617753835e-15,-1.9987334503111837e-15
195771,慕容忠,Murong Zhong,639,cluster1_song_and_before,唐,works_general,工部,0,0,0,0,0,1,108.907,34.24642,京兆府,0,0,0,0,0,0,0.0,1.3975995756472907e-33,0.0,-0.2777070288293577,-0.17812319241819308,-0.21135081309332437,-0.107944576878429,-1.606129941686288,0.6906843902640838
195881,趙國珍,Zhao Guozhen,705,cluster1_song_and_before,唐,works_general,工部,0,0,0,0,0,0,,,,0,0,0,0,0,0,0.0,1.3975995756472907e-33,0.0,-0.2777070288293577,-0.17812319241819308,-0.21135081309332437,-0.107944576878429,-3.174087617753835e-15,-1.9987334503111837e-15
198031,黃載,Huang Zai,1329,cluster2_yuan_ming,明,works_general,工部,0,1,0,0,0,1,115.377151,28.70723,奉新,0,0,0,0,0,0,0.0,1.3975995756472907e-33,0.0,-0.2777070288293577,-0.17812319241819308,-0.21135081309332437,-0.107944576878429,-0.16097927442006013,-0.867471619702813
198038,周子諒,Zhou Ziliang,1325,cluster2_yuan_ming,明,works_general,工部,0,1,0,0,0,1,116.577203,37.331113,陵縣,0,0,0,0,0,0,0.0,1.3975995756472907e-33,0.0,-0.2777070288293577,-0.17812319241819308,-0.21135081309332437,-0.107944576878429,0.10706021160649012,1.558398430918551
198269,李清,Li Qing,1434,cluster2_yuan_ming,明,works_general,工部,0,1,0,0,0,1,121.486763,31.224427,上海,0,0,0,0,0,0,0.0,1.3975995756472907e-33,0.0,-0.2777070288293577,-0.17812319241819308,-0.21135081309332437,-0.107944576878429,1.2036426422149225,-0.1593923456897098
198297,黃會,Huang Hui,1421,cluster2_yuan_ming,明,works_general,工部,0,1,0,0,0,1,116.351341,27.984781,臨川,0,0,0,0,0,0,0.0,1.3975995756472907e-33,0.0,-0.2777070288293577,-0.17812319241819308,-0.21135081309332437,-0.107944576878429,0.0566124523486191,-1.0706941578797973
198316,塗淮,Tu Huai,1420,cluster2_yuan_ming,明,works_general,工部,0,1,0,0,0,1,115.356644,28.861025,靖安,0,0,0,0,0,0,0.0,1.3975995756472907e-33,0.0,-0.2777070288293577,-0.17812319241819308,-0.21135081309332437,-0.107944576878429,-0.16555964738718582,-0.8242095897755379
198471,李述,Li Shu,1428,cluster2_yuan_ming,明,works_general,工部,0,1,0,0,0,1,115.785782,28.197754,豐城,0,0,0,0,0,0,0.0,1.3975995756472907e-33,0.0,-0.2777070288293577,-0.17812319241819308,-0.21135081309332437,-0.107944576878429,-0.06970886012591684,-1.0107855503197252
198585,倪顒,Ni Yu,1429,cluster2_yuan_ming,明,works_general,工部,0,1,0,0,0,1,120.932022,30.517859,海鹽,0,0,0,0,0,0,0.0,1.3975995756472907e-33,0.0,-0.2777070288293577,-0.17812319241819308,-0.21135081309332437,-0.107944576878429,1.0797376010018311,-0.3581476105660339
199054,畢瑜,Bi Yu,1436,cluster2_yuan_ming,明,works_general,工部,0,1,0,0,0,1,117.202271,28.287901,貴溪,0,0,0,0,0,0,0.0,1.3975995756472907e-33,0.0,-0.2777070288293577,-0.17812319241819308,-0.21135081309332437,-0.107944576878429,0.2466732495845473,-0.9854274943890766
199311,鄭齡,Zheng Ling,1440,cluster2_yuan_ming,明,works_general,工部,0,1,0,0,0,1,117.421311,28.401876,弋陽,0,0,0,0,0,0,0.0,1.3975995756472907e-33,0.0,-0.2777070288293577,-0.17812319241819308,-0.21135081309332437,-0.107944576878429,0.2955972703930268,-0.9533667000787214
199453,馬鉉,Ma Xuan,1443,cluster2_yuan_ming,明,works_general,工部,0,1,0,0,0,1,114.23687,26.945564,永新,0,0,0,0,0,0,0.0,1.3975995756472907e-33,0.0,-0.2777070288293577,-0.17812319241819308,-0.21135081309332437,-0.107944576878429,-0.41566851552448003,-1.3630224972597011
199466,彭載,Peng Zai,1441,cluster2_yuan_ming,明,works_general,工部,0,1,0,0,0,1,115.89772,28.674896,南昌,0,0,0,0,0,0,0.0,1.3975995756472907e-33,0.0,-0.2777070288293577,-0.17812319241819308,-0.21135081309332437,-0.107944576878429,-0.044706773560632615,-0.876567068031227
199565,吳郁,Wu Yu,1440,cluster2_yuan_ming,明,works_general,工部,0,1,0,0,0,1,118.17577362,29.781190872,休寧,0,0,0,0,0,0,0.0,1.3975995756472907e-33,0.0,-0.2777070288293577,-0.17812319241819308,-0.21135081309332437,-0.107944576878429,0.46411144552130795,-0.5653699428915662
199949,吳湜,Wu Shi,1434,cluster2_yuan_ming,明,works_general,工部,0,1,0,0,0,1,118.433945,29.86577,歙縣,0,0,0,0,0,0,0.0,1.3975995756472907e-33,0.0,-0.2777070288293577,-0.17812319241819308,-0.21135081309332437,-0.107944576878429,0.521775716737858,-0.541578111123571
200035,丁鍊,Ding Lian,1434,cluster2_yuan_ming,明,construction,将作/营缮,0,1,0,1,0,1,115.785782,28.197754,豐城,0,0,0,0,1,0,0.0,1.3975995756472907e-33,0.0,-0.2777070288293577,-0.17812319241819308,-0.21135081309332437,-0.107944576878429,-0.06970886012591684,-1.0107855503197252
200211,江潭,Jiang Tan,1448,cluster2_yuan_ming,明,works_general,工部,0,1,0,0,0,1,115.785782,28.197754,豐城,0,0,0,0,0,0,0.0,1.3975995756472907e-33,0.0,-0.2777070288293577,-0.17812319241819308,-0.21135081309332437,-0.107944576878429,-0.06970886012591684,-1.0107855503197252
200321,汪僎,Wang Zhuan,1460,cluster2_yuan_ming,明,works_general,工部,0,1,0,0,0,1,117.421311,28.401876,弋陽,0,0,0,0,0,1,0.0,1.959671285033881e-13,0.0,0.0895713085213861,-0.17812319241819308,-0.21135081308223913,-0.107944576878429,0.2955972703930268,-0.9533667000787214
200381,謝緝,Xie Ji,1442,cluster2_yuan_ming,明,works_general,工部,0,1,0,0,0,1,115.831779,27.426289,樂安,0,0,0,0,0,0,0.0,1.3975995756472907e-33,0.0,-0.2777070288293577,-0.17812319241819308,-0.21135081309332437,-0.107944576878429,-0.059435128455319904,-1.2277961288030612
200449,仲棐,Zhong Fei,1466,cluster2_yuan_ming,明,medical,医学/医官,0,1,0,0,0,1,119.310043,33.235947,寶應,0,1,0,0,0,2,1.0,9.591778628167397e-20,0.0,0.45684964587212995,7.548737710309318,-0.21135081309332437,-0.107944576878429,0.7174579518650762,0.4064416439673733
200451,汪璿,Wang Xuan,1445,cluster2_yuan_ming,明,works_general,工部,0,1,0,0,0,1,117.930214,29.933117,黟縣,0,0,0,0,0,0,0.0,1.3975995756472907e-33,0.0,-0.2777070288293577,-0.17812319241819308,-0.21135081309332437,-0.107944576878429,0.40926409362849536,-0.5226336205386231
200601,曹忠,Cao Zhong,1454,cluster2_yuan_ming,明,works_general,工部,0,1,0,0,0,1,120.26609,31.90877,江陰,0,0,0,0,0,1,0.0,7.50330558788574e-25,0.0,0.0895713085213861,-0.17812319241819308,-0.21135081309332437,-0.107944576878429,0.9309973205734562,0.03311109945818705
201095,周臣,Zhou Chen,1472,cluster2_yuan_ming,明,works_general,工部,0,1,0,0,0,1,114.375885,27.794266,宜春,0,0,0,0,0,0,0.0,1.3975995756472907e-33,0.0,-0.2777070288293577,-0.17812319241819308,-0.21135081309332437,-0.107944576878429,-0.3846186033956881,-1.1242854035743566
201228,楊瑋,Yang Wei,1462,cluster2_yuan_ming,明,works_general,工部,0,1,0,0,0,1,121.227638,31.009476,華亭,0,0,0,0,0,1,0.0,7.50330558788574e-25,0.0,0.0895713085213861,-0.17812319241819308,-0.21135081309332437,-0.107944576878429,1.1457653737160332,-0.2198573581731944
201309,汪彬,Wang Bin,1467,cluster2_yuan_ming,明,works_general,工部,0,1,0,0,0,1,117.706978,29.854147,祁門,0,0,0,0,0,0,0.0,1.3975995756472907e-33,0.0,-0.2777070288293577,-0.17812319241819308,-0.21135081309332437,-0.107944576878429,0.3594028686960566,-0.5448476229662493
201315,廖俊,Liao Jun,1476,cluster2_yuan_ming,明,works_general,工部,0,1,0,0,0,1,115.393806,27.759735,新淦,0,0,0,0,0,0,0.0,1.3975995756472907e-33,0.0,-0.2777070288293577,-0.17812319241819308,-0.21135081309332437,-0.107944576878429,-0.1572592709204016,-1.1339988608091092
201462,李汛,Li Xun,1475,cluster2_yuan_ming,明,works_general,工部,0,1,0,0,0,1,117.706978,29.854147,祁門,0,0,0,0,0,0,0.0,1.3975995756472907e-33,0.0,-0.2777070288293577,-0.17812319241819308,-0.21135081309332437,-0.107944576878429,0.3594028686960566,-0.5448476229662493
201490,李緋,Li Fei,1472,cluster2_yuan_ming,明,hydraulic,水利/河道,0,1,0,0,0,1,115.04457855,32.130298615,光州,0,0,1,0,0,0,0.0,1.3975995756472907e-33,0.0,-0.2777070288293577,-0.17812319241819308,-0.21135081309332437,-0.107944576878429,-0.2352615126602287,0.09542637350401205
201883,林文沛,Lin Wenpei,1481,cluster2_yuan_ming,明,works_general,工部,0,1,0,0,0,1,119.518837,25.959837,長樂,0,0,0,0,0,0,0.0,1.3975995756472907e-33,0.0,-0.2777070288293577,-0.17812319241819308,-0.21135081309332437,-0.107944576878429,0.7640934613641902,-1.6403042747825232
202129,蔣泮,Jiang Pan,1485,cluster2_yuan_ming,明,works_general,工部,0,1,0,0,0,1,120.73346,28.852207,仙居,0,0,0,0,0,0,0.0,1.3975995756472907e-33,0.0,-0.2777070288293577,-0.17812319241819308,-0.21135081309332437,-0.107944576878429,1.0353874758202501,-0.8266900643026602
202418,程烈,Cheng Lie,1497,cluster2_yuan_ming,明,works_general,工部,0,1,0,0,0,1,118.433945,29.86577,歙縣,0,0,0,0,0,0,0.0,1.3975995756472907e-33,0.0,-0.2777070288293577,-0.17812319241819308,-0.21135081309332437,-0.107944576878429,0.521775716737858,-0.541578111123571
202429,周志偉,Zhou Zhiwei,1502,cluster2_yuan_ming,明,works_general,工部,0,1,0,0,0,1,115.549904,28.842564,安義,0,0,0,0,0,0,0.0,1.3975995756472907e-33,0.0,-0.2777070288293577,-0.17812319241819308,-0.21135081309332437,-0.107944576878429,-0.12239375868445475,-0.8294026086284753
202454,孫世祐,Sun Shiyou,1505,cluster2_yuan_ming,明,works_general,工部,0,1,0,0,0,1,115.785782,28.197754,豐城,0,0,0,0,0,0,0.0,1.3975995756472907e-33,0.0,-0.2777070288293577,-0.17812319241819308,-0.21135081309332437,-0.107944576878429,-0.06970886012591684,-1.0107855503197252
202569,周如底,Zhou Rudi,1496,cluster2_yuan_ming,明,works_general,工部,0,1,0,0,0,1,121.152763,30.049067,餘姚,0,0,0,0,0,0,0.0,1.3975995756472907e-33,0.0,-0.2777070288293577,-0.17812319241819308,-0.21135081309332437,-0.107944576878429,1.1290415513181373,-0.4900172651950324
202619,賈士元,Jia Shiyuan,1503,cluster2_yuan_ming,明,works_general,工部,0,1,0,0,0,1,107.38591766,34.522518158,鳳翔府,0,0,0,0,0,0,0.0,1.3975995756472907e-33,0.0,-0.2777070288293577,-0.17812319241819308,-0.21135081309332437,-0.107944576878429,-1.9458736599732127,0.7683498980781296
202627,楊伊志,Yang Yizhi,1501,cluster2_yuan_ming,明,works_general,工部,0,1,0,0,0,1,120.618622,31.31271,吳縣,0,0,0,0,0,0,0.0,1.3975995756472907e-33,0.0,-0.2777070288293577,-0.17812319241819308,-0.21135081309332437,-0.107944576878429,1.0097376552322135,-0.1345586268557452
202628,唐國相,Tang Guoxiang,1505,cluster2_yuan_ming,明,works_general,工部,0,1,0,0,0,1,121.486763,31.224427,上海,0,0,0,0,0,0,0.0,1.3975995756472907e-33,0.0,-0.2777070288293577,-0.17812319241819308,-0.21135081309332437,-0.107944576878429,1.2036426422149225,-0.1593923456897098
202638,劉儒,Liu Ru,1498,cluster2_yuan_ming,明,works_general,工部,0,1,0,0,0,1,117.943075,36.949595,新城,0,0,0,0,0,0,0.0,1.3975995756472907e-33,0.0,-0.2777070288293577,-0.17812319241819308,-0.21135081309332437,-0.107944576878429,0.4121366823411377,1.4510786667272972
202645,王椿,Wang Chun,1505,cluster2_yuan_ming,明,works_general,工部,0,1,0,0,0,1,120.168625,30.294125,錢塘,0,0,0,0,0,0,0.0,1.3975995756472907e-33,0.0,-0.2777070288293577,-0.17812319241819308,-0.21135081309332437,-0.107944576878429,0.9092278734948482,-0.4210832521912416
202650,呂瑚,Lv Hu,1489,cluster2_yuan_ming,明,works_general,工部,0,1,0,0,0,1,118.191361,28.438469,永豐,0,0,0,0,0,0,0.0,1.3975995756472907e-33,0.0,-0.2777070288293577,-0.17812319241819308,-0.21135081309332437,-0.107944576878429,0.46759298909083696,-0.9430732089955993
202656,叚承恩,Xia Chengen,1503,cluster2_yuan_ming,明,works_general,工部,0,1,0,0,0,1,107.9305,35.50143,寧州,0,0,0,0,0,0,0.0,1.3975995756472907e-33,0.0,-0.2777070288293577,-0.17812319241819308,-0.21135081309332437,-0.107944576878429,-1.8242376221075753,1.0437145939705017
202665,李乗雲,Li Shengyun,1507,cluster2_yuan_ming,明,works_general,工部,0,1,0,0,0,1,113.46705627,34.162490845,鈞州,0,0,0,0,0,0,0.0,1.3975995756472907e-33,0.0,-0.2777070288293577,-0.17812319241819308,-0.21135081309332437,-0.107944576878429,-0.5876114617679599,0.667075393772775
202666,周鎬,Zhou Hao,1511,cluster2_yuan_ming,明,works_general,工部,0,1,0,0,0,1,121.444199,29.979195,慈溪,0,0,0,0,0,0,0.0,1.3975995756472907e-33,0.0,-0.2777070288293577,-0.17812319241819308,-0.21135081309332437,-0.107944576878429,1.1941356936133336,-0.5096720300123445
202673,鄭汝舟,Zheng Ruzhou,1496,cluster2_yuan_ming,明,works_general,工部,0,1,0,0,0,1,119.011101,25.433954,莆田,0,0,0,0,0,0,0.0,1.3975995756472907e-33,0.0,-0.2777070288293577,-0.17812319241819308,-0.21135081309332437,-0.107944576878429,0.6506872952337401,-1.788233440777808
202676,何思,He Si,1508,cluster2_yuan_ming,明,works_general,工部,0,1,0,0,0,1,116.092705,38.97588,雄縣,0,0,0,0,0,0,0.0,1.3975995756472907e-33,0.0,-0.2777070288293577,-0.17812319241819308,-0.21135081309332437,-0.107944576878429,-0.0011555947926427145,2.0210660025391696
202684,賈樞,Jia Shu,1498,cluster2_yuan_ming,明,works_general,工部,0,1,0,0,0,1,117.157547,37.308677673,商河,0,0,0,0,0,0,0.0,1.3975995756472907e-33,0.0,-0.2777070288293577,-0.17812319241819308,-0.21135081309332437,-0.107944576878429,0.236683850814284,1.5520874468936974
202697,趙愈和,Zhao Yuhe,1502,cluster2_yuan_ming,明,works_general,工部,0,1,0,0,0,1,116.041122,29.453486,星子,0,0,0,0,0,0,0.0,1.3975995756472907e-33,0.0,-0.2777070288293577,-0.17812319241819308,-0.21135081309332437,-0.107944576878429,-0.012676996205003066,-0.6575522503773592
202698,廖希顏,Liao Xiyan,1509,cluster2_yuan_ming,明,works_general,工部,0,1,0,0,0,1,113.5521698,26.80197525,茶陵州,0,0,0,0,0,0,0.0,1.3975995756472907e-33,0.0,-0.2777070288293577,-0.17812319241819308,-0.21135081309332437,-0.107944576878429,-0.5686007965341986,-1.4034135424804164
202708,應鳴鳳,Ying Mingfeng,1510,cluster2_yuan_ming,明,works_general,工部,0,1,0,0,0,1,118.867645,28.956821,西安,0,0,0,0,0,0,0.0,1.3975995756472907e-33,0.0,-0.2777070288293577,-0.17812319241819308,-0.21135081309332437,-0.107944576878429,0.6186454566238925,-0.7972624886414752
202712,楊登,Yang Deng,1495,cluster2_yuan_ming,明,works_general,工部,0,1,0,0,0,1,108.937189,34.317987,咸寧,0,0,0,0,0,0,0.0,1.3975995756472907e-33,0.0,-0.2777070288293577,-0.17812319241819308,-0.21135081309332437,-0.107944576878429,-1.5993870305093911,0.7108159530314385
202715,張遜,Zhang Xun,1508,cluster2_yuan_ming,明,works_general,工部,0,1,0,0,0,1,119.43733,32.79071,高郵衛,0,0,0,0,0,0,0.0,1.3975995756472907e-33,0.0,-0.2777070288293577,-0.17812319241819308,-0.21135081309332437,-0.107944576878429,0.7458883382632191,0.2811979337119677
202717,陳豪,Chen Hao,1499,cluster2_yuan_ming,明,works_general,工部,0,1,0,0,0,1,119.518837,25.959837,長樂,0,0,0,0,0,0,0.0,1.3975995756472907e-33,0.0,-0.2777070288293577,-0.17812319241819308,-0.21135081309332437,-0.107944576878429,0.7640934613641902,-1.6403042747825232
202726,高尚志,Gao Shangzhi,1512,cluster2_yuan_ming,明,works_general,工部,0,1,0,0,0,1,115.435004,36.472101,冠縣,0,0,0,0,0,0,0.0,1.3975995756472907e-33,0.0,-0.2777070288293577,-0.17812319241819308,-0.21135081309332437,-0.107944576878429,-0.14805742737918495,1.316761167991357
202727,嚴寬,Yan Kuan,1493,cluster2_yuan_ming,明,works_general,工部,0,1,0,0,0,1,119.44429,32.20649,丹徒,0,0,0,0,0,1,0.0,5.798998174070864e-12,0.0,0.0895713085213861,-0.17812319241819308,-0.21135081276529266,-0.107944576878429,0.747442899917833,0.11685876063019002
202729,陳文浩,Chen Wenhao,1487,cluster2_yuan_ming,明,works_general,工部,0,1,0,0,0,1,119.321577,26.073954,閩縣,0,0,0,0,0,0,0.0,1.3975995756472907e-33,0.0,-0.2777070288293577,-0.17812319241819308,-0.21135081309332437,-0.107944576878429,0.7200341464231732,-1.6082035363371199
202739,賈文元,Jia Wenyuan,1492,cluster2_yuan_ming,明,works_general,工部,0,1,0,0,0,1,114.690201,38.621449,曲陽,0,0,0,0,0,0,0.0,1.3975995756472907e-33,0.0,-0.2777070288293577,-0.17812319241819308,-0.21135081309332437,-0.107944576878429,-0.3144140630175023,1.9213657227566427
202747,張壽,Zhang Shou,1505,cluster2_yuan_ming,明,works_general,工部,0,1,0,0,0,1,110.164879,36.045174,宜川,0,0,0,0,0,0,0.0,1.3975995756472907e-33,0.0,-0.2777070288293577,-0.17812319241819308,-0.21135081309332437,-0.107944576878429,-1.3251744158894125,1.196668000783311
202748,趙允亨,Zhao Yunheng,1506,cluster2_yuan_ming,明,works_general,工部,0,1,0,0,0,1,115.657387,39.019436,安肅,0,0,0,0,0,0,0.0,1.3975995756472907e-33,0.0,-0.2777070288293577,-0.17812319241819308,-0.21135081309332437,-0.107944576878429,-0.09838672559206188,2.0333181627232615
202753,王獻芝,Wang Xianzhi,1500,cluster2_yuan_ming,明,works_general,工部,0,1,0,0,0,1,118.433945,29.86577,歙縣,0,0,0,0,0,0,0.0,1.3975995756472907e-33,0.0,-0.2777070288293577,-0.17812319241819308,-0.21135081309332437,-0.107944576878429,0.521775716737858,-0.541578111123571
202761,胡汝翼,Hu Ruyi,1487,cluster2_yuan_ming,明,works_general,工部,0,1,0,0,0,1,104.7492981,31.459007263,綿州,0,0,0,0,0,0,0.0,1.3975995756472907e-33,0.0,-0.2777070288293577,-0.17812319241819308,-0.21135081309332437,-0.107944576878429,-2.5347799337929717,-0.09340568579664464
202762,黃德純,Huang Dechun,1499,cluster2_yuan_ming,明,works_general,工部,0,1,0,0,0,1,119.011101,25.433954,莆田,0,0,0,0,0,1,0.0,5.017129200224434e-21,0.0,0.0895713085213861,-0.17812319241819308,-0.21135081309332437,-0.107944576878429,0.6506872952337401,-1.788233440777808
202776,王繼芳,Wang Jifang,1494,cluster2_yuan_ming,明,works_general,工部,0,1,0,0,0,1,116.301171,39.435631,固安,0,0,0,0,0,0,0.0,1.3975995756472907e-33,0.0,-0.2777070288293577,-0.17812319241819308,-0.21135081309332437,-0.107944576878429,0.04540665375492957,2.1503924534712184
202782,范愛,Fan Ai,1500,cluster2_yuan_ming,明,works_general,工部,0,1,0,0,0,1,116.484373,35.728807,汶上,0,0,0,0,0,0,0.0,1.3975995756472907e-33,0.0,-0.2777070288293577,-0.17812319241819308,-0.21135081309332437,-0.107944576878429,0.08632602218149639,1.1076749995673938
202783,何城,He Cheng,1500,cluster2_yuan_ming,明,works_general,工部,0,1,0,0,0,1,110.25407,37.50098,綏德衛,0,0,0,0,0,0,0.0,1.3975995756472907e-33,0.0,-0.2777070288293577,-0.17812319241819308,-0.21135081309332437,-0.107944576878429,-1.3052530209846969,1.606181461821091
202789,王梴,Wang Chan,1493,cluster2_yuan_ming,明,works_general,工部,0,1,0,0,0,1,121.86618,29.474428,象山,0,0,0,0,0,0,0.0,1.3975995756472907e-33,0.0,-0.2777070288293577,-0.17812319241819308,-0.21135081309332437,-0.107944576878429,1.2883879179777533,-0.6516613343479897
202792,朱默,Zhu Mo,1500,cluster2_yuan_ming,明,works_general,工部,0,1,0,0,0,1,121.119434,31.44651,太倉衛,0,0,0,0,0,0,0.0,1.3975995756472907e-33,0.0,-0.2777070288293577,-0.17812319241819308,-0.21135081309332437,-0.107944576878429,1.1215973005441897,-0.09692112495861367
202793,羅大用,Luo Dayong,1501,cluster2_yuan_ming,明,works_general,工部,0,1,0,0,0,1,113.746399,31.025822,雲夢,0,0,0,0,0,0,0.0,1.3975995756472907e-33,0.0,-0.2777070288293577,-0.17812319241819308,-0.21135081309332437,-0.107944576878429,-0.5252184306539311,-0.21525928189508836
202795,王玉汝,Wang Yuru,1488,cluster2_yuan_ming,明,works_general,工部,0,1,0,0,0,1,113.749817,23.046623,東莞,0,0,0,0,0,0,0.0,1.3975995756472907e-33,0.0,-0.2777070288293577,-0.17812319241819308,-0.21135081309332437,-0.107944576878429,-0.5244549979333175,-2.4597818342126385
202802,李大魁,Li Dakui,1499,cluster2_yuan_ming,明,works_general,工部,0,1,0,0,0,1,112.158699,32.026524,襄陽,0,0,0,0,0,0,0.0,1.3975995756472907e-33,0.0,-0.2777070288293577,-0.17812319241819308,-0.21135081309332437,-0.107944576878429,-0.8798416402851417,0.0662349140949199
202803,王良柱,Wang Liangzhu,1501,cluster2_yuan_ming,明,works_general,工部,0,1,0,0,0,1,118.537849,24.953764,南安,0,0,0,0,0,0,0.0,1.3975995756472907e-33,0.0,-0.2777070288293577,-0.17812319241819308,-0.21135081309332437,-0.107944576878429,0.5449833567035451,-1.9233093154862047
202804,閔旦,Min Dan,1499,cluster2_yuan_ming,明,works_general,工部,0,1,0,0,0,1,117.236359,29.382742,浮梁,0,0,0,0,0,1,0.0,7.50330558788574e-25,0.0,0.0895713085213861,-0.17812319241819308,-0.21135081309332437,-0.107944576878429,0.2542870279872101,-0.6774523059394721
203489,雷夢麟,Lei Menglin,1514,cluster2_yuan_ming,明,works_general,工部,0,1,0,0,0,1,116.259071,28.364485,進賢,0,0,0,0,0,0,0.0,1.3975995756472907e-33,0.0,-0.2777070288293577,-0.17812319241819308,-0.21135081309332437,-0.107944576878429,0.036003342596983685,-0.9638846659489437
203523,陸夢豹,Lu Mengbao,1505,cluster2_yuan_ming,明,works_general,工部,0,1,0,0,0,1,115.785782,28.197754,豐城,0,0,0,0,0,0,0.0,1.3975995756472907e-33,0.0,-0.2777070288293577,-0.17812319241819308,-0.21135081309332437,-0.107944576878429,-0.06970886012591684,-1.0107855503197252
203549,尚薰,Shang Xun,1503,cluster2_yuan_ming,明,works_general,工部,0,1,0,0,0,1,108.105102,34.332054,武功,0,0,0,0,0,0,0.0,1.3975995756472907e-33,0.0,-0.2777070288293577,-0.17812319241819308,-0.21135081309332437,-0.107944576878429,-1.7852391200933213,0.7147729540716989
203551,陳絳,Chen Jiang,1513,cluster2_yuan_ming,明,works_general,工部,0,1,0,0,0,1,120.973587,29.952654,上虞,0,0,0,0,0,0,0.0,1.3975995756472907e-33,0.0,-0.2777070288293577,-0.17812319241819308,-0.21135081309332437,-0.107944576878429,1.0890214164004066,-0.5171379264088455
203745,胡朝臣,Hu Chaochen,1514,cluster2_yuan_ming,明,hydraulic,水利/河道,0,1,0,0,0,1,120.578262,30.004515,會稽,0,0,1,0,0,0,0.0,1.3975995756472907e-33,0.0,-0.2777070288293577,-0.17812319241819308,-0.21135081309332437,-0.107944576878429,1.0007229844879177,-0.5025495969179097
203852,徐鷁,Xu Yi,1507,cluster2_yuan_ming,明,works_general,工部,0,1,0,0,0,1,120.932022,30.517859,海鹽,0,0,0,0,0,0,0.0,1.3975995756472907e-33,0.0,-0.2777070288293577,-0.17812319241819308,-0.21135081309332437,-0.107944576878429,1.0797376010018311,-0.3581476105660339
203868,王大猷,Wang Dayou,1515,cluster2_yuan_ming,明,works_general,工部,0,1,0,0,0,1,120.932022,30.517859,海鹽,0,0,0,0,0,0,0.0,1.3975995756472907e-33,0.0,-0.2777070288293577,-0.17812319241819308,-0.21135081309332437,-0.107944576878429,1.0797376010018311,-0.3581476105660339
203878,卜大有,Bu Dayou,1512,cluster2_yuan_ming,明,hydraulic,水利/河道,0,1,0,0,0,1,120.753204,30.767469,秀水,0,0,1,0,0,0,0.0,1.3975995756472907e-33,0.0,-0.2777070288293577,-0.17812319241819308,-0.21135081309332437,-0.107944576878429,1.039797427732425,-0.2879331348669096
203941,許嶽,Xu Yue,1519,cluster2_yuan_ming,明,works_general,工部,0,1,0,0,0,1,120.168625,30.294125,錢塘,0,0,0,0,0,0,0.0,1.3975995756472907e-33,0.0,-0.2777070288293577,-0.17812319241819308,-0.21135081309332437,-0.107944576878429,0.9092278734948482,-0.4210832521912416
203953,李伸,Li Shen,1523,cluster2_yuan_ming,明,works_general,工部,0,1,0,0,0,1,115.89772,28.674896,南昌,0,0,0,0,0,0,0.0,1.3975995756472907e-33,0.0,-0.2777070288293577,-0.17812319241819308,-0.21135081309332437,-0.107944576878429,-0.044706773560632615,-0.876567068031227
203966,陳瑞龍,Chen Ruilong,1516,cluster2_yuan_ming,明,works_general,工部,0,1,0,0,0,1,116.594063,23.260954,潮陽,0,0,0,0,0,0,0.0,1.3975995756472907e-33,0.0,-0.2777070288293577,-0.17812319241819308,-0.21135081309332437,-0.107944576878429,0.1108260032008626,-2.3994912256990806
204208,徐用光,Xu Yongguang,1526,cluster2_yuan_ming,明,works_general,工部,0,1,0,0,0,1,119.478851,29.204453,蘭溪,0,0,0,0,0,1,0.0,5.017129200224434e-21,0.0,0.0895713085213861,-0.17812319241819308,-0.21135081309332437,-0.107944576878429,0.755162325973176,-0.7276044178657622
204235,葉可成,Ye Kecheng,1523,cluster2_yuan_ming,明,works_general,工部,0,1,0,0,0,1,120.637787,31.167065,吳江,0,0,0,0,0,1,0.0,7.50330558788574e-25,0.0,0.0895713085213861,-0.17812319241819308,-0.21135081309332437,-0.107944576878429,1.0140182836963958,-0.17552808846865717
204487,應存性,Ying Cunxing,1517,cluster2_yuan_ming,明,works_general,工部,0,1,0,0,0,1,120.957687,28.130676,樂清,0,0,0,0,0,0,0.0,1.3975995756472907e-33,0.0,-0.2777070288293577,-0.17812319241819308,-0.21135081309332437,-0.107944576878429,1.085470047103227,-1.029654372085463
204735,程道東,Cheng Daodong,1530,cluster2_yuan_ming,明,works_general,工部,0,1,0,0,0,1,118.433945,29.86577,歙縣,0,0,0,0,0,0,0.0,1.3975995756472907e-33,0.0,-0.2777070288293577,-0.17812319241819308,-0.21135081309332437,-0.107944576878429,0.521775716737858,-0.541578111123571
204893,李輔,Li Fu,1531,cluster2_yuan_ming,明,works_general,工部,0,1,0,0,0,1,116.259071,28.364485,進賢,0,0,0,0,0,0,0.0,1.3975995756472907e-33,0.0,-0.2777070288293577,-0.17812319241819308,-0.21135081309332437,-0.107944576878429,0.036003342596983685,-0.9638846659489437
205059,李寅賓,Li Yinbin,1530,cluster2_yuan_ming,明,works_general,工部,0,1,0,0,0,1,117.844589,29.244728,婺源,0,0,0,0,0,0,0.0,1.3975995756472907e-33,0.0,-0.2777070288293577,-0.17812319241819308,-0.21135081309332437,-0.107944576878429,0.3901391882152088,-0.7162751922386555
205282,熊子臣,Xiong Zichen,1540,cluster2_yuan_ming,明,works_general,工部,0,1,0,0,0,1,114.7789,28.393312,新昌,0,0,0,0,0,0,0.0,1.3975995756472907e-33,0.0,-0.2777070288293577,-0.17812319241819308,-0.21135081309332437,-0.107944576878429,-0.29460255954009745,-0.9557757252375183
205459,高克謙,Gao Keqian,1523,cluster2_yuan_ming,明,works_general,工部,0,1,0,0,0,1,120.578262,30.004515,山陰,0,0,0,0,0,0,0.0,1.3975995756472907e-33,0.0,-0.2777070288293577,-0.17812319241819308,-0.21135081309332437,-0.107944576878429,1.0007229844879177,-0.5025495969179097
205466,金學曾,Jin Xueceng,1542,cluster2_yuan_ming,明,works_general,工部,0,1,0,0,0,1,120.168625,30.294125,錢塘,0,0,0,0,0,0,0.0,1.3975995756472907e-33,0.0,-0.2777070288293577,-0.17812319241819308,-0.21135081309332437,-0.107944576878429,0.9092278734948482,-0.4210832521912416
205509,來經濟,Lai Jingji,1530,cluster2_yuan_ming,明,works_general,工部,0,1,0,0,0,1,120.258934,30.161488,蕭山,0,0,0,0,0,0,0.0,1.3975995756472907e-33,0.0,-0.2777070288293577,-0.17812319241819308,-0.21135081309332437,-0.107944576878429,0.9293989810331625,-0.4583936059963978
205521,劉應麒,Liu Yingqi,1544,cluster2_yuan_ming,明,works_general,工部,0,1,0,0,0,1,116.663833,28.994167,鄱陽,0,0,0,0,0,0,0.0,1.3975995756472907e-33,0.0,-0.2777070288293577,-0.17812319241819308,-0.21135081309332437,-0.107944576878429,0.126409590362144,-0.7867571811239099
205533,陳所敏,Chen Suomin,1533,cluster2_yuan_ming,明,works_general,工部,0,1,0,0,0,1,116.77626,27.910084,金谿,0,0,0,0,0,0,0.0,1.3975995756472907e-33,0.0,-0.2777070288293577,-0.17812319241819308,-0.21135081309332437,-0.107944576878429,0.15152089828505574,-1.091706179398557
205693,張試,Zhang Shi,1536,cluster2_yuan_ming,明,works_general,工部,0,1,0,0,0,1,120.258934,30.161488,蕭山,0,0,0,0,0,0,0.0,1.3975995756472907e-33,0.0,-0.2777070288293577,-0.17812319241819308,-0.21135081309332437,-0.107944576878429,0.9293989810331625,-0.4583936059963978
205763,陳以朝,Chen Yichao,1540,cluster2_yuan_ming,明,works_general,工部,0,1,0,0,0,1,114.559631,29.038708,寧州,0,0,0,0,0,0,0.0,1.3975995756472907e-33,0.0,-0.2777070288293577,-0.17812319241819308,-0.21135081309332437,-0.107944576878429,-0.3435777290007166,-0.7742279436650154
205784,熊惟學,Xiong Weixue,1538,cluster2_yuan_ming,明,works_general,工部,0,1,0,0,0,1,115.89772,28.674896,南昌,0,0,0,0,0,0,0.0,1.3975995756472907e-33,0.0,-0.2777070288293577,-0.17812319241819308,-0.21135081309332437,-0.107944576878429,-0.044706773560632615,-0.876567068031227
205934,范梅,Fan Mei,1544,cluster2_yuan_ming,明,works_general,工部,0,1,0,0,0,1,115.785782,28.197754,豐城,0,0,0,0,0,0,0.0,1.3975995756472907e-33,0.0,-0.2777070288293577,-0.17812319241819308,-0.21135081309332437,-0.107944576878429,-0.06970886012591684,-1.0107855503197252
206262,宋希堯,Song Xiyao,1552,cluster2_yuan_ming,明,construction,将作/营缮,0,1,0,0,0,1,114.693603,27.767023,分宜,0,0,0,0,1,0,0.0,1.3975995756472907e-33,0.0,-0.2777070288293577,-0.17812319241819308,-0.21135081309332437,-0.107944576878429,-0.31365420400184235,-1.131948770272291
206434,羅用敬,Luo Yongjing,1540,cluster2_yuan_ming,明,works_general,工部,0,1,0,0,0,1,115.89772,28.674896,南昌,0,0,0,0,0,0,0.0,1.3975995756472907e-33,0.0,-0.2777070288293577,-0.17812319241819308,-0.21135081309332437,-0.107944576878429,-0.044706773560632615,-0.876567068031227
206508,徐秉正,Xu Bingzheng,1550,cluster2_yuan_ming,明,works_general,工部,0,1,0,0,0,1,115.89772,28.674896,南昌,0,0,0,0,0,0,0.0,1.3975995756472907e-33,0.0,-0.2777070288293577,-0.17812319241819308,-0.21135081309332437,-0.107944576878429,-0.044706773560632615,-0.876567068031227
206683,余繼善,Yu Jishan,1546,cluster2_yuan_ming,明,works_general,工部,0,1,0,0,0,1,115.89772034,28.67489624,南昌府,0,0,0,0,0,0,0.0,1.3975995756472907e-33,0.0,-0.2777070288293577,-0.17812319241819308,-0.21135081309332437,-0.107944576878429,-0.04470669761940243,-0.8765670005200132
206740,陳所學,Chen Suoxue,1559,cluster2_yuan_ming,明,works_general,工部,0,1,0,0,0,1,113.164116,30.65625,景陵,0,0,0,0,0,1,0.0,6.513307477589178e-13,0.0,0.0895713085213861,-0.17812319241819308,-0.2113508130564806,-0.107944576878429,-0.655275158230732,-0.31921867540126675
206888,羅朝國,Luo Chaoguo,1556,cluster2_yuan_ming,明,works_general,工部,0,1,0,0,0,1,115.89772,28.674896,新建,0,0,0,0,0,0,0.0,1.3975995756472907e-33,0.0,-0.2777070288293577,-0.17812319241819308,-0.21135081309332437,-0.107944576878429,-0.044706773560632615,-0.876567068031227
206991,楊耿光,Yang Gengguang,1549,cluster2_yuan_ming,明,works_general,工部,0,1,0,0,0,1,119.94828033,36.788230896,平度州,0,0,0,0,0,0,0.0,1.3975995756472907e-33,0.0,-0.2777070288293577,-0.17812319241819308,-0.21135081309332437,-0.107944576878429,0.8600124460837938,1.4056874726284265
206994,韓文,Han Wen,1549,cluster2_yuan_ming,明,works_general,工部,0,1,0,0,0,1,120.297668,31.574614,無錫,0,0,0,0,0,0,0.0,1.3975995756472907e-33,0.0,-0.2777070288293577,-0.17812319241819308,-0.21135081309332437,-0.107944576878429,0.938050474011595,-0.06088588921100437
207016,宋應和,Song Yinghe,1553,cluster2_yuan_ming,明,works_general,工部,0,1,0,0,0,1,115.377151,28.70723,奉新,0,0,0,0,0,0,0.0,1.3975995756472907e-33,0.0,-0.2777070288293577,-0.17812319241819308,-0.21135081309332437,-0.107944576878429,-0.16097927442006013,-0.867471619702813
207017,劉道亨,Liu Daoheng,1553,cluster2_yuan_ming,明,works_general,工部,0,1,0,0,0,1,115.987564,39.245949,新城,0,0,0,0,0,0,0.0,1.3975995756472907e-33,0.0,-0.2777070288293577,-0.17812319241819308,-0.21135081309332437,-0.107944576878429,-0.024639526822516918,2.097035527949159
207018,黃之俊,Huang Zhijun,1553,cluster2_yuan_ming,明,works_general,工部,0,1,0,0,0,1,115.398987,28.015566,清江,0,0,0,0,0,0,0.0,1.3975995756472907e-33,0.0,-0.2777070288293577,-0.17812319241819308,-0.21135081309332437,-0.107944576878429,-0.1561020605852615,-1.062034438179475
207022,楊伯柯,Yang Boke,1553,cluster2_yuan_ming,明,works_general,工部,0,1,0,0,0,1,119.14457,33.526625,大河衛,0,0,0,0,0,0,0.0,1.3975995756472907e-33,0.0,-0.2777070288293577,-0.17812319241819308,-0.21135081309332437,-0.107944576878429,0.6804984718831513,0.4882084135970768
207023,高環,Gao Huan,1553,cluster2_yuan_ming,明,works_general,工部,0,1,0,0,0,1,113.1128,36.1829,長治,0,0,0,0,0,0,0.0,1.3975995756472907e-33,0.0,-0.2777070288293577,-0.17812319241819308,-0.21135081309332437,-0.107944576878429,-0.6667369234416914,1.235409873625494
207035,梁賛化,Liang Zanhua,1554,cluster2_yuan_ming,明,works_general,工部,0,1,0,0,0,1,114.070267,35.410385,汲縣,0,0,0,0,0,0,0.0,1.3975995756472907e-33,0.0,-0.2777070288293577,-0.17812319241819308,-0.21135081309332437,-0.107944576878429,-0.4528803884187213,1.018103933580185
207057,林欲廈,Lin Yusha,1555,cluster2_yuan_ming,明,works_general,工部,0,1,0,0,0,1,118.589905,24.909641,晉江,0,0,0,0,0,1,0.0,1.8250177510590394e-11,0.0,0.0895713085213861,-0.17812319241819308,-0.2113508120609672,-0.107944576878429,0.5566104057685858,-1.9357209709137615
207062,劉曰梧,Liu Yuewu,1555,cluster2_yuan_ming,明,works_general,工部,0,1,0,0,0,1,115.89772,28.674896,南昌,0,0,0,0,0,2,0.0,9.298877117381232e-12,1.6515670814337646e-06,0.45684964587212995,-0.17812319241819308,-0.2113508125673151,-0.10250405193947795,-0.044706773560632615,-0.876567068031227
207080,楊光訓,Yang Guangxun,1556,cluster2_yuan_ming,明,works_general,工部,0,1,0,0,0,1,109.501236,34.502998,渭南,0,0,0,0,0,1,0.0,1.8250177510590394e-11,0.0,0.0895713085213861,-0.17812319241819308,-0.2113508120609672,-0.107944576878429,-1.473403433152928,0.7628589415478062
207085,陸應川,Lu Yingchuan,1556,cluster2_yuan_ming,明,works_general,工部,0,1,0,0,0,1,115.785782,28.197754,豐城,0,0,0,0,0,0,0.0,1.3975995756472907e-33,0.0,-0.2777070288293577,-0.17812319241819308,-0.21135081309332437,-0.107944576878429,-0.06970886012591684,-1.0107855503197252
207091,蕭奇烋,Xiao Qixiu,1557,cluster2_yuan_ming,明,works_general,工部,0,1,0,0,0,1,119.011101,25.433954,莆田,0,0,0,0,0,0,0.0,1.3975995756472907e-33,0.0,-0.2777070288293577,-0.17812319241819308,-0.21135081309332437,-0.107944576878429,0.6506872952337401,-1.788233440777808
207092,江鍾廉,Jiang Zhonglian,1557,cluster2_yuan_ming,明,works_general,工部,0,1,0,0,0,1,106.080727,30.798986,南充,0,0,0,0,0,0,0.0,1.3975995756472907e-33,0.0,-0.2777070288293577,-0.17812319241819308,-0.21135081309332437,-0.107944576878429,-2.237396555375292,-0.27906750596338253
207097,鄭舉,Zheng Ju,1557,cluster2_yuan_ming,明,works_general,工部,0,1,0,0,0,1,104.077995,30.650385,成都,0,0,0,0,0,0,0.0,1.3975995756472907e-33,0.0,-0.2777070288293577,-0.17812319241819308,-0.21135081309332437,-0.107944576878429,-2.6847198846384606,-0.32086848069743024
207100,延論,Yan Lun,1557,cluster2_yuan_ming,明,works_general,工部,0,1,0,0,0,1,114.97504425,38.520061493,定州,0,0,0,0,0,0,0.0,1.3975995756472907e-33,0.0,-0.2777070288293577,-0.17812319241819308,-0.21135081309332437,-0.107944576878429,-0.25079245468042133,1.8928457490118158
207106,曾礪,Zeng Li,1557,cluster2_yuan_ming,明,works_general,工部,0,1,0,0,0,1,117.576309,37.640835,陽信,0,0,0,0,0,0,0.0,1.3975995756472907e-33,0.0,-0.2777070288293577,-0.17812319241819308,-0.21135081309332437,-0.107944576878429,0.3302170904134435,1.645522215392268
207126,崔邦亮,Cui Bangliang,1558,cluster2_yuan_ming,明,works_general,工部,0,1,0,0,0,1,115.088844,35.298492,東明,0,0,0,0,0,0,0.0,1.3975995756472907e-33,0.0,-0.2777070288293577,-0.17812319241819308,-0.21135081309332437,-0.107944576878429,-0.22537453404035784,0.9866287990527147
207133,洪澄源,Hong Chengyuan,1558,cluster2_yuan_ming,明,works_general,工部,0,1,0,0,0,1,118.589905,24.909641,晉江,0,0,0,0,0,0,0.0,1.3975995756472907e-33,0.0,-0.2777070288293577,-0.17812319241819308,-0.21135081309332437,-0.107944576878429,0.5566104057685858,-1.9357209709137615
207150,葉重第,Ye Zhongdi,1559,cluster2_yuan_ming,明,works_general,工部,0,1,0,0,0,1,120.637787,31.167065,吳江,0,0,0,0,0,0,0.0,1.3975995756472907e-33,0.0,-0.2777070288293577,-0.17812319241819308,-0.21135081309332437,-0.107944576878429,1.0140182836963958,-0.17552808846865717
207180,彭應捷,Peng Yingjie,1560,cluster2_yuan_ming,明,works_general,工部,0,1,0,0,0,1,114.898773,32.009701,光山,0,0,0,0,0,0,0.0,1.3975995756472907e-33,0.0,-0.2777070288293577,-0.17812319241819308,-0.21135081309332437,-0.107944576878429,-0.26782813867461497,0.06150265927866037
207181,韓擢,Han Zhuo,1560,cluster2_yuan_ming,明,works_general,工部,0,1,0,0,0,1,114.273606,23.172247,博羅,0,0,0,0,0,0,0.0,1.3975995756472907e-33,0.0,-0.2777070288293577,-0.17812319241819308,-0.21135081309332437,-0.107944576878429,-0.40746328895207096,-2.424444214344738
207182,許子偉,Xu Ziwei,1560,cluster2_yuan_ming,明,works_general,工部,0,1,0,0,0,1,118.76899,32.052563,江寧,0,0,0,0,0,1,0.0,2.845467380197311e-12,0.0,0.0895713085213861,-0.17812319241819308,-0.21135081293236493,-0.107944576878429,0.5966102152393962,0.07355959953512392
207183,周應鏊,Zhou Yingao,1560,cluster2_yuan_ming,明,works_general,工部,0,1,0,0,0,1,114.89487457,26.792102814,泰和,0,0,0,0,0,1,0.0,1.8250177510590394e-11,0.0,0.0895713085213861,-0.17812319241819308,-0.2113508120609672,-0.107944576878429,-0.26869887858714564,-1.406190626401787
207190,吳洪績,Wu Hongji,1560,cluster2_yuan_ming,明,works_general,工部,0,1,0,0,0,1,119.011101,25.433954,莆田,0,0,0,0,0,0,0.0,1.3975995756472907e-33,0.0,-0.2777070288293577,-0.17812319241819308,-0.21135081309332437,-0.107944576878429,0.6506872952337401,-1.788233440777808
207197,王希夔,Wang Xikui,1560,cluster2_yuan_ming,明,works_general,工部,0,1,0,0,0,1,117.653053,24.511744,龍溪,0,0,0,0,0,0,0.0,1.3975995756472907e-33,0.0,-0.2777070288293577,-0.17812319241819308,-0.21135081309332437,-0.107944576878429,0.3473583662211776,-2.0476480941750683
207207,吳鴻洙,Wu Hongzhu,1561,cluster2_yuan_ming,明,works_general,工部,0,1,0,0,0,1,117.660569,36.204097,萊蕪,0,0,0,0,0,0,0.0,1.3975995756472907e-33,0.0,-0.2777070288293577,-0.17812319241819308,-0.21135081309332437,-0.107944576878429,0.34903711412291377,1.2413725203199149
207222,陳鳴華,Chen Minghua,1561,cluster2_yuan_ming,明,works_general,工部,0,1,0,0,0,1,118.589905,24.909641,晉江,0,0,0,0,0,1,0.0,1.8250177510590394e-11,0.0,0.0895713085213861,-0.17812319241819308,-0.2113508120609672,-0.107944576878429,0.5566104057685858,-1.9357209709137615
207227,張濤,Zhang Tao,1561,cluster2_yuan_ming,明,works_general,工部,0,1,0,0,0,1,114.365593,30.875669,黃陂,0,0,0,0,0,0,0.0,1.3975995756472907e-33,0.0,-0.2777070288293577,-0.17812319241819308,-0.21135081309332437,-0.107944576878429,-0.38691738910679335,-0.2574968291474058
207229,陳義,Chen Yi,1561,cluster2_yuan_ming,明,works_general,工部,0,1,0,0,0,1,118.589905,24.909641,晉江,0,0,0,0,0,0,0.0,1.3975995756472907e-33,0.0,-0.2777070288293577,-0.17812319241819308,-0.21135081309332437,-0.107944576878429,0.5566104057685858,-1.9357209709137615
207237,張令聞,Zhang Lingwen,1562,cluster2_yuan_ming,明,works_general,工部,0,1,0,0,0,1,120.26609,31.90877,江陰,0,0,0,0,0,0,0.0,1.3975995756472907e-33,0.0,-0.2777070288293577,-0.17812319241819308,-0.21135081309332437,-0.107944576878429,0.9309973205734562,0.03311109945818705
207242,聶世潤,Nie Shirun,1562,cluster2_yuan_ming,明,works_general,工部,0,1,0,0,0,1,105.46331787,32.033401489,劍州,0,0,0,0,0,0,0.0,1.3975995756472907e-33,0.0,-0.2777070288293577,-0.17812319241819308,-0.21135081309332437,-0.107944576878429,-2.3752989344999462,0.06816952923157829
207277,沈思充,Shen Sichong,1566,cluster2_yuan_ming,明,works_general,工部,0,1,0,0,0,1,120.54274,30.641678,桐鄉,0,0,0,0,0,0,0.0,1.3975995756472907e-33,0.0,-0.2777070288293577,-0.17812319241819308,-0.21135081309332437,-0.107944576878429,0.9927889127788292,-0.32331773128800095
207279,趙標,Zhao Biao,1566,cluster2_yuan_ming,明,works_general,工部,0,1,0,0,0,1,110.85543823,34.911781311,解州,0,0,0,0,0,0,0.0,1.3975995756472907e-33,0.0,-0.2777070288293577,-0.17812319241819308,-0.21135081309332437,-0.107944576878429,-1.1709334820964672,0.8778483484482408
207411,吳士奇,Wu Shiqi,1566,cluster2_yuan_ming,明,works_general,工部,0,1,0,0,0,1,118.433945,29.86577,歙縣,0,0,0,0,0,0,0.0,1.3975995756472907e-33,0.0,-0.2777070288293577,-0.17812319241819308,-0.21135081309332437,-0.107944576878429,0.521775716737858,-0.541578111123571
207460,徐應鶴,Xu Yinghe,1567,cluster2_yuan_ming,明,works_general,工部,0,1,0,0,0,1,116.259071,28.364485,進賢,0,0,0,0,0,0,0.0,1.3975995756472907e-33,0.0,-0.2777070288293577,-0.17812319241819308,-0.21135081309332437,-0.107944576878429,0.036003342596983685,-0.9638846659489437
207468,王演疇,Wang Yanchou,1565,cluster2_yuan_ming,明,works_general,工部,0,1,0,0,0,1,116.551216,29.896095,彭澤,0,0,0,0,0,0,0.0,1.3975995756472907e-33,0.0,-0.2777070288293577,-0.17812319241819308,-0.21135081309332437,-0.107944576878429,0.10125584469291293,-0.5330477879170655
207478,趙應選,Zhao Yingxuan,1564,cluster2_yuan_ming,明,construction,将作/营缮,0,1,0,0,0,1,120.902107,29.494654,新昌,0,0,0,0,1,0,0.0,1.3975995756472907e-33,0.0,-0.2777070288293577,-0.17812319241819308,-0.21135081309332437,-0.107944576878429,1.0730558895222577,-0.6459718267742123
207526,張鶴鳴,Zhang Heming,1559,cluster2_yuan_ming,明,works_general,工部,0,1,0,0,0,1,115.80901,32.90306,潁州,0,0,0,0,0,0,0.0,1.3975995756472907e-33,0.0,-0.2777070288293577,-0.17812319241819308,-0.21135081309332437,-0.107944576878429,-0.06452073396019606,0.3128016208430809
207539,陳民志,Chen Minzhi,1566,cluster2_yuan_ming,明,hydraulic,水利/河道,0,1,0,0,0,1,113.319191,32.723171,泌陽,0,0,1,0,0,0,0.0,1.3975995756472907e-33,0.0,-0.2777070288293577,-0.17812319241819308,-0.21135081309332437,-0.107944576878429,-0.6206381397552273,0.2621994341556881
207647,鄒之麟,Zou Zhilin,1575,cluster2_yuan_ming,明,hydraulic,水利/河道,0,1,0,0,0,1,119.952301,31.782784,武進,0,0,1,0,0,0,0.0,1.3975995756472907e-33,0.0,-0.2777070288293577,-0.17812319241819308,-0.21135081309332437,-0.107944576878429,0.8609104891021656,-0.002328349824414023
207661,李篤培,Li Dupei,1576,cluster2_yuan_ming,明,works_general,工部,0,1,0,0,0,1,120.38838200000001,37.35215,招遠,0,0,0,0,0,0,0.0,1.3975995756472907e-33,0.0,-0.2777070288293577,-0.17812319241819308,-0.21135081309332437,-0.107944576878429,0.958312040956539,1.5643160701368615
207685,李純元,Li Chunyuan,1578,cluster2_yuan_ming,明,hydraulic,水利/河道,0,1,0,0,0,1,113.164116,30.65625,景陵,0,0,1,0,0,0,0.0,1.3975995756472907e-33,0.0,-0.2777070288293577,-0.17812319241819308,-0.21135081309332437,-0.107944576878429,-0.655275158230732,-0.31921867540126675
207713,余合中,Yu Hezhong,1580,cluster2_yuan_ming,明,works_general,工部,0,1,0,0,0,1,117.787499,30.953846,銅陵,0,0,0,0,0,1,0.0,7.50330558788574e-25,0.0,0.0895713085213861,-0.17812319241819308,-0.21135081309332437,-0.107944576878429,0.3773877622292879,-0.23550589502325003
207715,吳瑞徵,Wu Ruizheng,1581,cluster2_yuan_ming,明,construction,将作/营缮,0,1,0,0,0,1,120.637787,31.167065,吳江,0,0,0,0,1,1,0.0,1.8250177510590394e-11,0.0,0.0895713085213861,-0.17812319241819308,-0.2113508120609672,-0.107944576878429,1.0140182836963958,-0.17552808846865717
207731,徐爾恆,Xu Erheng,1582,cluster2_yuan_ming,明,works_general,工部,0,1,0,0,0,1,115.701523,36.846214,臨清,0,0,0,0,0,0,0.0,1.3975995756472907e-33,0.0,-0.2777070288293577,-0.17812319241819308,-0.21135081309332437,-0.107944576878429,-0.08852866047882814,1.4219979299288872
207750,郭忠寧,Guo Zhongning,1583,cluster2_yuan_ming,明,works_general,工部,0,1,0,0,0,1,120.618622,31.31271,吳縣,0,0,0,0,0,0,0.0,1.3975995756472907e-33,0.0,-0.2777070288293577,-0.17812319241819308,-0.21135081309332437,-0.107944576878429,1.0097376552322135,-0.1345586268557452
207765,顧起鳳,Gu Qifeng,1584,cluster2_yuan_ming,明,works_general,工部,0,1,0,0,0,1,120.94823456,31.386108398,崑山,0,0,0,0,0,0,0.0,1.3975995756472907e-33,0.0,-0.2777070288293577,-0.17812319241819308,-0.21135081309332437,-0.107944576878429,1.0833587826252729,-0.11391189782755783
207770,趙琦,Zhao Qi,1584,cluster2_yuan_ming,明,construction,将作/营缮,0,1,0,0,0,1,107.9305,35.50143,寧州,0,0,0,0,1,0,0.0,1.3975995756472907e-33,0.0,-0.2777070288293577,-0.17812319241819308,-0.21135081309332437,-0.107944576878429,-1.8242376221075753,1.0437145939705017
207775,葉官,Ye Guan,1584,cluster2_yuan_ming,明,construction,将作/营缮,0,1,0,0,0,1,119.649918,29.104712,金華,0,0,0,0,1,1,0.0,7.697898310281441e-12,0.0,0.0895713085213861,-0.17812319241819308,-0.21135081265787764,-0.107944576878429,0.7933712625493429,-0.7556612345826669
207776,孫枝芳,Sun Zhifang,1584,cluster2_yuan_ming,明,construction,将作/营缮,0,1,0,0,0,1,120.637787,31.167065,吳江,0,0,0,0,1,0,0.0,1.3975995756472907e-33,0.0,-0.2777070288293577,-0.17812319241819308,-0.21135081309332437,-0.107944576878429,1.0140182836963958,-0.17552808846865717
207783,何應瑞,He Yingrui,1584,cluster2_yuan_ming,明,works_general,工部,0,1,0,0,0,1,115.44412994,35.25025177,曹州,0,0,0,0,0,0,0.0,1.3975995756472907e-33,0.0,-0.2777070288293577,-0.17812319241819308,-0.21135081309332437,-0.107944576878429,-0.14601908881793393,0.9730589803072497
207817,史孔吉,Shi Kongji,1586,cluster2_yuan_ming,明,works_general,工部,0,1,0,0,0,1,119.486,31.430706,溧陽,0,0,0,0,0,0,0.0,1.3975995756472907e-33,0.0,-0.2777070288293577,-0.17812319241819308,-0.21135081309332437,-0.107944576878429,0.7567591020175503,-0.10136673841139571
207824,胡一鴻,Hu Yihong,1586,cluster2_yuan_ming,明,hydraulic,水利/河道,0,1,0,0,0,1,121.152763,30.049067,餘姚,0,0,1,0,0,0,0.0,1.3975995756472907e-33,0.0,-0.2777070288293577,-0.17812319241819308,-0.21135081309332437,-0.107944576878429,1.1290415513181373,-0.4900172651950324
208217,李方,Li Fang,1515,cluster2_yuan_ming,明,medical,医学/医官,0,0,0,0,0,1,121.486763,31.224427,上海,0,1,0,0,0,0,0.0,1.3975995756472907e-33,0.0,-0.2777070288293577,-0.17812319241819308,-0.21135081309332437,-0.107944576878429,1.2036426422149225,-0.1593923456897098
208239,諸餘齡,Zhu Yuling,1512,cluster2_yuan_ming,明,medical,医学/医官,0,0,0,0,0,1,120.168625,30.294125,仁和,0,1,0,0,0,0,0.0,1.3975995756472907e-33,0.0,-0.2777070288293577,-0.17812319241819308,-0.21135081309332437,-0.107944576878429,0.9092278734948482,-0.4210832521912416
208864,郭子立,Guo Zili,1537,cluster2_yuan_ming,明,medical,医学/医官,0,0,0,0,0,1,120.418739,30.530447,崇德,0,1,0,0,0,0,0.0,1.3975995756472907e-33,0.0,-0.2777070288293577,-0.17812319241819308,-0.21135081309332437,-0.107944576878429,0.9650924760354411,-0.35460664738306685
209394,陳冠,Chen Guan,1503,cluster2_yuan_ming,明,works_general,工部,0,0,0,0,0,1,115.89772,28.674896,南昌,0,0,0,0,0,0,0.0,1.3975995756472907e-33,0.0,-0.2777070288293577,-0.17812319241819308,-0.21135081309332437,-0.107944576878429,-0.044706773560632615,-0.876567068031227
210050,馮淮,Feng Huai,1510,cluster2_yuan_ming,明,works_general,工部,0,0,0,0,0,1,120.618622,31.31271,長洲,0,0,0,0,0,0,0.0,1.3975995756472907e-33,0.0,-0.2777070288293577,-0.17812319241819308,-0.21135081309332437,-0.107944576878429,1.0097376552322135,-0.1345586268557452
210623,劉勳,Liu Xun,1512,cluster2_yuan_ming,明,works_general,工部,0,0,0,0,0,1,112.892959,30.420952,潛江,0,0,0,0,0,0,0.0,1.3975995756472907e-33,0.0,-0.2777070288293577,-0.17812319241819308,-0.21135081309332437,-0.107944576878429,-0.7158398528543832,-0.3854072323623371
210680,王雲鴈,Wang Yunyan,1538,cluster2_yuan_ming,明,medical,医学/医官,0,0,0,0,0,1,116.121414,34.237991,夏邑,0,1,0,0,0,0,0.0,1.3975995756472907e-33,0.0,-0.2777070288293577,-0.17812319241819308,-0.21135081309332437,-0.107944576878429,0.0052567486760885795,0.688313340163255
212887,蔣三益,Jiang Sanyi,1537,cluster2_yuan_ming,明,works_general,工部,0,0,0,0,0,1,103.830605,30.702269,溫江,0,0,0,0,0,0,0.0,1.3975995756472907e-33,0.0,-0.2777070288293577,-0.17812319241819308,-0.21135081309332437,-0.107944576878429,-2.7399760639107815,-0.3062736813818039
213162,孫甸,Sun Dian,1542,cluster2_yuan_ming,明,medical,医学/医官,0,0,0,0,0,1,120.705841,36.971165,萊陽,0,1,0,0,0,0,0.0,1.3975995756472907e-33,0.0,-0.2777070288293577,-0.17812319241819308,-0.21135081309332437,-0.107944576878429,1.0292185910014557,1.4571462371003991
214218,楊楠,Yang Nan,1535,cluster2_yuan_ming,明,medical,医学/医官,0,0,0,0,0,1,115.64607,34.44766,商丘,0,1,0,0,0,0,0.0,1.3975995756472907e-33,0.0,-0.2777070288293577,-0.17812319241819308,-0.21135081309332437,-0.107944576878429,-0.10091445177673046,0.7472925433416522
214533,沈汝材,Shen Rucai,1547,cluster2_yuan_ming,明,medical,医学/医官,0,0,0,0,0,1,117.610733,24.117096,漳浦,0,1,0,0,0,0,0.0,1.3975995756472907e-33,0.0,-0.2777070288293577,-0.17812319241819308,-0.21135081309332437,-0.107944576878429,0.33790591662012315,-2.158661284374613
214618,葉選,Ye Xuan,1542,cluster2_yuan_ming,明,works_general,工部,0,0,0,0,0,1,121.152763,30.049067,餘姚,0,0,0,0,0,0,0.0,1.3975995756472907e-33,0.0,-0.2777070288293577,-0.17812319241819308,-0.21135081309332437,-0.107944576878429,1.1290415513181373,-0.4900172651950324
214897,閻蘭,Yan Lan,1542,cluster2_yuan_ming,明,medical,医学/医官,0,0,0,0,0,1,119.752564,36.385406,高密,0,1,0,0,0,0,0.0,1.3975995756472907e-33,0.0,-0.2777070288293577,-0.17812319241819308,-0.21135081309332437,-0.107944576878429,0.816297919963091,1.2923741483577864
215205,董懋,Dong Mao,1515,cluster2_yuan_ming,明,works_general,工部,0,0,0,0,0,1,115.398987,28.015566,清江,0,0,0,0,0,0,0.0,1.3975995756472907e-33,0.0,-0.2777070288293577,-0.17812319241819308,-0.21135081309332437,-0.107944576878429,-0.1561020605852615,-1.062034438179475
215365,郝鉞,Hao Yue,1514,cluster2_yuan_ming,明,medical,医学/医官,0,0,0,0,0,1,112.564827,37.873753,陽曲,0,1,0,0,0,0,0.0,1.3975995756472907e-33,0.0,-0.2777070288293577,-0.17812319241819308,-0.21135081309332437,-0.107944576878429,-0.7891302874596061,1.7110412861461988
215368,郝國奇,Hao Guoqi,1546,cluster2_yuan_ming,明,medical,医学/医官,0,0,0,0,0,1,112.564827,37.873753,陽曲,0,1,0,0,0,0,0.0,1.3975995756472907e-33,0.0,-0.2777070288293577,-0.17812319241819308,-0.21135081309332437,-0.107944576878429,-0.7891302874596061,1.7110412861461988
216949,丁此召,Ding Cizhao,1549,cluster2_yuan_ming,明,works_general,工部,0,1,0,0,0,1,115.89772,28.674896,新建,0,0,0,0,0,0,0.0,1.3975995756472907e-33,0.0,-0.2777070288293577,-0.17812319241819308,-0.21135081309332437,-0.107944576878429,-0.044706773560632615,-0.876567068031227
221049,章蕃,Zhang Fan,1416,cluster2_yuan_ming,明,works_general,工部,0,0,0,0,0,1,119.478851,29.204453,蘭溪,0,0,0,0,0,0,0.0,1.3975995756472907e-33,0.0,-0.2777070288293577,-0.17812319241819308,-0.21135081309332437,-0.107944576878429,0.755162325973176,-0.7276044178657622
221093,章憼,Zhang Jing,1438,cluster2_yuan_ming,明,works_general,工部,0,0,0,0,0,1,119.478851,29.204453,蘭溪,0,0,0,0,0,0,0.0,1.3975995756472907e-33,0.0,-0.2777070288293577,-0.17812319241819308,-0.21135081309332437,-0.107944576878429,0.755162325973176,-0.7276044178657622
221806,郝操,Hao Cao,1551,cluster2_yuan_ming,明,medical,医学/医官,0,0,0,0,0,1,113.812805,36.068802,林縣,0,1,0,0,0,0,0.0,1.3975995756472907e-33,0.0,-0.2777070288293577,-0.17812319241819308,-0.21135081309332437,-0.107944576878429,-0.5103862149590451,1.2033144798178794
222027,翟觀,Zhai Guan,1406,cluster2_yuan_ming,明,medical,医学/医官,0,0,0,0,0,1,112.38263,34.665276,洛陽,0,1,0,0,0,0,0.0,1.3975995756472907e-33,0.0,-0.2777070288293577,-0.17812319241819308,-0.21135081309332437,-0.107944576878429,-0.8298251825437993,0.808507211599097
222076,朱儒,Zhu Ru,1531,cluster2_yuan_ming,明,medical,医学/医官,0,0,0,0,0,1,120.753204,30.767469,秀水,0,1,0,0,0,0,0.0,1.3975995756472907e-33,0.0,-0.2777070288293577,-0.17812319241819308,-0.21135081309332437,-0.107944576878429,1.039797427732425,-0.2879331348669096
222143,劉志伊,Liu Zhiyi,1524,cluster2_yuan_ming,明,works_general,工部,0,0,0,0,0,1,121.444199,29.979195,慈溪,0,0,0,0,0,1,0.0,7.50330558788574e-25,0.0,0.0895713085213861,-0.17812319241819308,-0.21135081309332437,-0.107944576878429,1.1941356936133336,-0.5096720300123445
222297,陸夢熊,Lu Mengxiong,1552,cluster2_yuan_ming,明,works_general,工部,0,0,0,0,0,1,121.152763,30.049067,餘姚,0,0,0,0,0,0,0.0,1.3975995756472907e-33,0.0,-0.2777070288293577,-0.17812319241819308,-0.21135081309332437,-0.107944576878429,1.1290415513181373,-0.4900172651950324
222736,詹思謙,Zhan Siqian,1551,cluster2_yuan_ming,明,works_general,工部,0,0,0,0,0,1,118.502663,28.903732,常山,0,0,0,0,0,0,0.0,1.3975995756472907e-33,0.0,-0.2777070288293577,-0.17812319241819308,-0.21135081309332437,-0.107944576878429,0.5371243327984734,-0.812196250511556
223051,周瀅,Zhou Ying,1528,cluster2_yuan_ming,明,medical,医学/医官,0,0,0,0,0,1,120.025253,28.897268,永康,0,1,0,0,0,0,0.0,1.3975995756472907e-33,0.0,-0.2777070288293577,-0.17812319241819308,-0.21135081309332437,-0.107944576878429,0.8772047968360047,-0.8140145525464072
223591,葛昕,Ge Xin,1543,cluster2_yuan_ming,明,works_general,工部,0,0,0,0,0,1,116.95788,37.463477,德平,0,0,0,0,0,0,0.0,1.3975995756472907e-33,0.0,-0.2777070288293577,-0.17812319241819308,-0.21135081309332437,-0.107944576878429,0.19208691663438113,1.5956319907175922
223954,沈橋,Shen Qiao,1551,cluster2_yuan_ming,明,works_general,工部,0,0,0,0,0,1,114.34333,34.785477,祥符,0,0,0,0,0,0,0.0,1.3975995756472907e-33,0.0,-0.2777070288293577,-0.17812319241819308,-0.21135081309332437,-0.107944576878429,-0.3918899761925293,0.8423193593235898
224234,張時用,Zhang Shiyong,1521,cluster2_yuan_ming,明,works_general,工部,0,0,0,0,0,1,115.393806,27.759735,新淦,0,0,0,0,0,0,0.0,1.3975995756472907e-33,0.0,-0.2777070288293577,-0.17812319241819308,-0.21135081309332437,-0.107944576878429,-0.1572592709204016,-1.1339988608091092
224589,徐袍,Xu Pao,1523,cluster2_yuan_ming,明,works_general,工部,0,1,0,0,0,1,119.478851,29.204453,蘭溪,0,0,0,0,0,3,0.0,8.689922682926126e-21,0.0,0.8241279832228736,-0.17812319241819308,-0.21135081309332437,-0.107944576878429,0.755162325973176,-0.7276044178657622
224851,何雲鳳,He Yunfeng,1523,cluster2_yuan_ming,明,medical,医学/医官,0,0,0,0,0,1,121.249023,31.385845,嘉定,0,1,0,0,0,0,0.0,1.3975995756472907e-33,0.0,-0.2777070288293577,-0.17812319241819308,-0.21135081309332437,-0.107944576878429,1.1505418537424623,-0.11398599082251111
224855,何惠,He Hui,1551,cluster2_yuan_ming,明,medical,医学/医官,0,0,0,0,0,1,121.249023,31.385845,嘉定,0,1,0,0,0,0,0.0,1.3975995756472907e-33,0.0,-0.2777070288293577,-0.17812319241819308,-0.21135081309332437,-0.107944576878429,1.1505418537424623,-0.11398599082251111
224856,何卿遷,He Qingqian,1551,cluster2_yuan_ming,明,medical,医学/医官,0,0,0,0,0,1,121.249023,31.385845,嘉定,0,1,0,0,0,0,0.0,1.3975995756472907e-33,0.0,-0.2777070288293577,-0.17812319241819308,-0.21135081309332437,-0.107944576878429,1.1505418537424623,-0.11398599082251111
225781,陳鑑,Chen Jian,1411,cluster2_yuan_ming,明,medical,医学/医官,0,0,0,0,0,1,113.34333,27.004034,攸縣,0,1,0,0,0,0,0.0,1.3975995756472907e-33,0.0,-0.2777070288293577,-0.17812319241819308,-0.21135081309332437,-0.107944576878429,-0.6152465357637399,-1.3465750777086902
225844,閔仕朝,Min Shichao,1469,cluster2_yuan_ming,明,works_general,工部,0,0,0,0,0,1,117.236359,29.382742,浮梁,0,0,0,0,0,1,0.0,7.50330558788574e-25,0.0,0.0895713085213861,-0.17812319241819308,-0.21135081309332437,-0.107944576878429,0.2542870279872101,-0.6774523059394721
225917,陸大治,Lu Dazhi,1551,cluster2_yuan_ming,明,medical,医学/医官,0,0,0,0,0,1,121.09863281,31.451000214,太倉州,0,1,0,0,0,0,0.0,1.3975995756472907e-33,0.0,-0.2777070288293577,-0.17812319241819308,-0.21135081309332437,-0.107944576878429,1.1169512183108026,-0.09565804246277254
228669,周泉,Zhou Quan,1529,cluster2_yuan_ming,明,medical,医学/医官,0,0,0,0,0,1,120.94823456,31.386108398,崑山,0,1,0,0,0,0,0.0,1.3975995756472907e-33,0.0,-0.2777070288293577,-0.17812319241819308,-0.21135081309332437,-0.107944576878429,1.0833587826252729,-0.11391189782755783
228829,王衣,Wang Yi,1529,cluster2_yuan_ming,明,medical,医学/医官,0,0,0,0,0,1,114.5443,35.66838,濬縣,0,1,0,0,0,0,0.0,1.3975995756472907e-33,0.0,-0.2777070288293577,-0.17812319241819308,-0.21135081309332437,-0.107944576878429,-0.3470020084155004,1.0906770823242091
230970,蘇起,Su Qi,1372,cluster2_yuan_ming,明,works_general,工部,0,0,0,0,0,1,115.510575,38.230526,安平,0,0,0,0,0,0,0.0,1.3975995756472907e-33,0.0,-0.2777070288293577,-0.17812319241819308,-0.21135081309332437,-0.107944576878429,-0.1311781488158298,1.8114003628602877
231275,鄒希魯,Zou Xilu,1372,cluster2_yuan_ming,明,medical,医学/医官,0,0,0,0,0,1,115.030968,31.180918,麻城,0,1,0,0,0,0,0.0,1.3975995756472907e-33,0.0,-0.2777070288293577,-0.17812319241819308,-0.21135081309332437,-0.107944576878429,-0.2383015182820997,-0.17163128492769408
232978,岳和聲,Yue Hesheng,1572,cluster2_yuan_ming,明,hydraulic,水利/河道,0,1,0,0,0,1,120.54274,30.641678,桐鄉,0,0,1,0,0,0,0.0,1.3975995756472907e-33,0.0,-0.2777070288293577,-0.17812319241819308,-0.21135081309332437,-0.107944576878429,0.9927889127788292,-0.32331773128800095
234365,余啟,Yu Qi,1578,cluster2_yuan_ming,明,hydraulic,水利/河道,0,0,0,0,0,1,117.787499,30.953846,銅陵,0,0,1,0,0,1,0.0,7.50330558788574e-25,0.0,0.0895713085213861,-0.17812319241819308,-0.21135081309332437,-0.107944576878429,0.3773877622292879,-0.23550589502325003
235073,陳伯英,Chen Boying,1583,cluster2_yuan_ming,明,works_general,工部,0,1,0,0,0,1,118.589905,24.909641,晉江,0,0,0,0,0,0,0.0,1.3975995756472907e-33,0.0,-0.2777070288293577,-0.17812319241819308,-0.21135081309332437,-0.107944576878429,0.5566104057685858,-1.9357209709137615
236313,潘諫,Pan Jian,1556,cluster2_yuan_ming,明,works_general,工部,0,0,0,0,0,1,121.152763,30.049067,餘姚,0,0,0,0,0,0,0.0,1.3975995756472907e-33,0.0,-0.2777070288293577,-0.17812319241819308,-0.21135081309332437,-0.107944576878429,1.1290415513181373,-0.4900172651950324
236325,潘同春,Pan Tongchun,1607,cluster2_yuan_ming,明,works_general,工部,0,1,0,0,0,1,121.152763,30.049067,餘姚,0,0,0,0,0,0,0.0,1.3975995756472907e-33,0.0,-0.2777070288293577,-0.17812319241819308,-0.21135081309332437,-0.107944576878429,1.1290415513181373,-0.4900172651950324
236700,劉公弼,Liu Gongbi,1372,cluster2_yuan_ming,明,works_general,工部,0,0,0,0,0,1,118.478098,36.69748,益都,0,0,0,0,0,0,0.0,1.3975995756472907e-33,0.0,-0.2777070288293577,-0.17812319241819308,-0.21135081309332437,-0.107944576878429,0.5316375789126077,1.3801595427303213
237822,蕭傑,Xiao Jie,1410,cluster2_yuan_ming,明,medical,医学/医官,0,0,0,0,0,1,105.053894,29.580755,內江,0,1,0,0,0,0,0.0,1.3975995756472907e-33,0.0,-0.2777070288293577,-0.17812319241819308,-0.21135081309332437,-0.107944576878429,-2.466746441509476,-0.6217518973957005
239199,羅綬,Luo Shou,1413,cluster2_yuan_ming,明,medical,医学/医官,0,0,0,0,0,1,117.91131592,31.29851532,無為州,0,1,0,0,0,0,0.0,1.3975995756472907e-33,0.0,-0.2777070288293577,-0.17812319241819308,-0.21135081309332437,-0.107944576878429,0.4050430834971939,-0.1385515438619421
239548,毛永震,Mao Yongzhen,1391,cluster2_yuan_ming,明,works_general,工部,0,0,0,0,0,1,112.559288,29.518757,華容,0,0,0,0,0,0,0.0,1.3975995756472907e-33,0.0,-0.2777070288293577,-0.17812319241819308,-0.21135081309332437,-0.107944576878429,-0.7903674594430709,-0.6391917317949405
239805,宋玹,Song Xuan,1416,cluster2_yuan_ming,明,works_general,工部,0,0,0,0,0,1,108.937189,34.317987,咸寧,0,0,0,0,0,0,0.0,1.3975995756472907e-33,0.0,-0.2777070288293577,-0.17812319241819308,-0.21135081309332437,-0.107944576878429,-1.5993870305093911,0.7108159530314385
240087,高清,Gao Qing,1390,cluster2_yuan_ming,明,medical,医学/医官,0,0,0,0,0,1,115.259262,36.974178,威縣,0,1,0,0,0,0,0.0,1.3975995756472907e-33,0.0,-0.2777070288293577,-0.17812319241819308,-0.21135081309332437,-0.107944576878429,-0.18731055587134857,1.4579937841348996
240649,蔣彥升,Jiang Yansheng,1389,cluster2_yuan_ming,明,medical,医学/医官,0,0,0,0,0,1,118.76899,32.052563,江寧,0,1,0,0,0,1,0.0,7.50330558788574e-25,0.0,0.0895713085213861,-0.17812319241819308,-0.21135081309332437,-0.107944576878429,0.5966102152393962,0.07355959953512392
240709,翟通,Zhai Tong,1405,cluster2_yuan_ming,明,medical,医学/医官,0,0,0,0,0,1,112.38263,34.665276,洛陽,0,1,0,0,0,0,0.0,1.3975995756472907e-33,0.0,-0.2777070288293577,-0.17812319241819308,-0.21135081309332437,-0.107944576878429,-0.8298251825437993,0.808507211599097
240767,王孟宜,Wang Mengyi,1394,cluster2_yuan_ming,明,astronomical,天文/历算,0,0,0,0,0,1,116.36800385,39.931427002,大興,1,0,0,0,0,0,0.0,1.3975995756472907e-33,0.0,-0.2777070288293577,-0.17812319241819308,-0.21135081309332437,-0.107944576878429,0.060334209197267744,2.289858245443304
241142,張時達,Zhang Shida,1431,cluster2_yuan_ming,明,works_general,工部,0,0,0,0,0,1,114.89487457,26.792102814,泰和,0,0,0,0,0,0,0.0,1.3975995756472907e-33,0.0,-0.2777070288293577,-0.17812319241819308,-0.21135081309332437,-0.107944576878429,-0.26869887858714564,-1.406190626401787
241438,吳泰,Wu Tai,1396,cluster2_yuan_ming,明,medical,医学/医官,0,0,0,0,0,1,121.227638,31.009476,華亭,0,1,0,0,0,0,0.0,1.3975995756472907e-33,0.0,-0.2777070288293577,-0.17812319241819308,-0.21135081309332437,-0.107944576878429,1.1457653737160332,-0.2198573581731944
242056,韓肅,Han Su,1411,cluster2_yuan_ming,明,medical,医学/医官,0,0,0,0,0,1,111.682915,36.259399,洪洞,0,1,0,0,0,0,0.0,1.3975995756472907e-33,0.0,-0.2777070288293577,-0.17812319241819308,-0.21135081309332437,-0.107944576878429,-0.9861111176241715,1.2569287918439458
242554,蔣讓,Jiang Rang,1437,cluster2_yuan_ming,明,medical,医学/医官,0,0,0,0,0,1,119.162735,31.946535,句容,0,1,0,0,0,0,0.0,1.3975995756472907e-33,0.0,-0.2777070288293577,-0.17812319241819308,-0.21135081309332437,-0.107944576878429,0.6845557437877614,0.04373427030381615
242643,李宗善,Li Zongshan,1407,cluster2_yuan_ming,明,astronomical,天文/历算,0,0,0,0,0,1,116.584183,34.703617,豐縣,1,0,0,0,0,0,0.0,1.3975995756472907e-33,0.0,-0.2777070288293577,-0.17812319241819308,-0.21135081309332437,-0.107944576878429,0.10861924039229687,0.8192924093587234
243454,李昇,Li Sheng,1408,cluster2_yuan_ming,明,medical,医学/医官,0,0,0,0,0,1,117.034676,30.512295,懷寧,0,1,0,0,0,0,0.0,1.3975995756472907e-33,0.0,-0.2777070288293577,-0.17812319241819308,-0.21135081309332437,-0.107944576878429,0.20923980698321218,-0.35971274554776506
243972,李宗政,Li Zongzheng,1409,cluster2_yuan_ming,明,works_general,工部,0,0,0,0,0,1,116.822527,35.555646,滋陽,0,0,0,0,0,0,0.0,1.3975995756472907e-33,0.0,-0.2777070288293577,-0.17812319241819308,-0.21135081309332437,-0.107944576878429,0.16185493622673702,1.0589653772504344
244025,王致中,Wang Zhizhong,1409,cluster2_yuan_ming,明,medical,医学/医官,0,0,0,0,0,1,112.559288,29.518757,華容,0,1,0,0,0,0,0.0,1.3975995756472907e-33,0.0,-0.2777070288293577,-0.17812319241819308,-0.21135081309332437,-0.107944576878429,-0.7903674594430709,-0.6391917317949405
244515,陳駿,Chen Jun,1440,cluster2_yuan_ming,明,medical,医学/医官,0,0,0,0,0,1,113.256066,23.134624,南海,0,1,0,0,0,0,0.0,1.3975995756472907e-33,0.0,-0.2777070288293577,-0.17812319241819308,-0.21135081309332437,-0.107944576878429,-0.6347375225781599,-2.4350274410553188
245493,林鈍,Lin Dun,1408,cluster2_yuan_ming,明,works_general,工部,0,0,0,0,0,1,119.321577,26.073954,閩縣,0,0,0,0,0,0,0.0,1.3975995756472907e-33,0.0,-0.2777070288293577,-0.17812319241819308,-0.21135081309332437,-0.107944576878429,0.7200341464231732,-1.6082035363371199
245497,林清源,Lin Qingyuan,1436,cluster2_yuan_ming,明,works_general,工部,0,0,0,0,0,1,119.321577,26.073954,閩縣,0,0,0,0,0,0,0.0,1.3975995756472907e-33,0.0,-0.2777070288293577,-0.17812319241819308,-0.21135081309332437,-0.107944576878429,0.7200341464231732,-1.6082035363371199
246035,項備,Xiang Bei,1400,cluster2_yuan_ming,明,works_general,工部,0,0,0,0,0,1,120.630691,27.790512,瑞安,0,0,0,0,0,0,0.0,1.3975995756472907e-33,0.0,-0.2777070288293577,-0.17812319241819308,-0.21135081309332437,-0.107944576878429,1.0124333455496777,-1.1253413914825916
246368,孟鑑,Meng Jian,1414,cluster2_yuan_ming,明,works_general,工部,0,0,0,0,0,1,115.50209045,38.855701447,保定府,0,0,0,0,0,0,0.0,1.3975995756472907e-33,0.0,-0.2777070288293577,-0.17812319241819308,-0.21135081309332437,-0.107944576878429,-0.13307322871334099,1.98726016908228
246821,李綸,Li Lun,1409,cluster2_yuan_ming,明,medical,医学/医官,0,0,0,0,0,1,112.8391571,35.504318237,澤州,0,1,0,0,0,0,0.0,1.3975995756472907e-33,0.0,-0.2777070288293577,-0.17812319241819308,-0.21135081309332437,-0.107944576878429,-0.72785686013678,1.0445270455816145
246846,胡思弘,Hu Sihong,1413,cluster2_yuan_ming,明,works_general,工部,0,0,0,0,0,1,117.776588,28.208446,鉛山,0,0,0,0,0,0,0.0,1.3975995756472907e-33,0.0,-0.2777070288293577,-0.17812319241819308,-0.21135081309332437,-0.107944576878429,0.37495071880780795,-1.0077779257286632
247474,張聰,Zhang Cong,1397,cluster2_yuan_ming,明,medical,医学/医官,0,0,0,0,0,1,107.140381,34.38187,寶雞,0,1,0,0,0,0,0.0,1.3975995756472907e-33,0.0,-0.2777070288293577,-0.17812319241819308,-0.21135081309332437,-0.107944576878429,-2.0007158835994185,0.7287860317586009
247478,張輔,Zhang Fu,1425,cluster2_yuan_ming,明,medical,医学/医官,0,0,0,0,0,1,107.140381,34.38187,寶雞,0,1,0,0,0,0,0.0,1.3975995756472907e-33,0.0,-0.2777070288293577,-0.17812319241819308,-0.21135081309332437,-0.107944576878429,-2.0007158835994185,0.7287860317586009
248149,劉昭,Liu Zhao,1416,cluster2_yuan_ming,明,works_general,工部,0,0,0,0,0,1,108.07798767,35.039661407,邠州,0,0,0,0,0,0,0.0,1.3975995756472907e-33,0.0,-0.2777070288293577,-0.17812319241819308,-0.21135081309332437,-0.107944576878429,-1.7912952835572005,0.9138206007337809
248749,向銘,Xiang Ming,1414,cluster2_yuan_ming,明,medical,医学/医官,0,0,0,0,0,1,107.245957,31.925125,通江,0,1,0,0,0,0,0.0,1.3975995756472907e-33,0.0,-0.2777070288293577,-0.17812319241819308,-0.21135081309332437,-0.107944576878429,-1.9771347914661286,0.03771170740682391
248752,向濬,Xiang Xun,1442,cluster2_yuan_ming,明,medical,医学/医官,0,0,0,0,0,1,107.245957,31.925125,通江,0,1,0,0,0,0,0.0,1.3975995756472907e-33,0.0,-0.2777070288293577,-0.17812319241819308,-0.21135081309332437,-0.107944576878429,-1.9771347914661286,0.03771170740682391
249095,樂鐩,Yue Sui,1436,cluster2_yuan_ming,明,medical,医学/医官,0,0,0,0,0,1,121.711716,29.953701,定海,0,1,0,0,0,0,0.0,1.3975995756472907e-33,0.0,-0.2777070288293577,-0.17812319241819308,-0.21135081309332437,-0.107944576878429,1.2538873703601447,-0.5168434087370496
249950,張聰,Zhang Cong,1409,cluster2_yuan_ming,明,medical,医学/医官,0,0,0,0,0,1,114.607079,36.341301,臨漳,0,1,0,0,0,0,0.0,1.3975995756472907e-33,0.0,-0.2777070288293577,-0.17812319241819308,-0.21135081309332437,-0.107944576878429,-0.33297990696218116,1.2799675562712913
249956,張旭,Zhang Xu,1437,cluster2_yuan_ming,明,medical,医学/医官,0,0,0,0,0,1,114.607079,36.341301,臨漳,0,1,0,0,0,0,0.0,1.3975995756472907e-33,0.0,-0.2777070288293577,-0.17812319241819308,-0.21135081309332437,-0.107944576878429,-0.33297990696218116,1.2799675562712913
250074,滑志鏞,Hua Zhiyong,1414,cluster2_yuan_ming,明,medical,医学/医官,0,0,0,0,0,1,121.152763,30.049067,餘姚,0,1,0,0,0,0,0.0,1.3975995756472907e-33,0.0,-0.2777070288293577,-0.17812319241819308,-0.21135081309332437,-0.107944576878429,1.1290415513181373,-0.4900172651950324
250083,滑思傑,Hua Sijie,1442,cluster2_yuan_ming,明,medical,医学/医官,0,0,0,0,0,1,121.152763,30.049067,餘姚,0,1,0,0,0,0,0.0,1.3975995756472907e-33,0.0,-0.2777070288293577,-0.17812319241819308,-0.21135081309332437,-0.107944576878429,1.1290415513181373,-0.4900172651950324
251622,朱信,Zhu Xin,1392,cluster2_yuan_ming,明,works_general,工部,0,0,0,0,0,1,121.227638,31.009476,華亭,0,0,0,0,0,0,0.0,1.3975995756472907e-33,0.0,-0.2777070288293577,-0.17812319241819308,-0.21135081309332437,-0.107944576878429,1.1457653737160332,-0.2198573581731944
253611,汪某清,Wang Mouqing,1417,cluster2_yuan_ming,明,medical,医学/医官,0,0,0,0,0,1,118.58410645,30.077772141,績溪,0,1,0,0,0,0,0.0,1.3975995756472907e-33,0.0,-0.2777070288293577,-0.17812319241819308,-0.21135081309332437,-0.107944576878429,0.5553152615900822,-0.48194260302130365
253840,趙怡,Zhao Yi,1443,cluster2_yuan_ming,明,medical,医学/医官,0,0,0,0,0,1,113.380028,36.504337,黎城,0,1,0,0,0,0,0.0,1.3975995756472907e-33,0.0,-0.2777070288293577,-0.17812319241819308,-0.21135081309332437,-0.107944576878429,-0.6070497967405953,1.3258290492406533
255042,尚綗,Shang Jiong,1453,cluster2_yuan_ming,明,works_general,工部,0,0,0,0,0,1,120.753204,30.767469,嘉興,0,0,0,0,0,0,0.0,1.3975995756472907e-33,0.0,-0.2777070288293577,-0.17812319241819308,-0.21135081309332437,-0.107944576878429,1.039797427732425,-0.2879331348669096
258078,仲蘭,Zhong Lan,1436,cluster2_yuan_ming,明,medical,医学/医官,0,0,0,0,0,1,119.310043,33.235947,寶應,0,1,0,0,0,2,1.0,9.591778628167397e-20,0.0,0.45684964587212995,7.548737710309318,-0.21135081309332437,-0.107944576878429,0.7174579518650762,0.4064416439673733
258578,戴冕,Dai Mian,1434,cluster2_yuan_ming,明,medical,医学/医官,0,0,0,0,0,1,116.5672,30.630346,潛山,0,1,0,0,0,0,0.0,1.3975995756472907e-33,0.0,-0.2777070288293577,-0.17812319241819308,-0.21135081309332437,-0.107944576878429,0.10482597594109985,-0.32650538578350374
260290,曹暠,Cao Hao,1424,cluster2_yuan_ming,明,works_general,工部,0,0,0,0,0,1,120.26609,31.90877,江陰,0,0,0,0,0,1,0.0,7.50330558788574e-25,0.0,0.0895713085213861,-0.17812319241819308,-0.21135081309332437,-0.107944576878429,0.9309973205734562,0.03311109945818705
260984,李昂,Li Ang,1469,cluster2_yuan_ming,明,medical,医学/医官,0,0,0,0,0,1,119.752564,36.385406,高密,0,1,0,0,0,0,0.0,1.3975995756472907e-33,0.0,-0.2777070288293577,-0.17812319241819308,-0.21135081309332437,-0.107944576878429,0.816297919963091,1.2923741483577864
261518,官毅,Guan Yi,1452,cluster2_yuan_ming,明,medical,医学/医官,0,0,0,0,0,1,119.94828033,36.788230896,平度州,0,1,0,0,0,0,0.0,1.3975995756472907e-33,0.0,-0.2777070288293577,-0.17812319241819308,-0.21135081309332437,-0.107944576878429,0.8600124460837938,1.4056874726284265
261873,方彬,Fang Bin,1453,cluster2_yuan_ming,明,works_general,工部,0,0,0,0,0,1,119.011101,25.433954,莆田,0,0,0,0,0,0,0.0,1.3975995756472907e-33,0.0,-0.2777070288293577,-0.17812319241819308,-0.21135081309332437,-0.107944576878429,0.6506872952337401,-1.788233440777808
262480,寧得中,Ning Dezhong,1394,cluster2_yuan_ming,明,medical,医学/医官,0,0,0,0,0,1,119.44429,32.20649,丹徒,0,1,0,0,0,0,0.0,1.3975995756472907e-33,0.0,-0.2777070288293577,-0.17812319241819308,-0.21135081309332437,-0.107944576878429,0.747442899917833,0.11685876063019002
263110,呂錡,Lv Yi,1456,cluster2_yuan_ming,明,medical,医学/医官,0,0,0,0,0,1,115.03542328,38.032493591,晉州,0,1,0,0,0,0,0.0,1.3975995756472907e-33,0.0,-0.2777070288293577,-0.17812319241819308,-0.21135081309332437,-0.107944576878429,-0.23730640226937283,1.7556944946283672
263208,臧麟,Zang Lin,1454,cluster2_yuan_ming,明,works_general,工部,0,0,0,0,0,1,116.986059,35.597553,曲阜,0,0,0,0,0,0,0.0,1.3975995756472907e-33,0.0,-0.2777070288293577,-0.17812319241819308,-0.21135081309332437,-0.107944576878429,0.198380881126537,1.070753679133864
263711,楊珪,Yang Gui,1449,cluster2_yuan_ming,明,medical,医学/医官,0,0,0,0,0,1,113.789421,34.994549,原武,0,1,0,0,0,0,0.0,1.3975995756472907e-33,0.0,-0.2777070288293577,-0.17812319241819308,-0.21135081309332437,-0.107944576878429,-0.5156091847480568,0.9011306283567512
264201,高淮,Gao Huai,1447,cluster2_yuan_ming,明,medical,医学/医官,0,0,0,0,0,1,119.437187,32.39127,江都,0,1,0,0,0,1,0.0,7.50330558788574e-25,0.0,0.0895713085213861,-0.17812319241819308,-0.21135081309332437,-0.107944576878429,0.7458563982751986,0.16883676960292385
265720,胡瑛,Hu Ying,1433,cluster2_yuan_ming,明,medical,医学/医官,0,0,0,0,0,1,110.31812,19.70247,定安,0,1,0,0,0,0,0.0,1.3975995756472907e-33,0.0,-0.2777070288293577,-0.17812319241819308,-0.21135081309332437,-0.107944576878429,-1.290947033344162,-3.4004811233142624
265743,李倫,Li Lun,1458,cluster2_yuan_ming,明,astronomical,天文/历算,0,0,0,0,0,1,118.76899,32.052563,上元,1,0,0,0,0,0,0.0,1.3975995756472907e-33,0.0,-0.2777070288293577,-0.17812319241819308,-0.21135081309332437,-0.107944576878429,0.5966102152393962,0.07355959953512392
265747,孫端,Sun Duan,1390,cluster2_yuan_ming,明,military_industrial,军器/制造,0,0,0,0,0,1,117.622918,36.991348,齊東,0,0,0,1,0,0,0.0,1.3975995756472907e-33,0.0,-0.2777070288293577,-0.17812319241819308,-0.21135081309332437,-0.107944576878429,0.34062751629849886,1.4628236489149724
266171,王拳,Wang Quan,1400,cluster2_yuan_ming,明,medical,医学/医官,0,0,0,0,0,1,121.227638,31.009476,華亭,0,1,0,0,0,0,0.0,1.3975995756472907e-33,0.0,-0.2777070288293577,-0.17812319241819308,-0.21135081309332437,-0.107944576878429,1.1457653737160332,-0.2198573581731944
266367,李耑,Li Zhuan,1456,cluster2_yuan_ming,明,medical,医学/医官,0,0,0,0,0,1,117.879116,33.132603,五河,0,1,0,0,0,0,0.0,1.3975995756472907e-33,0.0,-0.2777070288293577,-0.17812319241819308,-0.21135081309332437,-0.107944576878429,0.3978510201475233,0.3773713151478133
266607,程昂,Cheng Ang,1461,cluster2_yuan_ming,明,medical,医学/医官,0,0,0,0,0,1,117.706978,29.854147,祁門,0,1,0,0,0,0,0.0,1.3975995756472907e-33,0.0,-0.2777070288293577,-0.17812319241819308,-0.21135081309332437,-0.107944576878429,0.3594028686960566,-0.5448476229662493
267294,胡睿,Hu Rui,1430,cluster2_yuan_ming,明,works_general,工部,0,0,0,0,0,1,114.682724,35.19836,長垣,0,0,0,0,0,0,0.0,1.3975995756472907e-33,0.0,-0.2777070288293577,-0.17812319241819308,-0.21135081309332437,-0.107944576878429,-0.3160841000134182,0.9584619953160658
267301,孫善,Sun Shan,1436,cluster2_yuan_ming,明,medical,医学/医官,0,0,0,0,0,1,120.827072,37.302383,棲霞,0,1,0,0,0,0,0.0,1.3975995756472907e-33,0.0,-0.2777070288293577,-0.17812319241819308,-0.21135081309332437,-0.107944576878429,1.056296330074832,1.5503167759895173
268124,費傑,Fei Jie,1420,cluster2_yuan_ming,明,medical,医学/医官,0,0,0,0,0,1,120.578262,30.004515,山陰,0,1,0,0,0,0,0.0,1.3975995756472907e-33,0.0,-0.2777070288293577,-0.17812319241819308,-0.21135081309332437,-0.107944576878429,1.0007229844879177,-0.5025495969179097
268529,李勳,Li Xun,1465,cluster2_yuan_ming,明,astronomical,天文/历算,0,0,0,0,0,1,120.94823456,31.386108398,崑山,1,0,0,0,0,0,0.0,1.3975995756472907e-33,0.0,-0.2777070288293577,-0.17812319241819308,-0.21135081309332437,-0.107944576878429,1.0833587826252729,-0.11391189782755783
269125,楊雲,Yang Yun,1432,cluster2_yuan_ming,明,works_general,工部,0,0,0,0,0,1,121.227638,31.009476,華亭,0,0,0,0,0,1,0.0,7.50330558788574e-25,0.0,0.0895713085213861,-0.17812319241819308,-0.21135081309332437,-0.107944576878429,1.1457653737160332,-0.2198573581731944
269496,張珷,Zhang Wu,1429,cluster2_yuan_ming,明,medical,医学/医官,0,0,0,0,0,1,118.998154,32.690521,天長,0,1,0,0,0,0,0.0,1.3975995756472907e-33,0.0,-0.2777070288293577,-0.17812319241819308,-0.21135081309332437,-0.107944576878429,0.6477954978569724,0.253015096061955
269784,康澤,Kang Ze,1473,cluster2_yuan_ming,明,medical,医学/医官,0,0,0,0,0,1,108.105102,34.332054,武功,0,1,0,0,0,0,0.0,1.3975995756472907e-33,0.0,-0.2777070288293577,-0.17812319241819308,-0.21135081309332437,-0.107944576878429,-1.7852391200933213,0.7147729540716989
270167,韓士明,Han Shiming,1469,cluster2_yuan_ming,明,medical,医学/医官,0,0,0,0,0,1,111.682915,36.259399,洪洞,0,1,0,0,0,0,0.0,1.3975995756472907e-33,0.0,-0.2777070288293577,-0.17812319241819308,-0.21135081309332437,-0.107944576878429,-0.9861111176241715,1.2569287918439458
272267,高恮,Gao Quan,1442,cluster2_yuan_ming,明,works_general,工部,0,0,0,0,0,1,120.94823456,31.386108398,崑山,0,0,0,0,0,0,0.0,1.3975995756472907e-33,0.0,-0.2777070288293577,-0.17812319241819308,-0.21135081309332437,-0.107944576878429,1.0833587826252729,-0.11391189782755783
272619,李鋒,Li Feng,1470,cluster2_yuan_ming,明,medical,医学/医官,0,0,0,0,0,1,120.705841,36.971165,萊陽,0,1,0,0,0,0,0.0,1.3975995756472907e-33,0.0,-0.2777070288293577,-0.17812319241819308,-0.21135081309332437,-0.107944576878429,1.0292185910014557,1.4571462371003991
274121,高銓,Gao Quan,1459,cluster2_yuan_ming,明,works_general,工部,0,0,0,0,0,1,119.437187,32.39127,江都,0,0,0,0,0,0,0.0,1.3975995756472907e-33,0.0,-0.2777070288293577,-0.17812319241819308,-0.21135081309332437,-0.107944576878429,0.7458563982751986,0.16883676960292385
275293,屠奎,Tu Kui,1473,cluster2_yuan_ming,明,works_general,工部,0,0,0,0,0,1,121.012344,30.70422,平湖,0,0,0,0,0,0,0.0,1.3975995756472907e-33,0.0,-0.2777070288293577,-0.17812319241819308,-0.21135081309332437,-0.107944576878429,1.097678046579709,-0.305724871469986
277139,張王忽,Zhang Wang?Hu,1441,cluster2_yuan_ming,明,works_general,工部,0,0,0,0,0,0,,,,0,0,0,0,0,0,0.0,1.3975995756472907e-33,0.0,-0.2777070288293577,-0.17812319241819308,-0.21135081309332437,-0.107944576878429,-3.174087617753835e-15,-1.9987334503111837e-15
277629,張繪,Zhang Hui,1462,cluster2_yuan_ming,明,medical,医学/医官,0,0,0,0,0,1,120.168625,30.294125,仁和,0,1,0,0,0,0,0.0,1.3975995756472907e-33,0.0,-0.2777070288293577,-0.17812319241819308,-0.21135081309332437,-0.107944576878429,0.9092278734948482,-0.4210832521912416
278021,傅浚,Fu Xun,1451,cluster2_yuan_ming,明,works_general,工部,0,0,0,0,0,1,118.537849,24.953764,南安,0,0,0,0,0,0,0.0,1.3975995756472907e-33,0.0,-0.2777070288293577,-0.17812319241819308,-0.21135081309332437,-0.107944576878429,0.5449833567035451,-1.9233093154862047
278849,鄭汜,Zheng Si,1483,cluster2_yuan_ming,明,medical,医学/医官,0,0,0,0,0,1,118.191361,28.438469,永豐,0,1,0,0,0,0,0.0,1.3975995756472907e-33,0.0,-0.2777070288293577,-0.17812319241819308,-0.21135081309332437,-0.107944576878429,0.46759298909083696,-0.9430732089955993
279518,高魁,Gao Kui,1454,cluster2_yuan_ming,明,works_general,工部,0,0,0,0,0,1,113.719086,34.397324,新鄭,0,0,0,0,0,0,0.0,1.3975995756472907e-33,0.0,-0.2777070288293577,-0.17812319241819308,-0.21135081309332437,-0.107944576878429,-0.5313189683654979,0.7331331913573916
281306,朱稷,Zhu Ji,1451,cluster2_yuan_ming,明,works_general,工部,0,0,0,0,0,1,120.733788,31.646582,常熟,0,0,0,0,0,0,0.0,1.3975995756472907e-33,0.0,-0.2777070288293577,-0.17812319241819308,-0.21135081309332437,-0.107944576878429,1.0354607367717918,-0.040641526456649514
282018,王格,Wang Ge,1446,cluster2_yuan_ming,明,works_general,工部,0,0,0,0,0,1,120.26609,31.90877,江陰,0,0,0,0,0,1,0.0,7.50330558788574e-25,0.0,0.0895713085213861,-0.17812319241819308,-0.21135081309332437,-0.107944576878429,0.9309973205734562,0.03311109945818705
283643,張澤,Zhang Ze,1389,cluster2_yuan_ming,明,medical,医学/医官,0,0,0,0,0,1,108.906976,34.246423,長安,0,1,0,0,0,0,0.0,1.3975995756472907e-33,0.0,-0.2777070288293577,-0.17812319241819308,-0.21135081309332437,-0.107944576878429,-1.6061353022437168,0.6906852341542608
283976,張瓉,Zhang Zan,1417,cluster2_yuan_ming,明,medical,医学/医官,0,0,0,0,0,1,108.906976,34.246423,長安,0,1,0,0,0,0,0.0,1.3975995756472907e-33,0.0,-0.2777070288293577,-0.17812319241819308,-0.21135081309332437,-0.107944576878429,-1.6061353022437168,0.6906852341542608
287788,王觀,Wang Guan,1471,cluster2_yuan_ming,明,medical,医学/医官,0,0,0,0,0,1,120.618622,31.31271,長洲,0,1,0,0,0,0,0.0,1.3975995756472907e-33,0.0,-0.2777070288293577,-0.17812319241819308,-0.21135081309332437,-0.107944576878429,1.0097376552322135,-0.1345586268557452
288722,丁栝,Ding Gua,1489,cluster2_yuan_ming,明,medical,医学/医官,0,0,0,0,0,1,117.034676,30.512295,懷寧,0,1,0,0,0,0,0.0,1.3975995756472907e-33,0.0,-0.2777070288293577,-0.17812319241819308,-0.21135081309332437,-0.107944576878429,0.20923980698321218,-0.35971274554776506
288868,徐惪,Xu De,1474,cluster2_yuan_ming,明,works_general,工部,0,0,0,0,0,1,121.152763,30.049067,餘姚,0,0,0,0,0,0,0.0,1.3975995756472907e-33,0.0,-0.2777070288293577,-0.17812319241819308,-0.21135081309332437,-0.107944576878429,1.1290415513181373,-0.4900172651950324
290765,黃珂,Huang Ke,1472,cluster2_yuan_ming,明,works_general,工部,0,0,0,0,0,1,105.812285,30.194462,遂寧,0,0,0,0,0,0,0.0,1.3975995756472907e-33,0.0,-0.2777070288293577,-0.17812319241819308,-0.21135081309332437,-0.107944576878429,-2.2973548369397054,-0.4491181277635419
292092,張翼翶,Zhang Yiao,1493,cluster2_yuan_ming,明,medical,医学/医官,0,0,0,0,0,1,117.537746,32.865348,鳳陽,0,1,0,0,0,0,0.0,1.3975995756472907e-33,0.0,-0.2777070288293577,-0.17812319241819308,-0.21135081309332437,-0.107944576878429,0.3216037914066997,0.3021933587239116
292308,王山,Wang Shan,1472,cluster2_yuan_ming,明,medical,医学/医官,0,0,0,0,0,1,121.486763,31.224427,上海,0,1,0,0,0,0,0.0,1.3975995756472907e-33,0.0,-0.2777070288293577,-0.17812319241819308,-0.21135081309332437,-0.107944576878429,1.2036426422149225,-0.1593923456897098
292584,吳傑,Wu Jie,1472,cluster2_yuan_ming,明,medical,医学/医官,0,0,0,0,0,1,119.952301,31.782784,武進,0,1,0,0,0,1,0.0,7.50330558788574e-25,0.0,0.0895713085213861,-0.17812319241819308,-0.21135081309332437,-0.107944576878429,0.8609104891021656,-0.002328349824414023
292592,吳希曾,Wu XiZeng,1500,cluster2_yuan_ming,明,medical,医学/医官,0,1,0,0,0,1,119.952301,31.782784,武進,0,1,0,0,0,1,0.0,7.50330558788574e-25,0.0,0.0895713085213861,-0.17812319241819308,-0.21135081309332437,-0.107944576878429,0.8609104891021656,-0.002328349824414023
292633,胡應相,Hu Yingxiang,1475,cluster2_yuan_ming,明,medical,医学/医官,0,0,0,0,0,1,110.396965,28.458191,沅陵,0,1,0,0,0,0,0.0,1.3975995756472907e-33,0.0,-0.2777070288293577,-0.17812319241819308,-0.21135081309332437,-0.107944576878429,-1.2733364854047697,-0.9375254749715699
293621,陶埜,Tao Ye,1470,cluster2_yuan_ming,明,medical,医学/医官,0,0,0,0,0,1,116.551216,29.896095,彭澤,0,1,0,0,0,0,0.0,1.3975995756472907e-33,0.0,-0.2777070288293577,-0.17812319241819308,-0.21135081309332437,-0.107944576878429,0.10125584469291293,-0.5330477879170655
293627,陶欽時,Tao Qinshi,1498,cluster2_yuan_ming,明,medical,医学/医官,0,0,0,0,0,1,116.551216,29.896095,彭澤,0,1,0,0,0,0,0.0,1.3975995756472907e-33,0.0,-0.2777070288293577,-0.17812319241819308,-0.21135081309332437,-0.107944576878429,0.10125584469291293,-0.5330477879170655
293642,劉廷重,Liu Tingzhong,1458,cluster2_yuan_ming,明,works_general,工部,0,0,0,0,0,1,115.89772,28.674896,南昌,0,0,0,0,0,0,0.0,1.3975995756472907e-33,0.0,-0.2777070288293577,-0.17812319241819308,-0.21135081309332437,-0.107944576878429,-0.044706773560632615,-0.876567068031227
294567,雷瀛,Lei Ying,1535,cluster2_yuan_ming,明,works_general,工部,0,0,0,0,0,1,115.785782,28.197754,豐城,0,0,0,0,0,1,0.0,3.4883880989801677e-13,0.0,0.0895713085213861,-0.17812319241819308,-0.2113508130735916,-0.107944576878429,-0.06970886012591684,-1.0107855503197252
294830,周復吳,Zhou Fuwu,1494,cluster2_yuan_ming,明,medical,医学/医官,0,0,0,0,0,1,120.94823456,31.386108398,崑山,0,1,0,0,0,0,0.0,1.3975995756472907e-33,0.0,-0.2777070288293577,-0.17812319241819308,-0.21135081309332437,-0.107944576878429,1.0833587826252729,-0.11391189782755783
295716,陳澐,Chen Yun,1468,cluster2_yuan_ming,明,medical,医学/医官,0,0,0,0,0,1,120.637787,31.167065,吳江,0,1,0,0,0,0,0.0,1.3975995756472907e-33,0.0,-0.2777070288293577,-0.17812319241819308,-0.21135081309332437,-0.107944576878429,1.0140182836963958,-0.17552808846865717
296107,林庭木昂,Lin Tingmu?Ang,1504,cluster2_yuan_ming,明,works_general,工部,0,0,0,0,0,1,119.321577,26.073954,閩縣,0,0,0,0,0,1,0.0,3.324640288520781e-13,0.0,0.0895713085213861,-0.17812319241819308,-0.2113508130745179,-0.107944576878429,0.7200341464231732,-1.6082035363371199
298129,林庭木昂,Lin Tingmu?Ang,1503,cluster2_yuan_ming,明,works_general,工部,0,0,0,0,0,1,119.321577,26.073954,閩縣,0,0,0,0,0,0,0.0,1.3975995756472907e-33,0.0,-0.2777070288293577,-0.17812319241819308,-0.21135081309332437,-0.107944576878429,0.7200341464231732,-1.6082035363371199
298392,盧志,Lu Zhi,1474,cluster2_yuan_ming,明,medical,医学/医官,0,0,0,0,0,1,120.94823456,31.386108398,崑山,0,1,0,0,0,0,0.0,1.3975995756472907e-33,0.0,-0.2777070288293577,-0.17812319241819308,-0.21135081309332437,-0.107944576878429,1.0833587826252729,-0.11391189782755783
298672,吳洲,Wu Zhou,1510,cluster2_yuan_ming,明,medical,医学/医官,0,0,0,0,0,1,120.168625,30.294125,錢塘,0,1,0,0,0,1,0.0,1.2214683322293903e-20,0.0,0.0895713085213861,-0.17812319241819308,-0.21135081309332437,-0.107944576878429,0.9092278734948482,-0.4210832521912416
299005,沈經,Shen Jing,1471,cluster2_yuan_ming,明,medical,医学/医官,0,0,0,0,0,1,120.637787,31.167065,吳江,0,1,0,0,0,0,0.0,1.3975995756472907e-33,0.0,-0.2777070288293577,-0.17812319241819308,-0.21135081309332437,-0.107944576878429,1.0140182836963958,-0.17552808846865717
299719,劉錄,Liu Lu,1478,cluster2_yuan_ming,明,works_general,工部,0,0,0,0,0,1,116.663833,28.994167,鄱陽,0,0,0,0,0,0,0.0,1.3975995756472907e-33,0.0,-0.2777070288293577,-0.17812319241819308,-0.21135081309332437,-0.107944576878429,0.126409590362144,-0.7867571811239099
302480,陸傑,Lu Jie,1509,cluster2_yuan_ming,明,works_general,工部,0,0,0,0,0,1,121.012344,30.70422,平湖,0,0,0,0,0,0,0.0,1.3975995756472907e-33,0.0,-0.2777070288293577,-0.17812319241819308,-0.21135081309332437,-0.107944576878429,1.097678046579709,-0.305724871469986
303081,陳禮,Chen Li,1397,cluster2_yuan_ming,明,medical,医学/医官,0,0,0,0,0,1,113.256066,23.134624,南海,0,1,0,0,0,0,0.0,1.3975995756472907e-33,0.0,-0.2777070288293577,-0.17812319241819308,-0.21135081309332437,-0.107944576878429,-0.6347375225781599,-2.4350274410553188
303538,杜琇,Du Xiu,1497,cluster2_yuan_ming,明,medical,医学/医官,0,0,0,0,0,1,117.276459,31.864456,合肥,0,1,0,0,0,0,0.0,1.3975995756472907e-33,0.0,-0.2777070288293577,-0.17812319241819308,-0.21135081309332437,-0.107944576878429,0.26324362602601775,0.020645716356023556
304921,徐翼,Xu Yi,1514,cluster2_yuan_ming,明,medical,医学/医官,0,0,0,0,0,1,117.034592,30.124186,建德,0,1,0,0,0,0,0.0,1.3975995756472907e-33,0.0,-0.2777070288293577,-0.17812319241819308,-0.21135081309332437,-0.107944576878429,0.20922104503220795,-0.46888653645803213
305371,許龜年,Xu Guinian,1485,cluster2_yuan_ming,明,works_general,工部,0,0,0,0,0,1,111.222092,26.332001,東安,0,0,0,0,0,0,0.0,1.3975995756472907e-33,0.0,-0.2777070288293577,-0.17812319241819308,-0.21135081309332437,-0.107944576878429,-1.0890389574754533,-1.53561576016336
305376,許應元,Xu Yingyuan,1513,cluster2_yuan_ming,明,works_general,工部,0,0,0,0,0,1,111.222092,26.332001,東安,0,0,0,0,0,0,0.0,1.3975995756472907e-33,0.0,-0.2777070288293577,-0.17812319241819308,-0.21135081309332437,-0.107944576878429,-1.0890389574754533,-1.53561576016336
305789,陸階,Lu Jie,1487,cluster2_yuan_ming,明,medical,医学/医官,0,0,0,0,0,1,120.099312,30.864964,歸安,0,1,0,0,0,0,0.0,1.3975995756472907e-33,0.0,-0.2777070288293577,-0.17812319241819308,-0.21135081309332437,-0.107944576878429,0.8937463602812871,-0.2605081105959014
306526,任琦,Ren Qi,1517,cluster2_yuan_ming,明,medical,医学/医官,0,0,0,0,0,1,113.1128,36.1829,長治,0,1,0,0,0,0,0.0,1.3975995756472907e-33,0.0,-0.2777070288293577,-0.17812319241819308,-0.21135081309332437,-0.107944576878429,-0.6667369234416914,1.235409873625494
306782,趙世美,Zhao Shimei,1514,cluster2_yuan_ming,明,medical,医学/医官,0,0,0,0,0,1,121.152763,30.049067,餘姚,0,1,0,0,0,1,0.0,8.668041168429017e-13,0.0,0.0895713085213861,-0.17812319241819308,-0.2113508130442919,-0.107944576878429,1.1290415513181373,-0.4900172651950324
307461,叚鍊,Xia Lian,1508,cluster2_yuan_ming,明,works_general,工部,0,0,0,0,0,1,104.428528,31.649504,安縣,0,0,0,0,0,0,0.0,1.3975995756472907e-33,0.0,-0.2777070288293577,-0.17812319241819308,-0.21135081309332437,-0.107944576878429,-2.606426039742286,-0.039819577424187035
307518,朱寅,Zhu Yin,1472,cluster2_yuan_ming,明,works_general,工部,0,0,0,0,0,1,120.733788,31.646582,常熟,0,0,0,0,0,0,0.0,1.3975995756472907e-33,0.0,-0.2777070288293577,-0.17812319241819308,-0.21135081309332437,-0.107944576878429,1.0354607367717918,-0.040641526456649514
307591,徐綬,Xu Shou,1481,cluster2_yuan_ming,明,medical,医学/医官,0,0,0,0,0,1,113.81974792,34.031391144,許州,0,1,0,0,0,0,0.0,1.3975995756472907e-33,0.0,-0.2777070288293577,-0.17812319241819308,-0.21135081309332437,-0.107944576878429,-0.508835468234467,0.6301974771427228
308709,徐椅,Xu Yi,1487,cluster2_yuan_ming,明,medical,医学/医官,0,0,0,0,0,1,117.202271,28.287901,貴溪,0,1,0,0,0,0,0.0,1.3975995756472907e-33,0.0,-0.2777070288293577,-0.17812319241819308,-0.21135081309332437,-0.107944576878429,0.2466732495845473,-0.9854274943890766
311406,阮子游,Ruan Ziyou,1395,cluster2_yuan_ming,明,construction,将作/营缮,0,0,0,0,0,0,,,,0,0,0,0,1,0,0.0,1.3975995756472907e-33,0.0,-0.2777070288293577,-0.17812319241819308,-0.21135081309332437,-0.107944576878429,-3.174087617753835e-15,-1.9987334503111837e-15
312399,張湧,Zhang Yong,1477,cluster2_yuan_ming,明,works_general,工部,0,0,0,0,0,1,121.425552,29.283617,寧海,0,0,0,0,0,0,0.0,1.3975995756472907e-33,0.0,-0.2777070288293577,-0.17812319241819308,-0.21135081309332437,-0.107944576878429,1.189970763847009,-0.7053358438733522
313691,劉术,Liu Shu,1490,cluster2_yuan_ming,明,works_general,工部,0,0,0,0,0,1,120.932022,30.517859,海鹽,0,0,0,0,0,0,0.0,1.3975995756472907e-33,0.0,-0.2777070288293577,-0.17812319241819308,-0.21135081309332437,-0.107944576878429,1.0797376010018311,-0.3581476105660339
314124,紀鶴,Ji He,1490,cluster2_yuan_ming,明,medical,医学/医官,0,0,0,0,0,1,116.27578735,37.151123047,恩縣,0,1,0,0,0,0,0.0,1.3975995756472907e-33,0.0,-0.2777070288293577,-0.17812319241819308,-0.21135081309332437,-0.107944576878429,0.03973704902157096,1.5077678464828095
314532,王滔,Wang Tao,1485,cluster2_yuan_ming,明,medical,医学/医官,0,0,0,0,0,1,120.099312,30.864964,烏程,0,1,0,0,0,0,0.0,1.3975995756472907e-33,0.0,-0.2777070288293577,-0.17812319241819308,-0.21135081309332437,-0.107944576878429,0.8937463602812871,-0.2605081105959014
315004,陸佐,Lu Zuo,1527,cluster2_yuan_ming,明,works_general,工部,0,0,0,0,0,1,119.172379,29.034788,龍游,0,0,0,0,0,0,0.0,1.3975995756472907e-33,0.0,-0.2777070288293577,-0.17812319241819308,-0.21135081309332437,-0.107944576878429,0.6867097944482681,-0.7753306268297149
315065,葉正英,Ye Zhengying,1484,cluster2_yuan_ming,明,works_general,工部,0,0,0,0,0,0,,,,0,0,0,0,0,0,0.0,1.3975995756472907e-33,0.0,-0.2777070288293577,-0.17812319241819308,-0.21135081309332437,-0.107944576878429,-3.174087617753835e-15,-1.9987334503111837e-15
315746,徐朝,Xu Chao,1493,cluster2_yuan_ming,明,medical,医学/医官,0,0,0,0,0,1,120.637787,31.167065,吳江,0,1,0,0,0,0,0.0,1.3975995756472907e-33,0.0,-0.2777070288293577,-0.17812319241819308,-0.21135081309332437,-0.107944576878429,1.0140182836963958,-0.17552808846865717
316401,葉允,Ye Yun,1521,cluster2_yuan_ming,明,medical,医学/医官,0,0,0,0,0,1,120.637787,31.167065,吳江,0,1,0,0,0,1,0.0,7.50330558788574e-25,0.0,0.0895713085213861,-0.17812319241819308,-0.21135081309332437,-0.107944576878429,1.0140182836963958,-0.17552808846865717
316873,周宗仁,Zhou Zongren,1426,cluster2_yuan_ming,明,medical,医学/医官,0,0,0,0,0,1,114.962959,30.093138,大冶,0,1,0,0,0,0,0.0,1.3975995756472907e-33,0.0,-0.2777070288293577,-0.17812319241819308,-0.21135081309332437,-0.107944576878429,-0.25349177454197896,-0.47762023719721153
317774,孫愚,Sun Yu,1401,cluster2_yuan_ming,明,medical,医学/医官,0,0,0,0,0,1,120.168625,30.294125,仁和,0,1,0,0,0,0,0.0,1.3975995756472907e-33,0.0,-0.2777070288293577,-0.17812319241819308,-0.21135081309332437,-0.107944576878429,0.9092278734948482,-0.4210832521912416
318298,吳大田,Wu Datian,1489,cluster2_yuan_ming,明,works_general,工部,0,0,0,0,0,1,119.011101,25.433954,莆田,0,0,0,0,0,0,0.0,1.3975995756472907e-33,0.0,-0.2777070288293577,-0.17812319241819308,-0.21135081309332437,-0.107944576878429,0.6506872952337401,-1.788233440777808
320598,章汝植,Zhang Ruzhi,1518,cluster2_yuan_ming,明,medical,医学/医官,0,0,0,0,0,1,116.351341,27.984781,臨川,0,1,0,0,0,0,0.0,1.3975995756472907e-33,0.0,-0.2777070288293577,-0.17812319241819308,-0.21135081309332437,-0.107944576878429,0.0566124523486191,-1.0706941578797973
320629,盛文剛,Sheng Wengang,1427,cluster2_yuan_ming,明,medical,医学/医官,0,0,0,0,0,1,120.637787,31.167065,吳江,0,1,0,0,0,0,0.0,1.3975995756472907e-33,0.0,-0.2777070288293577,-0.17812319241819308,-0.21135081309332437,-0.107944576878429,1.0140182836963958,-0.17552808846865717
320636,何廷銑,He Tingxi,1515,cluster2_yuan_ming,明,medical,医学/医官,0,0,0,0,0,1,117.483398,27.337692,邵武,0,1,0,0,0,0,0.0,1.3975995756472907e-33,0.0,-0.2777070288293577,-0.17812319241819308,-0.21135081309332437,-0.107944576878429,0.30946480910712254,-1.2527181748088918
321474,童信,Tong Xin,1403,cluster2_yuan_ming,明,works_general,工部,0,0,0,0,0,1,120.025253,28.897268,永康,0,0,0,0,0,0,0.0,1.3975995756472907e-33,0.0,-0.2777070288293577,-0.17812319241819308,-0.21135081309332437,-0.107944576878429,0.8772047968360047,-0.8140145525464072
322068,李鏞,Li Yong,1497,cluster2_yuan_ming,明,works_general,工部,0,0,0,0,0,1,118.73851,36.879799,壽光,0,0,0,0,0,0,0.0,1.3975995756472907e-33,0.0,-0.2777070288293577,-0.17812319241819308,-0.21135081309332437,-0.107944576878429,0.5898023073036662,1.4314452804611366
322072,李時濟,Li Shiji,1525,cluster2_yuan_ming,明,works_general,工部,0,0,0,0,0,1,118.73851,36.879799,壽光,0,0,0,0,0,0,0.0,1.3975995756472907e-33,0.0,-0.2777070288293577,-0.17812319241819308,-0.21135081309332437,-0.107944576878429,0.5898023073036662,1.4314452804611366
322438,王士嘉,Wang Shijia,1372,cluster2_yuan_ming,明,works_general,工部,0,0,0,0,0,1,115.886307,37.14809,武城,0,0,0,0,0,0,0.0,1.3975995756472907e-33,0.0,-0.2777070288293577,-0.17812319241819308,-0.21135081309332437,-0.107944576878429,-0.04725594197501986,1.5069146602928514
322993,陸夢韓,Lu Menghan,1527,cluster2_yuan_ming,明,works_general,工部,0,0,0,0,0,1,121.012344,30.70422,平湖,0,0,0,0,0,0,0.0,1.3975995756472907e-33,0.0,-0.2777070288293577,-0.17812319241819308,-0.21135081309332437,-0.107944576878429,1.097678046579709,-0.305724871469986
323235,陳煥,Chen Huan,1480,cluster2_yuan_ming,明,works_general,工部,0,1,0,0,0,1,120.618622,31.31271,吳縣,0,0,0,0,0,0,0.0,1.3975995756472907e-33,0.0,-0.2777070288293577,-0.17812319241819308,-0.21135081309332437,-0.107944576878429,1.0097376552322135,-0.1345586268557452
323457,楊兆,Yang Zhao,1527,cluster2_yuan_ming,明,works_general,工部,0,0,0,0,0,1,109.46991,36.591808,膚施,0,0,0,0,0,0,0.0,1.3975995756472907e-33,0.0,-0.2777070288293577,-0.17812319241819308,-0.21135081309332437,-0.107944576878429,-1.4804003007380573,1.3504343551333586
323678,徐卿麟,Xu Qinglin,1528,cluster2_yuan_ming,明,medical,医学/医官,0,0,0,0,0,1,120.297668,31.574614,無錫,0,1,0,0,0,0,0.0,1.3975995756472907e-33,0.0,-0.2777070288293577,-0.17812319241819308,-0.21135081309332437,-0.107944576878429,0.938050474011595,-0.06088588921100437
324355,楊廷秀,Yang Tingxiu,1531,cluster2_yuan_ming,明,astronomical,天文/历算,0,0,0,0,0,1,121.542656,29.866316,鄞縣,1,0,0,0,0,0,0.0,1.3975995756472907e-33,0.0,-0.2777070288293577,-0.17812319241819308,-0.21135081309332437,-0.107944576878429,1.2161267103990354,-0.541424523111345
325065,嚴元,Yan Yuan,1506,cluster2_yuan_ming,明,medical,医学/医官,0,0,0,0,0,1,119.9406,30.27177,餘杭,0,1,0,0,0,0,0.0,1.3975995756472907e-33,0.0,-0.2777070288293577,-0.17812319241819308,-0.21135081309332437,-0.107944576878429,0.8582969939986224,-0.42737164049400994
326723,陳端郎,Chen Duanlang,1502,cluster2_yuan_ming,明,medical,医学/医官,0,0,0,0,0,1,118.537849,24.953764,南安,0,1,0,0,0,0,0.0,1.3975995756472907e-33,0.0,-0.2777070288293577,-0.17812319241819308,-0.21135081309332437,-0.107944576878429,0.5449833567035451,-1.9233093154862047
328159,王籥,Wang Yue,1530,cluster2_yuan_ming,明,medical,医学/医官,0,0,0,0,0,1,111.287117,30.704229355,夷陵州,0,1,0,0,0,0,0.0,1.3975995756472907e-33,0.0,-0.2777070288293577,-0.17812319241819308,-0.21135081309332437,-0.107944576878429,-1.0745151971893374,-0.3057222399391173
328395,朱朋信,Zhu Pengxin,1532,cluster2_yuan_ming,明,medical,医学/医官,0,0,0,0,0,1,120.973587,29.952654,上虞,0,1,0,0,0,0,0.0,1.3975995756472907e-33,0.0,-0.2777070288293577,-0.17812319241819308,-0.21135081309332437,-0.107944576878429,1.0890214164004066,-0.5171379264088455
328753,孫讓,Sun Rang,1401,cluster2_yuan_ming,明,medical,医学/医官,0,0,0,0,0,1,118.76899,32.052563,上元,0,1,0,0,0,0,0.0,1.3975995756472907e-33,0.0,-0.2777070288293577,-0.17812319241819308,-0.21135081309332437,-0.107944576878429,0.5966102152393962,0.07355959953512392
329165,郭崇登,Guo Chongdeng,1531,cluster2_yuan_ming,明,medical,医学/医官,0,0,0,0,0,1,114.803101,36.552029,肥鄉,0,1,0,0,0,0,0.0,1.3975995756472907e-33,0.0,-0.2777070288293577,-0.17812319241819308,-0.21135081309332437,-0.107944576878429,-0.28919710744191346,1.3392446526821922
329208,潘瑾,Pan Jin,1437,cluster2_yuan_ming,明,medical,医学/医官,0,0,0,0,0,1,119.649918,29.104712,金華,0,1,0,0,0,0,0.0,1.3975995756472907e-33,0.0,-0.2777070288293577,-0.17812319241819308,-0.21135081309332437,-0.107944576878429,0.7933712625493429,-0.7556612345826669
329344,王利,Wang Li,1494,cluster2_yuan_ming,明,works_general,工部,0,0,0,0,0,1,117.67569,32.530247,定遠,0,0,0,0,0,0,0.0,1.3975995756472907e-33,0.0,-0.2777070288293577,-0.17812319241819308,-0.21135081309332437,-0.107944576878429,0.35241448866019176,0.20793054464894606
329721,安盡善,An Jinshan,1530,cluster2_yuan_ming,明,medical,医学/医官,0,0,0,0,0,1,112.94904327,39.060390472,代州,0,1,0,0,0,0,0.0,1.3975995756472907e-33,0.0,-0.2777070288293577,-0.17812319241819308,-0.21135081309332437,-0.107944576878429,-0.7033130632611205,2.044838521599167
330535,葉選,Ye Xuan,1502,cluster2_yuan_ming,明,works_general,工部,0,0,0,0,0,1,121.152763,30.049067,餘姚,0,0,0,0,0,1,0.0,1.503516943899234e-22,0.0,0.0895713085213861,-0.17812319241819308,-0.21135081309332437,-0.107944576878429,1.1290415513181373,-0.4900172651950324
331377,翟觀,Zhai Guan,1403,cluster2_yuan_ming,明,medical,医学/医官,0,0,0,0,0,1,112.38263,34.665276,洛陽,0,1,0,0,0,0,0.0,1.3975995756472907e-33,0.0,-0.2777070288293577,-0.17812319241819308,-0.21135081309332437,-0.107944576878429,-0.8298251825437993,0.808507211599097
331799,王熠,Wang Yi,1500,cluster2_yuan_ming,明,medical,医学/医官,0,0,0,0,0,1,121.249023,31.385845,嘉定,0,1,0,0,0,0,0.0,1.3975995756472907e-33,0.0,-0.2777070288293577,-0.17812319241819308,-0.21135081309332437,-0.107944576878429,1.1505418537424623,-0.11398599082251111
332839,許某,Xu Mou,1505,cluster2_yuan_ming,明,works_general,工部,0,0,0,0,0,1,110.94149,34.684616,靈寶,0,0,0,0,0,0,0.0,1.3975995756472907e-33,0.0,-0.2777070288293577,-0.17812319241819308,-0.21135081309332437,-0.107944576878429,-1.1517132548042546,0.8139474902739139
333313,暴孟珠,Bao Mengzhu,1526,cluster2_yuan_ming,明,medical,医学/医官,0,0,0,0,0,1,112.882446,36.321949,屯留,0,1,0,0,0,0,0.0,1.3975995756472907e-33,0.0,-0.2777070288293577,-0.17812319241819308,-0.21135081309332437,-0.107944576878429,-0.7181880003651561,1.2745239020357646
333574,李方至,Li Fangzhi,1515,cluster2_yuan_ming,明,works_general,工部,0,0,0,0,0,1,112.226486,30.057533,公安,0,0,0,0,0,0,0.0,1.3975995756472907e-33,0.0,-0.2777070288293577,-0.17812319241819308,-0.21135081309332437,-0.107944576878429,-0.864700969181489,-0.4876358071153533
333923,江曉,Jiang Xiao,1498,cluster2_yuan_ming,明,works_general,工部,0,0,0,0,0,1,120.168625,30.294125,仁和,0,0,0,0,0,0,0.0,1.3975995756472907e-33,0.0,-0.2777070288293577,-0.17812319241819308,-0.21135081309332437,-0.107944576878429,0.9092278734948482,-0.4210832521912416
333980,袁一龍,Yuan Yilong,1538,cluster2_yuan_ming,明,medical,医学/医官,0,0,0,0,0,1,120.618622,31.31271,長洲,0,1,0,0,0,0,0.0,1.3975995756472907e-33,0.0,-0.2777070288293577,-0.17812319241819308,-0.21135081309332437,-0.107944576878429,1.0097376552322135,-0.1345586268557452
335498,徐養正,Xu Yangzheng,1511,cluster2_yuan_ming,明,works_general,工部,0,0,0,0,0,1,117.863052,30.636639,青陽,0,0,0,0,0,0,0.0,1.3975995756472907e-33,0.0,-0.2777070288293577,-0.17812319241819308,-0.21135081309332437,-0.107944576878429,0.3942630203745714,-0.3247351854887457
335657,謝萬鍾,Xie Wanzhong,1536,cluster2_yuan_ming,明,medical,医学/医官,0,0,0,0,0,1,114.68074,37.126076,任縣,0,1,0,0,0,0,0.0,1.3975995756472907e-33,0.0,-0.2777070288293577,-0.17812319241819308,-0.21135081309332437,-0.107944576878429,-0.3165272394276059,1.5007221941735414
336714,張棠,Zhang Tang,1508,cluster2_yuan_ming,明,medical,医学/医官,0,0,0,0,0,1,121.152763,30.049067,餘姚,0,1,0,0,0,0,0.0,1.3975995756472907e-33,0.0,-0.2777070288293577,-0.17812319241819308,-0.21135081309332437,-0.107944576878429,1.1290415513181373,-0.4900172651950324
337590,何瞻,He Zhan,1504,cluster2_yuan_ming,明,medical,医学/医官,0,0,0,0,0,1,120.258934,30.161488,蕭山,0,1,0,0,0,0,0.0,1.3975995756472907e-33,0.0,-0.2777070288293577,-0.17812319241819308,-0.21135081309332437,-0.107944576878429,0.9293989810331625,-0.4583936059963978
337874,施教,Shi Jiao,1511,cluster2_yuan_ming,明,medical,医学/医官,0,0,0,0,0,1,120.297668,31.574614,無錫,0,1,0,0,0,0,0.0,1.3975995756472907e-33,0.0,-0.2777070288293577,-0.17812319241819308,-0.21135081309332437,-0.107944576878429,0.938050474011595,-0.06088588921100437
338693,程奎,Cheng Kui,1550,cluster2_yuan_ming,明,works_general,工部,0,1,0,0,0,1,118.433945,29.86577,歙縣,0,0,0,0,0,0,0.0,1.3975995756472907e-33,0.0,-0.2777070288293577,-0.17812319241819308,-0.21135081309332437,-0.107944576878429,0.521775716737858,-0.541578111123571
338940,方文瑞,Fang Wenrui,1664,cluster3_qing_after,清,works_general,工部,0,1,0,0,0,1,114.31919098,30.541385651,江夏,0,0,0,0,0,0,0.0,1.3975995756472907e-33,0.0,-0.2777070288293577,-0.17812319241819308,-0.21135081309332437,-0.107944576878429,-0.3972815846511483,-0.3515296406733168
338944,方謙,Fang Qian,1469,cluster2_yuan_ming,明,works_general,工部,0,1,0,0,0,1,118.362618,31.334949,蕪湖,0,0,0,0,0,0,0.0,1.3975995756472907e-33,0.0,-0.2777070288293577,-0.17812319241819308,-0.21135081309332437,-0.107944576878429,0.5058443634133231,-0.12830286897315626
339168,商周祚,Shang Zhouzuo,1571,cluster2_yuan_ming,明,works_general,工部,0,1,0,0,0,1,120.578262,30.004515,會稽,0,0,0,0,0,0,0.0,1.3975995756472907e-33,0.0,-0.2777070288293577,-0.17812319241819308,-0.21135081309332437,-0.107944576878429,1.0007229844879177,-0.5025495969179097
339480,孫寘,Sun Zhi,1028,cluster1_song_and_before,宋,construction,将作/营缮,0,0,0,0,0,1,113.467056,34.162491,陽翟,0,0,0,0,1,0,0.0,1.3975995756472907e-33,0.0,-0.2777070288293577,-0.17812319241819308,-0.21135081309332437,-0.107944576878429,-0.5876115220742312,0.6670754373737681
339894,文祥,Wenxiang,1815,cluster3_qing_after,清,works_general,工部,0,1,0,0,0,0,,,,0,0,0,0,0,0,0.0,1.3975995756472907e-33,0.0,-0.2777070288293577,-0.17812319241819308,-0.21135081309332437,-0.107944576878429,-3.174087617753835e-15,-1.9987334503111837e-15
339907,文蔚,Wenwei,1790,cluster3_qing_after,清,works_general,工部,0,1,0,0,0,0,,,,0,0,0,0,0,0,0.0,1.3975995756472907e-33,0.0,-0.2777070288293577,-0.17812319241819308,-0.21135081309332437,-0.107944576878429,-3.174087617753835e-15,-1.9987334503111837e-15
339918,文輅,Wenlu,1826,cluster3_qing_after,清,works_general,工部,0,1,0,0,0,0,,,,0,0,0,0,0,0,0.0,1.3975995756472907e-33,0.0,-0.2777070288293577,-0.17812319241819308,-0.21135081309332437,-0.107944576878429,-3.174087617753835e-15,-1.9987334503111837e-15
340087,龍文,Long Wen,1406,cluster2_yuan_ming,明,works_general,工部,0,1,0,0,0,1,114.89487457,26.792102814,泰和,0,0,0,0,0,0,0.0,1.3975995756472907e-33,0.0,-0.2777070288293577,-0.17812319241819308,-0.21135081309332437,-0.107944576878429,-0.26869887858714564,-1.406190626401787
340613,謝莘,Xie Shen,1693,cluster3_qing_after,清,works_general,工部,0,1,0,0,0,1,116.83252716,26.832490921,建寧,0,0,0,0,0,0,0.0,1.3975995756472907e-33,0.0,-0.2777070288293577,-0.17812319241819308,-0.21135081309332437,-0.107944576878429,0.16408853755949956,-1.3948295841459266
341270,許翼權,Xu Yiquan,1643,cluster2_yuan_ming,清,works_general,工部,0,1,0,0,0,1,120.16862488,30.294124603,仁和,0,0,0,0,0,0,0.0,1.3975995756472907e-33,0.0,-0.2777070288293577,-0.17812319241819308,-0.21135081309332437,-0.107944576878429,0.9092278466920588,-0.4210833638660419
341395,許如蘭,Xu Rulan,1586,cluster2_yuan_ming,明,works_general,工部,0,1,0,0,0,1,117.276459,31.864456,合肥,0,0,0,0,0,0,0.0,1.3975995756472907e-33,0.0,-0.2777070288293577,-0.17812319241819308,-0.21135081309332437,-0.107944576878429,0.26324362602601775,0.020645716356023556
341488,麟魁,Linkui,1796,cluster3_qing_after,清,works_general,工部,0,1,0,0,0,0,,,,0,0,0,0,0,0,0.0,1.3975995756472907e-33,0.0,-0.2777070288293577,-0.17812319241819308,-0.21135081309332437,-0.107944576878429,-3.174087617753835e-15,-1.9987334503111837e-15
341729,王三才,Wang Sancai,1571,cluster2_yuan_ming,明,construction,将作/营缮,0,1,0,0,0,1,120.258934,30.161488,蕭山,0,0,0,0,1,0,0.0,1.3975995756472907e-33,0.0,-0.2777070288293577,-0.17812319241819308,-0.21135081309332437,-0.107944576878429,0.9293989810331625,-0.4583936059963978
342107,王舜鼎,Wang Shunding,1568,cluster2_yuan_ming,明,works_general,工部,0,1,0,0,0,1,120.578262,30.004515,會稽,0,0,0,0,0,0,0.0,1.3975995756472907e-33,0.0,-0.2777070288293577,-0.17812319241819308,-0.21135081309332437,-0.107944576878429,1.0007229844879177,-0.5025495969179097
343269,王懿,Wang Yi,1658,cluster3_qing_after,清,works_general,工部,0,1,0,0,0,1,120.00730133,36.30002594,膠州,0,0,0,0,0,0,0.0,1.3975995756472907e-33,0.0,-0.2777070288293577,-0.17812319241819308,-0.21135081309332437,-0.107944576878429,0.8731951735862465,1.2683570170406906
343459,王思沂,Wang Siyi,1823,cluster3_qing_after,清,works_general,工部,0,1,0,0,0,1,120.09931183,30.864963531,歸安,0,0,0,0,0,0,0.0,1.3975995756472907e-33,0.0,-0.2777070288293577,-0.17812319241819308,-0.21135081309332437,-0.107944576878429,0.8937463223106735,-0.2605082425240657
343989,聶心湯,Nie Xintang,1574,cluster2_yuan_ming,明,works_general,工部,0,1,0,0,0,1,115.393806,27.759735,新淦,0,0,0,0,0,0,0.0,1.3975995756472907e-33,0.0,-0.2777070288293577,-0.17812319241819308,-0.21135081309332437,-0.107944576878429,-0.1572592709204016,-1.1339988608091092
343996,聶遜,Nie Xun,1391,cluster2_yuan_ming,明,works_general,工部,0,1,0,0,0,1,115.785782,28.197754,豐城,0,0,0,0,0,0,0.0,1.3975995756472907e-33,0.0,-0.2777070288293577,-0.17812319241819308,-0.21135081309332437,-0.107944576878429,-0.06970886012591684,-1.0107855503197252
344047,丁雲錦,Ding Yunjin,1739,cluster3_qing_after,清,works_general,工部,0,1,0,0,0,1,120.637787,31.167065,吳江,0,0,0,0,0,0,0.0,1.3975995756472907e-33,0.0,-0.2777070288293577,-0.17812319241819308,-0.21135081309332437,-0.107944576878429,1.0140182836963958,-0.17552808846865717
344250,夏謐,Xia Mi,1493,cluster2_yuan_ming,明,works_general,工部,0,1,0,0,0,1,116.259071,28.364485,進賢,0,0,0,0,0,0,0.0,1.3975995756472907e-33,0.0,-0.2777070288293577,-0.17812319241819308,-0.21135081309332437,-0.107944576878429,0.036003342596983685,-0.9638846659489437
344944,張應曾,Zhang Yingceng,1731,cluster3_qing_after,清,works_general,工部,0,1,0,0,0,1,120.25893402,30.161487579,蕭山,0,0,0,0,0,0,0.0,1.3975995756472907e-33,0.0,-0.2777070288293577,-0.17812319241819308,-0.21135081309332437,-0.107944576878429,0.9293989855002941,-0.4583937244223191
344980,張文淵,Zhang Wenyuan,1469,cluster2_yuan_ming,明,works_general,工部,0,1,0,0,0,1,120.973587,29.952654,上虞,0,0,0,0,0,0,0.0,1.3975995756472907e-33,0.0,-0.2777070288293577,-0.17812319241819308,-0.21135081309332437,-0.107944576878429,1.0890214164004066,-0.5171379264088455
345783,張儉,Zhang Jian,1484,cluster2_yuan_ming,明,hydraulic,水利/河道,0,1,0,0,0,1,120.73346,28.852207,仙居,0,0,1,0,0,0,0.0,1.3975995756472907e-33,0.0,-0.2777070288293577,-0.17812319241819308,-0.21135081309332437,-0.107944576878429,1.0353874758202501,-0.8266900643026602
345868,張安茂,Zhang Anmao,1617,cluster2_yuan_ming,清,works_general,工部,0,1,0,0,0,1,106.651955,35.218842,華亭,0,0,0,0,0,0,0.0,1.3975995756472907e-33,0.0,-0.2777070288293577,-0.17812319241819308,-0.21135081309332437,-0.107944576878429,-2.1098090345645475,0.9642235148516195
346344,張茂頤,Zhang Maoyi,1592,cluster2_yuan_ming,明,works_general,工部,0,1,0,0,0,1,114.931137,27.804075,新喻,0,0,0,0,0,0,0.0,1.3975995756472907e-33,0.0,-0.2777070288293577,-0.17812319241819308,-0.21135081309332437,-0.107944576878429,-0.260599426980652,-1.1215261639920773
347187,張悅,Zhang Yue,1430,cluster2_yuan_ming,明,works_general,工部,0,1,0,0,0,1,121.227638,31.009476,華亭,0,0,0,0,0,1,0.0,4.771562669822877e-14,0.0,0.0895713085213861,-0.17812319241819308,-0.21135081309062526,-0.107944576878429,1.1457653737160332,-0.2198573581731944
347346,孔昭銘,Kong Zhaoming,1769,cluster3_qing_after,清,works_general,工部,0,1,0,0,0,1,115.98756409,39.245948792,新城,0,0,0,0,0,0,0.0,1.3975995756472907e-33,0.0,-0.2777070288293577,-0.17812319241819308,-0.21135081309332437,-0.107944576878429,-0.02463950672042648,2.0970354694394393
347502,孫允恭,Sun Yungong,1619,cluster2_yuan_ming,清,hydraulic,水利/河道,0,1,0,0,0,1,119.44429016,32.206489563,丹徒,0,0,1,0,0,0,0.0,1.3975995756472907e-33,0.0,-0.2777070288293577,-0.17812319241819308,-0.21135081309332437,-0.107944576878429,0.7474429356548823,0.11685863770351972
347693,孫如洵,Sun Ruxun,1583,cluster2_yuan_ming,明,works_general,工部,0,1,0,0,0,1,121.152763,30.049067,餘姚,0,0,0,0,0,0,0.0,1.3975995756472907e-33,0.0,-0.2777070288293577,-0.17812319241819308,-0.21135081309332437,-0.107944576878429,1.1290415513181373,-0.4900172651950324
348253,胥庭清,Xu Tingqing,1617,cluster2_yuan_ming,清,works_general,工部,0,1,0,0,0,1,118.76898956,32.052562714,江寧,0,0,0,0,0,0,0.0,1.3975995756472907e-33,0.0,-0.2777070288293577,-0.17812319241819308,-0.21135081309332437,-0.107944576878429,0.5966101169625081,0.07355951908425971
348533,邵輔忠,Shao Fuzhong,1565,cluster2_yuan_ming,明,works_general,工部,0,1,0,0,0,1,121.711716,29.953701,定海,0,0,0,0,0,0,0.0,1.3975995756472907e-33,0.0,-0.2777070288293577,-0.17812319241819308,-0.21135081309332437,-0.107944576878429,1.2538873703601447,-0.5168434087370496
348839,毛堪,Mao Kan,1568,cluster2_yuan_ming,明,works_general,工部,0,1,0,0,0,1,120.618622,31.31271,吳縣,0,0,0,0,0,0,0.0,1.3975995756472907e-33,0.0,-0.2777070288293577,-0.17812319241819308,-0.21135081309332437,-0.107944576878429,1.0097376552322135,-0.1345586268557452
349606,熊守謙,Xiong Shouqian,1796,cluster3_qing_after,清,hydraulic,水利/河道,0,1,0,0,0,1,115.89772034,28.67489624,新建,0,0,1,0,0,0,0.0,1.3975995756472907e-33,0.0,-0.2777070288293577,-0.17812319241819308,-0.21135081309332437,-0.107944576878429,-0.04470669761940243,-0.8765670005200132
349683,熊尚文,Xiong Shangwen,1565,cluster2_yuan_ming,明,works_general,工部,0,1,0,0,0,1,115.785782,28.197754,豐城,0,0,0,0,0,1,0.0,7.50330558788574e-25,0.0,0.0895713085213861,-0.17812319241819308,-0.21135081309332437,-0.107944576878429,-0.06970886012591684,-1.0107855503197252
350382,魁齡,Kui Kuiling,1822,cluster3_qing_after,清,works_general,工部,0,1,0,0,0,0,,,,0,0,0,0,0,0,0.0,1.3975995756472907e-33,0.0,-0.2777070288293577,-0.17812319241819308,-0.21135081309332437,-0.107944576878429,-3.174087617753835e-15,-1.9987334503111837e-15
350434,德興,De Dexing,1787,cluster3_qing_after,清,works_general,工部,0,1,0,0,0,0,,,,0,0,0,0,0,0,0.0,1.3975995756472907e-33,0.0,-0.2777070288293577,-0.17812319241819308,-0.21135081309332437,-0.107944576878429,-3.174087617753835e-15,-1.9987334503111837e-15
350443,儲龍光,Chu Longguang,1694,cluster3_qing_after,清,works_general,工部,0,1,0,0,0,1,119.81438446,31.363637924,宜興,0,0,0,0,0,0,0.0,1.3975995756472907e-33,0.0,-0.2777070288293577,-0.17812319241819308,-0.21135081309332437,-0.107944576878429,0.830105925219799,-0.12023276858842868
350670,朱廷煥,Zhu Tinghuan,1604,cluster2_yuan_ming,明,hydraulic,水利/河道,0,1,0,0,0,1,116.079254,34.797901,單縣,0,0,1,0,0,0,0.0,1.3975995756472907e-33,0.0,-0.2777070288293577,-0.17812319241819308,-0.21135081309332437,-0.107944576878429,-0.00415996387543266,0.8458141898435454
350697,朱壬林,Zhu Renlin,1781,cluster3_qing_after,清,works_general,工部,0,1,0,0,0,1,121.01234436,30.704219818,平湖,0,0,0,0,0,0,0.0,1.3975995756472907e-33,0.0,-0.2777070288293577,-0.17812319241819308,-0.21135081309332437,-0.107944576878429,1.0976781269880707,-0.3057249226659903
350897,朱淥,Zhu Lu,1769,cluster3_qing_after,清,works_general,工部,0,1,0,0,0,1,112.94273376,39.440437317,山陰,0,0,0,0,0,0,0.0,1.3975995756472907e-33,0.0,-0.2777070288293577,-0.17812319241819308,-0.21135081309332437,-0.107944576878429,-0.7047223337073025,2.151744454705939
351406,魏夢龍,Wei Menglong,1718,cluster3_qing_after,清,works_general,工部,0,1,0,0,0,1,120.16862488,30.294124603,仁和,0,0,0,0,0,0,0.0,1.3975995756472907e-33,0.0,-0.2777070288293577,-0.17812319241819308,-0.21135081309332437,-0.107944576878429,0.9092278466920588,-0.4210833638660419
351442,魏睦庭,Wei Muting,1810,cluster3_qing_after,清,works_general,工部,0,1,0,0,0,1,116.5778656,35.410430908,濟寧直隸州,0,0,0,0,0,0,0.0,1.3975995756472907e-33,0.0,-0.2777070288293577,-0.17812319241819308,-0.21135081309332437,-0.107944576878429,0.10720820766286163,1.018116847350269
351444,魏時應,Wei Shiying,1565,cluster2_yuan_ming,明,works_general,工部,0,1,0,0,0,1,115.89772,28.674896,南昌,0,0,0,0,0,0,0.0,1.3975995756472907e-33,0.0,-0.2777070288293577,-0.17812319241819308,-0.21135081309332437,-0.107944576878429,-0.044706773560632615,-0.876567068031227
351578,吳元龍,Wu Yuanlong,1649,cluster3_qing_after,清,works_general,工部,0,1,0,0,0,1,106.651955,35.218842,華亭,0,0,0,0,0,0,0.0,1.3975995756472907e-33,0.0,-0.2777070288293577,-0.17812319241819308,-0.21135081309332437,-0.107944576878429,-2.1098090345645475,0.9642235148516195
351761,吳卜雄,Wu Buxiong,1670,cluster3_qing_after,清,works_general,工部,0,1,0,0,0,1,120.08480072,30.553133011,德清,0,0,0,0,0,0,0.0,1.3975995756472907e-33,0.0,-0.2777070288293577,-0.17812319241819308,-0.21135081309332437,-0.107944576878429,0.8905051707055139,-0.3482251467698316
352434,程文彝,Cheng Wenyi,1634,cluster2_yuan_ming,清,works_general,工部,0,1,0,0,0,1,121.22763824,31.009475708,婁縣,0,0,0,0,0,0,0.0,1.3975995756472907e-33,0.0,-0.2777070288293577,-0.17812319241819308,-0.21135081309332437,-0.107944576878429,1.1457654273216087,-0.21985744031183813
352439,程誥,Cheng Gao,1469,cluster2_yuan_ming,明,works_general,工部,0,1,0,0,0,1,113.6968,37.608364,樂平,0,0,0,0,0,0,0.0,1.3975995756472907e-33,0.0,-0.2777070288293577,-0.17812319241819308,-0.21135081309332437,-0.107944576878429,-0.5362966926521038,1.636388229412434
352590,程葆,Cheng Bao,1803,cluster3_qing_after,清,works_general,工部,0,1,0,0,0,1,118.4339447,29.86577034,歙縣,0,0,0,0,0,0,0.0,1.3975995756472907e-33,0.0,-0.2777070288293577,-0.17812319241819308,-0.21135081309332437,-0.107944576878429,0.521775649730891,-0.5415780154826844
352672,穆彰阿,Mu Muzhanga,1775,cluster3_qing_after,清,works_general,工部,1,1,0,0,0,0,,,,0,0,0,0,0,0,0.0,1.3975995756472907e-33,0.0,-0.2777070288293577,-0.17812319241819308,-0.21135081309332437,-0.107944576878429,-3.174087617753835e-15,-1.9987334503111837e-15
352717,黎祖壽,Li Zushou,1583,cluster2_yuan_ming,明,works_general,工部,0,1,0,0,0,1,115.398987,28.015566,清江,0,0,0,0,0,0,0.0,1.3975995756472907e-33,0.0,-0.2777070288293577,-0.17812319241819308,-0.21135081309332437,-0.107944576878429,-0.1561020605852615,-1.062034438179475
353177,烏拉布,Wu Wulabu,1844,cluster3_qing_after,清,works_general,工部,0,1,0,0,0,0,,,,0,0,0,0,0,0,0.0,1.3975995756472907e-33,0.0,-0.2777070288293577,-0.17812319241819308,-0.21135081309332437,-0.107944576878429,-3.174087617753835e-15,-1.9987334503111837e-15
353180,鄔璉,Wu Lian,1514,cluster2_yuan_ming,明,works_general,工部,0,1,0,0,0,1,120.902107,29.494654,新昌,0,0,0,0,0,0,0.0,1.3975995756472907e-33,0.0,-0.2777070288293577,-0.17812319241819308,-0.21135081309332437,-0.107944576878429,1.0730558895222577,-0.6459718267742123
353200,鄒奕孝,Zou Yixiao,1727,cluster3_qing_after,清,works_general,工部,0,1,0,0,0,1,120.29766846,31.574613571,無錫,0,0,0,0,0,0,0.0,1.3975995756472907e-33,0.0,-0.2777070288293577,-0.17812319241819308,-0.21135081309332437,-0.107944576878429,0.9380505767556113,-0.06088600988729968
353629,徐璂,Xu Qi,1787,cluster3_qing_after,清,works_general,工部,0,1,0,0,0,1,118.4339447,29.86577034,歙縣,0,0,0,0,0,0,0.0,1.3975995756472907e-33,0.0,-0.2777070288293577,-0.17812319241819308,-0.21135081309332437,-0.107944576878429,0.521775649730891,-0.5415780154826844
353801,徐準,Xu Zhun,1750,cluster3_qing_after,清,works_general,工部,0,1,0,0,0,1,106.93160248,27.69562149,遵義,0,0,0,0,0,0,0.0,1.3975995756472907e-33,0.0,-0.2777070288293577,-0.17812319241819308,-0.21135081309332437,-0.107944576878429,-2.0473479355389896,-1.1520337812445103
354192,宜振,Yi Yizhen,1815,cluster3_qing_after,清,works_general,工部,0,1,0,0,0,0,,,,0,0,0,0,0,0,0.0,1.3975995756472907e-33,0.0,-0.2777070288293577,-0.17812319241819308,-0.21135081309332437,-0.107944576878429,-3.174087617753835e-15,-1.9987334503111837e-15
354247,甯之鳳,Ning Zhifeng,1616,cluster2_yuan_ming,清,works_general,工部,0,1,0,0,0,1,116.79001617,35.764396667,寧陽,0,0,0,0,0,0,0.0,1.3975995756472907e-33,0.0,-0.2777070288293577,-0.17812319241819308,-0.21135081309332437,-0.107944576878429,0.15459342908913418,1.1176862563628396
354269,甯曾綸,Ning Cenglun,1810,cluster3_qing_after,清,hydraulic,水利/河道,0,1,0,0,0,1,118.91828156,39.424880981,樂亭,0,0,1,0,0,0,0.0,1.3975995756472907e-33,0.0,-0.2777070288293577,-0.17812319241819308,-0.21135081309332437,-0.107944576878429,0.6299554644540138,2.1473685083254286
354486,宋劭穀,Song Shaogu,1781,cluster3_qing_after,清,works_general,工部,0,1,0,0,0,1,105.92786407,26.243244171,安順府直轄地方,0,0,0,0,0,0,0.0,1.3975995756472907e-33,0.0,-0.2777070288293577,-0.17812319241819308,-0.21135081309332437,-0.107944576878429,-2.2715394935060664,-1.560582765543561
354554,宋良翰,Song Lianghan,1577,cluster2_yuan_ming,明,works_general,工部,0,1,0,0,0,1,115.785782,28.197754,豐城,0,0,0,0,0,0,0.0,1.3975995756472907e-33,0.0,-0.2777070288293577,-0.17812319241819308,-0.21135081309332437,-0.107944576878429,-0.06970886012591684,-1.0107855503197252
354805,江起鵬,Jiang Qipeng,1565,cluster2_yuan_ming,明,works_general,工部,0,1,0,0,0,1,117.844589,29.244728,婺源,0,0,0,0,0,0,0.0,1.3975995756472907e-33,0.0,-0.2777070288293577,-0.17812319241819308,-0.21135081309332437,-0.107944576878429,0.3901391882152088,-0.7162751922386555
354979,汪潤,Wang Run,1802,cluster3_qing_after,清,works_general,工部,0,1,0,0,0,1,114.61572266,31.287647247,黃安,0,0,0,0,0,0,0.0,1.3975995756472907e-33,0.0,-0.2777070288293577,-0.17812319241819308,-0.21135081309332437,-0.107944576878429,-0.3310492888024769,-0.14160869721138677
355067,汪起鳳,Wang Qifeng,1571,cluster2_yuan_ming,明,works_general,工部,0,1,0,0,0,1,120.618622,31.31271,長洲,0,0,0,0,0,0,0.0,1.3975995756472907e-33,0.0,-0.2777070288293577,-0.17812319241819308,-0.21135081309332437,-0.107944576878429,1.0097376552322135,-0.1345586268557452
355121,汪全德,Wang Quande,1775,cluster3_qing_after,清,works_general,工部,0,1,0,0,0,1,119.17762756,32.267543793,儀徵,0,0,0,0,0,0,0.0,1.3975995756472907e-33,0.0,-0.2777070288293577,-0.17812319241819308,-0.21135081309332437,-0.107944576878429,0.6878820947525708,0.13403299269195784
355834,潘鵬雲,Pan Pengyun,1652,cluster3_qing_after,清,works_general,工部,0,1,0,0,0,1,117.21652985,37.737892151,樂陵,0,0,0,0,0,0,0.0,1.3975995756472907e-33,0.0,-0.2777070288293577,-0.17812319241819308,-0.21135081309332437,-0.107944576878429,0.24985805726399027,1.6728240741732279
356108,梁知先,Liang Zhixian,1616,cluster2_yuan_ming,清,works_general,工部,0,1,0,0,0,1,117.72651672,36.885692596,鄒平,0,0,0,0,0,0,0.0,1.3975995756472907e-33,0.0,-0.2777070288293577,-0.17812319241819308,-0.21135081309332437,-0.107944576878429,0.3637669699736818,1.4331031297184678
356391,沈孝徵,Shen Xiaozheng,1568,cluster2_yuan_ming,明,works_general,工部,0,1,0,0,0,1,120.932022,30.517859,海鹽,0,0,0,0,0,0,0.0,1.3975995756472907e-33,0.0,-0.2777070288293577,-0.17812319241819308,-0.21135081309332437,-0.107944576878429,1.0797376010018311,-0.3581476105660339
356623,洪承龍,Hong Chenglong,1634,cluster2_yuan_ming,清,works_general,工部,0,1,0,0,0,1,118.58990479,24.909641266,晉江,0,0,0,0,0,0,0.0,1.3975995756472907e-33,0.0,-0.2777070288293577,-0.17812319241819308,-0.21135081309332437,-0.107944576878429,0.5566103588637091,-1.9357208960888321
356636,洪佐聖,Hong Zuosheng,1571,cluster2_yuan_ming,明,works_general,工部,0,1,0,0,0,1,118.433945,29.86577,歙縣,0,0,0,0,0,0,0.0,1.3975995756472907e-33,0.0,-0.2777070288293577,-0.17812319241819308,-0.21135081309332437,-0.107944576878429,0.521775716737858,-0.541578111123571
357008,祁文友,Qi Wenyou,1628,cluster2_yuan_ming,清,works_general,工部,0,1,0,0,0,1,113.74981689,23.04662323,東莞,0,0,0,0,0,0,0.0,1.3975995756472907e-33,0.0,-0.2777070288293577,-0.17812319241819308,-0.21135081309332437,-0.107944576878429,-0.5244550225025364,-2.4597817695143913
357131,涂紹煃,Tu Shaokui,1589,cluster2_yuan_ming,明,works_general,工部,0,1,0,0,0,1,116.259071,28.364485,進賢,0,0,0,0,0,0,0.0,1.3975995756472907e-33,0.0,-0.2777070288293577,-0.17812319241819308,-0.21135081309332437,-0.107944576878429,0.036003342596983685,-0.9638846659489437
357213,左峴,Zuo Xian,1640,cluster2_yuan_ming,清,works_general,工部,0,1,0,0,0,1,121.54265594,29.866315842,鄞縣,0,0,0,0,0,0,0.0,1.3975995756472907e-33,0.0,-0.2777070288293577,-0.17812319241819308,-0.21135081309332437,-0.107944576878429,1.216126696997644,-0.5414245675562284
357717,李玘,Li Qi,1478,cluster2_yuan_ming,明,works_general,工部,0,1,0,0,0,1,118.240181,28.679602,玉山,0,0,0,0,0,0,0.0,1.3975995756472907e-33,0.0,-0.2777070288293577,-0.17812319241819308,-0.21135081309332437,-0.107944576878429,0.47849725632910484,-0.8752432856401369
357730,李承端,Li Chengduan,1757,cluster3_qing_after,清,hydraulic,水利/河道,0,1,0,0,0,1,117.84458923,29.244728088,婺源,0,0,1,0,0,1,0.0,7.50330558788574e-25,0.0,0.0895713085213861,-0.17812319241819308,-0.21135081309332437,-0.107944576878429,0.390139239587217,-0.7162751674845437
357762,李珍,Li Zhen,1670,cluster3_qing_after,清,works_general,工部,0,1,0,0,0,1,117.00148773,36.650131226,山東省,0,0,0,0,0,0,0.0,1.3975995756472907e-33,0.0,-0.2777070288293577,-0.17812319241819308,-0.21135081309332437,-0.107944576878429,0.20182698917788935,1.3668404876387532
358002,李得中,Li Dezhong,1559,cluster2_yuan_ming,明,construction,将作/营缮,0,1,0,0,0,1,111.838593,33.050232,內鄉,0,0,0,0,1,0,0.0,1.3975995756472907e-33,0.0,-0.2777070288293577,-0.17812319241819308,-0.21135081309332437,-0.107944576878429,-0.9513394151432426,0.3542006225561191
358436,李士瑜,Li Shiyu,1670,cluster3_qing_after,清,works_general,工部,0,1,0,0,0,1,116.49060822,39.325710297,永清,0,0,0,0,0,0,0.0,1.3975995756472907e-33,0.0,-0.2777070288293577,-0.17812319241819308,-0.21135081309332437,-0.107944576878429,0.08771869946886456,2.1194721196319324
358976,李拯,Li Zheng,1598,cluster2_yuan_ming,明,works_general,工部,0,1,0,0,0,1,118.589905,24.909641,晉江,0,0,0,0,0,0,0.0,1.3975995756472907e-33,0.0,-0.2777070288293577,-0.17812319241819308,-0.21135081309332437,-0.107944576878429,0.5566104057685858,-1.9357209709137615
359434,李肖筠,Li Xiaojun,1754,cluster3_qing_after,清,works_general,工部,0,1,0,0,0,1,116.66383362,28.994167328,鄱陽,0,0,0,0,0,0,0.0,1.3975995756472907e-33,0.0,-0.2777070288293577,-0.17812319241819308,-0.21135081309332437,-0.107944576878429,0.12640972884321286,-0.7867570888585842
359441,李當泰,Li Dangtai,1565,cluster2_yuan_ming,明,works_general,工部,0,1,0,0,0,1,118.46811676,33.023403168,泗州,0,0,0,0,0,0,0.0,1.3975995756472907e-33,0.0,-0.2777070288293577,-0.17812319241819308,-0.21135081309332437,-0.107944576878429,0.5294082034859526,0.3466537599604704
359603,袁一鳳,Yuan Yifeng,1589,cluster2_yuan_ming,明,works_general,工部,0,1,0,0,0,1,114.375885,27.794266,宜春,0,0,0,0,0,0,0.0,1.3975995756472907e-33,0.0,-0.2777070288293577,-0.17812319241819308,-0.21135081309332437,-0.107944576878429,-0.3846186033956881,-1.1242854035743566
360052,彭會淇,Peng Huiqi,1646,cluster3_qing_after,清,works_general,工部,0,1,0,0,0,1,119.48600006,31.430706024,溧陽,0,0,0,0,0,0,0.0,1.3975995756472907e-33,0.0,-0.2777070288293577,-0.17812319241819308,-0.21135081309332437,-0.107944576878429,0.7567591154189417,-0.10136673166027473
360403,戴翼子,Dai Yizi,1736,cluster3_qing_after,清,works_general,工部,0,1,0,0,0,1,118.76898956,32.052562714,上元,0,0,0,0,0,0,0.0,1.3975995756472907e-33,0.0,-0.2777070288293577,-0.17812319241819308,-0.21135081309332437,-0.107944576878429,0.5966101169625081,0.07355951908425971
360983,莊瑤,Zhuang Yao,1787,cluster3_qing_after,清,hydraulic,水利/河道,0,1,0,0,0,1,118.83441925,35.581886292,莒州,0,0,1,0,0,0,0.0,1.3975995756472907e-33,0.0,-0.2777070288293577,-0.17812319241819308,-0.21135081309332437,-0.107944576878429,0.6112242674147194,1.0663466854711459
361308,蔣繼珠,Jiang Jizhu,1820,cluster3_qing_after,清,works_general,工部,0,1,0,0,0,1,116.98722839,35.598602295,曲阜,0,0,0,0,0,0,0.0,1.3975995756472907e-33,0.0,-0.2777070288293577,-0.17812319241819308,-0.21135081309332437,-0.107944576878429,0.19864207205373424,1.071048842381646
361707,萬堯一,Wan Yaoyi,1594,cluster2_yuan_ming,明,works_general,工部,0,1,0,0,0,1,115.745026,29.330564,德安,0,0,0,0,0,0,0.0,1.3975995756472907e-33,0.0,-0.2777070288293577,-0.17812319241819308,-0.21135081309332437,-0.107944576878429,-0.07881198006780149,-0.6921298064924509
361794,樊士鑑,Fan Shijian,1751,cluster3_qing_after,清,works_general,工部,0,1,0,0,0,1,111.51543427,36.078037262,臨汾,0,0,0,0,0,0,0.0,1.3975995756472907e-33,0.0,-0.2777070288293577,-0.17812319241819308,-0.21135081309332437,-0.107944576878429,-1.023519037271445,1.2059123287793567
361980,韓雄胤,Han Xiongyin,1625,cluster2_yuan_ming,清,works_general,工部,0,1,0,0,0,1,115.77420044,38.688907623,高陽,0,0,0,0,0,0,0.0,1.3975995756472907e-33,0.0,-0.2777070288293577,-0.17812319241819308,-0.21135081309332437,-0.107944576878429,-0.07229567752198354,1.9403416125260027
362152,英綬,Ying Yingshou,1805,cluster3_qing_after,清,works_general,工部,0,1,0,0,0,0,,,,0,0,0,0,0,0,0.0,1.3975995756472907e-33,0.0,-0.2777070288293577,-0.17812319241819308,-0.21135081309332437,-0.107944576878429,-3.174087617753835e-15,-1.9987334503111837e-15
362156,英淳,Ying Yingchun,1805,cluster3_qing_after,清,works_general,工部,0,1,0,0,0,0,,,,0,0,0,0,0,0,0.0,1.3975995756472907e-33,0.0,-0.2777070288293577,-0.17812319241819308,-0.21135081309332437,-0.107944576878429,-3.174087617753835e-15,-1.9987334503111837e-15
362536,黃孫茂,Huang Sunmao,1592,cluster2_yuan_ming,明,works_general,工部,0,1,0,0,0,1,114.688774,39.354015,廣昌,0,0,0,0,0,0,0.0,1.3975995756472907e-33,0.0,-0.2777070288293577,-0.17812319241819308,-0.21135081309332437,-0.107944576878429,-0.3147327928280119,2.1274341399074186
362805,黃洽,Huang Qia,1763,cluster3_qing_after,清,works_general,工部,0,1,0,0,0,1,111.21614838,35.616409302,絳州直隸州,0,0,0,0,0,0,0.0,1.3975995756472907e-33,0.0,-0.2777070288293577,-0.17812319241819308,-0.21135081309332437,-0.107944576878429,-1.0903665039900512,1.07605789514506
363071,黃驤雲,Huang Xiangyun,1799,cluster3_qing_after,清,works_general,工部,0,1,0,0,0,1,120.200264,23.00415,臺灣,0,0,0,0,0,0,0.0,1.3975995756472907e-33,0.0,-0.2777070288293577,-0.17812319241819308,-0.21135081309332437,-0.107944576878429,0.9162946516831214,-2.4717293500428097
363114,黃金貴,Huang Jingui,1595,cluster2_yuan_ming,明,hydraulic,水利/河道,0,1,0,0,0,1,114.693603,27.767023,分宜,0,0,1,0,0,0,0.0,1.3975995756472907e-33,0.0,-0.2777070288293577,-0.17812319241819308,-0.21135081309332437,-0.107944576878429,-0.31365420400184235,-1.131948770272291
363232,蔡雲翰,Cai Yunhan,1400,cluster2_yuan_ming,明,works_general,工部,0,1,0,0,0,1,114.362829,25.399312,大庾,0,0,0,0,0,0,0.0,1.3975995756472907e-33,0.0,-0.2777070288293577,-0.17812319241819308,-0.21135081309332437,-0.107944576878429,-0.38753474663744797,-1.797978121949112
363247,蔡瓊珠,Cai Qiongzhu,1617,cluster2_yuan_ming,清,works_general,工部,0,1,0,0,0,1,120.29766846,31.574613571,無錫,0,0,0,0,0,0,0.0,1.3975995756472907e-33,0.0,-0.2777070288293577,-0.17812319241819308,-0.21135081309332437,-0.107944576878429,0.9380505767556113,-0.06088600988729968
363438,葉應震,Ye Yingzhen,1607,cluster2_yuan_ming,明,hydraulic,水利/河道,0,1,0,0,0,1,116.682,28.69155,餘干,0,0,1,0,0,0,0.0,1.3975995756472907e-33,0.0,-0.2777070288293577,-0.17812319241819308,-0.21135081309332437,-0.107944576878429,0.13046730897987538,-0.8718823523616097
363519,葉憲祖,Ye Xianzu,1589,cluster2_yuan_ming,明,works_general,工部,0,1,0,0,0,1,121.152763,30.049067,餘姚,0,0,0,0,0,1,0.0,1.503516943899234e-22,0.0,0.0895713085213861,-0.17812319241819308,-0.21135081309332437,-0.107944576878429,1.1290415513181373,-0.4900172651950324
363658,葉棠,Ye Tang,1721,cluster3_qing_after,清,works_general,工部,0,1,0,0,0,1,120.41873932,30.530447006,石門,0,0,0,0,0,0,0.0,1.3975995756472907e-33,0.0,-0.2777070288293577,-0.17812319241819308,-0.21135081309332437,-0.107944576878429,0.9650925475095398,-0.3546066456952864
363761,杜來錫,Du Laixi,1823,cluster3_qing_after,清,works_general,工部,0,1,0,0,0,1,113.86824799,35.309940338,新鄉,0,0,0,0,0,0,0.0,1.3975995756472907e-33,0.0,-0.2777070288293577,-0.17812319241819308,-0.21135081309332437,-0.107944576878429,-0.4980026594603035,0.9898491790466891
364485,楊西狩,Yang Xishou,1622,cluster2_yuan_ming,清,works_general,工部,0,1,0,0,0,1,116.25907135,28.364484787,進賢,0,0,0,0,0,0,0.0,1.3975995756472907e-33,0.0,-0.2777070288293577,-0.17812319241819308,-0.21135081309332437,-0.107944576878429,0.036003420771778066,-0.9638847258651463
365270,楊鏞,Yang Yong,1617,cluster2_yuan_ming,清,works_general,工部,0,1,0,0,0,1,120.618622,31.31271,吳縣,0,0,0,0,0,0,0.0,1.3975995756472907e-33,0.0,-0.2777070288293577,-0.17812319241819308,-0.21135081309332437,-0.107944576878429,1.0097376552322135,-0.1345586268557452
365653,胡永煥,Hu Yonghuan,1757,cluster3_qing_after,清,hydraulic,水利/河道,0,1,0,0,0,1,117.84458923,29.244728088,婺源,0,0,1,0,0,0,0.0,1.3975995756472907e-33,0.0,-0.2777070288293577,-0.17812319241819308,-0.21135081309332437,-0.107944576878429,0.390139239587217,-0.7162751674845437
366072,趙亮熙,Zhao Liangxi,1830,cluster3_qing_after,清,works_general,工部,0,1,0,0,0,1,104.6163559,28.774831772,宜賓,0,0,0,0,0,0,0.0,1.3975995756472907e-33,0.0,-0.2777070288293577,-0.17812319241819308,-0.21135081309332437,-0.107944576878429,-2.5644734462068,-0.8484554625884675
366078,趙應元,Zhao Yingyuan,1565,cluster2_yuan_ming,明,works_general,工部,0,1,0,0,0,1,113.038399,22.526581,新會,0,0,0,0,0,0,0.0,1.3975995756472907e-33,0.0,-0.2777070288293577,-0.17812319241819308,-0.21135081309332437,-0.107944576878429,-0.6833548748303478,-2.6060679460331766
366155,趙瑗,Zhao Yuan,1722,cluster3_qing_after,清,works_general,工部,0,1,0,0,0,1,102.71035004,25.045913696,昆明,0,0,0,0,0,0,0.0,1.3975995756472907e-33,0.0,-0.2777070288293577,-0.17812319241819308,-0.21135081309332437,-0.107944576878429,-2.9901923576189677,-1.8973879077282072
366279,趙贊化,Zhao Zanhua,1583,cluster2_yuan_ming,明,works_general,工部,0,1,0,0,0,1,115.985679,29.722364,德化,0,0,0,0,0,1,0.0,7.50330558788574e-25,0.0,0.0895713085213861,-0.17812319241819308,-0.21135081309332437,-0.107944576878429,-0.025060553937308976,-0.5819177493676674
366304,趙從蕃,Zhao Congfan,1864,cluster3_qing_after,清,works_general,工部,0,1,0,0,0,1,116.52993011,27.214305878,南豐,0,0,0,0,0,0,0.0,1.3975995756472907e-33,0.0,-0.2777070288293577,-0.17812319241819308,-0.21135081309332437,-0.107944576878429,0.09650150153510137,-1.2874262869229027
367695,恩寧,Enning,1778,cluster3_qing_after,清,works_general,工部,0,1,0,0,0,0,,,,0,0,0,0,0,0,0.0,1.3975995756472907e-33,0.0,-0.2777070288293577,-0.17812319241819308,-0.21135081309332437,-0.107944576878429,-3.174087617753835e-15,-1.9987334503111837e-15
367880,畢至,Bi Zhi,1805,cluster3_qing_after,清,works_general,工部,0,1,0,0,0,1,115.25203705,30.458690643,蘄水,0,0,0,0,0,0,0.0,1.3975995756472907e-33,0.0,-0.2777070288293577,-0.17812319241819308,-0.21135081309332437,-0.107944576878429,-0.18892429584642445,-0.37479147565450677
368388,瞿士達,Qu Shida,1586,cluster2_yuan_ming,明,hydraulic,水利/河道,0,1,0,0,0,1,119.952301,31.782784,武進,0,0,1,0,0,0,0.0,1.3975995756472907e-33,0.0,-0.2777070288293577,-0.17812319241819308,-0.21135081309332437,-0.107944576878429,0.8609104891021656,-0.002328349824414023
368541,單國祚,Dan Guozuo,1595,cluster2_yuan_ming,明,works_general,工部,0,1,0,0,0,1,121.227638,31.009476,華亭,0,0,0,0,0,0,0.0,1.3975995756472907e-33,0.0,-0.2777070288293577,-0.17812319241819308,-0.21135081309332437,-0.107944576878429,1.1457653737160332,-0.2198573581731944
368617,鄂恆,Eheng,1796,cluster3_qing_after,清,works_general,工部,0,1,0,0,0,0,,,,0,0,0,0,0,0,0.0,1.3975995756472907e-33,0.0,-0.2777070288293577,-0.17812319241819308,-0.21135081309332437,-0.107944576878429,-3.174087617753835e-15,-1.9987334503111837e-15
368629,喻以恕,Yu Yishu,1604,cluster2_yuan_ming,明,works_general,工部,0,1,0,0,0,1,116.551216,29.896095,彭澤,0,0,0,0,0,0,0.0,1.3975995756472907e-33,0.0,-0.2777070288293577,-0.17812319241819308,-0.21135081309332437,-0.107944576878429,0.10125584469291293,-0.5330477879170655
369442,劉季箎,Liu Jihu,1364,cluster2_yuan_ming,明,works_general,工部,0,1,0,0,0,1,121.152763,30.049067,餘姚,0,0,0,0,0,0,0.0,1.3975995756472907e-33,0.0,-0.2777070288293577,-0.17812319241819308,-0.21135081309332437,-0.107944576878429,1.1290415513181373,-0.4900172651950324
369581,劉伸,Liu Shen,1577,cluster2_yuan_ming,明,works_general,工部,0,1,0,0,0,1,114.688774,39.354015,廣昌,0,0,0,0,0,0,0.0,1.3975995756472907e-33,0.0,-0.2777070288293577,-0.17812319241819308,-0.21135081309332437,-0.107944576878429,-0.3147327928280119,2.1274341399074186
369604,劉儼,Liu Yan,1664,cluster3_qing_after,清,works_general,工部,0,1,0,0,0,1,117.00148773,36.650131226,山東省,0,0,0,0,0,0,0.0,1.3975995756472907e-33,0.0,-0.2777070288293577,-0.17812319241819308,-0.21135081309332437,-0.107944576878429,0.20182698917788935,1.3668404876387532
369795,劉泓,Liu Hong,1589,cluster2_yuan_ming,明,construction,将作/营缮,0,1,0,0,0,1,120.75320435,30.767469406,嘉興府,0,0,0,0,1,0,0.0,1.3975995756472907e-33,0.0,-0.2777070288293577,-0.17812319241819308,-0.21135081309332437,-0.107944576878429,1.0397975059072224,-0.2879330206604385
369843,劉洪謨,Liu Hongmo,1565,cluster2_yuan_ming,明,works_general,工部,0,1,0,0,0,1,115.89772034,28.67489624,南昌府,0,0,0,0,0,0,0.0,1.3975995756472907e-33,0.0,-0.2777070288293577,-0.17812319241819308,-0.21135081309332437,-0.107944576878429,-0.04470669761940243,-0.8765670005200132
369966,劉士龍,Liu Shilong,1622,cluster2_yuan_ming,清,works_general,工部,0,1,0,0,0,1,115.06597137,34.430503845,睢州,0,0,0,0,0,0,0.0,1.3975995756472907e-33,0.0,-0.2777070288293577,-0.17812319241819308,-0.21135081309332437,-0.107944576878429,-0.23048328598550194,0.742466573114746
370116,劉若璪,Liu Ruozao,1754,cluster3_qing_after,清,works_general,工部,0,1,0,0,0,1,112.97813416,28.198198318,長沙,0,0,0,0,0,0,0.0,1.3975995756472907e-33,0.0,-0.2777070288293577,-0.17812319241819308,-0.21135081309332437,-0.107944576878429,-0.6968154221558578,-1.0106605651211606
370225,劉青照,Liu Qingzhao,1750,cluster3_qing_after,清,works_general,工部,0,1,0,0,0,1,119.95230103,31.782783508,陽湖,0,0,0,0,0,0,0.0,1.3975995756472907e-33,0.0,-0.2777070288293577,-0.17812319241819308,-0.21135081309332437,-0.107944576878429,0.8609104958028614,-0.002328488222402521
370329,劉是,Liu Shi,1571,cluster2_yuan_ming,明,works_general,工部,0,1,0,0,0,1,115.89772,28.674896,南昌,0,0,0,0,0,0,0.0,1.3975995756472907e-33,0.0,-0.2777070288293577,-0.17812319241819308,-0.21135081309332437,-0.107944576878429,-0.044706773560632615,-0.876567068031227
370384,劉長發,Liu Changfa,1637,cluster2_yuan_ming,清,works_general,工部,0,1,0,0,0,1,119.43718719,32.391269684,江都,0,0,0,0,0,0,0.0,1.3975995756472907e-33,0.0,-0.2777070288293577,-0.17812319241819308,-0.21135081309332437,-0.107944576878429,0.7458564407129468,0.16883668071315916
370645,丘園卜,Qiu Yuanbu,1631,cluster2_yuan_ming,清,works_general,工部,0,1,0,0,0,1,117.94441986,33.899051666,睢寧,0,0,0,0,0,0,0.0,1.3975995756472907e-33,0.0,-0.2777070288293577,-0.17812319241819308,-0.21135081309332437,-0.107944576878429,0.41243706564384336,0.592970815301988
370734,陸化熙,Lu Huaxi,1583,cluster2_yuan_ming,明,works_general,工部,0,1,0,0,0,1,120.733788,31.646582,常熟,0,0,0,0,0,1,0.0,3.905836058279863e-12,0.0,0.0895713085213861,-0.17812319241819308,-0.21135081287238308,-0.107944576878429,1.0354607367717918,-0.040641526456649514
370771,陸遐昌,Lu Xiachang,1652,cluster3_qing_after,清,works_general,工部,0,1,0,0,0,1,120.01616669,32.160381317,泰興,0,0,0,0,0,0,0.0,1.3975995756472907e-33,0.0,-0.2777070288293577,-0.17812319241819308,-0.21135081309332437,-0.107944576878429,0.8751753098952071,0.10388853907647759
371173,陳廷桂,Chen Tinggui,1765,cluster3_qing_after,清,works_general,工部,0,1,0,0,0,1,118.36112213,31.714223862,和州直隸州,0,0,0,0,0,0,0.0,1.3975995756472907e-33,0.0,-0.2777070288293577,-0.17812319241819308,-0.21135081309332437,-0.107944576878429,0.5055102510365574,-0.02161409215657049
371805,陳大綬,Chen Dashou,1565,cluster2_yuan_ming,明,works_general,工部,0,1,0,0,0,1,117.236359,29.382742,浮梁,0,0,0,0,0,0,0.0,1.3975995756472907e-33,0.0,-0.2777070288293577,-0.17812319241819308,-0.21135081309332437,-0.107944576878429,0.2542870279872101,-0.6774523059394721
371960,陳萬全,Chen Wanquan,1754,cluster3_qing_after,清,works_general,工部,0,1,0,0,0,1,120.41873932,30.530447006,石門,0,0,0,0,0,0,0.0,1.3975995756472907e-33,0.0,-0.2777070288293577,-0.17812319241819308,-0.21135081309332437,-0.107944576878429,0.9650925475095398,-0.3546066456952864
372274,陳所聞,Chen Suowen,1589,cluster2_yuan_ming,明,works_general,工部,0,1,0,0,0,1,121.227638,31.009476,華亭,0,0,0,0,0,0,0.0,1.3975995756472907e-33,0.0,-0.2777070288293577,-0.17812319241819308,-0.21135081309332437,-0.107944576878429,1.1457653737160332,-0.2198573581731944
372454,陳欽銘,Chen Qinming,1838,cluster3_qing_after,清,works_general,工部,0,1,0,0,0,1,119.32157898,26.073953629,侯官,0,0,0,0,0,0,0.0,1.3975995756472907e-33,0.0,-0.2777070288293577,-0.17812319241819308,-0.21135081309332437,-0.107944576878429,0.7200345886691597,-1.6082036406982059
372471,陳筆鋒,Chen Bifeng,1745,cluster3_qing_after,清,works_general,工部,0,1,0,0,0,1,119.51883698,25.95983696,長樂,0,0,0,0,0,0,0.0,1.3975995756472907e-33,0.0,-0.2777070288293577,-0.17812319241819308,-0.21135081309332437,-0.107944576878429,0.7640934568970587,-1.6403042860343922
372579,邱文愷,Qiu Wenkai,1741,cluster3_qing_after,清,works_general,工部,0,1,0,0,0,1,116.36800385,39.931427002,大興,0,0,0,0,0,0,0.0,1.3975995756472907e-33,0.0,-0.2777070288293577,-0.17812319241819308,-0.21135081309332437,-0.107944576878429,0.060334209197267744,2.289858245443304
372645,覺羅德成格,Jiaoluo Dechengge,1707,cluster3_qing_after,清,works_general,工部,0,1,0,0,0,0,,,,0,0,0,0,0,0,0.0,1.3975995756472907e-33,0.0,-0.2777070288293577,-0.17812319241819308,-0.21135081309332437,-0.107944576878429,-3.174087617753835e-15,-1.9987334503111837e-15
372867,周鼎,Zhou Ding,1583,cluster2_yuan_ming,明,works_general,工部,0,1,0,0,0,1,119.814385,31.363638,宜興,0,0,0,0,0,0,0.0,1.3975995756472907e-33,0.0,-0.2777070288293577,-0.17812319241819308,-0.21135081309332437,-0.107944576878429,0.8301060458323416,-0.12023274720987676
373978,歐陽旭,Ou Yangxu,1643,cluster2_yuan_ming,清,works_general,工部,0,1,0,0,0,1,119.44429016,32.206489563,丹徒,0,0,0,0,0,0,0.0,1.3975995756472907e-33,0.0,-0.2777070288293577,-0.17812319241819308,-0.21135081309332437,-0.107944576878429,0.7474429356548823,0.11685863770351972
374044,全慶,Quanqing,1799,cluster3_qing_after,清,works_general,工部,0,1,0,0,0,0,,,,0,0,0,0,0,0,0.0,1.3975995756472907e-33,0.0,-0.2777070288293577,-0.17812319241819308,-0.21135081309332437,-0.107944576878429,-3.174087617753835e-15,-1.9987334503111837e-15
374176,金樟,Jin Zhang,1670,cluster3_qing_after,清,works_general,工部,0,1,0,0,0,1,120.54273987,30.641677856,桐鄉,0,0,0,0,0,0,0.0,1.3975995756472907e-33,0.0,-0.2777070288293577,-0.17812319241819308,-0.21135081309332437,-0.107944576878429,0.9927888837424788,-0.3233177717947288
374419,俞成,Yu Cheng,1715,cluster3_qing_after,清,construction,将作/营缮,0,1,0,0,0,1,116.22367859,40.222099304,昌平州,0,0,0,0,1,0,0.0,1.3975995756472907e-33,0.0,-0.2777070288293577,-0.17812319241819308,-0.21135081309332437,-0.107944576878429,0.028098215664449967,2.371623412244264
374441,俞恆澤,Yu Hengze,1769,cluster3_qing_after,清,works_general,工部,0,1,0,0,0,1,116.36800385,39.931427002,大興,0,0,0,0,0,0,0.0,1.3975995756472907e-33,0.0,-0.2777070288293577,-0.17812319241819308,-0.21135081309332437,-0.107944576878429,0.060334209197267744,2.289858245443304
374555,善慶,Shanqing,1772,cluster3_qing_after,清,works_general,工部,0,1,0,0,0,0,,,,0,0,0,0,0,0,0.0,1.3975995756472907e-33,0.0,-0.2777070288293577,-0.17812319241819308,-0.21135081309332437,-0.107944576878429,-3.174087617753835e-15,-1.9987334503111837e-15
374625,曾臯,Zeng Gao,1562,cluster2_yuan_ming,明,works_general,工部,0,1,0,0,0,1,114.971275,27.103239,廬陵,0,0,0,0,0,0,0.0,1.3975995756472907e-33,0.0,-0.2777070288293577,-0.17812319241819308,-0.21135081309332437,-0.107944576878429,-0.251634341392583,-1.318669036036756
374951,鍾琇,Zhong Xiu,1820,cluster3_qing_after,清,works_general,工部,0,1,0,0,0,1,102.71035004,25.045913696,昆明,0,0,0,0,0,0,0.0,1.3975995756472907e-33,0.0,-0.2777070288293577,-0.17812319241819308,-0.21135081309332437,-0.107944576878429,-2.9901923576189677,-1.8973879077282072
375151,錢志霖,Qian Zhilin,1703,cluster3_qing_after,清,works_general,工部,0,1,0,0,0,1,119.90137482,31.013893127,長興,0,0,0,0,0,0,0.0,1.3975995756472907e-33,0.0,-0.2777070288293577,-0.17812319241819308,-0.21135081309332437,-0.107944576878429,0.8495357927452604,-0.21861483481114383
375247,饒元珙,Rao Yuangong,1606,cluster2_yuan_ming,明,works_general,工部,0,1,0,0,0,1,116.259071,28.364485,進賢,0,0,0,0,0,0,0.0,1.3975995756472907e-33,0.0,-0.2777070288293577,-0.17812319241819308,-0.21135081309332437,-0.107944576878429,0.036003342596983685,-0.9638846659489437
375283,饒景暉,Rao Jinghui,1559,cluster2_yuan_ming,明,works_general,工部,0,1,0,0,0,1,116.259071,28.364485,進賢,0,0,0,0,0,1,0.0,5.017129200224434e-21,0.0,0.0895713085213861,-0.17812319241819308,-0.21135081309332437,-0.107944576878429,0.036003342596983685,-0.9638846659489437
375296,錫齡,Xiling,1811,cluster3_qing_after,清,works_general,工部,0,1,0,0,0,0,,,,0,0,0,0,0,0,0.0,1.3975995756472907e-33,0.0,-0.2777070288293577,-0.17812319241819308,-0.21135081309332437,-0.107944576878429,-3.174087617753835e-15,-1.9987334503111837e-15
375557,鄭士超,Zheng Shichao,1765,cluster3_qing_after,清,works_general,工部,0,1,0,0,0,1,112.63826752,24.485013962,陽山,0,0,0,0,0,0,0.0,1.3975995756472907e-33,0.0,-0.2777070288293577,-0.17812319241819308,-0.21135081309332437,-0.107944576878429,-0.7727268655792843,-2.0551671663419997
375625,鄭日奎,Zheng Rikui,1629,cluster2_yuan_ming,清,works_general,工部,0,1,0,0,0,1,117.20227051,28.287900925,貴溪,0,0,0,0,0,0,0.0,1.3975995756472907e-33,0.0,-0.2777070288293577,-0.17812319241819308,-0.21135081309332437,-0.107944576878429,0.24667314013983516,-0.9854275154863318
375707,鄭尚友,Zheng Shangyou,1601,cluster2_yuan_ming,明,works_general,工部,0,1,0,0,0,1,120.168625,30.294125,錢塘,0,0,0,0,0,0,0.0,1.3975995756472907e-33,0.0,-0.2777070288293577,-0.17812319241819308,-0.21135081309332437,-0.107944576878429,0.9092278734948482,-0.4210832521912416
375745,舒清,Shu Qing,1436,cluster2_yuan_ming,明,works_general,工部,0,1,0,0,0,1,117.580116,28.953411,德興,0,0,0,0,0,0,0.0,1.3975995756472907e-33,0.0,-0.2777070288293577,-0.17812319241819308,-0.21135081309332437,-0.107944576878429,0.3310674088357331,-0.7982217104760739
375827,管玉音,Guan Yuyin,1595,cluster2_yuan_ming,明,works_general,工部,0,1,0,0,0,1,120.618622,31.31271,長洲,0,0,0,0,0,0,0.0,1.3975995756472907e-33,0.0,-0.2777070288293577,-0.17812319241819308,-0.21135081309332437,-0.107944576878429,1.0097376552322135,-0.1345586268557452
376098,徐彥伯,Xu Yanbo,651,cluster1_song_and_before,唐,works_general,工部,0,0,0,0,0,1,116.82369995,35.556697845,兗州,0,0,0,0,0,0,0.0,1.3975995756472907e-33,0.0,-0.2777070288293577,-0.17812319241819308,-0.21135081309332437,-0.107944576878429,0.16211692230328864,1.0592612578048661
379664,劉從諫,Liu Congjian,792,cluster1_song_and_before,唐,construction,将作/营缮,0,0,0,0,0,0,,,,0,0,0,0,1,0,0.0,1.3975995756472907e-33,0.0,-0.2777070288293577,-0.17812319241819308,-0.21135081309332437,-0.107944576878429,-3.174087617753835e-15,-1.9987334503111837e-15
386323,朱傑,Zhu Jie,1217,cluster1_song_and_before,宋,construction,将作/营缮,0,0,0,0,0,1,119.66493988,29.802457809,桐廬,0,0,0,0,1,1,0.0,7.50330558788574e-25,0.0,0.0895713085213861,-0.17812319241819308,-0.21135081309332437,-0.107944576878429,0.7967264979844358,-0.559387623148041
386530,張安道,Zhang Andao,1276,cluster1_song_and_before,元,medical,医学/医官,0,0,0,0,0,1,120.227981,29.260567,東陽,0,1,0,0,0,0,0.0,1.3975995756472907e-33,0.0,-0.2777070288293577,-0.17812319241819308,-0.21135081309332437,-0.107944576878429,0.9224854254447556,-0.7118197334004733
386531,張至道,Zhang Zhidao,1276,cluster1_song_and_before,元,medical,医学/医官,0,0,0,0,0,1,120.227981,29.260567,東陽,0,1,0,0,0,0,0.0,1.3975995756472907e-33,0.0,-0.2777070288293577,-0.17812319241819308,-0.21135081309332437,-0.107944576878429,0.9224854254447556,-0.7118197334004733
386582,葉蓁,Ye Zhen,1172,cluster1_song_and_before,宋,military_industrial,军器/制造,0,0,0,0,0,1,120.071625,29.300087,義烏,0,0,0,1,0,0,0.0,1.3975995756472907e-33,0.0,-0.2777070288293577,-0.17812319241819308,-0.21135081309332437,-0.107944576878429,0.8875622872164389,-0.700702886801261
386675,王奇,Wang Qi,1242,cluster1_song_and_before,元,construction,将作/营缮,0,0,0,0,0,1,119.649918,29.104712,金華,0,0,0,0,1,0,0.0,1.3975995756472907e-33,0.0,-0.2777070288293577,-0.17812319241819308,-0.21135081309332437,-0.107944576878429,0.7933712625493429,-0.7556612345826669
387174,高丹桂,Gao Dangui,1616,cluster2_yuan_ming,清,works_general,工部,0,1,0,0,0,1,113.1687088,37.8867836,壽陽,0,0,0,0,0,0,0.0,1.3975995756472907e-33,0.0,-0.2777070288293577,-0.17812319241819308,-0.21135081309332437,-0.107944576878429,-0.654249326223934,1.7147067512599565
387245,應汝化,Ying Ruhua,1565,cluster2_yuan_ming,明,construction,将作/营缮,0,1,0,0,0,1,120.73346,28.852207,仙居,0,0,0,0,1,0,0.0,1.3975995756472907e-33,0.0,-0.2777070288293577,-0.17812319241819308,-0.21135081309332437,-0.107944576878429,1.0353874758202501,-0.8266900643026602
387246,應大桂,Ying Dagui,1496,cluster2_yuan_ming,明,works_general,工部,0,1,0,0,0,1,120.73346,28.852207,仙居,0,0,0,0,0,0,0.0,1.3975995756472907e-33,0.0,-0.2777070288293577,-0.17812319241819308,-0.21135081309332437,-0.107944576878429,1.0353874758202501,-0.8266900643026602
387291,康汝芳,Kang Rufang,1406,cluster2_yuan_ming,明,works_general,工部,0,1,0,0,0,1,117.706978,29.854147,祁門,0,0,0,0,0,1,0.0,7.50330558788574e-25,0.0,0.0895713085213861,-0.17812319241819308,-0.21135081309332437,-0.107944576878429,0.3594028686960566,-0.5448476229662493
387353,唐賡堯,Tang Gengyao,1657,cluster3_qing_after,清,hydraulic,水利/河道,0,1,0,0,0,1,120.57826233,30.004514694,會稽,0,0,1,0,0,0,0.0,1.3975995756472907e-33,0.0,-0.2777070288293577,-0.17812319241819308,-0.21135081309332437,-0.107944576878429,1.0007230581955837,-0.5025496829947078
387429,唐良懿,Tang Liangyi,1601,cluster2_yuan_ming,明,works_general,工部,0,1,0,0,0,1,115.89772,28.674896,新建,0,0,0,0,0,0,0.0,1.3975995756472907e-33,0.0,-0.2777070288293577,-0.17812319241819308,-0.21135081309332437,-0.107944576878429,-0.044706773560632615,-0.876567068031227
398833,尹文煥,Yinwen Huan,995,cluster1_song_and_before,宋,works_general,工部,0,0,1,0,0,1,119.141106,33.502789,淮安州,0,0,0,0,0,0,0.0,1.3975995756472907e-33,0.0,-0.2777070288293577,-0.17812319241819308,-0.21135081309332437,-0.107944576878429,0.6797247647607948,0.4815034248435631
438358,(那拉)德瑛,(Nala) Deing,1795,cluster3_qing_after,清,works_general,工部,0,0,0,0,0,0,,,,0,0,0,0,0,0,0.0,1.3975995756472907e-33,0.0,-0.2777070288293577,-0.17812319241819308,-0.21135081309332437,-0.107944576878429,-3.174087617753835e-15,-1.9987334503111837e-15
438400,(博爾濟吉特)明敘,(Boerjijite) Mingxu,1759,cluster3_qing_after,清,works_general,工部,0,0,0,0,0,0,,,,0,0,0,0,0,0,0.0,1.3975995756472907e-33,0.0,-0.2777070288293577,-0.17812319241819308,-0.21135081309332437,-0.107944576878429,-3.174087617753835e-15,-1.9987334503111837e-15
438416,豐培,Fengpei,1851,cluster3_qing_after,清,works_general,工部,0,0,0,0,0,0,,,,0,0,0,0,0,0,0.0,1.3975995756472907e-33,0.0,-0.2777070288293577,-0.17812319241819308,-0.21135081309332437,-0.107944576878429,-3.174087617753835e-15,-1.9987334503111837e-15
438553,朱應榮,Zhu Yingrong,1743,cluster3_qing_after,清,hydraulic,水利/河道,0,1,0,0,0,1,110.28626251,25.280059814,臨桂,0,0,1,0,0,0,0.0,1.3975995756472907e-33,0.0,-0.2777070288293577,-0.17812319241819308,-0.21135081309332437,-0.107944576878429,-1.2980626127071346,-1.831523371402116
438572,奎璧,Kuibi,1854,cluster3_qing_after,清,works_general,工部,0,0,0,0,0,0,,,,0,0,0,0,0,0,0.0,1.3975995756472907e-33,0.0,-0.2777070288293577,-0.17812319241819308,-0.21135081309332437,-0.107944576878429,-3.174087617753835e-15,-1.9987334503111837e-15
438584,張霖,Zhang Lin,1642,cluster2_yuan_ming,清,construction,将作/营缮,0,0,0,0,0,1,119.23016357,39.884670258,撫寧,0,0,0,0,1,0,0.0,1.3975995756472907e-33,0.0,-0.2777070288293577,-0.17812319241819308,-0.21135081309332437,-0.107944576878429,0.6996163571997689,2.2767057264522457
438657,蘇崇阿,Suchonga,1727,cluster3_qing_after,清,hydraulic,水利/河道,0,0,0,0,0,0,,,,0,0,1,0,0,0,0.0,1.3975995756472907e-33,0.0,-0.2777070288293577,-0.17812319241819308,-0.21135081309332437,-0.107944576878429,-3.174087617753835e-15,-1.9987334503111837e-15
438665,文麟,Wenlin,1852,cluster3_qing_after,清,works_general,工部,0,0,0,0,0,0,,,,0,0,0,0,0,0,0.0,1.3975995756472907e-33,0.0,-0.2777070288293577,-0.17812319241819308,-0.21135081309332437,-0.107944576878429,-3.174087617753835e-15,-1.9987334503111837e-15
438692,阿禮布,Alibu,1760,cluster3_qing_after,清,hydraulic,水利/河道,0,0,0,0,0,0,,,,0,0,1,0,0,0,0.0,1.3975995756472907e-33,0.0,-0.2777070288293577,-0.17812319241819308,-0.21135081309332437,-0.107944576878429,-3.174087617753835e-15,-1.9987334503111837e-15
438753,恩祥,Enxiang,1818,cluster3_qing_after,清,hydraulic,水利/河道,0,0,0,0,0,0,,,,0,0,1,0,0,0,0.0,1.3975995756472907e-33,0.0,-0.2777070288293577,-0.17812319241819308,-0.21135081309332437,-0.107944576878429,-3.174087617753835e-15,-1.9987334503111837e-15
438793,傅顯,Fuxian,1706,cluster3_qing_after,清,hydraulic,水利/河道,0,1,0,0,0,0,,,,0,0,1,0,0,0,0.0,1.3975995756472907e-33,0.0,-0.2777070288293577,-0.17812319241819308,-0.21135081309332437,-0.107944576878429,-3.174087617753835e-15,-1.9987334503111837e-15
438981,卞永式,Bian Yongshi,1648,cluster3_qing_after,清,hydraulic,水利/河道,0,0,0,0,0,0,,,,0,0,1,0,0,0,0.0,1.3975995756472907e-33,0.0,-0.2777070288293577,-0.17812319241819308,-0.21135081309332437,-0.107944576878429,-3.174087617753835e-15,-1.9987334503111837e-15
439033,李光倬,Li Guangzhuo,1588,cluster2_yuan_ming,明,works_general,工部,0,1,0,0,0,1,115.89772,28.674896,南昌,0,0,0,0,0,0,0.0,1.3975995756472907e-33,0.0,-0.2777070288293577,-0.17812319241819308,-0.21135081309332437,-0.107944576878429,-0.044706773560632615,-0.876567068031227
439106,陳文緯,Chen Wenwei,1732,cluster3_qing_after,清,hydraulic,水利/河道,0,0,0,0,0,1,120.8152771,29.587490082,嵊縣,0,0,1,0,0,0,0.0,1.3975995756472907e-33,0.0,-0.2777070288293577,-0.17812319241819308,-0.21135081309332437,-0.107944576878429,1.053661861790346,-0.6198573408818567
439347,韓文顯,Han Wenxian,1770,cluster3_qing_after,清,construction,将作/营缮,0,1,0,0,0,1,120.16862488,30.294124603,仁和,0,0,0,0,1,0,0.0,1.3975995756472907e-33,0.0,-0.2777070288293577,-0.17812319241819308,-0.21135081309332437,-0.107944576878429,0.9092278466920588,-0.4210833638660419
439554,朱其煊,Zhu Qixuan,1838,cluster3_qing_after,清,hydraulic,水利/河道,0,0,1,0,0,1,120.25893402,30.161487579,蕭山,0,0,1,0,0,0,0.0,1.3975995756472907e-33,0.0,-0.2777070288293577,-0.17812319241819308,-0.21135081309332437,-0.107944576878429,0.9293989855002941,-0.4583937244223191
439574,傅德,Fude,1633,cluster2_yuan_ming,清,works_general,工部,0,0,0,0,0,0,,,,0,0,0,0,0,0,0.0,1.3975995756472907e-33,0.0,-0.2777070288293577,-0.17812319241819308,-0.21135081309332437,-0.107944576878429,-3.174087617753835e-15,-1.9987334503111837e-15
439728,沈炳垣,Shen Bingyuan,1785,cluster3_qing_after,清,hydraulic,水利/河道,0,1,0,0,0,1,120.54273987,30.641677856,桐鄉,0,0,1,0,0,0,0.0,1.3975995756472907e-33,0.0,-0.2777070288293577,-0.17812319241819308,-0.21135081309332437,-0.107944576878429,0.9927888837424788,-0.3233177717947288
444853,趙文恪,Zhao Wenke,556,cluster1_song_and_before,唐,hydraulic,水利/河道,0,0,0,0,0,1,112.51709,37.7565,并州,0,0,1,0,0,0,0.0,1.3975995756472907e-33,0.0,-0.2777070288293577,-0.17812319241819308,-0.21135081309332437,-0.107944576878429,-0.7997926595438566,1.678058401169037
444868,龐承訓,PangChengxun,654,cluster1_song_and_before,唐,construction,将作/营缮,0,0,0,0,0,0,,,,0,0,0,0,1,0,0.0,1.3975995756472907e-33,0.0,-0.2777070288293577,-0.17812319241819308,-0.21135081309332437,-0.107944576878429,-3.174087617753835e-15,-1.9987334503111837e-15
450722,崔寧,Cui Ning,723,cluster1_song_and_before,唐,works_general,工部,0,0,0,0,0,1,114.0703,35.41038,衛州,0,0,0,0,0,0,0.0,1.3975995756472907e-33,0.0,-0.2777070288293577,-0.17812319241819308,-0.21135081309332437,-0.107944576878429,-0.452873017652255,1.018102527096558
469750,劉先,Liu Xian,998,cluster1_song_and_before,宋,construction,将作/营缮,0,0,1,0,0,1,112.38263,34.665276,洛陽,0,0,0,0,1,0,0.0,1.3975995756472907e-33,0.0,-0.2777070288293577,-0.17812319241819308,-0.21135081309332437,-0.107944576878429,-0.8298251825437993,0.808507211599097
472983,朱國華,Zhu Guohua,1585,cluster2_yuan_ming,明,works_general,工部,0,1,0,0,0,1,120.932022,30.517859,海鹽,0,0,0,0,0,0,0.0,1.3975995756472907e-33,0.0,-0.2777070288293577,-0.17812319241819308,-0.21135081309332437,-0.107944576878429,1.0797376010018311,-0.3581476105660339
476181,彭懋,Peng Mao,1518,cluster2_yuan_ming,明,works_general,工部,0,1,0,0,0,1,115.89772034,28.67489624,南昌府,0,0,0,0,0,0,0.0,1.3975995756472907e-33,0.0,-0.2777070288293577,-0.17812319241819308,-0.21135081309332437,-0.107944576878429,-0.04470669761940243,-0.8765670005200132
479398,傅庸,Fu Yong,1145,cluster1_song_and_before,宋,construction,将作/营缮,0,1,0,0,0,0,,,,0,0,0,0,1,0,0.0,1.3975995756472907e-33,0.0,-0.2777070288293577,-0.17812319241819308,-0.21135081309332437,-0.107944576878429,-3.174087617753835e-15,-1.9987334503111837e-15
502739,謝約,Xie Yue,1001,cluster1_song_and_before,宋,construction,将作/营缮,0,0,0,0,0,1,120.637787,31.167065,吳江,0,0,0,0,1,0,0.0,1.3975995756472907e-33,0.0,-0.2777070288293577,-0.17812319241819308,-0.21135081309332437,-0.107944576878429,1.0140182836963958,-0.17552808846865717
503974,倪阜,Ni Fu,1446,cluster2_yuan_ming,明,hydraulic,水利/河道,0,1,0,0,0,0,,,,0,0,1,0,0,0,0.0,1.3975995756472907e-33,0.0,-0.2777070288293577,-0.17812319241819308,-0.21135081309332437,-0.107944576878429,-3.174087617753835e-15,-1.9987334503111837e-15
512631,盛玄,Sheng Xuan,968,cluster1_song_and_before,宋,works_general,工部,0,0,0,0,0,0,,,,0,0,0,0,0,1,0.0,0.004175885095622383,0.0,0.0895713085213861,-0.17812319241819308,0.024866337633040653,-0.107944576878429,-3.174087617753835e-15,-1.9987334503111837e-15
513174,彭份,Peng Fen,1591,cluster2_yuan_ming,明,works_general,工部,0,1,0,0,0,1,115.89772034,28.67489624,南昌府,0,0,0,0,0,0,0.0,1.3975995756472907e-33,0.0,-0.2777070288293577,-0.17812319241819308,-0.21135081309332437,-0.107944576878429,-0.04470669761940243,-0.8765670005200132
525432,劉愨,Liu Que,1496,cluster2_yuan_ming,明,works_general,工部,0,0,0,0,0,0,,,,0,0,0,0,0,0,0.0,1.3975995756472907e-33,0.0,-0.2777070288293577,-0.17812319241819308,-0.21135081309332437,-0.107944576878429,-3.174087617753835e-15,-1.9987334503111837e-15
531015,許孚,Xu Fu,1339,cluster2_yuan_ming,明,works_general,工部,0,1,0,0,0,1,120.558662,32.384022,如皋,0,0,0,0,0,0,0.0,1.3975995756472907e-33,0.0,-0.2777070288293577,-0.17812319241819308,-0.21135081309332437,-0.107944576878429,0.9963451959203228,0.1667979309351339
550643,彭大科,Pen Dake,1570,cluster2_yuan_ming,明,works_general,工部,0,1,0,0,0,1,114.693603,27.767023,分宜,0,0,0,0,0,0,0.0,1.3975995756472907e-33,0.0,-0.2777070288293577,-0.17812319241819308,-0.21135081309332437,-0.107944576878429,-0.31365420400184235,-1.131948770272291
551393,徐致甫,Xu Zhifu,1000,cluster1_song_and_before,宋,works_general,工部,0,1,0,0,0,0,,,,0,0,0,0,0,0,0.0,1.3975995756472907e-33,0.0,-0.2777070288293577,-0.17812319241819308,-0.21135081309332437,-0.107944576878429,-3.174087617753835e-15,-1.9987334503111837e-15
551402,王信,Wang Xin,1137,cluster1_song_and_before,宋,works_general,工部,0,1,0,0,0,1,119.913009,28.448732,麗水,0,0,0,0,0,0,0.0,1.3975995756472907e-33,0.0,-0.2777070288293577,-0.17812319241819308,-0.21135081309332437,-0.107944576878429,0.8521343631634929,-0.940186260699858
554900,李士睿,Li Shirui,1727,cluster3_qing_after,清,hydraulic,水利/河道,0,0,0,0,0,1,117.84458923,29.244728088,婺源,0,0,1,0,0,1,0.0,7.50330558788574e-25,0.0,0.0895713085213861,-0.17812319241819308,-0.21135081309332437,-0.107944576878429,0.390139239587217,-0.7162751674845437
555265,姜天樞,Jiang Tianshu,1591,cluster2_yuan_ming,明,works_general,工部,0,0,0,0,0,1,121.152763,30.049067,餘姚,0,0,0,0,0,0,0.0,1.3975995756472907e-33,0.0,-0.2777070288293577,-0.17812319241819308,-0.21135081309332437,-0.107944576878429,1.1290415513181373,-0.4900172651950324
555283,張顯,Zhang Xian,1360,cluster2_yuan_ming,明,works_general,工部,0,1,0,0,0,1,114.069244,32.131119,信陽,0,0,0,0,0,0,0.0,1.3975995756472907e-33,0.0,-0.2777070288293577,-0.17812319241819308,-0.21135081309332437,-0.107944576878429,-0.45310888217916345,0.0956571451183153
555350,楊三炯,Yang Sanjiong,1678,cluster3_qing_after,清,hydraulic,水利/河道,0,1,0,0,0,1,120.22766113,29.713136673,諸暨,0,0,1,0,0,0,0.0,1.3975995756472907e-33,0.0,-0.2777070288293577,-0.17812319241819308,-0.21135081309332437,-0.107944576878429,0.9224139803820459,-0.5845133662396246
556111,馬權奇,Ma Quanqi,1601,cluster2_yuan_ming,明,works_general,工部,0,1,0,0,0,1,120.578262,30.004515,會稽,0,0,0,0,0,0,0.0,1.3975995756472907e-33,0.0,-0.2777070288293577,-0.17812319241819308,-0.21135081309332437,-0.107944576878429,1.0007229844879177,-0.5025495969179097
561479,章有期,Zhang Youqi,1588,cluster2_yuan_ming,明,medical,医学/医官,0,0,0,0,0,1,120.578262,30.004515,會稽,0,1,0,0,0,0,0.0,1.3975995756472907e-33,0.0,-0.2777070288293577,-0.17812319241819308,-0.21135081309332437,-0.107944576878429,1.0007229844879177,-0.5025495969179097
561490,朱啟元,Zhu Qiyuan,1580,cluster2_yuan_ming,明,works_general,工部,0,0,0,0,1,1,120.578262,30.004515,山陰,0,0,0,0,0,0,0.0,1.3975995756472907e-33,0.0,-0.2777070288293577,-0.17812319241819308,-0.21135081309332437,-0.107944576878429,1.0007229844879177,-0.5025495969179097
562209,劉廷棟,Liu Tingdong,1687,cluster3_qing_after,清,works_general,工部,0,1,0,0,0,1,120.57826233,30.004514694,山陰,0,0,0,0,0,0,0.0,1.3975995756472907e-33,0.0,-0.2777070288293577,-0.17812319241819308,-0.21135081309332437,-0.107944576878429,1.0007230581955837,-0.5025496829947078
562792,熊汝學,Xiong Ruxue,1595,cluster2_yuan_ming,明,works_general,工部,0,0,1,0,0,0,,,,0,0,0,0,0,1,0.0,7.50330558788574e-25,0.0,0.0895713085213861,-0.17812319241819308,-0.21135081309332437,-0.107944576878429,-3.174087617753835e-15,-1.9987334503111837e-15
562900,張夏,Zhang Xia,975,cluster1_song_and_before,宋,works_general,工部,0,0,0,0,0,0,,,,0,0,0,0,0,0,0.0,1.3975995756472907e-33,0.0,-0.2777070288293577,-0.17812319241819308,-0.21135081309332437,-0.107944576878429,-3.174087617753835e-15,-1.9987334503111837e-15
563128,諶廷詔,Chen Tingzhao,1516,cluster2_yuan_ming,明,works_general,工部,0,1,0,0,0,1,115.89772,28.674896,南昌,0,0,0,0,0,0,0.0,1.3975995756472907e-33,0.0,-0.2777070288293577,-0.17812319241819308,-0.21135081309332437,-0.107944576878429,-0.044706773560632615,-0.876567068031227
563200,龔澄元,Gong Chengyuan,1574,cluster2_yuan_ming,明,hydraulic,水利/河道,0,0,0,0,0,1,115.89772,28.674896,南昌,0,0,1,0,0,0,0.0,1.3975995756472907e-33,0.0,-0.2777070288293577,-0.17812319241819308,-0.21135081309332437,-0.107944576878429,-0.044706773560632615,-0.876567068031227
563214,劉貺,Liu Kuang,998,cluster1_song_and_before,宋,construction,将作/营缮,0,0,1,0,0,1,112.38263,34.665276,洛陽,0,0,0,0,1,0,0.0,1.3975995756472907e-33,0.0,-0.2777070288293577,-0.17812319241819308,-0.21135081309332437,-0.107944576878429,-0.8298251825437993,0.808507211599097
570888,姜諤,Jiang E,1025,cluster1_song_and_before,宋,construction,将作/营缮,0,0,0,0,0,1,119.91124,32.495872,海陵,0,0,0,0,1,0,0.0,1.3975995756472907e-33,0.0,-0.2777070288293577,-0.17812319241819308,-0.21135081309332437,-0.107944576878429,0.8517392454096123,0.1982609697034001
570923,趙隨,Zhao Sui,1029,cluster1_song_and_before,宋,construction,将作/营缮,0,0,0,0,0,0,,,,0,0,0,0,1,1,0.0,0.0024664362432820705,0.0,0.0895713085213861,-0.17812319241819308,-0.07183199768169098,-0.107944576878429,-3.174087617753835e-15,-1.9987334503111837e-15
571259,張正,Zhang Zheng,919,cluster1_song_and_before,後周,works_general,工部,0,0,0,0,0,1,115.968147,39.487221,范陽,0,0,0,0,0,0,0.0,1.3975995756472907e-33,0.0,-0.2777070288293577,-0.17812319241819308,-0.21135081309332437,-0.107944576878429,-0.02897644113971206,2.1649045515494914
571577,任之立,Ren Zhili,1050,cluster1_song_and_before,宋,construction,将作/营缮,0,0,0,0,0,1,118.73851,36.879799,壽光,0,0,0,0,1,1,0.0,3.184214381287576e-05,0.0,0.0895713085213861,-0.17812319241819308,-0.2095495996230635,-0.107944576878429,0.5898023073036662,1.4314452804611366
571594,石崧,Shi Song,978,cluster1_song_and_before,宋,works_general,工部,0,0,0,0,0,0,,,,0,0,0,0,0,0,0.0,1.3975995756472907e-33,0.0,-0.2777070288293577,-0.17812319241819308,-0.21135081309332437,-0.107944576878429,-3.174087617753835e-15,-1.9987334503111837e-15
571666,藥紹言,Yao Shaoyan,854,cluster1_song_and_before,五代,works_general,工部,0,0,0,0,0,0,,,,0,0,0,0,0,0,0.0,1.3975995756472907e-33,0.0,-0.2777070288293577,-0.17812319241819308,-0.21135081309332437,-0.107944576878429,-3.174087617753835e-15,-1.9987334503111837e-15
573137,許立禮,Xu Lili,1563,cluster2_yuan_ming,明,construction,将作/营缮,0,0,1,0,0,1,118.433945,29.86577,歙縣,0,0,0,0,1,0,0.0,1.3975995756472907e-33,0.0,-0.2777070288293577,-0.17812319241819308,-0.21135081309332437,-0.107944576878429,0.521775716737858,-0.541578111123571
573203,程鑾,Cheng Luan,1685,cluster3_qing_after,清,works_general,工部,0,0,0,0,0,1,118.4339447,29.86577034,歙縣,0,0,0,0,0,0,0.0,1.3975995756472907e-33,0.0,-0.2777070288293577,-0.17812319241819308,-0.21135081309332437,-0.107944576878429,0.521775649730891,-0.5415780154826844
573545,蘇昌嗣,Su Changsi,937,cluster1_song_and_before,宋,works_general,工部,0,0,1,0,0,1,108.105102,34.332054,武功,0,0,0,0,0,0,0.0,1.3975995756472907e-33,0.0,-0.2777070288293577,-0.17812319241819308,-0.21135081309332437,-0.107944576878429,-1.7852391200933213,0.7147729540716989
575342,郭權,Guo Quan,781,cluster1_song_and_before,唐,works_general,工部,0,0,0,0,0,1,108.937189,34.317987,萬年,0,0,0,0,0,0,0.0,1.3975995756472907e-33,0.0,-0.2777070288293577,-0.17812319241819308,-0.21135081309332437,-0.107944576878429,-1.5993870305093911,0.7108159530314385
575526,董宏,Dong Hong,1682,cluster3_qing_after,清,works_general,工部,0,1,0,0,0,1,121.10775757,31.144771576,青浦,0,0,0,0,0,0,0.0,1.3975995756472907e-33,0.0,-0.2777070288293577,-0.17812319241819308,-0.21135081309332437,-0.107944576878429,1.1189892933113168,-0.18179915564424448
575944,莫象年,Mo Xiangnian,1648,cluster3_qing_after,清,works_general,工部,0,1,0,0,0,1,112.30747223,22.191947937,恩平,0,0,0,0,0,0,0.0,1.3975995756472907e-33,0.0,-0.2777070288293577,-0.17812319241819308,-0.21135081309332437,-0.107944576878429,-0.8466121634760445,-2.7001991309622158
575953,歐陽方曜,Ouyang Fangyao,1657,cluster3_qing_after,清,works_general,工部,0,1,0,0,0,1,102.71035004,25.045913696,昆明,0,0,0,0,0,0,0.0,1.3975995756472907e-33,0.0,-0.2777070288293577,-0.17812319241819308,-0.21135081309332437,-0.107944576878429,-2.9901923576189677,-1.8973879077282072
576624,汪廷棟,Wang Tingdong,1828,cluster3_qing_after,清,hydraulic,水利/河道,0,1,0,0,0,1,118.4339447,29.86577034,歙縣,0,0,1,0,0,0,0.0,1.3975995756472907e-33,0.0,-0.2777070288293577,-0.17812319241819308,-0.21135081309332437,-0.107944576878429,0.521775649730891,-0.5415780154826844
576780,馮維師,Feng Weishi,1019,cluster1_song_and_before,宋,construction,将作/营缮,0,0,0,0,0,0,,,,0,0,0,0,1,0,0.0,1.3975995756472907e-33,0.0,-0.2777070288293577,-0.17812319241819308,-0.21135081309332437,-0.107944576878429,-3.174087617753835e-15,-1.9987334503111837e-15
578729,方宏靜,Fang Hongjing,1520,cluster2_yuan_ming,明,works_general,工部,0,1,0,0,0,1,118.433945,29.86577,歙縣,0,0,0,0,0,1,0.0,7.50330558788574e-25,0.0,0.0895713085213861,-0.17812319241819308,-0.21135081309332437,-0.107944576878429,0.521775716737858,-0.541578111123571
579059,鄭俠如,Zheng Xiaru,1599,cluster2_yuan_ming,明,works_general,工部,0,0,0,0,0,1,118.433945,29.86577,歙縣,0,0,0,0,0,0,0.0,1.3975995756472907e-33,0.0,-0.2777070288293577,-0.17812319241819308,-0.21135081309332437,-0.107944576878429,0.521775716737858,-0.541578111123571
684063,孫延郃,Sun Yanhe,896,cluster1_song_and_before,五代,works_general,工部,0,0,0,0,0,1,115.318095,36.525088,館陶,0,0,0,0,0,0,0.0,1.3975995756472907e-33,0.0,-0.2777070288293577,-0.17812319241819308,-0.21135081309332437,-0.107944576878429,-0.17416981940209714,1.331666237595416
684185,席啟㝢,Xi Qiyu,1638,cluster2_yuan_ming,清,works_general,工部,0,0,0,0,0,1,120.618622,31.31271,吳縣,0,0,0,0,0,0,0.0,1.3975995756472907e-33,0.0,-0.2777070288293577,-0.17812319241819308,-0.21135081309332437,-0.107944576878429,1.0097376552322135,-0.1345586268557452
684322,楊公亶,Yang Gongdan,1018,cluster1_song_and_before,宋,construction,将作/营缮,0,0,0,0,0,0,,,,0,0,0,0,1,0,0.0,1.3975995756472907e-33,0.0,-0.2777070288293577,-0.17812319241819308,-0.21135081309332437,-0.107944576878429,-3.174087617753835e-15,-1.9987334503111837e-15
686170,羅愷,Luo Kai,1027,cluster1_song_and_before,宋,works_general,工部,0,1,0,0,0,1,115.186172,24.060003,龍川,0,0,0,0,0,0,0.0,1.3975995756472907e-33,0.0,-0.2777070288293577,-0.17812319241819308,-0.21135081309332437,-0.107944576878429,-0.20363568681041005,-2.1747213583343514
689212,任康,Ren Kang,1028,cluster1_song_and_before,宋,construction,将作/营缮,0,0,0,0,0,1,118.73851,36.879799,壽光,0,0,0,0,1,0,0.0,1.3975995756472907e-33,0.0,-0.2777070288293577,-0.17812319241819308,-0.21135081309332437,-0.107944576878429,0.5898023073036662,1.4314452804611366
689429,李蔚,Li Wei,1620,cluster2_yuan_ming,清,works_general,工部,0,1,0,0,0,1,119.0228653,31.656557083,溧水,0,0,0,0,0,0,0.0,1.3975995756472907e-33,0.0,-0.2777070288293577,-0.17812319241819308,-0.21135081309332437,-0.107944576878429,0.653314928807506,-0.037835568270277606
690118,王正規,Wang Zhenggui,982,cluster1_song_and_before,宋,construction,将作/营缮,0,0,0,0,0,1,114.500061,37.439831,臨城,0,0,0,0,1,0,0.0,1.3975995756472907e-33,0.0,-0.2777070288293577,-0.17812319241819308,-0.21135081309332437,-0.107944576878429,-0.3568830792543722,1.5889804483419603
690119,王正臣,Wang Zhengchen,982,cluster1_song_and_before,宋,construction,将作/营缮,0,0,0,0,0,1,114.500061,37.439831,臨城,0,0,0,0,1,0,0.0,1.3975995756472907e-33,0.0,-0.2777070288293577,-0.17812319241819308,-0.21135081309332437,-0.107944576878429,-0.3568830792543722,1.5889804483419603
690127,王正思,Wang Zhengsi,1008,cluster1_song_and_before,宋,construction,将作/营缮,0,0,0,0,0,1,114.500061,37.439831,臨城,0,0,0,0,1,1,0.0,1.5959248592679233e-20,0.0,0.0895713085213861,-0.17812319241819308,-0.21135081309332437,-0.107944576878429,-0.3568830792543722,1.5889804483419603
690188,馬籍,Ma Ji,942,cluster1_song_and_before,宋,construction,将作/营缮,0,1,0,0,0,1,103.45682526,30.416589737,邛州,0,0,0,0,1,0,0.0,1.3975995756472907e-33,0.0,-0.2777070288293577,-0.17812319241819308,-0.21135081309332437,-0.107944576878429,-2.8234622206746036,-0.38663432266082975
690192,劉藏用,Liu Cangyong,953,cluster1_song_and_before,宋,works_general,工部,0,1,0,0,0,1,112.38263,34.665276,洛陽,0,0,0,0,0,0,0.0,1.3975995756472907e-33,0.0,-0.2777070288293577,-0.17812319241819308,-0.21135081309332437,-0.107944576878429,-0.8298251825437993,0.808507211599097
690925,汪思蔚,Wang Siwei,1733,cluster3_qing_after,清,works_general,工部,0,0,0,0,0,1,117.93021393,29.933116913,黟縣,0,0,0,0,0,0,0.0,1.3975995756472907e-33,0.0,-0.2777070288293577,-0.17812319241819308,-0.21135081309332437,-0.107944576878429,0.4092640779935333,-0.5226336450114383
690938,余俊,Yu Jun,1746,cluster3_qing_after,清,medical,医学/医官,0,0,0,0,0,1,117.93021393,29.933116913,黟縣,0,1,0,0,0,0,0.0,1.3975995756472907e-33,0.0,-0.2777070288293577,-0.17812319241819308,-0.21135081309332437,-0.107944576878429,0.4092640779935333,-0.5226336450114383
691329,杜子華,Du Zihua,1536,cluster2_yuan_ming,明,medical,医学/医官,0,0,0,0,0,1,120.297668,31.574614,無錫,0,1,0,0,0,0,0.0,1.3975995756472907e-33,0.0,-0.2777070288293577,-0.17812319241819308,-0.21135081309332437,-0.107944576878429,0.938050474011595,-0.06088588921100437
691516,曹仁,Cao Ren,1355,cluster2_yuan_ming,明,works_general,工部,0,1,0,0,0,1,120.932022,30.517859,海鹽,0,0,0,0,0,0,0.0,1.3975995756472907e-33,0.0,-0.2777070288293577,-0.17812319241819308,-0.21135081309332437,-0.107944576878429,1.0797376010018311,-0.3581476105660339
692004,沈允芳,Shen Yunfang,1598,cluster2_yuan_ming,明,works_general,工部,0,1,0,0,0,1,120.932022,30.517859,海鹽,0,0,0,0,0,0,0.0,1.3975995756472907e-33,0.0,-0.2777070288293577,-0.17812319241819308,-0.21135081309332437,-0.107944576878429,1.0797376010018311,-0.3581476105660339
692609,王道,Wang Dao,1427,cluster2_yuan_ming,明,works_general,工部,0,1,0,0,0,1,115.671104,32.18354,固始,0,0,0,0,0,0,0.0,1.3975995756472907e-33,0.0,-0.2777070288293577,-0.17812319241819308,-0.21135081309332437,-0.107944576878429,-0.09532294366442363,0.11040300077563678
694310,凌行堂,Ling Xingtang,1829,cluster3_qing_after,清,hydraulic,水利/河道,0,1,0,0,0,1,121.54265594,29.866315842,鄞縣,0,0,1,0,0,0,0.0,1.3975995756472907e-33,0.0,-0.2777070288293577,-0.17812319241819308,-0.21135081309332437,-0.107944576878429,1.216126696997644,-0.5414245675562284
694852,盛皚,Sheng Ai,1434,cluster2_yuan_ming,明,medical,医学/医官,0,0,0,0,0,1,120.637787,31.167065,吳江,0,1,0,0,0,1,0.0,1.503516943899234e-22,0.0,0.0895713085213861,-0.17812319241819308,-0.21135081309332437,-0.107944576878429,1.0140182836963958,-0.17552808846865717
695366,董允霖,Dong Yunlin,1659,cluster3_qing_after,清,hydraulic,水利/河道,0,0,0,0,0,1,121.54265594,29.866315842,鄞縣,0,0,1,0,0,0,0.0,1.3975995756472907e-33,0.0,-0.2777070288293577,-0.17812319241819308,-0.21135081309332437,-0.107944576878429,1.216126696997644,-0.5414245675562284
696195,楊仲安,Yang Zhongan,1030,cluster1_song_and_before,宋,construction,将作/营缮,0,0,0,0,0,0,,,,0,0,0,0,1,0,0.0,1.3975995756472907e-33,0.0,-0.2777070288293577,-0.17812319241819308,-0.21135081309332437,-0.107944576878429,-3.174087617753835e-15,-1.9987334503111837e-15
696581,石祖賢,Shi Zuxian,1033,cluster1_song_and_before,宋,construction,将作/营缮,0,0,0,0,0,0,,,,0,0,0,0,1,0,0.0,1.3975995756472907e-33,0.0,-0.2777070288293577,-0.17812319241819308,-0.21135081309332437,-0.107944576878429,-3.174087617753835e-15,-1.9987334503111837e-15
696583,石祖元,Shi Zuyuan,1033,cluster1_song_and_before,宋,construction,将作/营缮,0,0,0,0,0,0,,,,0,0,0,0,1,0,0.0,1.3975995756472907e-33,0.0,-0.2777070288293577,-0.17812319241819308,-0.21135081309332437,-0.107944576878429,-3.174087617753835e-15,-1.9987334503111837e-15
696584,石祖良,Shi Zuliang,1033,cluster1_song_and_before,宋,construction,将作/营缮,0,0,0,0,0,0,,,,0,0,0,0,1,0,0.0,1.3975995756472907e-33,0.0,-0.2777070288293577,-0.17812319241819308,-0.21135081309332437,-0.107944576878429,-3.174087617753835e-15,-1.9987334503111837e-15
696908,黎伯巽,Li Boxun,1256,cluster1_song_and_before,宋,military_industrial,军器/制造,0,1,0,0,0,0,,,,0,0,0,1,0,0,0.0,1.3975995756472907e-33,0.0,-0.2777070288293577,-0.17812319241819308,-0.21135081309332437,-0.107944576878429,-3.174087617753835e-15,-1.9987334503111837e-15
696921,璩悚,Qu Song,868,cluster1_song_and_before,唐,works_general,工部,0,0,0,0,0,1,117.202271,28.287901,貴溪,0,0,0,0,0,0,0.0,1.3975995756472907e-33,0.0,-0.2777070288293577,-0.17812319241819308,-0.21135081309332437,-0.107944576878429,0.2466732495845473,-0.9854274943890766
697054,蔡勖,Cai Xu,1010,cluster1_song_and_before,宋,works_general,工部,0,0,0,0,0,1,119.94828,36.788235,膠水,0,0,0,0,0,0,0.0,1.3975995756472907e-33,0.0,-0.2777070288293577,-0.17812319241819308,-0.21135081309332437,-0.107944576878429,0.8600123723761278,1.4056886270701883
697077,任迥,Ren Jiong,1016,cluster1_song_and_before,宋,works_general,工部,0,0,0,0,0,0,,,,0,0,0,0,0,0,0.0,1.3975995756472907e-33,0.0,-0.2777070288293577,-0.17812319241819308,-0.21135081309332437,-0.107944576878429,-3.174087617753835e-15,-1.9987334503111837e-15
697106,張鎡,Zhang Zi,1377,cluster2_yuan_ming,明,works_general,工部,0,0,0,0,0,1,120.73346,28.852207,仙居,0,0,0,0,0,0,0.0,1.3975995756472907e-33,0.0,-0.2777070288293577,-0.17812319241819308,-0.21135081309332437,-0.107944576878429,1.0353874758202501,-0.8266900643026602
697621,盧震,Lu Zhen,1012,cluster1_song_and_before,宋,works_general,工部,0,1,0,0,0,1,115.01371,35.705147,濮陽,0,0,0,0,0,0,0.0,1.3975995756472907e-33,0.0,-0.2777070288293577,-0.17812319241819308,-0.21135081309332437,-0.107944576878429,-0.24215620578717925,1.1010195190376002
697636,劉舜卿,Liu Shunqing,992,cluster1_song_and_before,宋,works_general,工部,0,1,0,0,0,1,114.34333,34.785477,開封,0,0,0,0,0,0,0.0,1.3975995756472907e-33,0.0,-0.2777070288293577,-0.17812319241819308,-0.21135081309332437,-0.107944576878429,-0.3918899761925293,0.8423193593235898
698679,瞿敬邦,Qu Jingbang,1791,cluster3_qing_after,清,works_general,工部,0,1,0,0,0,1,119.95230103,31.782783508,武進,0,0,0,0,0,0,0.0,1.3975995756472907e-33,0.0,-0.2777070288293577,-0.17812319241819308,-0.21135081309332437,-0.107944576878429,0.8609104958028614,-0.002328488222402521
699122,戴瑞,Dai Rui,1528,cluster2_yuan_ming,明,works_general,工部,0,1,0,0,0,1,120.73346,28.852207,仙居,0,0,0,0,0,0,0.0,1.3975995756472907e-33,0.0,-0.2777070288293577,-0.17812319241819308,-0.21135081309332437,-0.107944576878429,1.0353874758202501,-0.8266900643026602
699428,李宗孟,Li Zongmeng,1007,cluster1_song_and_before,宋,construction,将作/营缮,0,0,0,1,0,1,113.81974792,34.031391144,許州,0,0,0,0,1,2,0.0,2.1262940533200443e-22,0.0,0.45684964587212995,-0.17812319241819308,-0.21135081309332437,-0.107944576878429,-0.508835468234467,0.6301974771427228
699468,李經,Li Jing,1037,cluster1_song_and_before,宋,construction,将作/营缮,0,0,0,0,0,0,,,,0,0,0,0,1,1,0.0,1.503516943899234e-22,0.0,0.0895713085213861,-0.17812319241819308,-0.21135081309332437,-0.107944576878429,-3.174087617753835e-15,-1.9987334503111837e-15
699631,任中孚,Ren Zhongfu,30,cluster1_song_and_before,宋,hydraulic,水利/河道,0,0,0,0,0,1,104.077995,30.650385,成都,0,0,1,0,0,0,0.0,1.3975995756472907e-33,0.0,-0.2777070288293577,-0.17812319241819308,-0.21135081309332437,-0.107944576878429,-2.6847198846384606,-0.32086848069743024
699635,章仁守,Zhang Renshou,1032,cluster1_song_and_before,宋,construction,将作/营缮,0,0,0,0,0,0,,,,0,0,0,0,1,1,0.0,1.503516943899234e-22,0.0,0.0895713085213861,-0.17812319241819308,-0.21135081309332437,-0.107944576878429,-3.174087617753835e-15,-1.9987334503111837e-15
699640,任允孚,Ren Yunfu,30,cluster1_song_and_before,宋,works_general,工部,0,0,0,0,0,1,104.077995,30.650385,成都,0,0,0,0,0,0,0.0,1.3975995756472907e-33,0.0,-0.2777070288293577,-0.17812319241819308,-0.21135081309332437,-0.107944576878429,-2.6847198846384606,-0.32086848069743024
699695,林倩,Lin Qian,989,cluster1_song_and_before,宋,military_industrial,军器/制造,0,0,0,0,0,1,117.806282,26.797091,順昌,0,0,0,1,0,3,0.0,0.0011158622297548076,5.7967476958411286e-05,0.8241279832228736,-0.17812319241819308,-0.1482298721478543,0.08300952216217619,0.38158306848771373,-1.4047874660128608
699791,朱祥,Zhu Xiang,1554,cluster2_yuan_ming,明,works_general,工部,0,0,0,0,0,1,116.448669,36.286934,平陰,0,0,0,0,0,2,1.0,9.591778628167397e-20,0.0,0.45684964587212995,7.548737710309318,-0.21135081309332437,-0.107944576878429,0.07835129957856372,1.2646742971857807
699794,朱同芳,Zhu Tongfang,1584,cluster2_yuan_ming,明,works_general,工部,0,0,0,0,0,1,116.448669,36.286934,平陰,0,0,0,0,0,2,1.0,9.591778628167397e-20,0.0,0.45684964587212995,7.548737710309318,-0.21135081309332437,-0.107944576878429,0.07835129957856372,1.2646742971857807
700027,沈縉,Shen Jin,1355,cluster2_yuan_ming,明,works_general,工部,0,1,0,0,0,1,120.168625,30.294125,錢塘,0,0,0,0,0,0,0.0,1.3975995756472907e-33,0.0,-0.2777070288293577,-0.17812319241819308,-0.21135081309332437,-0.107944576878429,0.9092278734948482,-0.4210832521912416
700129,孫鑄,Sun Zhu,981,cluster1_song_and_before,宋,construction,将作/营缮,0,0,0,0,0,1,112.38263,34.665276,洛陽,0,0,0,0,1,0,0.0,1.3975995756472907e-33,0.0,-0.2777070288293577,-0.17812319241819308,-0.21135081309332437,-0.107944576878429,-0.8298251825437993,0.808507211599097
700146,張景晟,Zhang Jingsheng,1022,cluster1_song_and_before,宋,works_general,工部,0,1,0,0,0,1,112.38263,34.665276,洛陽,0,0,0,0,0,4,0.16666666666666666,0.006452444613918008,9.032527031851731e-05,1.1914063205736174,1.109686958036392,0.153644402775331,0.1896012456980157,-0.8298251825437993,0.808507211599097
700465,沈群玉,Shen Qunyu,1031,cluster1_song_and_before,宋,works_general,工部,0,0,0,0,0,0,,,,0,0,0,0,0,1,0.0,1.503516943899234e-22,0.0,0.0895713085213861,-0.17812319241819308,-0.21135081309332437,-0.107944576878429,-3.174087617753835e-15,-1.9987334503111837e-15
700520,沈文禎,Shen Wenzhen,971,cluster1_song_and_before,宋,works_general,工部,0,0,0,0,0,0,,,,0,0,0,0,0,1,0.0,1.503516943899234e-22,0.0,0.0895713085213861,-0.17812319241819308,-0.21135081309332437,-0.107944576878429,-3.174087617753835e-15,-1.9987334503111837e-15
