mpnet_id,id,name_zh,cluster,degree,betweenness,clustering,eigenvector,cluster1_song_and_before,cluster2_yuan_ming,cluster3_qing_after
1,3,安燾,cluster1_song_and_before,2,5.232154524665142e-05,0.0,0.004265066383703475,1,0,0
2,4,查道,cluster1_song_and_before,5,0.00027459836566181493,0.2,0.005108572901288774,1,0,0
3,10,晁謙之,cluster1_song_and_before,0,0.0,0.0,1.3975995756472907e-33,1,0,0
4,13,晁補之,cluster1_song_and_before,17,0.0016335920391283125,0.0661764705882353,0.09911607645690022,1,0,0
5,15,陳安期,cluster1_song_and_before,4,0.0,0.8333333333333334,0.002107693015993836,1,0,0
6,16,陳安民,cluster1_song_and_before,1,0.0,0.0,0.00010957515284634163,1,0,0
7,18,陳安道,cluster1_song_and_before,5,7.29214605056407e-05,0.5,0.0059598441600470405,1,0,0
8,22,陳求道,cluster1_song_and_before,0,0.0,0.0,1.3975995756472907e-33,1,0,0
9,25,陳洎,cluster1_song_and_before,2,0.0003866689807252532,0.0,0.008695393046947707,1,0,0
10,28,陳絳,cluster1_song_and_before,0,0.0,0.0,1.3975995756472907e-33,1,0,0
11,33,陳知儉,cluster1_song_and_before,3,0.0010150237205963479,0.0,0.002824293957244123,1,0,0
12,34,陳執中,cluster1_song_and_before,4,0.00042399200804138764,0.0,0.018672351763112223,1,0,0
13,36,陳之淵,cluster1_song_and_before,0,0.0,0.0,1.3975995756472907e-33,1,0,0
14,37,陳靖,cluster1_song_and_before,2,0.0,1.0,0.0005729392781419383,1,0,0
15,53,陳紘,cluster1_song_and_before,0,0.0,0.0,1.3975995756472907e-33,1,0,0
16,56,陳若拙,cluster1_song_and_before,0,0.0,0.0,1.3975995756472907e-33,1,0,0
17,62,陳康伯,cluster1_song_and_before,2,0.0,1.0,0.006110695701496818,1,0,0
18,63,陳膏,cluster1_song_and_before,0,0.0,0.0,1.3975995756472907e-33,1,0,0
19,67,陳貫,cluster1_song_and_before,7,0.0006683266381575247,0.23809523809523808,0.01434577393994316,1,0,0
20,78,陳世卿,cluster1_song_and_before,0,0.0,0.0,1.3975995756472907e-33,1,0,0
21,79,陳師錫,cluster1_song_and_before,1,0.0,0.0,0.00662711023924432,1,0,0
22,93,陳從易,cluster1_song_and_before,1,0.0,0.0,0.011418007655216066,1,0,0
23,94,陳敦夫,cluster1_song_and_before,0,0.0,0.0,1.3975995756472907e-33,1,0,0
24,98,陳堯佐,cluster1_song_and_before,7,0.0012528415252950468,0.047619047619047616,0.031825578978038754,1,0,0
25,99,陳堯咨,cluster1_song_and_before,2,0.0,1.0,0.028879859586932694,1,0,0
26,105,陳祐甫,cluster1_song_and_before,0,0.0,0.0,1.3975995756472907e-33,1,0,0
27,116,程戡,cluster1_song_and_before,3,5.232154524665142e-05,0.3333333333333333,0.042173605678865,1,0,0
28,117,程克俊,cluster1_song_and_before,0,0.0,0.0,1.3975995756472907e-33,1,0,0
29,118,程琳,cluster1_song_and_before,7,0.0003173196157227876,0.0,0.04623299717948034,1,0,0
30,122,程師孟,cluster1_song_and_before,2,0.0,1.0,0.04841761031041195,1,0,0
31,123,程嗣恭,cluster1_song_and_before,1,0.0,0.0,0.0040252621052282445,1,0,0
32,128,程瑀,cluster1_song_and_before,2,9.657355249481669e-05,0.0,0.01866116687217875,1,0,0
33,145,錢勰,cluster1_song_and_before,1,0.0,0.0,0.04305271222744958,1,0,0
34,149,錢時敏,cluster1_song_and_before,0,0.0,0.0,1.3975995756472907e-33,1,0,0
35,150,錢端禮,cluster1_song_and_before,3,0.00043835245834694545,0.0,0.005664551574381264,1,0,0
36,152,錢遹,cluster1_song_and_before,0,0.0,0.0,1.3975995756472907e-33,1,0,0
37,168,詹大方,cluster1_song_and_before,0,0.0,0.0,1.3975995756472907e-33,1,0,0
38,171,詹棫,cluster1_song_and_before,0,0.0,0.0,1.3975995756472907e-33,1,0,0
39,172,湛俞,cluster1_song_and_before,0,0.0,0.0,1.3975995756472907e-33,1,0,0
40,174,張闡,cluster1_song_and_before,2,3.944195699485482e-05,0.0,0.023957607323902244,1,0,0
41,185,張去華,cluster1_song_and_before,8,0.00028914561294410155,0.14285714285714285,0.007942771168816849,1,0,0
42,197,張頡,cluster1_song_and_before,0,0.0,0.0,1.3975995756472907e-33,1,0,0
43,198,張鑑,cluster1_song_and_before,1,0.0,0.0,7.50330558788574e-25,1,0,0
44,200,張知白,cluster1_song_and_before,4,9.22892274322882e-05,0.0,0.005014737674714757,1,0,0
45,205,張景憲,cluster1_song_and_before,4,0.00044670684058990747,0.5,0.024794248297915402,1,0,0
46,211,張浚,cluster1_song_and_before,6,0.00040842844835033625,0.06666666666666667,0.031323335434613526,1,0,0
47,213,張中庸,cluster1_song_and_before,2,0.00025679955285976816,0.0,0.026449843137758132,1,0,0
48,217,張方平,cluster1_song_and_before,27,0.002267427471622098,0.04843304843304843,0.18084207609110406,1,0,0
49,218,張傅,cluster1_song_and_before,0,0.0,0.0,1.3975995756472907e-33,1,0,0
50,223,張錫,cluster1_song_and_before,1,0.0,0.0,0.026108982656436113,1,0,0
51,237,張徽,cluster1_song_and_before,2,0.0,1.0,0.04938104651714261,1,0,0
52,245,張若谷,cluster1_song_and_before,2,2.1583372195678503e-05,0.0,0.04585318739809989,1,0,0
53,249,張可久,cluster1_song_and_before,1,0.0,0.0,1.5805041769285014e-05,1,0,0
54,252,張綱,cluster1_song_and_before,0,0.0,0.0,1.3975995756472907e-33,1,0,0
55,257,張鞏,cluster1_song_and_before,0,0.0,0.0,1.3975995756472907e-33,1,0,0
56,262,張沔,cluster1_song_and_before,8,0.0006303947438305562,0.10714285714285714,0.00655673917020393,1,0,0
57,267,張保雍,cluster1_song_and_before,2,2.3576460632365563e-05,0.0,0.043710772964375526,1,0,0
58,268,張佖,cluster1_song_and_before,1,0.0,0.0,0.0008071039741019809,1,0,0
59,269,張秉,cluster1_song_and_before,0,0.0,0.0,1.3975995756472907e-33,1,0,0
60,271,張掞,cluster1_song_and_before,3,9.116138764184491e-05,0.3333333333333333,0.03241677126830353,1,0,0
61,279,張士遜,cluster1_song_and_before,7,0.0001141212288435725,0.047619047619047616,0.03216552327455162,1,0,0
62,280,張師德,cluster1_song_and_before,4,5.4335195510522845e-05,0.5,0.00615454983284612,1,0,0
63,282,張師顏,cluster1_song_and_before,3,0.0,1.0,0.0033860753546261168,1,0,0
64,283,張綬,cluster1_song_and_before,0,0.0,0.0,1.3975995756472907e-33,1,0,0
65,295,張唐民,cluster1_song_and_before,1,0.0,0.0,0.001147721362845738,1,0,0
66,299,張存,cluster1_song_and_before,5,0.00011418785465006564,0.1,0.043329988960931244,1,0,0
67,301,張璪,cluster1_song_and_before,2,0.00010464309049330284,0.0,0.00594902883938974,1,0,0
68,310,張洞,cluster1_song_and_before,1,0.0,0.0,0.008629479991307015,1,0,0
69,315,張琬,cluster1_song_and_before,1,0.0,0.0,0.005863433070140954,1,0,0
70,318,張昷之,cluster1_song_and_before,4,0.00016381543800585778,0.0,0.009270217682155685,1,0,0
71,325,張宇,cluster1_song_and_before,0,0.0,0.0,1.3975995756472907e-33,1,0,0
72,326,張友直,cluster1_song_and_before,3,1.4693279474754067e-05,0.0,0.009366443898487127,1,0,0
73,330,張雍,cluster1_song_and_before,0,0.0,0.0,1.3975995756472907e-33,1,0,0
74,332,張詠,cluster1_song_and_before,10,0.0012740170238930435,0.06666666666666667,0.07747446380881913,1,0,0
75,334,章傑,cluster1_song_and_before,0,0.0,0.0,1.3975995756472907e-33,1,0,0
76,345,章楶,cluster1_song_and_before,2,5.178461945656837e-05,0.0,0.0005219020299495762,1,0,0
77,348,趙昌言,cluster1_song_and_before,2,8.47720948031559e-05,0.0,0.0034582208547157553,1,0,0
78,371,趙令鑠,cluster1_song_and_before,0,0.0,0.0,1.3975995756472907e-33,1,0,0
79,373,趙霈,cluster1_song_and_before,1,0.0,0.0,0.007887579832314676,1,0,0
80,375,趙抃,cluster1_song_and_before,11,0.0008100895773036345,0.09090909090909091,0.09059470788692396,1,0,0
81,380,趙不棄,cluster1_song_and_before,0,0.0,0.0,1.3975995756472907e-33,1,0,0
82,383,趙不溢,cluster1_song_and_before,0,0.0,0.0,1.3975995756472907e-33,1,0,0
83,391,李秬,cluster1_song_and_before,0,0.0,0.0,1.3975995756472907e-33,1,0,0
84,402,趙揚,cluster1_song_and_before,2,4.082491163507242e-06,0.0,0.011724827864314518,1,0,0
85,405,折彥質,cluster1_song_and_before,1,0.0,0.0,0.0027271380081698624,1,0,0
86,416,鄭驤,cluster1_song_and_before,0,0.0,0.0,1.3975995756472907e-33,1,0,0
87,419,鄭鬲,cluster1_song_and_before,0,0.0,0.0,1.3975995756472907e-33,1,0,0
88,420,李誡,cluster1_song_and_before,0,0.0,0.0,1.3975995756472907e-33,1,0,0
89,423,鄭天益,cluster1_song_and_before,0,0.0,0.0,1.3975995756472907e-33,1,0,0
90,427,鄭望之,cluster1_song_and_before,0,0.0,0.0,1.3975995756472907e-33,1,0,0
91,434,賈安宅,cluster1_song_and_before,0,0.0,0.0,1.3975995756472907e-33,1,0,0
92,453,江嗣宗,cluster1_song_and_before,0,0.0,0.0,1.3975995756472907e-33,1,0,0
93,456,姜詵,cluster1_song_and_before,1,0.0,0.0,7.50330558788574e-25,1,0,0
94,460,蔣及祖,cluster1_song_and_before,0,0.0,0.0,1.3975995756472907e-33,1,0,0
95,487,周沆,cluster1_song_and_before,2,2.8028699211771168e-05,0.0,0.031956853418235474,1,0,0
96,512,朱昂,cluster1_song_and_before,3,0.00015696463573995425,0.0,0.00019065544913588665,1,0,0
97,513,朱昌符,cluster1_song_and_before,1,0.0,0.0,0.0001966211531418219,1,0,0
98,521,朱巽,cluster1_song_and_before,2,5.178461945656837e-05,0.0,0.004815482250252334,1,0,0
99,530,朱壽隆,cluster1_song_and_before,1,0.0,0.0,0.0001966211531418219,1,0,0
100,531,朱台符,cluster1_song_and_before,3,0.00010464309049330284,0.0,0.002258335131390423,1,0,0
101,549,鍾浚,cluster1_song_and_before,0,0.0,0.0,1.3975995756472907e-33,1,0,0
102,557,樊賓,cluster1_song_and_before,0,0.0,0.0,1.3975995756472907e-33,1,0,0
103,559,范純仁,cluster1_song_and_before,37,0.004487491523566426,0.04804804804804805,0.26729716306795115,1,0,0
104,561,范純粹,cluster1_song_and_before,4,5.344852183099488e-06,0.3333333333333333,0.03940206146703082,1,0,0
105,562,范沖,cluster1_song_and_before,1,0.0,0.0,0.026108982656436113,1,0,0
106,569,范諷,cluster1_song_and_before,1,0.0,0.0,3.184214381287576e-05,1,0,0
107,571,范祥,cluster1_song_and_before,0,0.0,0.0,1.3975995756472907e-33,1,0,0
108,586,范子奇,cluster1_song_and_before,1,0.0,0.0,1.9073279924920832e-06,1,0,0
109,589,范子淵,cluster1_song_and_before,2,0.0008205549656974845,0.0,0.0002478031601188994,1,0,0
110,593,范雍,cluster1_song_and_before,3,0.0004379316583672757,0.0,2.190700563521586e-05,1,0,0
111,596,方仲荀,cluster1_song_and_before,0,0.0,0.0,1.3975995756472907e-33,1,0,0
112,597,方偕,cluster1_song_and_before,3,5.232154524665142e-05,0.3333333333333333,0.0005769624720595647,1,0,0
113,598,方略,cluster1_song_and_before,0,0.0,0.0,1.3975995756472907e-33,1,0,0
114,602,方澤,cluster1_song_and_before,3,0.00015696463573995425,0.3333333333333333,0.006003705341194442,1,0,0
115,606,馮拯,cluster1_song_and_before,0,0.0,0.0,1.3975995756472907e-33,1,0,0
116,621,傅求,cluster1_song_and_before,3,1.4663171521888032e-05,0.0,0.018758001326300143,1,0,0
117,628,富弼,cluster1_song_and_before,14,0.0006405298859546391,0.13186813186813187,0.14889093048704657,1,0,0
118,629,富元衡,cluster1_song_and_before,0,0.0,0.0,1.3975995756472907e-33,1,0,0
119,630,韓琦,cluster1_song_and_before,31,0.002613144379761241,0.03655913978494624,0.1502620605073384,1,0,0
120,631,韓跂,cluster1_song_and_before,1,0.0,0.0,0.001266928058990407,1,0,0
121,634,韓縝,cluster1_song_and_before,4,6.113953854301167e-05,0.16666666666666666,0.013974634353002858,1,0,0
122,636,韓絳,cluster1_song_and_before,9,0.0002588598830464952,0.19444444444444445,0.07858918505594976,1,0,0
123,642,韓琚,cluster1_song_and_before,3,0.0,0.6666666666666666,0.015606744337692866,1,0,0
124,646,韓肖胄,cluster1_song_and_before,0,0.0,0.0,1.3975995756472907e-33,1,0,0
125,655,韓鐸,cluster1_song_and_before,1,0.0,0.0,0.0022905264844148973,1,0,0
126,656,韓粹彥,cluster1_song_and_before,2,0.0,1.0,0.016620665741048826,1,0,0
127,663,韓宗道,cluster1_song_and_before,2,7.5804645765347e-06,0.0,0.027257494107077333,1,0,0
128,664,韓宗彥,cluster1_song_and_before,5,0.00015327353389862049,0.2,0.07289363602509652,1,0,0
129,667,韓彥直,cluster1_song_and_before,1,0.0,0.0,7.50330558788574e-25,1,0,0
130,673,何昌言,cluster1_song_and_before,0,0.0,0.0,1.3975995756472907e-33,1,0,0
131,680,何俌,cluster1_song_and_before,0,0.0,0.0,1.3975995756472907e-33,1,0,0
132,685,何郯,cluster1_song_and_before,2,1.383924320894049e-05,0.0,0.008958547066181443,1,0,0
133,686,何琬,cluster1_song_and_before,1,0.0,0.0,0.0010016991582969682,1,0,0
134,690,侯陟,cluster1_song_and_before,0,0.0,0.0,1.3975995756472907e-33,1,0,0
135,694,侯叔獻,cluster1_song_and_before,0,0.0,0.0,1.3975995756472907e-33,1,0,0
136,698,夏安期,cluster1_song_and_before,0,0.0,0.0,1.3975995756472907e-33,1,0,0
137,704,向傳式,cluster1_song_and_before,1,0.0,0.0,7.50330558788574e-25,1,0,0
138,709,向宗儒,cluster1_song_and_before,0,0.0,0.0,1.3975995756472907e-33,1,0,0
139,716,蕭振,cluster1_song_and_before,0,0.0,0.0,1.3975995756472907e-33,1,0,0
140,718,蕭固,cluster1_song_and_before,1,0.0,0.0,0.04305271222744958,1,0,0
141,721,蕭倫,cluster1_song_and_before,0,0.0,0.0,1.3975995756472907e-33,1,0,0
142,726,謝伋,cluster1_song_and_before,0,0.0,0.0,1.3975995756472907e-33,1,0,0
143,728,謝景溫,cluster1_song_and_before,3,0.0005194869744843224,0.3333333333333333,0.050151355412085236,1,0,0
144,741,熊彥詩,cluster1_song_and_before,0,0.0,0.0,1.3975995756472907e-33,1,0,0
145,743,徐琛,cluster1_song_and_before,0,0.0,0.0,1.3975995756472907e-33,1,0,0
146,754,徐休復,cluster1_song_and_before,0,0.0,0.0,1.3975995756472907e-33,1,0,0
147,770,徐的,cluster1_song_and_before,1,0.0,0.0,0.04305271222744958,1,0,0
148,780,許幾,cluster1_song_and_before,2,2.8799579584019924e-05,0.0,0.020970071718530936,1,0,0
149,784,許驤,cluster1_song_and_before,0,0.0,0.0,1.3975995756472907e-33,1,0,0
150,793,許暘,cluster1_song_and_before,0,0.0,0.0,1.3975995756472907e-33,1,0,0
151,796,許尹,cluster1_song_and_before,0,0.0,0.0,1.3975995756472907e-33,1,0,0
152,797,許元,cluster1_song_and_before,2,4.5646647100858584e-06,0.0,0.01686689849334205,1,0,0
153,805,薛良朋,cluster1_song_and_before,0,0.0,0.0,1.3975995756472907e-33,1,0,0
154,810,薛映,cluster1_song_and_before,1,0.0,0.0,7.50330558788574e-25,1,0,0
155,818,胡奕脩,cluster1_song_and_before,1,0.0,0.0,0.00662711023924432,1,0,0
156,826,胡松年,cluster1_song_and_before,0,0.0,0.0,1.3975995756472907e-33,1,0,0
157,828,胡旦,cluster1_song_and_before,7,0.0012138112350461255,0.0,0.005153766379283666,1,0,0
158,830,胡宗回,cluster1_song_and_before,1,0.0,0.0,0.0012920949679572807,1,0,0
159,832,胡宗炎,cluster1_song_and_before,2,5.232154524665142e-05,0.0,0.014840693233276133,1,0,0
160,840,黃震,cluster1_song_and_before,2,5.232154524665142e-05,0.0,0.0002651818766537404,1,0,0
161,843,黃中,cluster1_song_and_before,2,0.0,0.0,2.1262940533200443e-22,1,0,0
162,846,黃然,cluster1_song_and_before,0,0.0,0.0,1.3975995756472907e-33,1,0,0
163,853,黃裳,cluster1_song_and_before,1,0.0,0.0,0.005903589600171239,1,0,0
164,859,黃祖舜,cluster1_song_and_before,0,0.0,0.0,1.3975995756472907e-33,1,0,0
165,861,黃宗旦,cluster1_song_and_before,3,5.57487154536852e-05,0.0,0.00414239060505557,1,0,0
166,874,任顓,cluster1_song_and_before,5,0.00016978979500163345,0.0,0.0003657297007070917,1,0,0
167,875,任中正,cluster1_song_and_before,1,0.0,0.0,1.5959248592679233e-20,1,0,0
168,882,任布,cluster1_song_and_before,1,0.0,0.0,7.50330558788574e-25,1,0,0
169,890,康戩,cluster1_song_and_before,0,0.0,0.0,1.3975995756472907e-33,1,0,0
170,899,寇平,cluster1_song_and_before,1,0.0,0.0,0.00036736681681518845,1,0,0
171,911,高若訥,cluster1_song_and_before,4,0.00017080270523448386,0.16666666666666666,0.0700039673048132,1,0,0
172,913,高良夫,cluster1_song_and_before,1,0.0,0.0,0.0029497844171839046,1,0,0
173,924,高旦,cluster1_song_and_before,1,0.0,0.0,0.008629479991307015,1,0,0
174,933,耿琬,cluster1_song_and_before,0,0.0,0.0,1.3975995756472907e-33,1,0,0
175,941,龔原,cluster1_song_and_before,2,5.178461945656837e-05,0.0,0.04338155195085529,1,0,0
176,942,郭勸,cluster1_song_and_before,1,0.0,0.0,0.026108982656436113,1,0,0
177,944,郭知章,cluster1_song_and_before,0,0.0,0.0,1.3975995756472907e-33,1,0,0
178,948,郭孝友,cluster1_song_and_before,0,0.0,0.0,1.3975995756472907e-33,1,0,0
179,953,郭茂恂,cluster1_song_and_before,2,5.640221851726034e-05,0.0,0.012013128521965595,1,0,0
180,960,郭大亨,cluster1_song_and_before,0,0.0,0.0,1.3975995756472907e-33,1,0,0
181,962,來之邵,cluster1_song_and_before,5,0.00022622599233466307,0.3,0.04861615446411143,1,0,0
182,964,郎簡,cluster1_song_and_before,1,0.0,0.0,0.04305271222744958,1,0,0
183,968,雷有終,cluster1_song_and_before,1,0.0,0.0,7.50330558788574e-25,1,0,0
184,971,李常,cluster1_song_and_before,3,0.0004962078435229289,0.0,0.05495836371206674,1,0,0
185,985,李章,cluster1_song_and_before,1,0.0,0.0,0.0016256956437113086,1,0,0
186,986,李昭遘,cluster1_song_and_before,3,0.00020407821057964623,0.0,0.0067409019834298,1,0,0
187,987,李昭述,cluster1_song_and_before,1,0.0,0.0,7.50330558788574e-25,1,0,0
188,1004,李梲,cluster1_song_and_before,1,0.0,0.0,0.01837893233793975,1,0,0
189,1005,李擢,cluster1_song_and_before,1,0.0,0.0,7.50330558788574e-25,1,0,0
190,1006,李周,cluster1_song_and_before,2,2.5951459926583437e-05,0.0,0.027388430871399846,1,0,0
191,1007,李周士,cluster1_song_and_before,0,0.0,0.0,1.3975995756472907e-33,1,0,0
192,1024,李復圭,cluster1_song_and_before,2,1.917758120957737e-05,0.0,0.044363016763746044,1,0,0
193,1025,李含章,cluster1_song_and_before,1,0.0,0.0,1.503516943899234e-22,1,0,0
194,1031,李欣,cluster1_song_and_before,0,0.0,0.0,1.3975995756472907e-33,1,0,0
195,1036,李徽之,cluster1_song_and_before,2,2.9344384727444366e-05,0.0,0.026131621390992857,1,0,0
196,1040,李誼,cluster1_song_and_before,0,0.0,0.0,1.3975995756472907e-33,1,0,0
197,1048,李寬,cluster1_song_and_before,3,4.3171219762641045e-05,0.6666666666666666,0.048760951478741224,1,0,0
198,1056,李立之,cluster1_song_and_before,0,0.0,0.0,1.3975995756472907e-33,1,0,0
199,1058,李良臣,cluster1_song_and_before,1,0.0,0.0,0.0027271380081698624,1,0,0
200,1063,李彌大,cluster1_song_and_before,0,0.0,0.0,1.3975995756472907e-33,1,0,0
201,1079,李士衡,cluster1_song_and_before,3,0.0,0.0,5.098781071949047e-20,1,0,0
202,1081,李士觀,cluster1_song_and_before,0,0.0,0.0,1.3975995756472907e-33,1,0,0
203,1086,李肅之,cluster1_song_and_before,4,3.3100770850510524e-05,0.3333333333333333,0.018585113226766474,1,0,0
204,1089,李鞉,cluster1_song_and_before,0,0.0,0.0,1.3975995756472907e-33,1,0,0
205,1092,李大臨,cluster1_song_and_before,2,1.2287067250850531e-05,0.0,0.018352137593674368,1,0,0
206,1096,李迪,cluster1_song_and_before,7,8.991655249174289e-05,0.09523809523809523,0.032844149797776334,1,0,0
207,1107,李維,cluster1_song_and_before,0,0.0,0.0,1.3975995756472907e-33,1,0,0
208,1108,李偉,cluster1_song_and_before,1,0.0,0.0,7.50330558788574e-25,1,0,0
209,1115,李嚴老,cluster1_song_and_before,0,0.0,0.0,1.3975995756472907e-33,1,0,0
210,1123,李虞卿,cluster1_song_and_before,0,0.0,0.0,1.3975995756472907e-33,1,0,0
211,1130,李永德,cluster1_song_and_before,0,0.0,0.0,1.3975995756472907e-33,1,0,0
212,1136,梁弁,cluster1_song_and_before,0,0.0,0.0,1.3975995756472907e-33,1,0,0
213,1144,廖剛,cluster1_song_and_before,2,0.0,1.0,0.0053390631445844414,1,0,0
214,1162,林乂,cluster1_song_and_before,0,0.0,0.0,1.3975995756472907e-33,1,0,0
215,1163,林一飛,cluster1_song_and_before,0,0.0,0.0,1.3975995756472907e-33,1,0,0
216,1169,林特,cluster1_song_and_before,5,0.00019591921668321328,0.0,0.009851348889324598,1,0,0
217,1171,林旦,cluster1_song_and_before,1,0.0,0.0,0.005903589600171239,1,0,0
218,1175,林英,cluster1_song_and_before,0,0.0,0.0,1.3975995756472907e-33,1,0,0
219,1176,凌策,cluster1_song_and_before,0,0.0,0.0,1.3975995756472907e-33,1,0,0
220,1178,劉拯,cluster1_song_and_before,0,0.0,0.0,1.3975995756472907e-33,1,0,0
221,1183,劉章,cluster1_song_and_before,1,0.0,0.0,0.0003748353261215973,1,0,0
222,1195,劉奉世,cluster1_song_and_before,0,0.0,0.0,1.3975995756472907e-33,1,0,0
223,1201,劉彝,cluster1_song_and_before,2,5.232154524665142e-05,0.0,0.04338155195085529,1,0,0
224,1204,劉璯,cluster1_song_and_before,1,0.0,0.0,0.000562363237036834,1,0,0
225,1206,劉觀,cluster1_song_and_before,0,0.0,0.0,1.3975995756472907e-33,1,0,0
226,1207,劉立之,cluster1_song_and_before,3,1.1463766907498107e-05,0.0,0.0013120138243378162,1,0,0
227,1209,劉立德,cluster1_song_and_before,0,0.0,0.0,1.3975995756472907e-33,1,0,0
228,1221,劉保勳,cluster1_song_and_before,0,0.0,0.0,1.3975995756472907e-33,1,0,0
229,1225,劉忱,cluster1_song_and_before,1,0.0,0.0,0.026108982656436113,1,0,0
230,1229,劉師道,cluster1_song_and_before,2,4.679162583033866e-06,0.0,0.007558338252619077,1,0,0
231,1230,劉述,cluster1_song_and_before,4,3.856018517536403e-05,0.3333333333333333,0.053516171022512826,1,0,0
232,1232,劉隨,cluster1_song_and_before,2,7.103118384664448e-05,0.0,0.0012808508137506199,1,0,0
233,1236,劉定,cluster1_song_and_before,1,0.0,0.0,0.04305271222744958,1,0,0
234,1237,劉才邵,cluster1_song_and_before,1,0.0,0.0,0.006229044638128083,1,0,0
235,1241,劉宗傑,cluster1_song_and_before,1,0.0,0.0,0.0005917578872275715,1,0,0
236,1243,劉度,cluster1_song_and_before,1,0.0,0.0,1.503516943899234e-22,1,0,0
237,1249,劉無極,cluster1_song_and_before,0,0.0,0.0,1.3975995756472907e-33,1,0,0
238,1258,柳庭俊,cluster1_song_and_before,0,0.0,0.0,1.3975995756472907e-33,1,0,0
239,1274,盧士倫,cluster1_song_and_before,0,0.0,0.0,1.3975995756472907e-33,1,0,0
240,1302,呂和卿,cluster1_song_and_before,1,0.0,0.0,0.005903589600171239,1,0,0
241,1306,呂希道,cluster1_song_and_before,0,0.0,0.0,1.3975995756472907e-33,1,0,0
242,1309,呂惠卿,cluster1_song_and_before,11,0.0013799991004438167,0.03636363636363636,0.06780700730202069,1,0,0
243,1314,呂公著,cluster1_song_and_before,13,0.000756518122009536,0.2692307692307692,0.169164305915486,1,0,0
244,1315,呂公孺,cluster1_song_and_before,4,1.0873769949661918e-05,0.3333333333333333,0.03163825174912858,1,0,0
245,1316,呂公弼,cluster1_song_and_before,6,0.00015681935418308194,0.3333333333333333,0.08346979166163566,1,0,0
246,1320,呂弸中,cluster1_song_and_before,1,0.0,0.0,0.00017912287068410284,1,0,0
247,1326,呂大忠,cluster1_song_and_before,1,0.0,0.0,0.04305271222744958,1,0,0
248,1340,馬騏,cluster1_song_and_before,0,0.0,0.0,1.3975995756472907e-33,1,0,0
249,1346,馬仲甫,cluster1_song_and_before,1,0.0,0.0,1.456260631037592e-06,1,0,0
250,1349,馬亮,cluster1_song_and_before,2,5.232154524665142e-05,0.0,1.6726215704189335e-05,1,0,0
251,1361,梅詢,cluster1_song_and_before,3,0.00022794130077603538,0.0,0.04575924501998722,1,0,0
252,1364,孟嵩,cluster1_song_and_before,1,0.0,0.0,7.50330558788574e-25,1,0,0
253,1366,米友仁,cluster1_song_and_before,3,6.531077904046297e-05,0.0,0.021541860808553717,1,0,0
254,1369,莫將,cluster1_song_and_before,0,0.0,0.0,1.3975995756472907e-33,1,0,0
255,1371,莫濛,cluster1_song_and_before,0,0.0,0.0,1.3975995756472907e-33,1,0,0
256,1385,歐陽載,cluster1_song_and_before,0,0.0,0.0,1.3975995756472907e-33,1,0,0
257,1386,潘景珪,cluster1_song_and_before,0,0.0,0.0,1.3975995756472907e-33,1,0,0
258,1387,潘汝士,cluster1_song_and_before,0,0.0,0.0,1.3975995756472907e-33,1,0,0
259,1388,潘良貴,cluster1_song_and_before,0,0.0,0.0,1.3975995756472907e-33,1,0,0
260,1391,龐籍,cluster1_song_and_before,7,0.00015148075607941986,0.09523809523809523,0.033880463161310596,1,0,0
261,1392,龐寅孫,cluster1_song_and_before,1,0.0,0.0,0.0029497844171839046,1,0,0
262,1393,龐元英,cluster1_song_and_before,2,3.752215135086337e-06,0.0,0.008219069076465527,1,0,0
263,1405,皮公弼,cluster1_song_and_before,2,5.232154524665142e-05,0.0,0.026308406343819927,1,0,0
264,1406,皮彥仲,cluster1_song_and_before,1,0.0,0.0,0.0022905264844148973,1,0,0
265,1408,蒲宗孟,cluster1_song_and_before,3,0.00039278952897087453,0.0,0.033624760574795534,1,0,0
266,1414,鮑由,cluster1_song_and_before,1,0.0,0.0,0.04305271222744958,1,0,0
267,1443,沈起,cluster1_song_and_before,2,0.0002089170100588224,0.0,0.04466490054563777,1,0,0
268,1446,沈繼宗,cluster1_song_and_before,3,0.0,0.0,2.9488847609843456e-20,1,0,0
269,1448,沈該,cluster1_song_and_before,0,0.0,0.0,1.3975995756472907e-33,1,0,0
270,1450,沈括,cluster1_song_and_before,11,0.001205328611712578,0.0,0.018517293833604797,1,0,0
271,1452,沈立,cluster1_song_and_before,0,0.0,0.0,1.3975995756472907e-33,1,0,0
272,1453,沈遼,cluster1_song_and_before,5,0.00035926021735292507,0.2,0.05862815015864416,1,0,0
273,1455,沈邈,cluster1_song_and_before,2,0.0,0.0,2.1262940533200443e-22,1,0,0
274,1462,師頏,cluster1_song_and_before,1,0.0,0.0,7.50330558788574e-25,1,0,0
275,1464,施昌言,cluster1_song_and_before,2,3.1189353191456264e-06,0.0,0.01288651161613898,1,0,0
276,1473,時彥,cluster1_song_and_before,0,0.0,0.0,1.3975995756472907e-33,1,0,0
277,1477,孫全照,cluster1_song_and_before,0,0.0,0.0,1.3975995756472907e-33,1,0,0
278,1486,司馬池,cluster1_song_and_before,3,1.0375608867089386e-05,0.3333333333333333,0.033605539510985265,1,0,0
279,1488,司馬光,cluster1_song_and_before,45,0.0061719222617385465,0.045454545454545456,0.29988105820664757,1,0,0
280,1489,蘇安世,cluster1_song_and_before,2,0.0001142099246062944,0.0,0.04407352245650082,1,0,0
281,1490,蘇耆,cluster1_song_and_before,1,0.0,0.0,0.003009510607896698,1,0,0
282,1491,蘇遲,cluster1_song_and_before,2,0.0,0.0,2.1262940533200443e-22,1,0,0
283,1496,蘇籀,cluster1_song_and_before,1,0.0,0.0,1.503516943899234e-22,1,0,0
284,1497,蘇涓,cluster1_song_and_before,0,0.0,0.0,1.3975995756472907e-33,1,0,0
285,1501,蘇澥,cluster1_song_and_before,0,0.0,0.0,1.3975995756472907e-33,1,0,0
286,1502,蘇液,cluster1_song_and_before,2,3.808268475829238e-05,0.0,0.008165149169011954,1,0,0
287,1510,孫昌齡,cluster1_song_and_before,0,0.0,0.0,1.3975995756472907e-33,1,0,0
288,1531,孫抗,cluster1_song_and_before,2,0.0,1.0,0.05039971169785793,1,0,0
289,1532,孫固,cluster1_song_and_before,1,0.0,0.0,0.0012920949679572807,1,0,0
290,1537,孫冕,cluster1_song_and_before,2,5.232154524665142e-05,0.0,0.0016245023129706113,1,0,0
291,1538,孫樸,cluster1_song_and_before,2,5.178461945656837e-05,0.0,0.014840693233276137,1,0,0
292,1552,孫瑜,cluster1_song_and_before,1,0.0,0.0,0.001692639007154933,1,0,0
293,1555,孫永,cluster1_song_and_before,3,3.4431758267008796e-05,0.6666666666666666,0.0476531948697662,1,0,0
294,1558,宋祁,cluster1_song_and_before,18,0.0007268327680803992,0.05228758169934641,0.09402525040244165,1,0,0
295,1571,宋敏求,cluster1_song_and_before,6,0.0004283488510911238,0.3333333333333333,0.1101953149349307,1,0,0
296,1579,宋璫,cluster1_song_and_before,0,0.0,0.0,1.3975995756472907e-33,1,0,0
297,1591,湯東野,cluster1_song_and_before,1,0.0,0.0,0.0029996363525039704,1,0,0
298,1595,唐詢,cluster1_song_and_before,2,9.282199002674335e-05,0.0,0.0053481045856362975,1,0,0
299,1600,唐肅,cluster1_song_and_before,3,0.0003914942405382877,0.0,0.00279874575285362,1,0,0
300,1602,唐堯封,cluster1_song_and_before,0,0.0,0.0,1.3975995756472907e-33,1,0,0
301,1608,滕茂實,cluster1_song_and_before,0,0.0,0.0,1.3975995756472907e-33,1,0,0
302,1615,田錫,cluster1_song_and_before,6,0.001425282182223661,0.13333333333333333,0.03924637621314762,1,0,0
303,1617,田況,cluster1_song_and_before,4,4.139734064981379e-05,0.16666666666666666,0.07621739092251328,1,0,0
304,1634,刁湛,cluster1_song_and_before,4,3.208431988891118e-05,0.0,0.03604747921137985,1,0,0
305,1635,刁約,cluster1_song_and_before,4,0.00012706289863298982,0.16666666666666666,0.07598810181639344,1,0,0
306,1637,丁婁明,cluster1_song_and_before,0,0.0,0.0,1.3975995756472907e-33,1,0,0
307,1653,蔡抗,cluster1_song_and_before,4,9.624782750683813e-05,0.16666666666666666,0.020469253252152854,1,0,0
308,1658,蔡碩,cluster1_song_and_before,2,5.232154524665142e-05,0.0,0.0040158713009806795,1,0,0
309,1661,蔡挺,cluster1_song_and_before,4,2.5432655711149287e-05,0.5,0.0432099704958279,1,0,0
310,1662,蔡延慶,cluster1_song_and_before,2,0.00043771439072198625,0.0,0.0234511867313906,1,0,0
311,1668,曹耜,cluster1_song_and_before,1,0.0,0.0,0.006229044638128083,1,0,0
312,1679,崔嶧,cluster1_song_and_before,1,0.0,0.0,7.50330558788574e-25,1,0,0
313,1681,崔曥,cluster1_song_and_before,0,0.0,0.0,1.3975995756472907e-33,1,0,0
314,1695,曾孝寬,cluster1_song_and_before,0,0.0,0.0,1.3975995756472907e-33,1,0,0
315,1696,曾孝廣,cluster1_song_and_before,0,0.0,0.0,1.3975995756472907e-33,1,0,0
316,1698,曾孝宗,cluster1_song_and_before,0,0.0,0.0,1.3975995756472907e-33,1,0,0
317,1719,都潔,cluster1_song_and_before,0,0.0,0.0,1.3975995756472907e-33,1,0,0
318,1722,杜杞,cluster1_song_and_before,2,4.283204971037605e-05,0.0,0.05447071988266566,1,0,0
319,1730,杜衍,cluster1_song_and_before,11,0.0004679907806912119,0.12727272727272726,0.08722607160497257,1,0,0
320,1732,段少連,cluster1_song_and_before,1,0.0,0.0,0.007346999470408343,1,0,0
321,1746,董必,cluster1_song_and_before,0,0.0,0.0,1.3975995756472907e-33,1,0,0
322,1749,董堯問,cluster1_song_and_before,0,0.0,0.0,1.3975995756472907e-33,1,0,0
323,1750,董儼,cluster1_song_and_before,1,0.0,0.0,0.0004487102468190573,1,0,0
324,1762,王安石,cluster1_song_and_before,84,0.011617696442005719,0.013769363166953529,0.49449513556413816,1,0,0
325,1763,王昂,cluster1_song_and_before,0,0.0,0.0,1.3975995756472907e-33,1,0,0
326,1765,王琪,cluster1_song_and_before,0,0.0,0.0,1.3975995756472907e-33,1,0,0
327,1767,王欽臣,cluster1_song_and_before,2,5.232154524665142e-05,0.0,0.004219517960868394,1,0,0
328,1773,王詔,cluster1_song_and_before,1,0.0,0.0,1.2214683322293895e-20,1,0,0
329,1776,王軫,cluster1_song_and_before,0,0.0,0.0,1.3975995756472907e-33,1,0,0
330,1777,王濟,cluster1_song_and_before,2,5.232154524665142e-05,0.0,0.006796809451494719,1,0,0
331,1789,王兢,cluster1_song_and_before,2,0.00043729234207768843,0.0,0.00594902883938974,1,0,0
332,1790,王覺,cluster1_song_and_before,0,0.0,0.0,1.3975995756472907e-33,1,0,0
333,1804,王扶,cluster1_song_and_before,2,0.0,1.0,0.010460966796539585,1,0,0
334,1807,凌景夏,cluster1_song_and_before,0,0.0,0.0,1.3975995756472907e-33,1,0,0
335,1813,王晞亮,cluster1_song_and_before,0,0.0,0.0,1.3975995756472907e-33,1,0,0
336,1814,王夏,cluster1_song_and_before,0,0.0,0.0,1.3975995756472907e-33,1,0,0
337,1820,王㬇,cluster1_song_and_before,0,0.0,0.0,1.3975995756472907e-33,1,0,0
338,1821,王誨,cluster1_song_and_before,0,0.0,0.0,1.3975995756472907e-33,1,0,0
339,1822,王會,cluster1_song_and_before,0,0.0,0.0,1.3975995756472907e-33,1,0,0
340,1824,王繹,cluster1_song_and_before,1,0.0,0.0,7.50330558788574e-25,1,0,0
341,1828,王益柔,cluster1_song_and_before,2,6.237764027159261e-06,0.0,0.017437576534247105,1,0,0
342,1829,王貽永,cluster1_song_and_before,1,0.0,0.0,0.011418007655216066,1,0,0
343,1834,王克臣,cluster1_song_and_before,0,0.0,0.0,1.3975995756472907e-33,1,0,0
344,1835,王逵,cluster1_song_and_before,1,0.0,0.0,0.026108982656436113,1,0,0
345,1840,王古,cluster1_song_and_before,0,0.0,0.0,1.3975995756472907e-33,1,0,0
346,1844,王廣淵,cluster1_song_and_before,7,0.000559085170656127,0.2857142857142857,0.09460651390224177,1,0,0
347,1846,王珪,cluster1_song_and_before,0,0.0,0.0,1.3975995756472907e-33,1,0,0
348,1847,王拱辰,cluster1_song_and_before,11,0.0008884054536761897,0.2727272727272727,0.1511984530287093,1,0,0
349,1851,王令圖,cluster1_song_and_before,0,0.0,0.0,1.3975995756472907e-33,1,0,0
350,1852,王綸,cluster1_song_and_before,0,0.0,0.0,1.3975995756472907e-33,1,0,0
351,1867,王森,cluster1_song_and_before,0,0.0,0.0,1.3975995756472907e-33,1,0,0
352,1872,王師心,cluster1_song_and_before,0,0.0,0.0,1.3975995756472907e-33,1,0,0
353,1873,王世修,cluster1_song_and_before,0,0.0,0.0,1.3975995756472907e-33,1,0,0
354,1875,王時雍,cluster1_song_and_before,0,0.0,0.0,1.3975995756472907e-33,1,0,0
355,1877,王曙,cluster1_song_and_before,4,5.6801329364787675e-05,0.0,0.019441193986871406,1,0,0
356,1881,王素,cluster1_song_and_before,6,0.00010631065288222347,0.0,0.031558848820998193,1,0,0
357,1882,王隨,cluster1_song_and_before,2,2.7436907873244033e-05,0.0,0.0028680291961943097,1,0,0
358,1883,王綯,cluster1_song_and_before,0,0.0,0.0,1.3975995756472907e-33,1,0,0
359,1884,王鈇,cluster1_song_and_before,1,0.0,0.0,0.0009899039709508005,1,0,0
360,1885,王田,cluster1_song_and_before,5,0.000320484978270169,0.0,0.01469536902742165,1,0,0
361,1888,王同老,cluster1_song_and_before,0,0.0,0.0,1.3975995756472907e-33,1,0,0
362,1891,王得君,cluster1_song_and_before,1,0.0,0.0,0.008236868909678419,1,0,0
363,1895,王鼎,cluster1_song_and_before,1,0.0,0.0,0.005847870761799363,1,0,0
364,1903,王鬷,cluster1_song_and_before,3,0.0,0.0,2.948884760984346e-20,1,0,0
365,1904,王宗望,cluster1_song_and_before,0,0.0,0.0,1.3975995756472907e-33,1,0,0
366,1908,王次翁,cluster1_song_and_before,0,0.0,0.0,1.3975995756472907e-33,1,0,0
367,1914,王綰,cluster1_song_and_before,0,0.0,0.0,1.3975995756472907e-33,1,0,0
368,1924,王曮,cluster1_song_and_before,0,0.0,0.0,1.3975995756472907e-33,1,0,0
369,1932,王俁,cluster1_song_and_before,0,0.0,0.0,1.3975995756472907e-33,1,0,0
370,1936,王瀹,cluster1_song_and_before,1,0.0,0.0,0.0029996363525039704,1,0,0
371,1942,魏兼,cluster1_song_and_before,1,0.0,0.0,0.0001414367939382011,1,0,0
372,1945,魏瓘,cluster1_song_and_before,4,5.232154524665142e-05,0.5,0.0011683757055608458,1,0,0
373,1948,魏廷式,cluster1_song_and_before,0,0.0,0.0,1.3975995756472907e-33,1,0,0
374,1949,魏羽,cluster1_song_and_before,3,0.0,1.0,0.0011602284958609186,1,0,0
375,1952,文保雍,cluster1_song_and_before,1,0.0,0.0,7.50330558788574e-25,1,0,0
376,1954,文永世,cluster1_song_and_before,2,0.0003866689807252532,0.0,0.002057359994309527,1,0,0
377,1955,翁挺,cluster1_song_and_before,2,0.0,1.0,0.005864123960616717,1,0,0
378,1957,吳安持,cluster1_song_and_before,3,0.0001620845606452077,0.0,0.045775504805695366,1,0,0
379,1967,吳中復,cluster1_song_and_before,3,5.232154524665142e-05,0.3333333333333333,0.006459195952655357,1,0,0
380,1981,吳栻,cluster1_song_and_before,0,0.0,0.0,1.3975995756472907e-33,1,0,0
381,1988,吳黯,cluster1_song_and_before,0,0.0,0.0,1.3975995756472907e-33,1,0,0
382,1995,楊晨,cluster1_song_and_before,0,0.0,0.0,1.3975995756472907e-33,1,0,0
383,1996,楊椿,cluster1_song_and_before,1,0.0,0.0,0.01837893233793975,1,0,0
384,1998,楊汲,cluster1_song_and_before,0,0.0,0.0,1.3975995756472907e-33,1,0,0
385,2001,楊迥,cluster1_song_and_before,1,0.0,0.0,0.004874219989665917,1,0,0
386,2007,楊繪,cluster1_song_and_before,1,0.0,0.0,0.04305271222744958,1,0,0
387,2008,楊紘,cluster1_song_and_before,1,0.0,0.0,0.003752672845860679,1,0,0
388,2014,楊康國,cluster1_song_and_before,0,0.0,0.0,1.3975995756472907e-33,1,0,0
389,2015,楊可,cluster1_song_and_before,1,0.0,0.0,0.003752672845860679,1,0,0
390,2022,楊時,cluster1_song_and_before,12,0.000914616348251694,0.07575757575757576,0.05598410869170068,1,0,0
391,2025,楊倓,cluster1_song_and_before,0,0.0,0.0,1.3975995756472907e-33,1,0,0
392,2026,楊畋,cluster1_song_and_before,1,0.0,0.0,0.04305271222744958,1,0,0
393,2027,楊挺,cluster1_song_and_before,0,0.0,0.0,1.3975995756472907e-33,1,0,0
394,2032,楊畏,cluster1_song_and_before,5,0.0001755575872547433,0.5,0.08787910959751162,1,0,0
395,2034,楊矞,cluster1_song_and_before,1,0.0,0.0,0.004874219989665917,1,0,0
396,2035,楊淵,cluster1_song_and_before,0,0.0,0.0,1.3975995756472907e-33,1,0,0
397,2036,楊愿,cluster1_song_and_before,0,0.0,0.0,1.3975995756472907e-33,1,0,0
398,2058,葉顒,cluster1_song_and_before,2,5.178461945656837e-05,0.0,0.0062766224760321876,1,0,0
399,2064,嚴抑,cluster1_song_and_before,0,0.0,0.0,1.3975995756472907e-33,1,0,0
400,2074,晏敦復,cluster1_song_and_before,0,0.0,0.0,1.3975995756472907e-33,1,0,0
401,2081,游師雄,cluster1_song_and_before,0,0.0,0.0,1.3975995756472907e-33,1,0,0
402,2082,俞充,cluster1_song_and_before,1,0.0,0.0,0.026108982656436113,1,0,0
403,2085,俞希孟,cluster1_song_and_before,1,0.0,0.0,0.005863433070140954,1,0,0
404,2086,俞希旦,cluster1_song_and_before,0,0.0,0.0,1.3975995756472907e-33,1,0,0
405,2104,袁正功,cluster1_song_and_before,0,0.0,0.0,1.3975995756472907e-33,1,0,0
406,2112,元絳,cluster1_song_and_before,5,0.00023602399740165752,0.1,0.0616197054521942,1,0,0
407,2123,石揚休,cluster1_song_and_before,1,0.0,0.0,0.026108982656436113,1,0,0
408,2126,竇卞,cluster1_song_and_before,1,0.0,0.0,0.0010016991582969682,1,0,0
409,2136,李度,cluster1_song_and_before,0,0.0,0.0,1.3975995756472907e-33,1,0,0
410,3012,晁迥,cluster1_song_and_before,4,6.827608594197216e-05,0.3333333333333333,0.012373126568672451,1,0,0
411,3013,晁仲參,cluster1_song_and_before,2,6.385233875484203e-06,0.0,0.046483229412435816,1,0,0
412,3033,錢象祖,cluster1_song_and_before,1,0.0,0.0,0.000493177287764812,1,0,0
413,3047,陳安定,cluster1_song_and_before,3,0.0,1.0,0.0019514021231796775,1,0,0
414,3080,陳師古,cluster1_song_and_before,2,0.0003866689807252532,0.0,0.0013720925828856615,1,0,0
415,3088,陳宗召,cluster1_song_and_before,1,0.0,0.0,0.01837893233793975,1,0,0
416,3090,陳宗元,cluster1_song_and_before,1,0.0,0.0,0.00231190364427369,1,0,0
417,3107,程嗣弼,cluster1_song_and_before,1,0.0,0.0,0.0040252621052282445,1,0,0
418,3114,程瑜,cluster1_song_and_before,1,0.0,0.0,0.0040252621052282445,1,0,0
419,3130,張九齡,cluster1_song_and_before,4,1.414383235326146e-05,0.3333333333333333,3.670218456340271e-13,1,0,0
420,3180,張蘊,cluster1_song_and_before,2,0.0,1.0,0.011008598325014244,1,0,0
421,3184,章訪,cluster1_song_and_before,1,0.0,0.0,4.5439239218501795e-05,1,0,0
422,3194,趙積,cluster1_song_and_before,0,0.0,0.0,1.3975995756472907e-33,1,0,0
423,3273,范琪,cluster1_song_and_before,0,0.0,0.0,1.3975995756472907e-33,1,0,0
424,3299,方慎從,cluster1_song_and_before,1,0.0,0.0,7.50330558788574e-25,1,0,0
425,3303,方鼎,cluster1_song_and_before,1,0.0,0.0,5.023300977416857e-05,1,0,0
426,3307,傅立,cluster1_song_and_before,1,0.0,0.0,0.04305271222744958,1,0,0
427,3313,富言,cluster1_song_and_before,2,2.1434652682610865e-07,0.0,0.019598961892815618,1,0,0
428,3321,韓直彥,cluster1_song_and_before,3,5.232154524665142e-05,0.3333333333333333,0.014551591239866926,1,0,0
429,3325,韓公彥,cluster1_song_and_before,2,2.188465098011006e-06,0.0,0.01583014102027113,1,0,0
430,3331,韓彥古,cluster1_song_and_before,1,0.0,0.0,7.50330558788574e-25,1,0,0
431,3343,侯正臣,cluster1_song_and_before,1,0.0,0.0,7.50330558788574e-25,1,0,0
432,3351,向經,cluster1_song_and_before,2,1.8113961538305807e-06,0.0,0.003915028797385508,1,0,0
433,3356,向紘,cluster1_song_and_before,2,9.571014374387454e-07,0.0,0.00748102317091477,1,0,0
434,3364,蕭服,cluster1_song_and_before,1,0.0,0.0,0.005578674985962493,1,0,0
435,3374,胥元衡,cluster1_song_and_before,0,0.0,0.0,1.3975995756472907e-33,1,0,0
436,3381,徐師閔,cluster1_song_and_before,1,0.0,0.0,0.005364898082962363,1,0,0
437,3388,薛季卿,cluster1_song_and_before,1,0.0,0.0,7.50330558788574e-25,1,0,0
438,3395,胡交脩,cluster1_song_and_before,0,0.0,0.0,1.3975995756472907e-33,1,0,0
439,3450,高遵甫,cluster1_song_and_before,0,0.0,0.0,1.3975995756472907e-33,1,0,0
440,3451,高子溶,cluster1_song_and_before,0,0.0,0.0,1.3975995756472907e-33,1,0,0
441,3461,葛宮,cluster1_song_and_before,1,0.0,0.0,0.0001414367939382011,1,0,0
442,3468,雷孝先,cluster1_song_and_before,1,0.0,0.0,7.50330558788574e-25,1,0,0
443,3484,李之儀,cluster1_song_and_before,8,0.0007087950777260873,0.07142857142857142,0.07611718591935432,1,0,0
444,3501,李孝稱,cluster1_song_and_before,2,0.0,1.0,0.005451061325281737,1,0,0
445,3502,李孝先,cluster1_song_and_before,2,6.393162895872638e-07,0.0,2.1262940533200443e-22,1,0,0
446,3504,李虛己,cluster1_song_and_before,4,6.82576690294412e-05,0.16666666666666666,0.010043860102933518,1,0,0
447,3505,李虛舟,cluster1_song_and_before,4,6.0168051413397185e-05,0.5,0.05551952239067929,1,0,0
448,3518,李茂先,cluster1_song_and_before,0,0.0,0.0,1.3975995756472907e-33,1,0,0
449,3522,李孟傳,cluster1_song_and_before,0,0.0,0.0,1.3975995756472907e-33,1,0,0
450,3525,李韶,cluster1_song_and_before,0,0.0,0.0,1.3975995756472907e-33,1,0,0
451,3528,李淑,cluster1_song_and_before,3,6.761258634362447e-06,0.0,0.01504982687001444,1,0,0
452,3533,李大性,cluster1_song_and_before,1,0.0,0.0,0.006229044638128083,1,0,0
453,3590,劉震,cluster1_song_and_before,0,0.0,0.0,1.3975995756472907e-33,1,0,0
454,3591,劉震孫,cluster1_song_and_before,2,9.662610322344652e-05,0.0,0.021160028311951837,1,0,0
455,3596,劉克遜,cluster1_song_and_before,0,0.0,0.0,1.3975995756472907e-33,1,0,0
456,3599,劉詵,cluster1_song_and_before,0,0.0,0.0,1.3975995756472907e-33,1,0,0
457,3604,柳灝,cluster1_song_and_before,1,0.0,0.0,1.7500105718422635e-05,1,0,0
458,3608,羅弘信,cluster1_song_and_before,1,0.0,0.0,7.50330558788574e-25,1,0,0
459,3615,樓璩,cluster1_song_and_before,0,0.0,0.0,1.3975995756472907e-33,1,0,0
460,3634,陸軫,cluster1_song_and_before,3,0.0,0.0,8.689922682926126e-21,1,0,0
461,3638,陸詵,cluster1_song_and_before,3,6.631345673682738e-06,0.0,0.003492223455799036,1,0,0
462,3675,梅正臣,cluster1_song_and_before,1,0.0,0.0,1.503516943899234e-22,1,0,0
463,3700,龐元魯,cluster1_song_and_before,3,3.3602593083257083e-06,0.6666666666666666,0.03283126734459472,1,0,0
464,3709,畢從古,cluster1_song_and_before,4,0.0004944074588039234,0.0,0.015640037384912632,1,0,0
465,3713,上官合,cluster1_song_and_before,0,0.0,0.0,1.3975995756472907e-33,1,0,0
466,3716,上官凝,cluster1_song_and_before,0,0.0,0.0,1.3975995756472907e-33,1,0,0
467,3718,邵雍,cluster1_song_and_before,6,1.4119695847154342e-05,0.5333333333333333,0.08770499059951324,1,0,0
468,3725,史彌堅,cluster1_song_and_before,1,0.0,0.0,0.002057359994309527,1,0,0
469,3735,沈立基,cluster1_song_and_before,1,0.0,0.0,1.221468332229389e-20,1,0,0
470,3736,沈同,cluster1_song_and_before,0,0.0,0.0,1.3975995756472907e-33,1,0,0
471,3739,盛京,cluster1_song_and_before,3,5.232154524665142e-05,0.3333333333333333,0.04796305302485747,1,0,0
472,3759,蘇峴,cluster1_song_and_before,1,0.0,0.0,0.000493177287764812,1,0,0
473,3802,宋松年,cluster1_song_and_before,1,0.0,0.0,0.008186247951739202,1,0,0
474,3810,宋延年,cluster1_song_and_before,1,0.0,0.0,0.008186247951739202,1,0,0
475,3829,唐拱,cluster1_song_and_before,0,0.0,0.0,1.3975995756472907e-33,1,0,0
476,3830,唐淑問,cluster1_song_and_before,0,0.0,0.0,1.3975995756472907e-33,1,0,0
477,3838,田京,cluster1_song_and_before,1,0.0,0.0,0.005847870761799363,1,0,0
478,3842,刁衎,cluster1_song_and_before,2,1.974971220111697e-07,0.0,0.006939423472093334,1,0,0
479,3856,蔡拯,cluster1_song_and_before,1,0.0,0.0,7.080669916561071e-05,1,0,0
480,3857,蔡蕃,cluster1_song_and_before,0,0.0,0.0,1.3975995756472907e-33,1,0,0
481,3869,曹玘,cluster1_song_and_before,0,0.0,0.0,1.3975995756472907e-33,1,0,0
482,3874,曹修古,cluster1_song_and_before,0,0.0,0.0,1.3975995756472907e-33,1,0,0
483,3908,曾公望,cluster1_song_and_before,1,0.0,0.0,0.00041925410276046873,1,0,0
484,3915,杜甫,cluster1_song_and_before,9,2.669249564412501e-05,0.027777777777777776,3.705341629709421e-13,1,0,0
485,3927,杜佑,cluster1_song_and_before,0,0.0,0.0,1.3975995756472907e-33,1,0,0
486,3933,汪逵,cluster1_song_and_before,0,0.0,0.0,1.3975995756472907e-33,1,0,0
487,3941,王洙,cluster1_song_and_before,6,0.0004456298924752863,0.0,0.04809679479659982,1,0,0
488,3944,王仲端,cluster1_song_and_before,0,0.0,0.0,1.3975995756472907e-33,1,0,0
489,3957,王渙,cluster1_song_and_before,4,9.291045335992171e-05,0.3333333333333333,0.027690165468027283,1,0,0
490,3977,王慎言,cluster1_song_and_before,5,7.721241610957599e-05,0.1,0.05390423522034828,1,0,0
491,3997,王禹偁,cluster1_song_and_before,9,0.0007587009596186224,0.0,0.02358504388877854,1,0,0
492,4001,魏了翁,cluster1_song_and_before,38,0.0048521069461174085,0.025604551920341393,0.21109556035471672,1,0,0
493,4007,吳植,cluster1_song_and_before,1,0.0,0.0,5.017129200224434e-21,1,0,0
494,4042,楊沆,cluster1_song_and_before,1,0.0,0.0,5.017129200224434e-21,1,0,0
495,4043,楊偰,cluster1_song_and_before,0,0.0,0.0,1.3975995756472907e-33,1,0,0
496,4053,楊坦,cluster1_song_and_before,0,0.0,0.0,1.3975995756472907e-33,1,0,0
497,4056,姚憲,cluster1_song_and_before,0,0.0,0.0,1.3975995756472907e-33,1,0,0
498,4067,葉昭映,cluster1_song_and_before,1,0.0,0.0,0.001612188318188181,1,0,0
499,4112,閻充國,cluster1_song_and_before,2,5.6615423977588056e-05,0.0,0.023632718848700225,1,0,0
500,4118,晏防,cluster1_song_and_before,1,0.0,0.0,7.50330558788574e-25,1,0,0
501,4124,尹仲宣,cluster1_song_and_before,0,0.0,0.0,1.3975995756472907e-33,1,0,0
502,4153,趙宗道,cluster1_song_and_before,5,5.857532545791055e-05,0.2,0.028328848281217168,1,0,0
503,4165,謝微,cluster1_song_and_before,1,0.0,0.0,0.0003606549879937234,1,0,0
504,4175,韓瀆,cluster1_song_and_before,2,5.232154524665142e-05,0.0,0.026308406343819927,1,0,0
505,4205,魏紹,cluster1_song_and_before,1,0.0,0.0,0.00010172410815588695,1,0,0
506,4207,吳待問,cluster1_song_and_before,2,1.3988418238667175e-05,0.0,0.009021957505142304,1,0,0
507,7011,張諷,cluster1_song_and_before,4,0.00031580058394152706,0.0,0.006835443528653418,1,0,0
508,7024,范杲,cluster1_song_and_before,0,0.0,0.0,1.3975995756472907e-33,1,0,0
509,7034,謝綸,cluster1_song_and_before,0,0.0,0.0,1.3975995756472907e-33,1,0,0
510,7042,李維,cluster1_song_and_before,3,2.8423025398470282e-05,0.0,0.014686569931654755,1,0,0
511,7046,劉光世,cluster1_song_and_before,0,0.0,0.0,1.3975995756472907e-33,1,0,0
512,7053,呂誨,cluster1_song_and_before,4,9.173571601903569e-05,0.16666666666666666,0.07192268087894306,1,0,0
513,7059,梅堯臣,cluster1_song_and_before,5,0.00014685260691863506,0.0,0.015446609922800947,1,0,0
514,7063,司馬宏,cluster1_song_and_before,1,0.0,0.0,0.023272063860706498,1,0,0
515,7068,蔡交,cluster1_song_and_before,0,0.0,0.0,1.3975995756472907e-33,1,0,0
516,7069,蔡天球,cluster1_song_and_before,2,5.232154524665142e-05,0.0,0.0008132686889492015,1,0,0
517,7070,崔保孫,cluster1_song_and_before,2,6.123423588100164e-06,0.0,0.02472742122611479,1,0,0
518,7097,楊億,cluster1_song_and_before,19,0.002283488730425496,0.011695906432748537,0.04310229756989185,1,0,0
519,7099,楊忱,cluster1_song_and_before,1,0.0,0.0,0.04305271222744958,1,0,0
520,7108,薛仲孺,cluster1_song_and_before,1,0.0,0.0,7.50330558788574e-25,1,0,0
521,7109,薛儀,cluster1_song_and_before,3,0.00039899007750029167,0.0,0.026553939133318764,1,0,0
522,7120,晁仲約,cluster1_song_and_before,1,0.0,0.0,0.0040252621052282445,1,0,0
523,7121,晁宗恪,cluster1_song_and_before,0,0.0,0.0,1.3975995756472907e-33,1,0,0
524,7126,陳希亮,cluster1_song_and_before,0,0.0,0.0,1.3975995756472907e-33,1,0,0
525,7144,錢俁,cluster1_song_and_before,0,0.0,0.0,1.3975995756472907e-33,1,0,0
526,7161,張保孫,cluster1_song_and_before,1,0.0,0.0,0.003772500270974698,1,0,0
527,7179,趙善堅,cluster1_song_and_before,0,0.0,0.0,1.3975995756472907e-33,1,0,0
528,7186,鄭民彝,cluster1_song_and_before,0,0.0,0.0,1.3975995756472907e-33,1,0,0
529,7214,范仲溫,cluster1_song_and_before,0,0.0,0.0,1.3975995756472907e-33,1,0,0
530,7239,謝景初,cluster1_song_and_before,2,0.0,1.0,0.06632477608815608,1,0,0
531,7240,謝景平,cluster1_song_and_before,3,3.851535366682335e-05,0.6666666666666666,0.07069118448234396,1,0,0
532,7272,李處厚,cluster1_song_and_before,0,0.0,0.0,1.3975995756472907e-33,1,0,0
533,7279,李兌,cluster1_song_and_before,1,0.0,0.0,1.503516943899234e-22,1,0,0
534,7288,林高,cluster1_song_and_before,0,0.0,0.0,1.3975995756472907e-33,1,0,0
535,7308,歐陽發,cluster1_song_and_before,0,0.0,0.0,1.3975995756472907e-33,1,0,0
536,7317,邊肅,cluster1_song_and_before,3,7.10047092458886e-05,0.0,0.00870583000510908,1,0,0
537,7323,沈周,cluster1_song_and_before,2,0.0002093258496088397,0.0,0.04466490054563777,1,0,0
538,7328,沈惟溫,cluster1_song_and_before,1,0.0,0.0,1.5959248592679233e-20,1,0,0
539,7336,石元之,cluster1_song_and_before,1,0.0,0.0,0.0005708605583039409,1,0,0
540,7358,崔公孺,cluster1_song_and_before,3,1.9918578083546635e-06,0.3333333333333333,0.016715842579090284,1,0,0
541,7365,曾槃,cluster1_song_and_before,0,0.0,0.0,1.3975995756472907e-33,1,0,0
542,7390,魏琰,cluster1_song_and_before,5,0.00014903405109359727,0.3,0.005600990386057432,1,0,0
543,7391,文及甫,cluster1_song_and_before,1,0.0,0.0,7.50330558788574e-25,1,0,0
544,7397,吳材,cluster1_song_and_before,1,0.0,0.0,0.023272063860706498,1,0,0
545,7411,孫寔,cluster1_song_and_before,0,0.0,0.0,1.3975995756472907e-33,1,0,0
546,8001,晁宗愨,cluster1_song_and_before,2,0.0,1.0,0.009706740476991256,1,0,0
547,8006,錢惟演,cluster1_song_and_before,2,6.084430566574883e-06,0.0,0.0016085152898381646,1,0,0
548,8012,張洎,cluster1_song_and_before,1,0.0,0.0,4.5439239218501795e-05,1,0,0
549,8013,張宏,cluster1_song_and_before,2,0.0003866689807252532,0.0,0.00018153211730962055,1,0,0
550,8016,張昪,cluster1_song_and_before,4,0.00010356923891313674,0.16666666666666666,0.06734576331972392,1,0,0
551,8033,周起,cluster1_song_and_before,3,0.00010464309049330284,0.0,0.04371545371764921,1,0,0
552,8048,韓崇訓,cluster1_song_and_before,0,0.0,0.0,1.3975995756472907e-33,1,0,0
553,8049,韓億,cluster1_song_and_before,6,4.7391086795915494e-05,0.2,0.03447021602996481,1,0,0
554,8057,席益,cluster1_song_and_before,0,0.0,0.0,1.3975995756472907e-33,1,0,0
555,8070,管師仁,cluster1_song_and_before,0,0.0,0.0,1.3975995756472907e-33,1,0,0
556,8071,郭三益,cluster1_song_and_before,0,0.0,0.0,1.3975995756472907e-33,1,0,0
557,8072,郭逵,cluster1_song_and_before,1,0.0,0.0,0.023272063860706498,1,0,0
558,8074,李至,cluster1_song_and_before,2,0.00043771439072198625,0.0,0.0020692255689767586,1,0,0
559,8075,李昉,cluster1_song_and_before,5,0.0006076735190548589,0.0,0.002156496467086758,1,0,0
560,8087,劉昌言,cluster1_song_and_before,2,0.0,1.0,9.591778628167397e-20,1,0,0
561,8090,劉沆,cluster1_song_and_before,3,5.232154524665142e-05,0.3333333333333333,0.006459195952655357,1,0,0
562,8093,劉大中,cluster1_song_and_before,0,0.0,0.0,1.3975995756472907e-33,1,0,0
563,8104,孟忠厚,cluster1_song_and_before,1,0.0,0.0,7.50330558788574e-25,1,0,0
564,8109,盛度,cluster1_song_and_before,4,0.000100489261805145,0.16666666666666666,0.05222296883617303,1,0,0
565,8116,蘇頌,cluster1_song_and_before,33,0.002821605218668068,0.011363636363636364,0.13114468980977137,1,0,0
566,8150,王化基,cluster1_song_and_before,2,0.0,0.0,2.2569789337400257e-20,1,0,0
567,8153,王旦,cluster1_song_and_before,10,0.0006588652484692278,0.022222222222222223,0.034566453132594696,1,0,0
568,8160,溫益,cluster1_song_and_before,0,0.0,0.0,1.3975995756472907e-33,1,0,0
569,8165,吳育,cluster1_song_and_before,6,0.00028760321212507265,0.06666666666666667,0.06052170196289985,1,0,0
570,8166,楊礪,cluster1_song_and_before,0,0.0,0.0,1.3975995756472907e-33,1,0,0
571,8177,陳彭年,cluster1_song_and_before,1,0.0,0.0,0.0008577001455125147,1,0,0
572,10061,蔡杭,cluster1_song_and_before,0,0.0,0.0,1.3975995756472907e-33,1,0,0
573,10138,俞仲溫,cluster1_song_and_before,0,0.0,0.0,1.3975995756472907e-33,1,0,0
574,10164,洪芹,cluster1_song_and_before,0,0.0,0.0,1.3975995756472907e-33,1,0,0
575,10178,周濤,cluster1_song_and_before,1,0.0,0.0,0.04305271222744958,1,0,0
576,10226,趙崇絢,cluster1_song_and_before,0,0.0,0.0,1.3975995756472907e-33,1,0,0
577,10231,袁灼,cluster1_song_and_before,0,0.0,0.0,1.3975995756472907e-33,1,0,0
578,10242,王埜,cluster1_song_and_before,1,0.0,0.0,0.002057359994309527,1,0,0
579,10304,趙師淵,cluster1_song_and_before,0,0.0,0.0,1.3975995756472907e-33,1,0,0
580,10334,袁韶,cluster1_song_and_before,0,0.0,0.0,1.3975995756472907e-33,1,0,0
581,10377,史岩之,cluster1_song_and_before,0,0.0,0.0,1.3975995756472907e-33,1,0,0
582,10438,趙希悅,cluster1_song_and_before,0,0.0,0.0,1.3975995756472907e-33,1,0,0
583,10473,陳宗憲,cluster1_song_and_before,0,0.0,0.0,1.3975995756472907e-33,1,0,0
584,10474,陳宗纘,cluster1_song_and_before,0,0.0,0.0,1.3975995756472907e-33,1,0,0
585,10565,胡銓,cluster1_song_and_before,14,0.0014104235374538387,0.06593406593406594,0.06407513568000796,1,0,0
586,10566,楊萬里,cluster1_song_and_before,21,0.0023367113478395814,0.03333333333333333,0.07154514687321165,1,0,0
587,10681,杜訢,cluster1_song_and_before,2,1.5215144378259844e-05,0.0,0.00803089458710235,1,0,0
588,10730,何鳳,cluster1_song_and_before,0,0.0,0.0,1.3975995756472907e-33,1,0,0
589,10759,岳珂,cluster1_song_and_before,0,0.0,0.0,1.3975995756472907e-33,1,0,0
590,10831,李心傳,cluster1_song_and_before,2,1.2989233793811546e-05,0.0,0.02137856869044372,1,0,0
591,10890,陳守,cluster1_song_and_before,1,0.0,0.0,0.0016977371785040266,1,0,0
592,10892,陳宓,cluster1_song_and_before,8,0.001009810974050474,0.0,0.019499808007035428,1,0,0
593,10895,陳增,cluster1_song_and_before,1,0.0,0.0,0.01837893233793975,1,0,0
594,10902,鄭逢辰,cluster1_song_and_before,1,0.0,0.0,7.50330558788574e-25,1,0,0
595,10935,留元英,cluster1_song_and_before,0,0.0,0.0,1.3975995756472907e-33,1,0,0
596,11062,楊汝明,cluster1_song_and_before,1,0.0,0.0,0.01837893233793975,1,0,0
597,11135,余象,cluster1_song_and_before,5,9.594008651064299e-05,0.7,0.11450895582544914,1,0,0
598,11146,葉棠,cluster1_song_and_before,1,0.0,0.0,0.000546466455066657,1,0,0
599,11236,方龜年,cluster1_song_and_before,1,0.0,0.0,0.0037770019750878645,1,0,0
600,11247,方惟深,cluster1_song_and_before,2,5.232154524665142e-05,0.0,0.04338155195085529,1,0,0
601,11284,方旬,cluster1_song_and_before,1,0.0,0.0,7.50330558788574e-25,1,0,0
602,11337,薛利和,cluster1_song_and_before,1,0.0,0.0,0.04305271222744958,1,0,0
603,11372,豐稷,cluster1_song_and_before,1,0.0,0.0,0.0003713356065516885,1,0,0
604,11384,郭琪,cluster1_song_and_before,0,0.0,0.0,1.3975995756472907e-33,1,0,0
605,11404,黃艾,cluster1_song_and_before,0,0.0,0.0,1.3975995756472907e-33,1,0,0
606,11428,方會,cluster1_song_and_before,0,0.0,0.0,1.3975995756472907e-33,1,0,0
607,11450,林栗,cluster1_song_and_before,2,0.0,1.0,0.011807719624090576,1,0,0
608,11516,石中孚,cluster1_song_and_before,0,0.0,0.0,1.3975995756472907e-33,1,0,0
609,11538,潘衢,cluster1_song_and_before,0,0.0,0.0,1.3975995756472907e-33,1,0,0
610,11547,劉若虛,cluster1_song_and_before,1,0.0,0.0,7.50330558788574e-25,1,0,0
611,11557,劉異,cluster1_song_and_before,1,0.0,0.0,7.50330558788574e-25,1,0,0
612,11578,陳仁玉,cluster1_song_and_before,1,0.0,0.0,0.007887579832314676,1,0,0
613,11602,蘇幹,cluster1_song_and_before,0,0.0,0.0,1.3975995756472907e-33,1,0,0
614,11605,蘇頲,cluster1_song_and_before,2,0.0,1.0,2.412854758952077e-13,1,0,0
615,11612,蘇仲昌,cluster1_song_and_before,1,0.0,0.0,0.011418007655216066,1,0,0
616,11650,陳賡,cluster1_song_and_before,2,0.0003866689807252532,0.0,0.0012585488160172722,1,0,0
617,11701,張亢,cluster1_song_and_before,2,1.9579525726590893e-05,0.0,0.015306589773077424,1,0,0
618,11704,張倜,cluster1_song_and_before,0,0.0,0.0,1.3975995756472907e-33,1,0,0
619,11745,賈耽,cluster1_song_and_before,0,0.0,0.0,1.3975995756472907e-33,1,0,0
620,11751,賈湜,cluster1_song_and_before,0,0.0,0.0,1.3975995756472907e-33,1,0,0
621,11753,賈圭,cluster1_song_and_before,0,0.0,0.0,1.3975995756472907e-33,1,0,0
622,11759,賈守正,cluster1_song_and_before,0,0.0,0.0,1.3975995756472907e-33,1,0,0
623,11783,裴奐,cluster1_song_and_before,0,0.0,0.0,1.3975995756472907e-33,1,0,0
624,11785,裴令孫,cluster1_song_and_before,0,0.0,0.0,1.3975995756472907e-33,1,0,0
625,11800,劉宰,cluster1_song_and_before,12,0.0005741000002154492,0.0,0.03445302647125327,1,0,0
626,11861,劉滋,cluster1_song_and_before,0,0.0,0.0,1.3975995756472907e-33,1,0,0
627,11879,詹庠,cluster1_song_and_before,0,0.0,0.0,1.3975995756472907e-33,1,0,0
628,11910,朱浚,cluster1_song_and_before,0,0.0,0.0,1.3975995756472907e-33,1,0,0
629,11986,許章,cluster1_song_and_before,0,0.0,0.0,1.3975995756472907e-33,1,0,0
630,12013,蔡準,cluster1_song_and_before,0,0.0,0.0,1.3975995756472907e-33,1,0,0
631,12019,蔡勻,cluster1_song_and_before,0,0.0,0.0,1.3975995756472907e-33,1,0,0
632,12025,商瑤,cluster1_song_and_before,0,0.0,0.0,1.3975995756472907e-33,1,0,0
633,12030,蔡傳,cluster1_song_and_before,0,0.0,0.0,1.3975995756472907e-33,1,0,0
634,12053,王遂,cluster1_song_and_before,2,0.00010464309049330284,0.0,0.003022724329554261,1,0,0
635,12072,衛湜,cluster1_song_and_before,1,0.0,0.0,0.01837893233793975,1,0,0
636,12104,蔡黃裳,cluster1_song_and_before,1,0.0,0.0,0.00034963669177190095,1,0,0
637,12110,蔡潛,cluster1_song_and_before,1,0.0,0.0,0.001782141539437949,1,0,0
638,12134,周必正,cluster1_song_and_before,1,0.0,0.0,0.006229044638128083,1,0,0
639,12147,歐陽珣,cluster1_song_and_before,0,0.0,0.0,1.3975995756472907e-33,1,0,0
640,12262,蕭華,cluster1_song_and_before,0,0.0,0.0,1.3975995756472907e-33,1,0,0
641,12294,蕭映,cluster1_song_and_before,0,0.0,0.0,1.3975995756472907e-33,1,0,0
642,12319,余靖,cluster1_song_and_before,13,0.0009535176526528868,0.07692307692307693,0.08438580943544903,1,0,0
643,12323,林從周,cluster1_song_and_before,1,0.0,0.0,0.007346999470408343,1,0,0
644,12324,林冀,cluster1_song_and_before,0,0.0,0.0,1.3975995756472907e-33,1,0,0
645,12351,晏昭素,cluster1_song_and_before,1,0.0,0.0,7.50330558788574e-25,1,0,0
646,12428,張士程,cluster1_song_and_before,1,0.0,0.0,7.50330558788574e-25,1,0,0
647,12477,林夢英,cluster1_song_and_before,0,0.0,0.0,1.3975995756472907e-33,1,0,0
648,12604,黃棨,cluster1_song_and_before,1,0.0,0.0,1.503516943899234e-22,1,0,0
649,12681,曾天麟,cluster1_song_and_before,0,0.0,0.0,1.3975995756472907e-33,1,0,0
650,12890,陳韡,cluster1_song_and_before,1,0.0,0.0,0.0016977371785040266,1,0,0
651,12941,楊徽之,cluster1_song_and_before,3,0.0005314051079680566,0.0,0.015358434467995554,1,0,0
652,12944,楊備,cluster1_song_and_before,1,0.0,0.0,0.003752672845860679,1,0,0
653,12951,黃瑊,cluster1_song_and_before,1,0.0,0.0,2.3087977050290494e-05,1,0,0
654,12957,張岐,cluster1_song_and_before,0,0.0,0.0,1.3975995756472907e-33,1,0,0
655,12958,張倣,cluster1_song_and_before,1,0.0,0.0,7.50330558788574e-25,1,0,0
656,12978,朱在,cluster1_song_and_before,1,0.0,0.0,0.0016977371785040266,1,0,0
657,13048,胡順之,cluster1_song_and_before,0,0.0,0.0,1.3975995756472907e-33,1,0,0
658,13097,呂蒙巽,cluster1_song_and_before,0,0.0,0.0,1.3975995756472907e-33,1,0,0
659,13105,錢燮,cluster1_song_and_before,0,0.0,0.0,1.3975995756472907e-33,1,0,0
660,13243,劉立言,cluster1_song_and_before,3,6.570777723169892e-05,0.0,0.0014702153725586378,1,0,0
661,13258,曾宏迪,cluster1_song_and_before,1,0.0,0.0,0.01837893233793975,1,0,0
662,13279,謝諤,cluster1_song_and_before,1,0.0,0.0,0.006229044638128083,1,0,0
663,13312,查陶,cluster1_song_and_before,3,0.00016942739095310804,0.6666666666666666,0.00426852983669327,1,0,0
664,13313,查文徽,cluster1_song_and_before,1,0.0,0.0,0.0004447763723674551,1,0,0
665,13314,查拱之,cluster1_song_and_before,2,0.0,1.0,0.0008164145726822934,1,0,0
666,13360,石牧之,cluster1_song_and_before,1,0.0,0.0,0.011418007655216066,1,0,0
667,13363,石麟之,cluster1_song_and_before,0,0.0,0.0,1.3975995756472907e-33,1,0,0
668,13376,鄭建中,cluster1_song_and_before,1,0.0,0.0,0.005847870761799363,1,0,0
669,13378,鄭獬,cluster1_song_and_before,14,0.0009107903857091075,0.03296703296703297,0.06716701275077396,1,0,0
670,13406,傅瑩,cluster1_song_and_before,0,0.0,0.0,1.3975995756472907e-33,1,0,0
671,13477,王佐,cluster1_song_and_before,0,0.0,0.0,1.3975995756472907e-33,1,0,0
672,13485,史綸,cluster1_song_and_before,0,0.0,0.0,1.3975995756472907e-33,1,0,0
673,13513,高元常,cluster1_song_and_before,1,0.0,0.0,0.008629479991307015,1,0,0
674,13518,晁仲熙,cluster1_song_and_before,2,0.0,1.0,0.009706740476991256,1,0,0
675,13554,李定,cluster1_song_and_before,0,0.0,0.0,1.3975995756472907e-33,1,0,0
676,13573,張方回,cluster1_song_and_before,2,5.232154524665142e-05,0.0,0.0005219020299495762,1,0,0
677,13583,高文虎,cluster1_song_and_before,0,0.0,0.0,1.3975995756472907e-33,1,0,0
678,13606,張子憲,cluster1_song_and_before,0,0.0,0.0,1.3975995756472907e-33,1,0,0
679,13612,張恕,cluster1_song_and_before,1,0.0,0.0,0.015744937527092173,1,0,0
680,13674,張師錫,cluster1_song_and_before,2,5.53102429531701e-06,0.0,0.005384677212946403,1,0,0
681,13675,張師皋,cluster1_song_and_before,1,0.0,0.0,0.0006915344700529296,1,0,0
682,13712,張哿,cluster1_song_and_before,2,0.0,1.0,0.0053390631445844414,1,0,0
683,13809,吳泳,cluster1_song_and_before,4,0.00010464309049330284,0.0,0.0043052533146164425,1,0,0
684,13810,度正,cluster1_song_and_before,4,0.00011002868508968436,0.16666666666666666,0.02994569105643628,1,0,0
685,13845,高定子,cluster1_song_and_before,1,0.0,0.0,0.01837893233793975,1,0,0
686,13855,魏克愚,cluster1_song_and_before,1,0.0,0.0,0.01837893233793975,1,0,0
687,13919,張嶠,cluster1_song_and_before,1,0.0,0.0,7.50330558788574e-25,1,0,0
688,13940,朱晞顏,cluster1_song_and_before,2,5.232154524665142e-05,0.0,0.0005506725002170021,1,0,0
689,13963,張堯封,cluster1_song_and_before,0,0.0,0.0,1.3975995756472907e-33,1,0,0
690,13972,張唐卿,cluster1_song_and_before,2,5.232154524665142e-05,0.0,0.013182417893788195,1,0,0
691,13990,張攀,cluster1_song_and_before,0,0.0,0.0,1.3975995756472907e-33,1,0,0
692,14043,章岷,cluster1_song_and_before,2,0.0,0.0,2.1262940533200443e-22,1,0,0
693,14045,章峴,cluster1_song_and_before,1,0.0,0.0,1.503516943899234e-22,1,0,0
694,14074,章友直,cluster1_song_and_before,1,0.0,0.0,0.04305271222744958,1,0,0
695,14103,章穎,cluster1_song_and_before,1,0.0,0.0,0.006229044638128083,1,0,0
696,14207,陳知章,cluster1_song_and_before,1,0.0,0.0,0.00011946031748878828,1,0,0
697,14209,陳知雄,cluster1_song_and_before,0,0.0,0.0,1.3975995756472907e-33,1,0,0
698,14215,阮逸,cluster1_song_and_before,1,0.0,0.0,1.503516943899234e-22,1,0,0
699,14223,陳知言,cluster1_song_and_before,0,0.0,0.0,1.3975995756472907e-33,1,0,0
700,14224,陳知愚,cluster1_song_and_before,1,0.0,0.0,0.0027708769304965854,1,0,0
701,14301,陳粹父,cluster1_song_and_before,1,0.0,0.0,0.0007570605531185119,1,0,0
702,14310,种放,cluster1_song_and_before,1,0.0,0.0,0.0027708769304965854,1,0,0
703,14386,陳漢卿,cluster1_song_and_before,0,0.0,0.0,1.3975995756472907e-33,1,0,0
704,14440,傅凝,cluster1_song_and_before,0,0.0,0.0,1.3975995756472907e-33,1,0,0
705,14445,李縝,cluster1_song_and_before,0,0.0,0.0,1.3975995756472907e-33,1,0,0
706,14650,趙子皓,cluster1_song_and_before,0,0.0,0.0,1.3975995756472907e-33,1,0,0
707,14696,錢昱,cluster1_song_and_before,0,0.0,0.0,1.3975995756472907e-33,1,0,0
708,14704,慎知禮,cluster1_song_and_before,0,0.0,0.0,1.3975995756472907e-33,1,0,0
709,14821,趙時侃,cluster1_song_and_before,1,0.0,0.0,0.0029996363525039704,1,0,0
710,14834,彭欽,cluster1_song_and_before,1,0.0,0.0,0.01837893233793975,1,0,0
711,14852,尤著,cluster1_song_and_before,0,0.0,0.0,1.3975995756472907e-33,1,0,0
712,14858,尤焴,cluster1_song_and_before,1,0.0,0.0,7.50330558788574e-25,1,0,0
713,14866,尤帶,cluster1_song_and_before,1,0.0,0.0,7.50330558788574e-25,1,0,0
714,14903,趙彥逾,cluster1_song_and_before,0,0.0,0.0,1.3975995756472907e-33,1,0,0
715,14913,趙像之,cluster1_song_and_before,1,0.0,0.0,0.006229044638128083,1,0,0
716,14973,劉爚,cluster1_song_and_before,3,0.00010356923891313674,0.0,0.023630309602074705,1,0,0
717,14994,陳圭,cluster1_song_and_before,1,0.0,0.0,0.0016977371785040266,1,0,0
718,15026,陳大猷,cluster1_song_and_before,0,0.0,0.0,1.3975995756472907e-33,1,0,0
719,15061,陳習,cluster1_song_and_before,0,0.0,0.0,1.3975995756472907e-33,1,0,0
720,15155,李修,cluster1_song_and_before,0,0.0,0.0,1.3975995756472907e-33,1,0,0
721,15159,李栖筠,cluster1_song_and_before,0,0.0,0.0,1.3975995756472907e-33,1,0,0
722,15167,孫夷甫,cluster1_song_and_before,0,0.0,0.0,1.3975995756472907e-33,1,0,0
723,15192,應孟明,cluster1_song_and_before,1,0.0,0.0,4.7944034443872234e-05,1,0,0
724,15218,趙范,cluster1_song_and_before,0,0.0,0.0,1.3975995756472907e-33,1,0,0
725,15223,陳永昇,cluster1_song_and_before,0,0.0,0.0,1.3975995756472907e-33,1,0,0
726,15224,陳永弼,cluster1_song_and_before,0,0.0,0.0,1.3975995756472907e-33,1,0,0
727,15267,曹組,cluster1_song_and_before,0,0.0,0.0,1.3975995756472907e-33,1,0,0
728,15288,鄭向,cluster1_song_and_before,2,6.393162895872638e-07,0.0,2.1262940533200443e-22,1,0,0
729,15289,鄭惇忠,cluster1_song_and_before,1,0.0,0.0,1.503516943899234e-22,1,0,0
730,15316,鄭絳,cluster1_song_and_before,0,0.0,0.0,1.3975995756472907e-33,1,0,0
731,15353,賀知章,cluster1_song_and_before,2,4.891851791353588e-06,0.0,2.4219745518816173e-13,1,0,0
732,15387,江鎬,cluster1_song_and_before,0,0.0,0.0,1.3975995756472907e-33,1,0,0
733,15431,江公亮,cluster1_song_and_before,1,0.0,0.0,0.0029996363525039704,1,0,0
734,15460,曾統,cluster1_song_and_before,0,0.0,0.0,1.3975995756472907e-33,1,0,0
735,15501,馬廷鸞,cluster1_song_and_before,1,0.0,0.0,0.00024398404634611503,1,0,0
736,15505,曹矩,cluster1_song_and_before,0,0.0,0.0,1.3975995756472907e-33,1,0,0
737,15598,俞康直,cluster1_song_and_before,1,0.0,0.0,0.0012166923863060738,1,0,0
738,15613,魏平仲,cluster1_song_and_before,0,0.0,0.0,1.3975995756472907e-33,1,0,0
739,15617,魏紓,cluster1_song_and_before,1,0.0,0.0,0.0004876438294010907,1,0,0
740,15634,汪若容,cluster1_song_and_before,0,0.0,0.0,1.3975995756472907e-33,1,0,0
741,15706,王礪,cluster1_song_and_before,4,0.00021738416958930122,0.0,0.006763862195887099,1,0,0
742,15751,齊恢,cluster1_song_and_before,1,0.0,0.0,0.013082491886216257,1,0,0
743,15752,王沖,cluster1_song_and_before,1,0.0,0.0,0.0005888891218777405,1,0,0
744,15760,程莊,cluster1_song_and_before,1,0.0,0.0,0.0036718183539067107,1,0,0
745,15773,程元岳,cluster1_song_and_before,0,0.0,0.0,1.3975995756472907e-33,1,0,0
746,15791,季鏞,cluster1_song_and_before,0,0.0,0.0,1.3975995756472907e-33,1,0,0
747,15806,上官渙酉,cluster1_song_and_before,1,0.0,0.0,0.0029996363525039704,1,0,0
748,15848,戚維,cluster1_song_and_before,1,0.0,0.0,0.0020534205272074737,1,0,0
749,15849,戚舜臣,cluster1_song_and_before,0,0.0,0.0,1.3975995756472907e-33,1,0,0
750,15853,齊唐,cluster1_song_and_before,0,0.0,0.0,1.3975995756472907e-33,1,0,0
751,15862,魏咸熙,cluster1_song_and_before,0,0.0,0.0,1.3975995756472907e-33,1,0,0
752,15883,時旦,cluster1_song_and_before,1,0.0,0.0,0.0019455039881446322,1,0,0
753,15884,時汝賢,cluster1_song_and_before,4,0.0001058522539627443,0.0,0.02234562695977494,1,0,0
754,15885,晁仲綽,cluster1_song_and_before,1,0.0,0.0,0.0019455039881446322,1,0,0
755,15940,孔陶,cluster1_song_and_before,0,0.0,0.0,1.3975995756472907e-33,1,0,0
756,16040,吳淵,cluster1_song_and_before,1,0.0,0.0,0.01837893233793975,1,0,0
757,16098,姜從簡,cluster1_song_and_before,1,0.0,0.0,7.50330558788574e-25,1,0,0
758,16100,姜正顏,cluster1_song_and_before,0,0.0,0.0,1.3975995756472907e-33,1,0,0
759,16101,魏峻,cluster1_song_and_before,0,0.0,0.0,1.3975995756472907e-33,1,0,0
760,16132,蔣鎮,cluster1_song_and_before,1,0.0,0.0,7.50330558788574e-25,1,0,0
761,16134,蔣渙,cluster1_song_and_before,1,0.0,0.0,7.50330558788574e-25,1,0,0
762,16147,蔣峴,cluster1_song_and_before,1,0.0,0.0,7.50330558788574e-25,1,0,0
763,16153,蔣曉,cluster1_song_and_before,0,0.0,0.0,1.3975995756472907e-33,1,0,0
764,16173,錢冶,cluster1_song_and_before,1,0.0,0.0,0.04305271222744958,1,0,0
765,16239,錢延年,cluster1_song_and_before,1,0.0,0.0,0.0001877539669188088,1,0,0
766,16266,錢孟回,cluster1_song_and_before,0,0.0,0.0,1.3975995756472907e-33,1,0,0
767,16302,京鏜,cluster1_song_and_before,1,0.0,0.0,0.006229044638128083,1,0,0
768,16330,周延荷,cluster1_song_and_before,1,0.0,0.0,0.0038060730758314285,1,0,0
769,16333,周延雋,cluster1_song_and_before,1,0.0,0.0,0.0038060730758314285,1,0,0
770,16458,朱正基,cluster1_song_and_before,1,0.0,0.0,1.6599425205758486e-05,1,0,0
771,16504,徐僑,cluster1_song_and_before,1,0.0,0.0,0.0029996363525039704,1,0,0
772,16631,劉審禮,cluster1_song_and_before,0,0.0,0.0,1.3975995756472907e-33,1,0,0
773,16667,朱壽昌,cluster1_song_and_before,3,0.0004805464404323623,0.0,0.05488997398542612,1,0,0
774,16701,朱肱,cluster1_song_and_before,0,0.0,0.0,1.3975995756472907e-33,1,0,0
775,16720,劉榘,cluster1_song_and_before,0,0.0,0.0,1.3975995756472907e-33,1,0,0
776,16730,褚籍,cluster1_song_and_before,0,0.0,0.0,1.3975995756472907e-33,1,0,0
777,16745,范純祐,cluster1_song_and_before,3,7.418412606668079e-07,0.6666666666666666,0.039665704399536365,1,0,0
778,16754,范世文,cluster1_song_and_before,0,0.0,0.0,1.3975995756472907e-33,1,0,0
779,16783,范仲藝,cluster1_song_and_before,0,0.0,0.0,1.3975995756472907e-33,1,0,0
780,16801,張文蔚,cluster1_song_and_before,0,0.0,0.0,1.3975995756472907e-33,1,0,0
781,16877,朱景,cluster1_song_and_before,1,0.0,0.0,7.50330558788574e-25,1,0,0
782,16882,杜彰壽,cluster1_song_and_before,0,0.0,0.0,1.3975995756472907e-33,1,0,0
783,17100,謝深甫,cluster1_song_and_before,5,0.000823786438402743,0.0,0.010842005826260371,1,0,0
784,17102,謝采伯,cluster1_song_and_before,1,0.0,0.0,0.0009439459800091851,1,0,0
785,17108,謝奕禮,cluster1_song_and_before,1,0.0,0.0,0.0009439459800091851,1,0,0
786,17109,謝奕燾,cluster1_song_and_before,1,0.0,0.0,0.0009439459800091851,1,0,0
787,17271,李昭迴,cluster1_song_and_before,0,0.0,0.0,1.3975995756472907e-33,1,0,0
788,17275,李宜卿,cluster1_song_and_before,1,0.0,0.0,7.50330558788574e-25,1,0,0
789,17302,田有嘉,cluster1_song_and_before,0,0.0,0.0,1.3975995756472907e-33,1,0,0
790,17307,譚申,cluster1_song_and_before,0,0.0,0.0,1.3975995756472907e-33,1,0,0
791,17324,向悅,cluster1_song_and_before,0,0.0,0.0,1.3975995756472907e-33,1,0,0
792,17355,侯詠,cluster1_song_and_before,1,0.0,0.0,7.50330558788574e-25,1,0,0
793,17358,麻希夢,cluster1_song_and_before,1,0.0,0.0,7.50330558788574e-25,1,0,0
794,17361,麻溫故,cluster1_song_and_before,1,0.0,0.0,7.50330558788574e-25,1,0,0
795,17394,鮑軻,cluster1_song_and_before,1,0.0,0.0,7.50330558788574e-25,1,0,0
796,17517,俞汝尚,cluster1_song_and_before,2,0.0,1.0,0.05094029205976426,1,0,0
797,17648,喻良能,cluster1_song_and_before,0,0.0,0.0,1.3975995756472907e-33,1,0,0
798,17667,和凝,cluster1_song_and_before,0,0.0,0.0,1.3975995756472907e-33,1,0,0
799,17724,韓瑄,cluster1_song_and_before,1,0.0,0.0,0.013082491886216257,1,0,0
800,17730,崔立,cluster1_song_and_before,3,5.31723020799303e-07,0.6666666666666666,0.01700428549490662,1,0,0
801,17743,陳薦,cluster1_song_and_before,3,7.3044423054748004e-06,0.6666666666666666,0.04063854560045386,1,0,0
802,17872,唐諲,cluster1_song_and_before,1,0.0,0.0,0.00024367159232512058,1,0,0
803,17879,趙安易,cluster1_song_and_before,1,0.0,0.0,0.0018932258520212616,1,0,0
804,17917,王汾,cluster1_song_and_before,1,0.0,0.0,0.0020534205272074737,1,0,0
805,17923,呂承簡,cluster1_song_and_before,0,0.0,0.0,1.3975995756472907e-33,1,0,0
806,17930,呂師簡,cluster1_song_and_before,1,0.0,0.0,7.50330558788574e-25,1,0,0
807,17931,呂昌宗,cluster1_song_and_before,1,0.0,0.0,7.50330558788574e-25,1,0,0
808,17952,何景先,cluster1_song_and_before,0,0.0,0.0,1.3975995756472907e-33,1,0,0
809,17956,何異,cluster1_song_and_before,1,0.0,0.0,0.006229044638128083,1,0,0
810,18087,席汝賢,cluster1_song_and_before,0,0.0,0.0,1.3975995756472907e-33,1,0,0
811,18136,史彌忞,cluster1_song_and_before,0,0.0,0.0,1.3975995756472907e-33,1,0,0
812,18165,陸琮,cluster1_song_and_before,1,0.0,0.0,5.017129200224434e-21,1,0,0
813,18199,葉應及,cluster1_song_and_before,0,0.0,0.0,1.3975995756472907e-33,1,0,0
814,18205,史宇之,cluster1_song_and_before,1,0.0,0.0,0.00024586194994240745,1,0,0
815,18223,謝晟孫,cluster1_song_and_before,0,0.0,0.0,1.3975995756472907e-33,1,0,0
816,18246,梁彥回,cluster1_song_and_before,2,5.178461945656837e-05,0.0,0.011505219746647167,1,0,0
817,18257,王凝,cluster1_song_and_before,1,0.0,0.0,0.001001699158296968,1,0,0
818,18268,仲訥,cluster1_song_and_before,1,0.0,0.0,0.04305271222744958,1,0,0
819,18272,任廓,cluster1_song_and_before,1,0.0,0.0,3.184214381287576e-05,1,0,0
820,18320,孟仁裕,cluster1_song_and_before,0,0.0,0.0,1.3975995756472907e-33,1,0,0
821,18323,孟玄珏,cluster1_song_and_before,0,0.0,0.0,1.3975995756472907e-33,1,0,0
822,18324,姚子材,cluster1_song_and_before,0,0.0,0.0,1.3975995756472907e-33,1,0,0
823,18336,柳肩吾,cluster1_song_and_before,2,5.232154524665142e-05,0.0,0.00020100118601134806,1,0,0
824,18365,宋椿年,cluster1_song_and_before,0,0.0,0.0,1.3975995756472907e-33,1,0,0
825,18395,畢仲達,cluster1_song_and_before,1,0.0,0.0,0.00136169181853707,1,0,0
826,18399,畢從周,cluster1_song_and_before,0,0.0,0.0,1.3975995756472907e-33,1,0,0
827,18401,畢從益,cluster1_song_and_before,0,0.0,0.0,1.3975995756472907e-33,1,0,0
828,18424,江側,cluster1_song_and_before,0,0.0,0.0,1.3975995756472907e-33,1,0,0
829,18480,彭方,cluster1_song_and_before,0,0.0,0.0,1.3975995756472907e-33,1,0,0
830,18521,謝倜,cluster1_song_and_before,0,0.0,0.0,1.3975995756472907e-33,1,0,0
831,18550,謝衒,cluster1_song_and_before,0,0.0,0.0,1.3975995756472907e-33,1,0,0
832,18567,王羽,cluster1_song_and_before,0,0.0,0.0,1.3975995756472907e-33,1,0,0
833,18571,辛若冲,cluster1_song_and_before,0,0.0,0.0,1.3975995756472907e-33,1,0,0
834,18574,辛廱,cluster1_song_and_before,1,0.0,0.0,0.011418007655216066,1,0,0
835,18588,徐誼,cluster1_song_and_before,0,0.0,0.0,1.3975995756472907e-33,1,0,0
836,18616,徐執中,cluster1_song_and_before,1,0.0,0.0,0.00012800383571054516,1,0,0
837,18644,許遂,cluster1_song_and_before,1,0.0,0.0,0.04305271222744958,1,0,0
838,18655,許正,cluster1_song_and_before,1,0.0,0.0,0.001612188318188181,1,0,0
839,18684,戴溪,cluster1_song_and_before,0,0.0,0.0,1.3975995756472907e-33,1,0,0
840,18688,戴侗,cluster1_song_and_before,0,0.0,0.0,1.3975995756472907e-33,1,0,0
841,18731,薛塾,cluster1_song_and_before,1,0.0,0.0,7.50330558788574e-25,1,0,0
842,18734,薛長孺,cluster1_song_and_before,0,0.0,0.0,1.3975995756472907e-33,1,0,0
843,18735,薛良孺,cluster1_song_and_before,0,0.0,0.0,1.3975995756472907e-33,1,0,0
844,18866,胡淮,cluster1_song_and_before,0,0.0,0.0,1.3975995756472907e-33,1,0,0
845,18880,胡晏,cluster1_song_and_before,0,0.0,0.0,1.3975995756472907e-33,1,0,0
846,18889,胡太初,cluster1_song_and_before,0,0.0,0.0,1.3975995756472907e-33,1,0,0
847,18946,黃策,cluster1_song_and_before,1,0.0,0.0,7.50330558788574e-25,1,0,0
848,18950,黃涇,cluster1_song_and_before,1,0.0,0.0,7.50330558788574e-25,1,0,0
849,18954,黃由,cluster1_song_and_before,2,5.232154524665142e-05,0.0,0.018519312829087725,1,0,0
850,19098,皇甫鑑,cluster1_song_and_before,0,0.0,0.0,1.3975995756472907e-33,1,0,0
851,19123,文天祥,cluster1_song_and_before,11,0.0011570113619937766,0.03636363636363636,0.03194311586287111,1,0,0
852,19149,李孝基,cluster1_song_and_before,5,9.393811045846294e-05,0.3,0.044024364956329734,1,0,0
853,19155,李孝孫,cluster1_song_and_before,1,0.0,0.0,7.50330558788574e-25,1,0,0
854,19178,蘇諤,cluster1_song_and_before,1,0.0,0.0,1.503516943899234e-22,1,0,0
855,19267,蘇壽,cluster1_song_and_before,0,0.0,0.0,1.3975995756472907e-33,1,0,0
856,19289,李璋,cluster1_song_and_before,0,0.0,0.0,1.3975995756472907e-33,1,0,0
857,19322,高禾,cluster1_song_and_before,1,0.0,0.0,0.0016977371785040266,1,0,0
858,19374,耿璋,cluster1_song_and_before,0,0.0,0.0,1.3975995756472907e-33,1,0,0
859,19424,王棐,cluster1_song_and_before,0,0.0,0.0,1.3975995756472907e-33,1,0,0
860,19494,吳有鄰,cluster1_song_and_before,0,0.0,0.0,1.3975995756472907e-33,1,0,0
861,19560,李堪,cluster1_song_and_before,1,0.0,0.0,7.50330558788574e-25,1,0,0
862,19563,李琪,cluster1_song_and_before,1,0.0,0.0,7.50330558788574e-25,1,0,0
863,19586,李秠,cluster1_song_and_before,0,0.0,0.0,1.3975995756472907e-33,1,0,0
864,19597,李沐,cluster1_song_and_before,1,0.0,0.0,0.006229044638128083,1,0,0
865,19598,李公彥,cluster1_song_and_before,1,0.0,0.0,7.50330558788574e-25,1,0,0
866,19611,李陟,cluster1_song_and_before,3,5.75428492408125e-05,0.3333333333333333,0.059555615779758014,1,0,0
867,19668,李惟簡,cluster1_song_and_before,1,0.0,0.0,7.50330558788574e-25,1,0,0
868,19669,李郯,cluster1_song_and_before,1,0.0,0.0,7.50330558788574e-25,1,0,0
869,19699,張元幹,cluster1_song_and_before,6,0.0002004147905169579,0.06666666666666667,0.01136982179109962,1,0,0
870,19701,曾噩,cluster1_song_and_before,2,1.9358515978671766e-05,0.0,0.0026876411494548276,1,0,0
871,19733,李丕緒,cluster1_song_and_before,1,0.0,0.0,2.6805561856770566e-20,1,0,0
872,19735,李丕旦,cluster1_song_and_before,1,0.0,0.0,2.6805561856770566e-20,1,0,0
873,19806,鄧景儁,cluster1_song_and_before,0,0.0,0.0,1.3975995756472907e-33,1,0,0
874,19832,元奉宗,cluster1_song_and_before,0,0.0,0.0,1.3975995756472907e-33,1,0,0
875,19842,傅野,cluster1_song_and_before,0,0.0,0.0,1.3975995756472907e-33,1,0,0
876,19879,王撝,cluster1_song_and_before,1,0.0,0.0,0.00024586194994240745,1,0,0
877,19880,王應麟,cluster1_song_and_before,3,0.00010356923891313674,0.0,0.002823907273881765,1,0,0
878,19905,王周,cluster1_song_and_before,0,0.0,0.0,1.3975995756472907e-33,1,0,0
879,19915,張虙,cluster1_song_and_before,0,0.0,0.0,1.3975995756472907e-33,1,0,0
880,19947,樓淳,cluster1_song_and_before,0,0.0,0.0,1.3975995756472907e-33,1,0,0
881,19995,李志道,cluster1_song_and_before,0,0.0,0.0,1.3975995756472907e-33,1,0,0
882,20001,楊樸,cluster1_song_and_before,0,0.0,0.0,1.3975995756472907e-33,1,0,0
883,20166,林士衡,cluster1_song_and_before,0,0.0,0.0,1.3975995756472907e-33,1,0,0
884,20180,林洙,cluster1_song_and_before,1,0.0,0.0,0.0008577001455125147,1,0,0
885,20205,林咸德,cluster1_song_and_before,0,0.0,0.0,1.3975995756472907e-33,1,0,0
886,20221,劉几,cluster1_song_and_before,2,0.0,1.0,0.041853920183528286,1,0,0
887,20265,劉文裕,cluster1_song_and_before,0,0.0,0.0,1.3975995756472907e-33,1,0,0
888,20268,劉渙,cluster1_song_and_before,1,0.0,0.0,0.0007570605531185119,1,0,0
889,20276,劉師愈,cluster1_song_and_before,2,0.0003866689807252532,0.0,0.008695393046947707,1,0,0
890,20338,劉立義,cluster1_song_and_before,0,0.0,0.0,1.3975995756472907e-33,1,0,0
891,20358,麋弇,cluster1_song_and_before,0,0.0,0.0,1.3975995756472907e-33,1,0,0
892,20367,劉三傑,cluster1_song_and_before,0,0.0,0.0,1.3975995756472907e-33,1,0,0
893,20431,劉有方,cluster1_song_and_before,2,0.0,1.0,9.591778628167397e-20,1,0,0
894,20432,劉有政,cluster1_song_and_before,2,0.0,1.0,9.591778628167397e-20,1,0,0
895,20498,陸若冲,cluster1_song_and_before,2,2.2685582880244542e-05,0.0,0.01604898640044711,1,0,0
896,20531,陸象先,cluster1_song_and_before,0,0.0,0.0,1.3975995756472907e-33,1,0,0
897,20534,陸景融,cluster1_song_and_before,0,0.0,0.0,1.3975995756472907e-33,1,0,0
898,20604,胥致堯(字),cluster1_song_and_before,0,0.0,0.0,1.3975995756472907e-33,1,0,0
899,20672,馬僑,cluster1_song_and_before,0,0.0,0.0,1.3975995756472907e-33,1,0,0
900,20767,歐陽程,cluster1_song_and_before,0,0.0,0.0,1.3975995756472907e-33,1,0,0
901,20797,商飛卿,cluster1_song_and_before,0,0.0,0.0,1.3975995756472907e-33,1,0,0
902,20849,邵景先,cluster1_song_and_before,1,0.0,0.0,0.04305271222744958,1,0,0
903,20853,邵納史,cluster1_song_and_before,0,0.0,0.0,1.3975995756472907e-33,1,0,0
904,20883,沈玉,cluster1_song_and_before,0,0.0,0.0,1.3975995756472907e-33,1,0,0
905,20885,沈惟恭,cluster1_song_and_before,2,0.0,0.0,2.2569789337400257e-20,1,0,0
906,20889,沈惟清,cluster1_song_and_before,1,0.0,0.0,1.5959248592679233e-20,1,0,0
907,20932,劉子澄,cluster1_song_and_before,1,0.0,0.0,0.01837893233793975,1,0,0
908,20977,師仲說,cluster1_song_and_before,1,0.0,0.0,7.50330558788574e-25,1,0,0
909,21095,石洵直,cluster1_song_and_before,0,0.0,0.0,1.3975995756472907e-33,1,0,0
910,21169,虞奕,cluster1_song_and_before,1,0.0,0.0,0.00662711023924432,1,0,0
911,21226,司馬京,cluster1_song_and_before,1,0.0,0.0,0.026108982656436113,1,0,0
912,21237,蘇梲,cluster1_song_and_before,1,0.0,0.0,0.011418007655216066,1,0,0
913,21274,王利,cluster1_song_and_before,1,0.0,0.0,0.00010995239492552495,1,0,0
914,21429,句希仲,cluster1_song_and_before,2,5.232154524665142e-05,0.0,0.04338155195085529,1,0,0
915,21432,句中正,cluster1_song_and_before,1,0.0,0.0,0.0037770019750878645,1,0,0
916,21455,范楷,cluster1_song_and_before,0,0.0,0.0,1.3975995756472907e-33,1,0,0
917,21482,單夔,cluster1_song_and_before,1,0.0,0.0,0.005578674985962493,1,0,0
918,21493,湯中,cluster1_song_and_before,0,0.0,0.0,1.3975995756472907e-33,1,0,0
919,21561,鄧淵,cluster1_song_and_before,0,0.0,0.0,1.3975995756472907e-33,1,0,0
920,21569,滕強恕,cluster1_song_and_before,0,0.0,0.0,1.3975995756472907e-33,1,0,0
921,21585,滕玄錫,cluster1_song_and_before,0,0.0,0.0,1.3975995756472907e-33,1,0,0
922,21610,田懿,cluster1_song_and_before,1,0.0,0.0,0.0034169622469706626,1,0,0
923,21620,丁宗臣,cluster1_song_and_before,0,0.0,0.0,1.3975995756472907e-33,1,0,0
924,21629,竇儀,cluster1_song_and_before,1,0.0,0.0,0.00019947754567753526,1,0,0
925,21637,竇綱,cluster1_song_and_before,2,5.232154524665142e-05,0.0,0.011505219746647167,1,0,0
926,21679,曾孝純,cluster1_song_and_before,0,0.0,0.0,1.3975995756472907e-33,1,0,0
927,21685,曾孝雍,cluster1_song_and_before,0,0.0,0.0,1.3975995756472907e-33,1,0,0
928,21721,曾漸,cluster1_song_and_before,1,0.0,0.0,1.503516943899234e-22,1,0,0
929,21724,曾穎茂,cluster1_song_and_before,2,0.0,0.0,2.1262940533200443e-22,1,0,0
930,21796,連庠,cluster1_song_and_before,0,0.0,0.0,1.3975995756472907e-33,1,0,0
931,21810,崔俞,cluster1_song_and_before,1,0.0,0.0,7.50330558788574e-25,1,0,0
932,21838,段思恭,cluster1_song_and_before,0,0.0,0.0,1.3975995756472907e-33,1,0,0
933,21998,王居安,cluster1_song_and_before,1,0.0,0.0,0.0016977371785040266,1,0,0
934,22000,王居正,cluster1_song_and_before,1,0.0,0.0,0.004874219989665917,1,0,0
935,22047,王會龍,cluster1_song_and_before,0,0.0,0.0,1.3975995756472907e-33,1,0,0
936,22072,王貽矩,cluster1_song_and_before,3,3.9850683052528695e-05,0.0,0.005971970920203417,1,0,0
937,22084,王溉,cluster1_song_and_before,0,0.0,0.0,1.3975995756472907e-33,1,0,0
938,22101,王克明,cluster1_song_and_before,0,0.0,0.0,1.3975995756472907e-33,1,0,0
939,22146,王景齊,cluster1_song_and_before,0,0.0,0.0,1.3975995756472907e-33,1,0,0
940,22199,王乙,cluster1_song_and_before,1,0.0,0.0,0.04305271222744958,1,0,0
941,22203,王弁,cluster1_song_and_before,0,0.0,0.0,1.3975995756472907e-33,1,0,0
942,22231,王延之,cluster1_song_and_before,0,0.0,0.0,1.3975995756472907e-33,1,0,0
943,22236,王拱安,cluster1_song_and_before,1,0.0,0.0,0.013164019206729188,1,0,0
944,22250,王師顏,cluster1_song_and_before,9,0.00033973201418834704,0.05555555555555555,0.025545510789483354,1,0,0
945,22325,吳昭允,cluster1_song_and_before,0,0.0,0.0,1.3975995756472907e-33,1,0,0
946,22350,吳幾復,cluster1_song_and_before,0,0.0,0.0,1.3975995756472907e-33,1,0,0
947,22383,吳勢卿,cluster1_song_and_before,0,0.0,0.0,1.3975995756472907e-33,1,0,0
948,22403,吳瑛,cluster1_song_and_before,0,0.0,0.0,1.3975995756472907e-33,1,0,0
949,22404,吳總,cluster1_song_and_before,0,0.0,0.0,1.3975995756472907e-33,1,0,0
950,22420,楊寘,cluster1_song_and_before,0,0.0,0.0,1.3975995756472907e-33,1,0,0
951,22451,韓休,cluster1_song_and_before,3,3.1903381247958184e-06,0.3333333333333333,2.5741170923643906e-13,1,0,0
952,22483,楊慥,cluster1_song_and_before,0,0.0,0.0,1.3975995756472907e-33,1,0,0
953,22497,楊收,cluster1_song_and_before,0,0.0,0.0,1.3975995756472907e-33,1,0,0
954,22500,楊凝式,cluster1_song_and_before,0,0.0,0.0,1.3975995756472907e-33,1,0,0
955,22548,楊希閔,cluster1_song_and_before,2,0.0,0.0,3.151437869300241e-20,1,0,0
956,22549,楊希甫,cluster1_song_and_before,1,0.0,0.0,1.6568601590859526e-20,1,0,0
957,22550,楊日休,cluster1_song_and_before,2,0.0,0.0,4.3374163447628696e-20,1,0,0
958,22559,楊汝士,cluster1_song_and_before,2,1.2761352499183273e-06,0.0,6.853525941575282e-21,1,0,0
959,22560,楊虞卿,cluster1_song_and_before,2,6.393162895872638e-07,0.0,6.853525941575282e-21,1,0,0
960,22561,楊漢公,cluster1_song_and_before,2,1.2786325791745276e-06,0.0,7.913770094532678e-21,1,0,0
961,22563,楊文友,cluster1_song_and_before,0,0.0,0.0,1.3975995756472907e-33,1,0,0
962,22702,葉隆禮,cluster1_song_and_before,0,0.0,0.0,1.3975995756472907e-33,1,0,0
963,22754,尹林,cluster1_song_and_before,0,0.0,0.0,1.3975995756472907e-33,1,0,0
964,22849,喻樗,cluster1_song_and_before,2,3.7080344796061297e-06,0.0,0.007601357997835779,1,0,0
965,22865,董儀,cluster1_song_and_before,0,0.0,0.0,1.3975995756472907e-33,1,0,0
966,23850,毌湜,cluster1_song_and_before,0,0.0,0.0,1.3975995756472907e-33,1,0,0
967,24106,黃輔國,cluster1_song_and_before,0,0.0,0.0,1.3975995756472907e-33,1,0,0
968,24295,李覺,cluster1_song_and_before,1,0.0,0.0,7.50330558788574e-25,1,0,0
969,24306,趙忠愿,cluster1_song_and_before,0,0.0,0.0,1.3975995756472907e-33,1,0,0
970,24324,徐清叟,cluster1_song_and_before,2,5.506371682534498e-05,0.0,0.01875376766406135,1,0,0
971,24380,趙良規,cluster1_song_and_before,1,0.0,0.0,0.00043660597639433595,1,0,0
972,24554,林俊,cluster2_yuan_ming,15,0.0002539136941222912,0.01904761904761905,3.5455687350653266e-12,0,1,0
973,24655,武儒衡,cluster1_song_and_before,0,0.0,0.0,1.3975995756472907e-33,1,0,0
974,24691,馬燧,cluster1_song_and_before,1,0.0,0.0,6.161300137955833e-14,1,0,0
975,24710,游佀,cluster1_song_and_before,1,0.0,0.0,0.01837893233793975,1,0,0
976,24735,趙璠,cluster1_song_and_before,1,0.0,0.0,0.002781095974012085,1,0,0
977,24739,趙謐,cluster1_song_and_before,0,0.0,0.0,1.3975995756472907e-33,1,0,0
978,24793,倪祖常,cluster1_song_and_before,0,0.0,0.0,1.3975995756472907e-33,1,0,0
979,24894,吳處厚,cluster1_song_and_before,1,0.0,0.0,0.012963123353843642,1,0,0
980,24956,鹿何,cluster1_song_and_before,0,0.0,0.0,1.3975995756472907e-33,1,0,0
981,24961,黃宜,cluster1_song_and_before,0,0.0,0.0,1.3975995756472907e-33,1,0,0
982,24988,李夷行,cluster1_song_and_before,1,0.0,0.0,0.008629479991307015,1,0,0
983,25195,姚祐,cluster1_song_and_before,0,0.0,0.0,1.3975995756472907e-33,1,0,0
984,25209,鍾震,cluster1_song_and_before,0,0.0,0.0,1.3975995756472907e-33,1,0,0
985,25322,李亢,cluster1_song_and_before,0,0.0,0.0,1.3975995756472907e-33,1,0,0
986,25325,李秉,cluster1_song_and_before,0,0.0,0.0,1.3975995756472907e-33,1,0,0
987,25351,丁志夫,cluster1_song_and_before,0,0.0,0.0,1.3975995756472907e-33,1,0,0
988,25459,趙師旦,cluster1_song_and_before,1,0.0,0.0,0.04305271222744958,1,0,0
989,25508,厲文翁,cluster1_song_and_before,0,0.0,0.0,1.3975995756472907e-33,1,0,0
990,25535,趙師𢍰,cluster1_song_and_before,0,0.0,0.0,1.3975995756472907e-33,1,0,0
991,25628,孟渙,cluster1_song_and_before,0,0.0,0.0,1.3975995756472907e-33,1,0,0
992,25709,吳絪,cluster1_song_and_before,0,0.0,0.0,1.3975995756472907e-33,1,0,0
993,26030,李德昭,cluster1_song_and_before,0,0.0,0.0,1.3975995756472907e-33,1,0,0
994,26151,吳昌裔,cluster1_song_and_before,1,0.0,0.0,0.0003748353261215973,1,0,0
995,26218,盛應期,cluster2_yuan_ming,0,0.0,0.0,1.3975995756472907e-33,0,1,0
996,26285,王仲莊,cluster1_song_and_before,1,0.0,0.0,0.005847870761799363,1,0,0
997,26369,扈蒙,cluster1_song_and_before,4,0.00017006143230392483,0.0,0.002291148108078847,1,0,0
998,26373,掌禹錫,cluster1_song_and_before,4,0.0002092758793724739,0.16666666666666666,0.023758546248966863,1,0,0
999,26376,葛閎,cluster1_song_and_before,2,5.232154524665142e-05,0.0,0.011505219746647167,1,0,0
1000,26428,家大酉,cluster1_song_and_before,1,0.0,0.0,0.01837893233793975,1,0,0
1001,26456,閻灝,cluster1_song_and_before,1,0.0,0.0,0.023272063860706498,1,0,0
1002,26518,張師雄,cluster1_song_and_before,3,5.232154524665142e-05,0.3333333333333333,0.0012628831938119782,1,0,0
1003,26611,王漢之,cluster1_song_and_before,0,0.0,0.0,1.3975995756472907e-33,1,0,0
1004,26766,程榆,cluster1_song_and_before,0,0.0,0.0,1.3975995756472907e-33,1,0,0
1005,26949,陶世延,cluster1_song_and_before,0,0.0,0.0,1.3975995756472907e-33,1,0,0
1006,27005,張牧,cluster1_song_and_before,1,0.0,0.0,0.001612188318188181,1,0,0
1007,27007,劉黃中,cluster1_song_and_before,1,0.0,0.0,0.001612188318188181,1,0,0
1008,27019,張蒭,cluster1_song_and_before,2,5.178461945656837e-05,0.0,0.0016245023129706113,1,0,0
1009,27041,徐量,cluster1_song_and_before,0,0.0,0.0,1.3975995756472907e-33,1,0,0
1010,27057,黃仲通,cluster1_song_and_before,3,4.379835907707668e-05,0.0,0.017950798689013055,1,0,0
1011,27078,陳樞,cluster1_song_and_before,2,4.024213056818463e-06,0.0,0.04771206277563589,1,0,0
1012,27094,馮謐,cluster1_song_and_before,0,0.0,0.0,1.3975995756472907e-33,1,0,0
1013,27334,趙九齡,cluster1_song_and_before,0,0.0,0.0,1.3975995756472907e-33,1,0,0
1014,27375,郭頤,cluster1_song_and_before,0,0.0,0.0,1.3975995756472907e-33,1,0,0
1015,27391,員安輿,cluster1_song_and_before,0,0.0,0.0,1.3975995756472907e-33,1,0,0
1016,27562,李昌圖,cluster1_song_and_before,2,0.00010464309049330284,0.0,0.0062769886725719546,1,0,0
1017,27565,士建中,cluster1_song_and_before,0,0.0,0.0,1.3975995756472907e-33,1,0,0
1018,27755,唐吉祥,cluster2_yuan_ming,0,0.0,0.0,1.3975995756472907e-33,0,1,0
1019,27761,陳舜俞,cluster1_song_and_before,3,4.754528131805808e-05,0.0,0.03189348600185926,1,0,0
1020,27762,郭維,cluster1_song_and_before,1,0.0,0.0,0.04305271222744958,1,0,0
1021,28058,趙良本,cluster2_yuan_ming,0,0.0,0.0,1.3975995756472907e-33,0,1,0
1022,28092,趙友同,cluster2_yuan_ming,0,0.0,0.0,1.3975995756472907e-33,0,1,0
1023,28347,楊榮,cluster2_yuan_ming,4,1.9179488687617915e-06,0.0,1.438766794225116e-19,0,1,0
1024,28866,劉鄰,cluster1_song_and_before,0,0.0,0.0,1.3975995756472907e-33,1,0,0
1025,28944,張九思,cluster1_song_and_before,0,0.0,0.0,1.3975995756472907e-33,1,0,0
1026,29291,董文用,cluster1_song_and_before,1,0.0,0.0,1.503516943899234e-22,1,0,0
1027,29302,侍其軸,cluster1_song_and_before,0,0.0,0.0,1.3975995756472907e-33,1,0,0
1028,29327,趙期頤,cluster2_yuan_ming,0,0.0,0.0,1.3975995756472907e-33,0,1,0
1029,29414,董守訓,cluster2_yuan_ming,0,0.0,0.0,1.3975995756472907e-33,0,1,0
1030,29580,陳邦瞻,cluster2_yuan_ming,0,0.0,0.0,1.3975995756472907e-33,0,1,0
1031,29715,劉台斗,cluster3_qing_after,0,0.0,0.0,1.3975995756472907e-33,0,0,1
1032,30048,王振聲,cluster3_qing_after,0,0.0,0.0,1.3975995756472907e-33,0,0,1
1033,30231,葛洪,cluster1_song_and_before,0,0.0,0.0,1.3975995756472907e-33,1,0,0
1034,30315,何孟春,cluster2_yuan_ming,3,1.0342012754546446e-05,0.6666666666666666,1.4112349756930124e-12,0,1,0
1035,30384,徐九思,cluster2_yuan_ming,0,0.0,0.0,1.3975995756472907e-33,0,1,0
1036,30492,王楠,cluster1_song_and_before,0,0.0,0.0,1.3975995756472907e-33,1,0,0
1037,30601,徐石麒,cluster2_yuan_ming,1,0.0,0.0,7.697898310281441e-12,0,1,0
1038,30659,黃福,cluster2_yuan_ming,0,0.0,0.0,1.3975995756472907e-33,0,1,0
1039,30680,皇甫涍,cluster2_yuan_ming,1,0.0,0.0,7.50330558788574e-25,0,1,0
1040,30689,馮元颺,cluster2_yuan_ming,0,0.0,0.0,1.3975995756472907e-33,0,1,0
1041,30862,杜從則,cluster1_song_and_before,0,0.0,0.0,1.3975995756472907e-33,1,0,0
1042,30976,張薦,cluster1_song_and_before,0,0.0,0.0,1.3975995756472907e-33,1,0,0
1043,31153,韋益,cluster1_song_and_before,0,0.0,0.0,1.3975995756472907e-33,1,0,0
1044,31175,楊師道,cluster1_song_and_before,0,0.0,0.0,1.3975995756472907e-33,1,0,0
1045,31407,張說,cluster1_song_and_before,12,3.931795180961672e-05,0.030303030303030304,5.969269665675291e-13,1,0,0
1046,31418,韋鼎,cluster1_song_and_before,0,0.0,0.0,1.3975995756472907e-33,1,0,0
1047,31435,楊崇敬,cluster1_song_and_before,0,0.0,0.0,1.3975995756472907e-33,1,0,0
1048,31460,姜晞,cluster1_song_and_before,0,0.0,0.0,1.3975995756472907e-33,1,0,0
1049,31498,于休烈,cluster1_song_and_before,2,3.1903381247958184e-06,0.0,9.899735982415236e-14,1,0,0
1050,31501,于敖,cluster1_song_and_before,1,0.0,0.0,2.4793098573011398e-14,1,0,0
1051,31511,魏知古,cluster1_song_and_before,0,0.0,0.0,1.3975995756472907e-33,1,0,0
1052,31542,盧藏用,cluster1_song_and_before,0,0.0,0.0,1.3975995756472907e-33,1,0,0
1053,31552,薛稷,cluster1_song_and_before,1,0.0,0.0,9.278738686845651e-14,1,0,0
1054,31722,劉知柔,cluster1_song_and_before,0,0.0,0.0,1.3975995756472907e-33,1,0,0
1055,31779,竇抗,cluster1_song_and_before,0,0.0,0.0,1.3975995756472907e-33,1,0,0
1056,31928,裴佶,cluster1_song_and_before,0,0.0,0.0,1.3975995756472907e-33,1,0,0
1057,31940,蕭廣微,cluster1_song_and_before,0,0.0,0.0,1.3975995756472907e-33,1,0,0
1058,32001,裴澈,cluster1_song_and_before,0,0.0,0.0,1.3975995756472907e-33,1,0,0
1059,32016,張嘉貞,cluster1_song_and_before,2,2.557265158349055e-06,0.0,1.5939444699359556e-13,1,0,0
1060,32019,張弘靖,cluster1_song_and_before,1,0.0,0.0,3.989417977376162e-14,1,0,0
1061,32033,李元繹,cluster1_song_and_before,0,0.0,0.0,1.3975995756472907e-33,1,0,0
1062,32034,李元紘,cluster1_song_and_before,1,0.0,0.0,1.494100683197052e-13,1,0,0
1063,32050,牛仙客,cluster1_song_and_before,0,0.0,0.0,1.3975995756472907e-33,1,0,0
1064,32085,韋述,cluster1_song_and_before,1,0.0,0.0,1.494100683197052e-13,1,0,0
1065,32155,韋虛心,cluster1_song_and_before,0,0.0,0.0,1.3975995756472907e-33,1,0,0
1066,32165,李峴,cluster1_song_and_before,0,0.0,0.0,1.3975995756472907e-33,1,0,0
1067,32175,王縉,cluster1_song_and_before,1,0.0,0.0,9.278738686845651e-14,1,0,0
1068,32205,李暠,cluster1_song_and_before,1,0.0,0.0,1.494100683197052e-13,1,0,0
1069,32248,元稹,cluster1_song_and_before,7,2.535954615362813e-05,0.047619047619047616,2.460152047504695e-13,1,0,0
1070,32304,崔遠,cluster1_song_and_before,0,0.0,0.0,1.3975995756472907e-33,1,0,0
1071,32351,郭晞,cluster1_song_and_before,1,0.0,0.0,7.50330558788574e-25,1,0,0
1072,32352,郭鈞,cluster1_song_and_before,1,0.0,0.0,7.50330558788574e-25,1,0,0
1073,32575,蕭昕,cluster1_song_and_before,1,0.0,0.0,1.503516943899234e-22,1,0,0
1074,32578,喬琳,cluster1_song_and_before,0,0.0,0.0,1.3975995756472907e-33,1,0,0
1075,32763,王端,cluster1_song_and_before,0,0.0,0.0,1.3975995756472907e-33,1,0,0
1076,32878,歸崇敬,cluster1_song_and_before,1,0.0,0.0,7.50330558788574e-25,1,0,0
1077,32879,歸登,cluster1_song_and_before,1,0.0,0.0,7.50330558788574e-25,1,0,0
1078,32970,令狐彰,cluster1_song_and_before,0,0.0,0.0,1.3975995756472907e-33,1,0,0
1079,33153,鄭餘慶,cluster1_song_and_before,1,0.0,0.0,6.161300137955833e-14,1,0,0
1080,33161,鄭處誨,cluster1_song_and_before,0,0.0,0.0,1.3975995756472907e-33,1,0,0
1081,33180,程恩澤,cluster3_qing_after,0,0.0,0.0,1.3975995756472907e-33,0,0,1
1082,33311,李易,cluster1_song_and_before,1,0.0,0.0,0.0009899039709508005,1,0,0
1083,33408,盧熊,cluster2_yuan_ming,0,0.0,0.0,1.3975995756472907e-33,0,1,0
1084,33450,朱虎,cluster1_song_and_before,0,0.0,0.0,1.3975995756472907e-33,1,0,0
1085,33589,柳公權,cluster1_song_and_before,0,0.0,0.0,1.3975995756472907e-33,1,0,0
1086,33625,韋澳,cluster1_song_and_before,1,0.0,0.0,7.50330558788574e-25,1,0,0
1087,33828,陸光祖,cluster2_yuan_ming,2,0.00017002810453782246,0.0,9.590911075560626e-12,0,1,0
1088,33864,王鴻儒,cluster2_yuan_ming,0,0.0,0.0,1.3975995756472907e-33,0,1,0
1089,33923,彭元瑞,cluster3_qing_after,0,0.0,0.0,1.3975995756472907e-33,0,0,1
1090,34020,令狐俅,cluster1_song_and_before,1,0.0,0.0,0.0037770019750878645,1,0,0
1091,34100,陳安禮,cluster1_song_and_before,3,0.0,1.0,0.0019514021231796775,1,0,0
1092,34189,洪朴,cluster3_qing_after,1,0.0,0.0,1.503516943899234e-22,0,0,1
1093,34190,王念孫,cluster3_qing_after,0,0.0,0.0,1.3975995756472907e-33,0,0,1
1094,34220,唐鶴徵,cluster2_yuan_ming,3,0.0006025891314731768,0.0,1.0999598068487234e-11,0,1,0
1095,34446,練子寧,cluster2_yuan_ming,0,0.0,0.0,1.3975995756472907e-33,0,1,0
1096,34534,章拯,cluster2_yuan_ming,1,0.0,0.0,1.1396269929922643e-13,0,1,0
1097,34592,張吉,cluster2_yuan_ming,0,0.0,0.0,1.3975995756472907e-33,0,1,0
1098,34632,顧瑮,cluster2_yuan_ming,0,0.0,0.0,1.3975995756472907e-33,0,1,0
1099,34637,劉麟,cluster2_yuan_ming,2,5.423574812152891e-05,0.0,3.7212128009806135e-13,0,1,0
1100,34646,何瑭,cluster2_yuan_ming,2,1.666419947185016e-05,0.0,4.574450689702183e-13,0,1,0
1101,34647,潘希曾,cluster2_yuan_ming,3,6.394066002024493e-05,0.0,5.177282148105939e-13,0,1,0
1102,34650,崔陞,cluster2_yuan_ming,0,0.0,0.0,1.3975995756472907e-33,0,1,0
1103,34653,韓邦靖,cluster2_yuan_ming,1,0.0,0.0,7.50330558788574e-25,0,1,0
1104,34655,夏良勝,cluster2_yuan_ming,4,3.6263510018512464e-05,0.0,1.984439640139185e-12,0,1,0
1105,34748,劉宗周,cluster2_yuan_ming,1,0.0,0.0,1.503516943899234e-22,0,1,0
1106,34752,范景文,cluster2_yuan_ming,2,6.380676249591637e-07,0.0,2.1262940533200443e-22,0,1,0
1107,34754,范永年,cluster2_yuan_ming,1,0.0,0.0,1.503516943899234e-22,0,1,0
1108,35008,左璵,cluster1_song_and_before,0,0.0,0.0,1.3975995756472907e-33,1,0,0
1109,35128,楊伯巖,cluster1_song_and_before,0,0.0,0.0,1.3975995756472907e-33,1,0,0
1110,35193,尹會一,cluster3_qing_after,0,0.0,0.0,1.3975995756472907e-33,0,0,1
1111,35224,龔璛,cluster1_song_and_before,1,0.0,0.0,7.50330558788574e-25,1,0,0
1112,35225,龔潗,cluster1_song_and_before,1,0.0,0.0,7.50330558788574e-25,1,0,0
1113,35266,岳元聲,cluster2_yuan_ming,6,0.00015093033905819758,0.2,3.755389772021894e-11,0,1,0
1114,35433,李守中,cluster1_song_and_before,0,0.0,0.0,1.3975995756472907e-33,1,0,0
1115,35616,周綸,cluster1_song_and_before,0,0.0,0.0,1.3975995756472907e-33,1,0,0
1116,36422,王孝和,cluster1_song_and_before,0,0.0,0.0,1.3975995756472907e-33,1,0,0
1117,37597,郭之美,cluster1_song_and_before,0,0.0,0.0,1.3975995756472907e-33,1,0,0
1118,37610,郭師愈,cluster1_song_and_before,1,0.0,0.0,0.007346999470408343,1,0,0
1119,37714,毌守素,cluster1_song_and_before,0,0.0,0.0,1.3975995756472907e-33,1,0,0
1120,37736,孔維,cluster1_song_and_before,1,0.0,0.0,7.50330558788574e-25,1,0,0
1121,37737,孔承恭,cluster1_song_and_before,0,0.0,0.0,1.3975995756472907e-33,1,0,0
1122,37743,孔勗,cluster1_song_and_before,0,0.0,0.0,1.3975995756472907e-33,1,0,0
1123,37836,王奭,cluster1_song_and_before,0,0.0,0.0,1.3975995756472907e-33,1,0,0
1124,37852,王樞,cluster1_song_and_before,0,0.0,0.0,1.3975995756472907e-33,1,0,0
1125,37916,吳業,cluster1_song_and_before,1,0.0,0.0,0.000562363237036834,1,0,0
1126,37997,王文寶,cluster1_song_and_before,0,0.0,0.0,1.3975995756472907e-33,1,0,0
1127,38004,李宗勉,cluster1_song_and_before,0,0.0,0.0,1.3975995756472907e-33,1,0,0
1128,38121,王處訥,cluster1_song_and_before,1,0.0,0.0,7.50330558788574e-25,1,0,0
1129,38156,卜伸,cluster1_song_and_before,0,0.0,0.0,1.3975995756472907e-33,1,0,0
1130,38181,于房,cluster1_song_and_before,0,0.0,0.0,1.3975995756472907e-33,1,0,0
1131,38210,王珏,cluster1_song_and_before,0,0.0,0.0,1.3975995756472907e-33,1,0,0
1132,38219,于有成,cluster1_song_and_before,0,0.0,0.0,1.3975995756472907e-33,1,0,0
1133,38220,王述,cluster1_song_and_before,0,0.0,0.0,1.3975995756472907e-33,1,0,0
1134,38275,王熙元,cluster1_song_and_before,1,0.0,0.0,7.50330558788574e-25,1,0,0
1135,38331,王紹,cluster1_song_and_before,0,0.0,0.0,1.3975995756472907e-33,1,0,0
1136,38430,王揆,cluster1_song_and_before,0,0.0,0.0,1.3975995756472907e-33,1,0,0
1137,38648,牛大年,cluster1_song_and_before,2,1.2989233793811546e-05,0.0,0.02137856869044372,1,0,0
1138,38663,牛拱辰,cluster1_song_and_before,0,0.0,0.0,1.3975995756472907e-33,1,0,0
1139,38712,石君瑜,cluster1_song_and_before,0,0.0,0.0,1.3975995756472907e-33,1,0,0
1140,38773,田敏,cluster1_song_and_before,0,0.0,0.0,1.3975995756472907e-33,1,0,0
1141,38949,古世淳,cluster1_song_and_before,0,0.0,0.0,1.3975995756472907e-33,1,0,0
1142,39066,史序,cluster1_song_and_before,0,0.0,0.0,1.3975995756472907e-33,1,0,0
1143,39458,王易,cluster1_song_and_before,0,0.0,0.0,1.3975995756472907e-33,1,0,0
1144,39475,向紡,cluster1_song_and_before,0,0.0,0.0,1.3975995756472907e-33,1,0,0
1145,39598,危昭德,cluster1_song_and_before,0,0.0,0.0,1.3975995756472907e-33,1,0,0
1146,39811,朱時敏,cluster1_song_and_before,0,0.0,0.0,1.3975995756472907e-33,1,0,0
1147,39817,任逸,cluster1_song_and_before,1,0.0,0.0,7.50330558788574e-25,1,0,0
1148,39839,沈厚載,cluster1_song_and_before,0,0.0,0.0,1.3975995756472907e-33,1,0,0
1149,39847,朱從道,cluster1_song_and_before,1,0.0,0.0,0.015744937527092173,1,0,0
1150,39869,任嚴,cluster1_song_and_before,0,0.0,0.0,1.3975995756472907e-33,1,0,0
1151,39907,沈紳,cluster1_song_and_before,0,0.0,0.0,1.3975995756472907e-33,1,0,0
1152,39948,汪立信,cluster1_song_and_before,1,0.0,0.0,0.002781095974012085,1,0,0
1153,39960,朱褒,cluster1_song_and_before,0,0.0,0.0,1.3975995756472907e-33,1,0,0
1154,40169,汪齊,cluster1_song_and_before,1,0.0,0.0,0.04305271222744958,1,0,0
1155,40276,李川,cluster1_song_and_before,0,0.0,0.0,1.3975995756472907e-33,1,0,0
1156,40287,李太,cluster1_song_and_before,1,0.0,0.0,0.008629479991307015,1,0,0
1157,40346,李昊,cluster1_song_and_before,1,0.0,0.0,7.50330558788574e-25,1,0,0
1158,40353,李孝連,cluster1_song_and_before,1,0.0,0.0,7.50330558788574e-25,1,0,0
1159,40394,李受,cluster1_song_and_before,0,0.0,0.0,1.3975995756472907e-33,1,0,0
1160,40396,杜起,cluster1_song_and_before,1,0.0,0.0,0.013082491886216257,1,0,0
1161,40408,李丕,cluster1_song_and_before,0,0.0,0.0,1.3975995756472907e-33,1,0,0
1162,40589,李謙,cluster1_song_and_before,0,0.0,0.0,1.3975995756472907e-33,1,0,0
1163,40916,李芾,cluster1_song_and_before,2,9.681519540196598e-05,0.0,0.021160028311951837,1,0,0
1164,40928,李大同,cluster1_song_and_before,0,0.0,0.0,1.3975995756472907e-33,1,0,0
1165,40998,李仲芳,cluster1_song_and_before,0,0.0,0.0,1.3975995756472907e-33,1,0,0
1166,41028,李宗易,cluster1_song_and_before,0,0.0,0.0,1.3975995756472907e-33,1,0,0
1167,41065,李保,cluster1_song_and_before,0,0.0,0.0,1.3975995756472907e-33,1,0,0
1168,41246,李德鈞,cluster1_song_and_before,0,0.0,0.0,1.3975995756472907e-33,1,0,0
1169,41268,邢若思,cluster1_song_and_before,0,0.0,0.0,1.3975995756472907e-33,1,0,0
1170,41297,李伯玉,cluster1_song_and_before,0,0.0,0.0,1.3975995756472907e-33,1,0,0
1171,41312,吳及,cluster1_song_and_before,1,0.0,0.0,0.005847870761799363,1,0,0
1172,41385,李雷應,cluster1_song_and_before,2,5.232154524665142e-05,0.0,0.002802338127944969,1,0,0
1173,41497,吳伸,cluster1_song_and_before,0,0.0,0.0,1.3975995756472907e-33,1,0,0
1174,41532,吳飛英,cluster1_song_and_before,0,0.0,0.0,1.3975995756472907e-33,1,0,0
1175,41550,吳世延,cluster1_song_and_before,0,0.0,0.0,1.3975995756472907e-33,1,0,0
1176,41577,吳濟,cluster1_song_and_before,0,0.0,0.0,1.3975995756472907e-33,1,0,0
1177,41641,李鳴復,cluster1_song_and_before,0,0.0,0.0,1.3975995756472907e-33,1,0,0
1178,41661,吳君擢,cluster1_song_and_before,0,0.0,0.0,1.3975995756472907e-33,1,0,0
1179,41888,吳祕,cluster1_song_and_before,0,0.0,0.0,1.3975995756472907e-33,1,0,0
1180,41961,何剡,cluster1_song_and_before,1,0.0,0.0,0.0016123710702985756,1,0,0
1181,42063,余良弼,cluster1_song_and_before,2,0.0,1.0,0.006110695701496818,1,0,0
1182,42085,何蒙,cluster1_song_and_before,0,0.0,0.0,1.3975995756472907e-33,1,0,0
1183,42145,林坰,cluster1_song_and_before,0,0.0,0.0,1.3975995756472907e-33,1,0,0
1184,42249,武宗元,cluster1_song_and_before,0,0.0,0.0,1.3975995756472907e-33,1,0,0
1185,42321,林椅,cluster1_song_and_before,0,0.0,0.0,1.3975995756472907e-33,1,0,0
1186,42396,林肇,cluster1_song_and_before,1,0.0,0.0,0.04305271222744958,1,0,0
1187,42415,林慥,cluster1_song_and_before,0,0.0,0.0,1.3975995756472907e-33,1,0,0
1188,42417,林大年,cluster1_song_and_before,0,0.0,0.0,1.3975995756472907e-33,1,0,0
1189,42496,林殆庶,cluster1_song_and_before,0,0.0,0.0,1.3975995756472907e-33,1,0,0
1190,42652,周中復,cluster1_song_and_before,0,0.0,0.0,1.3975995756472907e-33,1,0,0
1191,42659,周允迪,cluster1_song_and_before,0,0.0,0.0,1.3975995756472907e-33,1,0,0
1192,42666,周坦,cluster1_song_and_before,0,0.0,0.0,1.3975995756472907e-33,1,0,0
1193,42675,林拱辰,cluster1_song_and_before,0,0.0,0.0,1.3975995756472907e-33,1,0,0
1194,42680,林應炎,cluster1_song_and_before,1,0.0,0.0,0.002781095974012085,1,0,0
1195,42689,季著,cluster1_song_and_before,0,0.0,0.0,1.3975995756472907e-33,1,0,0
1196,42700,周惟簡,cluster1_song_and_before,0,0.0,0.0,1.3975995756472907e-33,1,0,0
1197,42765,周世南,cluster1_song_and_before,0,0.0,0.0,1.3975995756472907e-33,1,0,0
1198,42790,李寅仲,cluster1_song_and_before,0,0.0,0.0,1.3975995756472907e-33,1,0,0
1199,42805,周克明,cluster1_song_and_before,0,0.0,0.0,1.3975995756472907e-33,1,0,0
1200,42829,周希古,cluster1_song_and_before,0,0.0,0.0,1.3975995756472907e-33,1,0,0
1201,42906,周直方,cluster1_song_and_before,0,0.0,0.0,1.3975995756472907e-33,1,0,0
1202,43094,胡榘,cluster1_song_and_before,2,0.0,1.0,0.011807719624090576,1,0,0
1203,43110,沈復,cluster1_song_and_before,0,0.0,0.0,1.3975995756472907e-33,1,0,0
1204,43150,胡剛中,cluster1_song_and_before,0,0.0,0.0,1.3975995756472907e-33,1,0,0
1205,43221,胡從義,cluster1_song_and_before,0,0.0,0.0,1.3975995756472907e-33,1,0,0
1206,43237,胡鏜,cluster1_song_and_before,0,0.0,0.0,1.3975995756472907e-33,1,0,0
1207,43311,胡弌之,cluster1_song_and_before,0,0.0,0.0,1.3975995756472907e-33,1,0,0
1208,43409,苗守信,cluster1_song_and_before,0,0.0,0.0,1.3975995756472907e-33,1,0,0
1209,43485,林彬之,cluster1_song_and_before,0,0.0,0.0,1.3975995756472907e-33,1,0,0
1210,43532,姚奭,cluster1_song_and_before,4,5.170762262010768e-06,0.16666666666666666,0.0271262913513035,1,0,0
1211,43574,范東叟,cluster1_song_and_before,0,0.0,0.0,1.3975995756472907e-33,1,0,0
1212,43598,范彥輝,cluster1_song_and_before,0,0.0,0.0,1.3975995756472907e-33,1,0,0
1213,43692,范子初,cluster1_song_and_before,1,0.0,0.0,1.9073279924920832e-06,1,0,0
1214,43739,柳永,cluster1_song_and_before,0,0.0,0.0,1.3975995756472907e-33,1,0,0
1215,43958,馬峰,cluster1_song_and_before,0,0.0,0.0,1.3975995756472907e-33,1,0,0
1216,44076,昝居潤,cluster1_song_and_before,0,0.0,0.0,1.3975995756472907e-33,1,0,0
1217,44294,祝康,cluster1_song_and_before,0,0.0,0.0,1.3975995756472907e-33,1,0,0
1218,44303,高賦,cluster1_song_and_before,0,0.0,0.0,1.3975995756472907e-33,1,0,0
1219,44372,楊恂,cluster1_song_and_before,0,0.0,0.0,1.3975995756472907e-33,1,0,0
1220,44377,戴衍,cluster1_song_and_before,0,0.0,0.0,1.3975995756472907e-33,1,0,0
1221,44584,孫潼發,cluster1_song_and_before,1,0.0,0.0,7.50330558788574e-25,1,0,0
1222,44637,胡叔彩,cluster1_song_and_before,1,0.0,0.0,0.0004487102468190573,1,0,0
1223,44638,孫應鳳,cluster1_song_and_before,0,0.0,0.0,1.3975995756472907e-33,1,0,0
1224,44640,胡彬(胡旦子),cluster1_song_and_before,1,0.0,0.0,0.0004487102468190573,1,0,0
1225,44641,胡彤,cluster1_song_and_before,1,0.0,0.0,0.0004487102468190573,1,0,0
1226,44718,孫願質,cluster1_song_and_before,0,0.0,0.0,1.3975995756472907e-33,1,0,0
1227,45049,孫永言,cluster1_song_and_before,0,0.0,0.0,1.3975995756472907e-33,1,0,0
1228,45173,郭元方,cluster1_song_and_before,0,0.0,0.0,1.3975995756472907e-33,1,0,0
1229,45177,郭元亨,cluster1_song_and_before,1,0.0,0.0,7.50330558788574e-25,1,0,0
1230,45187,孫附鳳,cluster1_song_and_before,0,0.0,0.0,1.3975995756472907e-33,1,0,0
1231,45554,曹錫,cluster1_song_and_before,0,0.0,0.0,1.3975995756472907e-33,1,0,0
1232,45682,張式,cluster1_song_and_before,1,0.0,0.0,0.04305271222744958,1,0,0
1233,45685,張旨,cluster1_song_and_before,1,0.0,0.0,7.50330558788574e-25,1,0,0
1234,45718,張沂,cluster1_song_and_before,0,0.0,0.0,1.3975995756472907e-33,1,0,0
1235,45753,張谷,cluster1_song_and_before,0,0.0,0.0,1.3975995756472907e-33,1,0,0
1236,45760,張扶,cluster1_song_and_before,0,0.0,0.0,1.3975995756472907e-33,1,0,0
1237,45771,刁某,cluster1_song_and_before,2,2.8608644451735972e-05,0.0,0.0436568872597972,1,0,0
1238,45810,王輿,cluster1_song_and_before,0,0.0,0.0,1.3975995756472907e-33,1,0,0
1239,45816,王皡,cluster1_song_and_before,0,0.0,0.0,1.3975995756472907e-33,1,0,0
1240,45885,王山民,cluster1_song_and_before,2,5.232154524665142e-05,0.0,0.011505219746647167,1,0,0
1241,45886,王漸,cluster1_song_and_before,1,0.0,0.0,0.001001699158296968,1,0,0
1242,46031,傅回,cluster1_song_and_before,0,0.0,0.0,1.3975995756472907e-33,1,0,0
1243,46289,徐成甫,cluster1_song_and_before,0,0.0,0.0,1.3975995756472907e-33,1,0,0
1244,46312,徐深叟,cluster1_song_and_before,0,0.0,0.0,1.3975995756472907e-33,1,0,0
1245,46425,梁周翰,cluster1_song_and_before,4,6.072276897528041e-05,0.16666666666666666,0.021745090666162484,1,0,0
1246,46569,郭延澤,cluster1_song_and_before,1,0.0,0.0,7.50330558788574e-25,1,0,0
1247,46608,張午,cluster1_song_and_before,1,0.0,0.0,0.01837893233793975,1,0,0
1248,46640,張泌,cluster1_song_and_before,1,0.0,0.0,0.003752672845860679,1,0,0
1249,46642,張庚,cluster1_song_and_before,3,1.3859269849148444e-05,0.0,0.0037795737762588563,1,0,0
1250,46702,張弇,cluster1_song_and_before,0,0.0,0.0,1.3975995756472907e-33,1,0,0
1251,46847,張經,cluster1_song_and_before,0,0.0,0.0,1.3975995756472907e-33,1,0,0
1252,46872,張澄,cluster1_song_and_before,0,0.0,0.0,1.3975995756472907e-33,1,0,0
1253,46952,張勸,cluster1_song_and_before,0,0.0,0.0,1.3975995756472907e-33,1,0,0
1254,46966,張九思,cluster1_song_and_before,0,0.0,0.0,1.3975995756472907e-33,1,0,0
1255,47040,張平易,cluster1_song_and_before,1,0.0,0.0,7.50330558788574e-25,1,0,0
1256,47148,張宗益,cluster1_song_and_before,0,0.0,0.0,1.3975995756472907e-33,1,0,0
1257,47303,張霆振,cluster1_song_and_before,0,0.0,0.0,1.3975995756472907e-33,1,0,0
1258,47457,陳高,cluster1_song_and_before,1,0.0,0.0,0.0037770019750878645,1,0,0
1259,47470,陳晐,cluster1_song_and_before,0,0.0,0.0,1.3975995756472907e-33,1,0,0
1260,47517,陳巽,cluster1_song_and_before,0,0.0,0.0,1.3975995756472907e-33,1,0,0
1261,47568,陳傳,cluster1_song_and_before,0,0.0,0.0,1.3975995756472907e-33,1,0,0
1262,47602,陳震,cluster1_song_and_before,0,0.0,0.0,1.3975995756472907e-33,1,0,0
1263,47673,陳藻,cluster1_song_and_before,0,0.0,0.0,1.3975995756472907e-33,1,0,0
1264,47758,陳公益,cluster1_song_and_before,0,0.0,0.0,1.3975995756472907e-33,1,0,0
1265,47798,陳有宗,cluster1_song_and_before,0,0.0,0.0,1.3975995756472907e-33,1,0,0
1266,48084,陸起,cluster1_song_and_before,0,0.0,0.0,1.3975995756472907e-33,1,0,0
1267,48126,陶木,cluster1_song_and_before,0,0.0,0.0,1.3975995756472907e-33,1,0,0
1268,48157,常挺,cluster1_song_and_before,0,0.0,0.0,1.3975995756472907e-33,1,0,0
1269,48192,崔縱,cluster1_song_and_before,0,0.0,0.0,1.3975995756472907e-33,1,0,0
1270,48255,莫澤,cluster1_song_and_before,0,0.0,0.0,1.3975995756472907e-33,1,0,0
1271,48264,莊序,cluster1_song_and_before,0,0.0,0.0,1.3975995756472907e-33,1,0,0
1272,48344,馮文智,cluster1_song_and_before,0,0.0,0.0,1.3975995756472907e-33,1,0,0
1273,48449,童潮,cluster1_song_and_before,0,0.0,0.0,1.3975995756472907e-33,1,0,0
1274,48495,曾楷,cluster1_song_and_before,0,0.0,0.0,1.3975995756472907e-33,1,0,0
1275,48590,黃垍,cluster1_song_and_before,0,0.0,0.0,1.3975995756472907e-33,1,0,0
1276,48641,黃照,cluster1_song_and_before,0,0.0,0.0,1.3975995756472907e-33,1,0,0
1277,48675,黃頤,cluster1_song_and_before,0,0.0,0.0,1.3975995756472907e-33,1,0,0
1278,48749,黃自然,cluster1_song_and_before,0,0.0,0.0,1.3975995756472907e-33,1,0,0
1279,49052,傅雱,cluster1_song_and_before,0,0.0,0.0,1.3975995756472907e-33,1,0,0
1280,49210,舒雅,cluster1_song_and_before,0,0.0,0.0,1.3975995756472907e-33,1,0,0
1281,49581,楊昭儉,cluster1_song_and_before,0,0.0,0.0,1.3975995756472907e-33,1,0,0
1282,49672,路綸,cluster1_song_and_before,0,0.0,0.0,1.3975995756472907e-33,1,0,0
1283,49726,董居誼,cluster1_song_and_before,0,0.0,0.0,1.3975995756472907e-33,1,0,0
1284,49820,葉之瑞,cluster1_song_and_before,0,0.0,0.0,1.3975995756472907e-33,1,0,0
1285,49974,廖俁,cluster1_song_and_before,1,0.0,0.0,0.006229044638128083,1,0,0
1286,49987,廖孟登,cluster1_song_and_before,0,0.0,0.0,1.3975995756472907e-33,1,0,0
1287,50221,趙子建,cluster1_song_and_before,0,0.0,0.0,1.3975995756472907e-33,1,0,0
1288,50223,趙子振,cluster1_song_and_before,0,0.0,0.0,1.3975995756472907e-33,1,0,0
1289,50230,趙子琦,cluster1_song_and_before,0,0.0,0.0,1.3975995756472907e-33,1,0,0
1290,50302,趙文度,cluster1_song_and_before,0,0.0,0.0,1.3975995756472907e-33,1,0,0
1291,50505,趙汝譢,cluster1_song_and_before,0,0.0,0.0,1.3975995756472907e-33,1,0,0
1292,50521,趙自化,cluster1_song_and_before,0,0.0,0.0,1.3975995756472907e-33,1,0,0
1293,50598,趙良坦,cluster1_song_and_before,0,0.0,0.0,1.3975995756472907e-33,1,0,0
1294,50807,趙彥博,cluster1_song_and_before,0,0.0,0.0,1.3975995756472907e-33,1,0,0
1295,50820,趙咸一,cluster1_song_and_before,0,0.0,0.0,1.3975995756472907e-33,1,0,0
1296,50850,趙時逢,cluster1_song_and_before,0,0.0,0.0,1.3975995756472907e-33,1,0,0
1297,50865,趙時願,cluster1_song_and_before,0,0.0,0.0,1.3975995756472907e-33,1,0,0
1298,50867,趙修己,cluster1_song_and_before,0,0.0,0.0,1.3975995756472907e-33,1,0,0
1299,50921,趙逢龍,cluster1_song_and_before,0,0.0,0.0,1.3975995756472907e-33,1,0,0
1300,51006,趙與琇,cluster1_song_and_before,0,0.0,0.0,1.3975995756472907e-33,1,0,0
1301,51096,蓋淑,cluster1_song_and_before,0,0.0,0.0,1.3975995756472907e-33,1,0,0
1302,51114,蒲慎密,cluster1_song_and_before,0,0.0,0.0,1.3975995756472907e-33,1,0,0
1303,51262,鄭發,cluster1_song_and_before,0,0.0,0.0,1.3975995756472907e-33,1,0,0
1304,51263,鄭發,cluster1_song_and_before,0,0.0,0.0,1.3975995756472907e-33,1,0,0
1305,51303,鄭璹,cluster1_song_and_before,0,0.0,0.0,1.3975995756472907e-33,1,0,0
1306,51502,歐陽廻,cluster1_song_and_before,0,0.0,0.0,1.3975995756472907e-33,1,0,0
1307,51653,樂備,cluster1_song_and_before,0,0.0,0.0,1.3975995756472907e-33,1,0,0
1308,51671,滕世寧,cluster1_song_and_before,0,0.0,0.0,1.3975995756472907e-33,1,0,0
1309,51675,練定,cluster1_song_and_before,0,0.0,0.0,1.3975995756472907e-33,1,0,0
1310,51763,劉晟,cluster1_song_and_before,0,0.0,0.0,1.3975995756472907e-33,1,0,0
1311,51858,劉騭,cluster1_song_and_before,0,0.0,0.0,1.3975995756472907e-33,1,0,0
1312,51873,劉夔,cluster1_song_and_before,1,0.0,0.0,9.715226569772456e-05,1,0,0
1313,51911,劉天定,cluster1_song_and_before,0,0.0,0.0,1.3975995756472907e-33,1,0,0
1314,51963,劉良貴,cluster1_song_and_before,0,0.0,0.0,1.3975995756472907e-33,1,0,0
1315,51980,劉伯正,cluster1_song_and_before,0,0.0,0.0,1.3975995756472907e-33,1,0,0
1316,52016,劉致一,cluster1_song_and_before,0,0.0,0.0,1.3975995756472907e-33,1,0,0
1317,52079,劉審瓊,cluster1_song_and_before,0,0.0,0.0,1.3975995756472907e-33,1,0,0
1318,52136,閻顒,cluster1_song_and_before,0,0.0,0.0,1.3975995756472907e-33,1,0,0
1319,52213,盧祖皋,cluster1_song_and_before,0,0.0,0.0,1.3975995756472907e-33,1,0,0
1320,52268,衛希道,cluster1_song_and_before,1,0.0,0.0,0.023272063860706498,1,0,0
1321,52303,錢衮,cluster1_song_and_before,0,0.0,0.0,1.3975995756472907e-33,1,0,0
1322,52462,韓丕,cluster1_song_and_before,1,0.0,0.0,0.006745288130945696,1,0,0
1323,52545,韓景融,cluster1_song_and_before,2,0.0,1.0,0.014441286514197947,1,0,0
1324,52553,韓顯符,cluster1_song_and_before,0,0.0,0.0,1.3975995756472907e-33,1,0,0
1325,52583,薛?,cluster1_song_and_before,0,0.0,0.0,1.3975995756472907e-33,1,0,0
1326,52639,顏衎,cluster1_song_and_before,0,0.0,0.0,1.3975995756472907e-33,1,0,0
1327,52691,豐有孚,cluster1_song_and_before,0,0.0,0.0,1.3975995756472907e-33,1,0,0
1328,52842,羅致恭,cluster1_song_and_before,0,0.0,0.0,1.3975995756472907e-33,1,0,0
1329,52899,蘇畋,cluster1_song_and_before,0,0.0,0.0,1.3975995756472907e-33,1,0,0
1330,53966,鄭信陵,cluster1_song_and_before,0,0.0,0.0,1.3975995756472907e-33,1,0,0
1331,53995,許祐身,cluster3_qing_after,0,0.0,0.0,1.3975995756472907e-33,0,0,1
1332,54021,茹棻,cluster3_qing_after,0,0.0,0.0,1.3975995756472907e-33,0,0,1
1333,54104,翁同龢,cluster3_qing_after,0,0.0,0.0,1.3975995756472907e-33,0,0,1
1334,54146,徐人龍,cluster2_yuan_ming,0,0.0,0.0,1.3975995756472907e-33,0,1,0
1335,54228,徐旭齡,cluster2_yuan_ming,0,0.0,0.0,1.3975995756472907e-33,0,1,0
1336,54245,彭蘊章,cluster3_qing_after,0,0.0,0.0,1.3975995756472907e-33,0,0,1
1337,54246,陳法,cluster3_qing_after,0,0.0,0.0,1.3975995756472907e-33,0,0,1
1338,54673,曹秀先,cluster3_qing_after,0,0.0,0.0,1.3975995756472907e-33,0,0,1
1339,54763,李星沅,cluster3_qing_after,0,0.0,0.0,1.3975995756472907e-33,0,0,1
1340,54942,范允臨,cluster2_yuan_ming,0,0.0,0.0,1.3975995756472907e-33,0,1,0
1341,54953,傅嘉年,cluster3_qing_after,0,0.0,0.0,1.3975995756472907e-33,0,0,1
1342,54993,錢維城,cluster3_qing_after,0,0.0,0.0,1.3975995756472907e-33,0,0,1
1343,54996,方以智,cluster2_yuan_ming,0,0.0,0.0,1.3975995756472907e-33,0,1,0
1344,55080,完顏留保,cluster3_qing_after,0,0.0,0.0,1.3975995756472907e-33,0,0,1
1345,55216,林壽圖,cluster3_qing_after,0,0.0,0.0,1.3975995756472907e-33,0,0,1
1346,55233,田雯,cluster2_yuan_ming,0,0.0,0.0,1.3975995756472907e-33,0,1,0
1347,55631,潘祖蔭,cluster3_qing_after,0,0.0,0.0,1.3975995756472907e-33,0,0,1
1348,55666,吳綺,cluster2_yuan_ming,0,0.0,0.0,1.3975995756472907e-33,0,1,0
1349,55706,彭期生,cluster2_yuan_ming,1,0.0,0.0,7.50330558788574e-25,0,1,0
1350,55824,陳廷敬,cluster2_yuan_ming,0,0.0,0.0,1.3975995756472907e-33,0,1,0
1351,55869,鈕祜祿德齡,cluster3_qing_after,0,0.0,0.0,1.3975995756472907e-33,0,0,1
1352,55984,張廷瑑,cluster3_qing_after,0,0.0,0.0,1.3975995756472907e-33,0,0,1
1353,56278,張英,cluster2_yuan_ming,0,0.0,0.0,1.3975995756472907e-33,0,1,0
1354,56763,歸朝煦,cluster3_qing_after,0,0.0,0.0,1.3975995756472907e-33,0,0,1
1355,56832,孫嘉淦,cluster3_qing_after,0,0.0,0.0,1.3975995756472907e-33,0,0,1
1356,56850,曹振鏞,cluster3_qing_after,0,0.0,0.0,1.3975995756472907e-33,0,0,1
1357,56856,梁維樞,cluster2_yuan_ming,0,0.0,0.0,1.3975995756472907e-33,0,1,0
1358,56858,陸燿,cluster3_qing_after,0,0.0,0.0,1.3975995756472907e-33,0,0,1
1359,56862,劉星煒,cluster3_qing_after,2,0.0,0.0,2.1262940533200443e-22,0,0,1
1360,56863,蘭第錫,cluster3_qing_after,0,0.0,0.0,1.3975995756472907e-33,0,0,1
1361,56881,史貽直,cluster3_qing_after,0,0.0,0.0,1.3975995756472907e-33,0,0,1
1362,56891,白鍾山,cluster3_qing_after,0,0.0,0.0,1.3975995756472907e-33,0,0,1
1363,56904,朱之弼,cluster2_yuan_ming,0,0.0,0.0,1.3975995756472907e-33,0,1,0
1364,56905,他他拉裕泰,cluster3_qing_after,0,0.0,0.0,1.3975995756472907e-33,0,0,1
1365,56923,顧皋,cluster3_qing_after,0,0.0,0.0,1.3975995756472907e-33,0,0,1
1366,56947,博爾濟吉特僧格林沁,cluster3_qing_after,0,0.0,0.0,1.3975995756472907e-33,0,0,1
1367,56989,葉初春,cluster2_yuan_ming,0,0.0,0.0,1.3975995756472907e-33,0,1,0
1368,56990,劉餘祐,cluster2_yuan_ming,0,0.0,0.0,1.3975995756472907e-33,0,1,0
1369,56992,劉鐶之,cluster3_qing_after,0,0.0,0.0,1.3975995756472907e-33,0,0,1
1370,57007,汪漋,cluster3_qing_after,0,0.0,0.0,1.3975995756472907e-33,0,0,1
1371,57020,管幹貞,cluster3_qing_after,0,0.0,0.0,1.3975995756472907e-33,0,0,1
1372,57062,邵燦,cluster3_qing_after,0,0.0,0.0,1.3975995756472907e-33,0,0,1
1373,57067,金之俊,cluster2_yuan_ming,0,0.0,0.0,1.3975995756472907e-33,0,1,0
1374,57080,汪巴寧阿,cluster3_qing_after,0,0.0,0.0,1.3975995756472907e-33,0,0,1
1375,57124,章佳阿克敦,cluster3_qing_after,0,0.0,0.0,1.3975995756472907e-33,0,0,1
1376,57129,王汝璧,cluster3_qing_after,0,0.0,0.0,1.3975995756472907e-33,0,0,1
1377,57141,覺羅阿揚阿,cluster3_qing_after,0,0.0,0.0,1.3975995756472907e-33,0,0,1
1378,57143,索佳額勒布,cluster3_qing_after,0,0.0,0.0,1.3975995756472907e-33,0,0,1
1379,57144,顏檢,cluster3_qing_after,0,0.0,0.0,1.3975995756472907e-33,0,0,1
1380,57162,瓜爾佳阿精阿,cluster3_qing_after,0,0.0,0.0,1.3975995756472907e-33,0,0,1
1381,57173,費莫保昌,cluster3_qing_after,0,0.0,0.0,1.3975995756472907e-33,0,0,1
1382,57204,王頊齡,cluster2_yuan_ming,1,0.0,0.0,7.50330558788574e-25,0,1,0
1383,57205,愛新覺羅奕紀,cluster3_qing_after,0,0.0,0.0,1.3975995756472907e-33,0,0,1
1384,57257,劉佳本智,cluster3_qing_after,0,0.0,0.0,1.3975995756472907e-33,0,0,1
1385,57258,程巖,cluster3_qing_after,0,0.0,0.0,1.3975995756472907e-33,0,0,1
1386,57267,薩達拉恆春,cluster3_qing_after,0,0.0,0.0,1.3975995756472907e-33,0,0,1
1387,57274,郭洛羅永祚,cluster3_qing_after,0,0.0,0.0,1.3975995756472907e-33,0,0,1
1388,57277,郝碩,cluster3_qing_after,0,0.0,0.0,1.3975995756472907e-33,0,0,1
1389,57303,巴魯特柏葰,cluster3_qing_after,0,0.0,0.0,1.3975995756472907e-33,0,0,1
1390,57342,胡高望,cluster3_qing_after,0,0.0,0.0,1.3975995756472907e-33,0,0,1
1391,57351,范承勳,cluster2_yuan_ming,0,0.0,0.0,1.3975995756472907e-33,0,1,0
1392,57359,范時紀,cluster3_qing_after,0,0.0,0.0,1.3975995756472907e-33,0,0,1
1393,57398,蔣陳錫,cluster3_qing_after,0,0.0,0.0,1.3975995756472907e-33,0,0,1
1394,57426,閻循琦,cluster3_qing_after,0,0.0,0.0,1.3975995756472907e-33,0,0,1
1395,57428,那木都魯先福,cluster3_qing_after,0,0.0,0.0,1.3975995756472907e-33,0,0,1
1396,57430,杭阿坦全保,cluster3_qing_after,0,0.0,0.0,1.3975995756472907e-33,0,0,1
1397,57448,唐執玉,cluster3_qing_after,0,0.0,0.0,1.3975995756472907e-33,0,0,1
1398,57462,東鄂同麟,cluster3_qing_after,0,0.0,0.0,1.3975995756472907e-33,0,0,1
1399,57463,博史克多山,cluster3_qing_after,0,0.0,0.0,1.3975995756472907e-33,0,0,1
1400,57470,葉赫納喇多福,cluster3_qing_after,0,0.0,0.0,1.3975995756472907e-33,0,0,1
1401,57497,舒穆祿徐元夢,cluster3_qing_after,1,0.0,0.0,7.50330558788574e-25,0,0,1
1402,57498,程正揆,cluster2_yuan_ming,0,0.0,0.0,1.3975995756472907e-33,0,1,0
1403,57506,托克托莫忒策丹,cluster3_qing_after,0,0.0,0.0,1.3975995756472907e-33,0,0,1
1404,57507,鈕祜祿策楞,cluster3_qing_after,0,0.0,0.0,1.3975995756472907e-33,0,0,1
1405,57509,愛新覺羅肅順,cluster3_qing_after,0,0.0,0.0,1.3975995756472907e-33,0,0,1
1406,57514,朱士彥,cluster3_qing_after,0,0.0,0.0,1.3975995756472907e-33,0,0,1
1407,57533,富察貴慶,cluster3_qing_after,0,0.0,0.0,1.3975995756472907e-33,0,0,1
1408,57563,瓜爾佳雅德,cluster3_qing_after,0,0.0,0.0,1.3975995756472907e-33,0,0,1
1409,57588,愛新覺羅恩桂,cluster3_qing_after,0,0.0,0.0,1.3975995756472907e-33,0,0,1
1410,57595,格吉勒廉善,cluster3_qing_after,0,0.0,0.0,1.3975995756472907e-33,0,0,1
1411,57632,鈕祜祿毓奇,cluster3_qing_after,0,0.0,0.0,1.3975995756472907e-33,0,0,1
1412,57668,覺羅海齡,cluster3_qing_after,0,0.0,0.0,1.3975995756472907e-33,0,0,1
1413,57680,富察誠端,cluster3_qing_after,0,0.0,0.0,1.3975995756472907e-33,0,0,1
1414,57681,賈楨,cluster3_qing_after,0,0.0,0.0,1.3975995756472907e-33,0,0,1
1415,57687,富察烏爾恭額,cluster3_qing_after,0,0.0,0.0,1.3975995756472907e-33,0,0,1
1416,57725,何淩漢,cluster3_qing_after,0,0.0,0.0,1.3975995756472907e-33,0,0,1
1417,57827,愛新覺羅靈桂,cluster3_qing_after,0,0.0,0.0,1.3975995756472907e-33,0,0,1
1418,57831,汪佳阿爾邦阿,cluster3_qing_after,0,0.0,0.0,1.3975995756472907e-33,0,0,1
1419,57864,馬佳寶珣,cluster3_qing_after,0,0.0,0.0,1.3975995756472907e-33,0,0,1
1420,57872,那拉麒慶,cluster3_qing_after,0,0.0,0.0,1.3975995756472907e-33,0,0,1
1421,57874,愛新覺羅蘊著,cluster3_qing_after,0,0.0,0.0,1.3975995756472907e-33,0,0,1
1422,57914,鈕鈷祿薩迎阿,cluster3_qing_after,0,0.0,0.0,1.3975995756472907e-33,0,0,1
1423,57949,鍾秀,cluster3_qing_after,0,0.0,0.0,1.3975995756472907e-33,0,0,1
1424,57966,愛新覺羅錫齡,cluster3_qing_after,0,0.0,0.0,1.3975995756472907e-33,0,0,1
1425,58100,戴佳慧成,cluster3_qing_after,0,0.0,0.0,1.3975995756472907e-33,0,0,1
1426,58161,佟佳齊布森,cluster3_qing_after,0,0.0,0.0,1.3975995756472907e-33,0,0,1
1427,58168,愛新覺羅德誠,cluster3_qing_after,0,0.0,0.0,1.3975995756472907e-33,0,0,1
1428,58191,西林覺羅察杭阿,cluster3_qing_after,0,0.0,0.0,1.3975995756472907e-33,0,0,1
1429,58196,蘇穆察廣林,cluster3_qing_after,0,0.0,0.0,1.3975995756472907e-33,0,0,1
1430,58197,富察鳳秀,cluster3_qing_after,0,0.0,0.0,1.3975995756472907e-33,0,0,1
1431,58221,廖鴻荃,cluster3_qing_after,0,0.0,0.0,1.3975995756472907e-33,0,0,1
1432,58240,愛新覺羅福錕,cluster3_qing_after,0,0.0,0.0,1.3975995756472907e-33,0,0,1
1433,58262,必祿福濟,cluster3_qing_after,0,0.0,0.0,1.3975995756472907e-33,0,0,1
1434,58266,寧古塔赫赫,cluster3_qing_after,0,0.0,0.0,1.3975995756472907e-33,0,0,1
1435,58278,奚他拉圖明額,cluster3_qing_after,0,0.0,0.0,1.3975995756472907e-33,0,0,1
1436,58311,喜塔臘裕德,cluster3_qing_after,0,0.0,0.0,1.3975995756472907e-33,0,0,1
1437,58340,愛新覺羅溥興,cluster3_qing_after,0,0.0,0.0,1.3975995756472907e-33,0,0,1
1438,58341,愛新覺羅溥顧,cluster3_qing_after,0,0.0,0.0,1.3975995756472907e-33,0,0,1
1439,58344,塔他爾塔琦,cluster3_qing_after,0,0.0,0.0,1.3975995756472907e-33,0,0,1
1440,58355,葉觀潮,cluster3_qing_after,0,0.0,0.0,1.3975995756472907e-33,0,0,1
1441,58359,葉存仁,cluster3_qing_after,0,0.0,0.0,1.3975995756472907e-33,0,0,1
1442,58376,愛新覺羅載肅,cluster3_qing_after,0,0.0,0.0,1.3975995756472907e-33,0,0,1
1443,58383,那佳普保,cluster3_qing_after,0,0.0,0.0,1.3975995756472907e-33,0,0,1
1444,58387,愛新覺羅載齡,cluster3_qing_after,0,0.0,0.0,1.3975995756472907e-33,0,0,1
1445,58388,何裕城,cluster3_qing_after,1,0.0,0.0,7.50330558788574e-25,0,0,1
1446,58389,伊爾根覺羅嵩惠,cluster3_qing_after,0,0.0,0.0,1.3975995756472907e-33,0,0,1
1447,58393,傅繩勛,cluster3_qing_after,0,0.0,0.0,1.3975995756472907e-33,0,0,1
1448,58402,博爾濟吉特博迪蘇,cluster3_qing_after,0,0.0,0.0,1.3975995756472907e-33,0,0,1
1449,58411,單懋謙,cluster3_qing_after,0,0.0,0.0,1.3975995756472907e-33,0,0,1
1450,58416,愛新覺羅善燾,cluster3_qing_after,0,0.0,0.0,1.3975995756472907e-33,0,0,1
1451,58456,喬松年,cluster3_qing_after,0,0.0,0.0,1.3975995756472907e-33,0,0,1
1452,58466,富察凱音布,cluster3_qing_after,0,0.0,0.0,1.3975995756472907e-33,0,0,1
1453,58471,瓜爾佳景福,cluster3_qing_after,0,0.0,0.0,1.3975995756472907e-33,0,0,1
1454,58479,邵佳景綸,cluster3_qing_after,0,0.0,0.0,1.3975995756472907e-33,0,0,1
1455,58483,顏扎景廉,cluster3_qing_after,0,0.0,0.0,1.3975995756472907e-33,0,0,1
1456,58486,博爾濟吉特惠豐,cluster3_qing_after,0,0.0,0.0,1.3975995756472907e-33,0,0,1
1457,58530,富察富呢揚阿,cluster3_qing_after,0,0.0,0.0,1.3975995756472907e-33,0,0,1
1458,58535,富察富察善,cluster3_qing_after,0,0.0,0.0,1.3975995756472907e-33,0,0,1
1459,58554,卓特富俊,cluster3_qing_after,0,0.0,0.0,1.3975995756472907e-33,0,0,1
1460,58609,王茂蔭,cluster3_qing_after,0,0.0,0.0,1.3975995756472907e-33,0,0,1
1461,58657,馬佳通智,cluster3_qing_after,0,0.0,0.0,1.3975995756472907e-33,0,0,1
1462,58660,毛昶熙,cluster3_qing_after,0,0.0,0.0,1.3975995756472907e-33,0,0,1
1463,58681,申啟賢,cluster3_qing_after,0,0.0,0.0,1.3975995756472907e-33,0,0,1
1464,58715,費莫文澂,cluster3_qing_after,0,0.0,0.0,1.3975995756472907e-33,0,0,1
1465,58728,衛詣,cluster3_qing_after,0,0.0,0.0,1.3975995756472907e-33,0,0,1
1466,58740,周兆基,cluster3_qing_after,0,0.0,0.0,1.3975995756472907e-33,0,0,1
1467,58755,周天爵,cluster3_qing_after,0,0.0,0.0,1.3975995756472907e-33,0,0,1
1468,58763,陳希曾,cluster3_qing_after,0,0.0,0.0,1.3975995756472907e-33,0,0,1
1469,58770,周祖培,cluster3_qing_after,0,0.0,0.0,1.3975995756472907e-33,0,0,1
1470,58783,陳官俊,cluster3_qing_after,0,0.0,0.0,1.3975995756472907e-33,0,0,1
1471,58806,李宏,cluster3_qing_after,0,0.0,0.0,1.3975995756472907e-33,0,0,1
1472,58817,陳鳳翔,cluster3_qing_after,0,0.0,0.0,1.3975995756472907e-33,0,0,1
1473,58837,李友棠,cluster3_qing_after,0,0.0,0.0,1.3975995756472907e-33,0,0,1
1474,58862,索綽絡德風,cluster3_qing_after,0,0.0,0.0,1.3975995756472907e-33,0,0,1
1475,58868,吳正治,cluster2_yuan_ming,0,0.0,0.0,1.3975995756472907e-33,0,1,0
1476,58880,吳拜,cluster3_qing_after,0,0.0,0.0,1.3975995756472907e-33,0,0,1
1477,58881,吳省蘭,cluster3_qing_after,0,0.0,0.0,1.3975995756472907e-33,0,0,1
1478,58882,吳省欽,cluster3_qing_after,0,0.0,0.0,1.3975995756472907e-33,0,0,1
1479,58895,李宗瀚,cluster3_qing_after,0,0.0,0.0,1.3975995756472907e-33,0,0,1
1480,58907,李奉翰,cluster3_qing_after,0,0.0,0.0,1.3975995756472907e-33,0,0,1
1481,58923,李棠階,cluster3_qing_after,0,0.0,0.0,1.3975995756472907e-33,0,0,1
1482,58962,呂熾,cluster3_qing_after,0,0.0,0.0,1.3975995756472907e-33,0,0,1
1483,58972,李鴻藻,cluster3_qing_after,0,0.0,0.0,1.3975995756472907e-33,0,0,1
1484,59002,汪由敦,cluster3_qing_after,1,0.0,0.0,7.50330558788574e-25,0,0,1
1485,59009,李允禎,cluster2_yuan_ming,0,0.0,0.0,1.3975995756472907e-33,0,1,0
1486,59019,王慶長,cluster3_qing_after,0,0.0,0.0,1.3975995756472907e-33,0,0,1
1487,59054,汪守和,cluster3_qing_after,0,0.0,0.0,1.3975995756472907e-33,0,0,1
1488,59064,李亨特,cluster3_qing_after,0,0.0,0.0,1.3975995756472907e-33,0,0,1
1489,59066,李廷揚,cluster3_qing_after,0,0.0,0.0,1.3975995756472907e-33,0,0,1
1490,59070,李來泰,cluster2_yuan_ming,0,0.0,0.0,1.3975995756472907e-33,0,1,0
1491,59086,鈕祜錄傅森,cluster3_qing_after,0,0.0,0.0,1.3975995756472907e-33,0,0,1
1492,59100,蔣予蒲,cluster3_qing_after,0,0.0,0.0,1.3975995756472907e-33,0,0,1
1493,59106,蔣曰綸,cluster3_qing_after,0,0.0,0.0,1.3975995756472907e-33,0,0,1
1494,59107,沈維鐈,cluster3_qing_after,0,0.0,0.0,1.3975995756472907e-33,0,0,1
1495,59122,赫舍里常起,cluster3_qing_after,0,0.0,0.0,1.3975995756472907e-33,0,0,1
1496,59163,富察貝和諾,cluster3_qing_after,0,0.0,0.0,1.3975995756472907e-33,0,0,1
1497,59186,孔慶鍸,cluster3_qing_after,0,0.0,0.0,1.3975995756472907e-33,0,0,1
1498,59207,魏廷珍,cluster3_qing_after,0,0.0,0.0,1.3975995756472907e-33,0,0,1
1499,59223,顧大申,cluster2_yuan_ming,0,0.0,0.0,1.3975995756472907e-33,0,1,0
1500,59292,烏蘇薩彬圖,cluster3_qing_after,0,0.0,0.0,1.3975995756472907e-33,0,0,1
1501,59326,周系英,cluster3_qing_after,0,0.0,0.0,1.3975995756472907e-33,0,0,1
1502,59336,周煌,cluster3_qing_after,0,0.0,0.0,1.3975995756472907e-33,0,0,1
1503,59362,霍達,cluster2_yuan_ming,0,0.0,0.0,1.3975995756472907e-33,0,1,0
1504,59377,涂天相,cluster3_qing_after,0,0.0,0.0,1.3975995756472907e-33,0,0,1
1505,59393,伊拉哩法敏,cluster3_qing_after,0,0.0,0.0,1.3975995756472907e-33,0,0,1
1506,59402,謝旻,cluster3_qing_after,0,0.0,0.0,1.3975995756472907e-33,0,0,1
1507,59403,薩克達薩敏,cluster3_qing_after,0,0.0,0.0,1.3975995756472907e-33,0,0,1
1508,59428,烏米花沙納,cluster3_qing_after,0,0.0,0.0,1.3975995756472907e-33,0,0,1
1509,59658,張延登,cluster2_yuan_ming,1,0.0,0.0,3.686838465712939e-12,0,1,0
1510,59730,張國維,cluster2_yuan_ming,0,0.0,0.0,1.3975995756472907e-33,0,1,0
1511,59854,宋學朱,cluster2_yuan_ming,0,0.0,0.0,1.3975995756472907e-33,0,1,0
1512,59889,趙光抃,cluster2_yuan_ming,1,0.0,0.0,7.50330558788574e-25,0,1,0
1513,59893,王士倧,cluster3_qing_after,0,0.0,0.0,1.3975995756472907e-33,0,0,1
1514,59926,王公弼,cluster2_yuan_ming,0,0.0,0.0,1.3975995756472907e-33,0,1,0
1515,59944,王日藻,cluster2_yuan_ming,0,0.0,0.0,1.3975995756472907e-33,0,1,0
1516,60048,李本晟,cluster2_yuan_ming,0,0.0,0.0,1.3975995756472907e-33,0,1,0
1517,60054,棟鄂孫柱,cluster3_qing_after,0,0.0,0.0,1.3975995756472907e-33,0,0,1
1518,60071,張澐卿,cluster3_qing_after,0,0.0,0.0,1.3975995756472907e-33,0,0,1
1519,60122,文格,cluster3_qing_after,0,0.0,0.0,1.3975995756472907e-33,0,0,1
1520,60181,愛新覺羅存誠,cluster3_qing_after,0,0.0,0.0,1.3975995756472907e-33,0,0,1
1521,60268,董之銘,cluster3_qing_after,0,0.0,0.0,1.3975995756472907e-33,0,0,1
1522,60271,劉若鼐,cluster3_qing_after,0,0.0,0.0,1.3975995756472907e-33,0,0,1
1523,60297,李振聲,cluster2_yuan_ming,0,0.0,0.0,1.3975995756472907e-33,0,1,0
1524,60373,李敏第,cluster3_qing_after,0,0.0,0.0,1.3975995756472907e-33,0,0,1
1525,60413,趙濱彥,cluster3_qing_after,0,0.0,0.0,1.3975995756472907e-33,0,0,1
1526,60419,李逢節,cluster2_yuan_ming,0,0.0,0.0,1.3975995756472907e-33,0,1,0
1527,60448,齊克慎,cluster3_qing_after,0,0.0,0.0,1.3975995756472907e-33,0,0,1
1528,60471,鄧廷枬,cluster3_qing_after,0,0.0,0.0,1.3975995756472907e-33,0,0,1
1529,60478,汪鳴鑾,cluster3_qing_after,0,0.0,0.0,1.3975995756472907e-33,0,0,1
1530,60490,劉澍,cluster2_yuan_ming,0,0.0,0.0,1.3975995756472907e-33,0,1,0
1531,60502,潘恭常,cluster3_qing_after,0,0.0,0.0,1.3975995756472907e-33,0,0,1
1532,60522,魯贊元,cluster3_qing_after,0,0.0,0.0,1.3975995756472907e-33,0,0,1
1533,60591,孫毓汶,cluster3_qing_after,0,0.0,0.0,1.3975995756472907e-33,0,0,1
1534,60598,清安,cluster3_qing_after,0,0.0,0.0,1.3975995756472907e-33,0,0,1
1535,60671,喜搭臘曾鉌,cluster3_qing_after,0,0.0,0.0,1.3975995756472907e-33,0,0,1
1536,60679,松椿,cluster3_qing_after,0,0.0,0.0,1.3975995756472907e-33,0,0,1
1537,60687,裕昆,cluster3_qing_after,0,0.0,0.0,1.3975995756472907e-33,0,0,1
1538,60700,符應琦,cluster2_yuan_ming,0,0.0,0.0,1.3975995756472907e-33,0,1,0
1539,60711,吳椿,cluster3_qing_after,0,0.0,0.0,1.3975995756472907e-33,0,0,1
1540,60721,吳邦慶,cluster3_qing_after,0,0.0,0.0,1.3975995756472907e-33,0,0,1
1541,60723,吳孝銘,cluster3_qing_after,0,0.0,0.0,1.3975995756472907e-33,0,0,1
1542,60738,杜受田,cluster3_qing_after,0,0.0,0.0,1.3975995756472907e-33,0,0,1
1543,60768,徐烺,cluster3_qing_after,0,0.0,0.0,1.3975995756472907e-33,0,0,1
1544,60792,富察瑞璸,cluster3_qing_after,0,0.0,0.0,1.3975995756472907e-33,0,0,1
1545,60793,何煟,cluster3_qing_after,1,0.0,0.0,7.50330558788574e-25,0,0,1
1546,60804,張長臻,cluster3_qing_after,0,0.0,0.0,1.3975995756472907e-33,0,0,1
1547,60848,許希孔,cluster3_qing_after,0,0.0,0.0,1.3975995756472907e-33,0,0,1
1548,60868,愛新覺羅阿克丹,cluster3_qing_after,0,0.0,0.0,1.3975995756472907e-33,0,0,1
1549,60876,恩銘,cluster3_qing_after,0,0.0,0.0,1.3975995756472907e-33,0,0,1
1550,60880,王振奇,cluster2_yuan_ming,0,0.0,0.0,1.3975995756472907e-33,0,1,0
1551,60936,什拉恩特亨額,cluster3_qing_after,0,0.0,0.0,1.3975995756472907e-33,0,0,1
1552,60952,栗爾璋,cluster3_qing_after,0,0.0,0.0,1.3975995756472907e-33,0,0,1
1553,60953,托闊羅桂清,cluster3_qing_after,0,0.0,0.0,1.3975995756472907e-33,0,0,1
1554,60974,蘇爾完呢瓜爾佳容貴,cluster3_qing_after,0,0.0,0.0,1.3975995756472907e-33,0,0,1
1555,61007,陳觀,cluster3_qing_after,0,0.0,0.0,1.3975995756472907e-33,0,0,1
1556,61130,李基溥,cluster3_qing_after,0,0.0,0.0,1.3975995756472907e-33,0,0,1
1557,61136,陳天清,cluster2_yuan_ming,0,0.0,0.0,1.3975995756472907e-33,0,1,0
1558,61145,愛新覺羅奕慶,cluster3_qing_after,0,0.0,0.0,1.3975995756472907e-33,0,0,1
1559,61148,愛新覺羅崑岡,cluster3_qing_after,0,0.0,0.0,1.3975995756472907e-33,0,0,1
1560,61169,劉遵憲,cluster2_yuan_ming,0,0.0,0.0,1.3975995756472907e-33,0,1,0
1561,61171,章佳培成,cluster3_qing_after,0,0.0,0.0,1.3975995756472907e-33,0,0,1
1562,61179,瓜爾佳英奎,cluster3_qing_after,0,0.0,0.0,1.3975995756472907e-33,0,0,1
1563,61181,多羅特訥仁,cluster3_qing_after,0,0.0,0.0,1.3975995756472907e-33,0,0,1
1564,61209,愛新覺羅春佑,cluster3_qing_after,0,0.0,0.0,1.3975995756472907e-33,0,0,1
1565,61227,陳世倕,cluster3_qing_after,0,0.0,0.0,1.3975995756472907e-33,0,0,1
1566,61231,愛新覺羅奎潤,cluster3_qing_after,0,0.0,0.0,1.3975995756472907e-33,0,0,1
1567,61264,愛新覺羅奕湘,cluster3_qing_after,0,0.0,0.0,1.3975995756472907e-33,0,0,1
1568,61288,徐士芬,cluster3_qing_after,0,0.0,0.0,1.3975995756472907e-33,0,0,1
1569,61316,徐會灃,cluster3_qing_after,0,0.0,0.0,1.3975995756472907e-33,0,0,1
1570,61323,陳本忠,cluster3_qing_after,0,0.0,0.0,1.3975995756472907e-33,0,0,1
1571,61357,汪喬年,cluster2_yuan_ming,0,0.0,0.0,1.3975995756472907e-33,0,1,0
1572,61375,徐樹銘,cluster3_qing_after,0,0.0,0.0,1.3975995756472907e-33,0,0,1
1573,61415,沙濟富察烏拉喜崇阿,cluster3_qing_after,0,0.0,0.0,1.3975995756472907e-33,0,0,1
1574,61426,蘇完呢瓜爾佳符珍,cluster3_qing_after,0,0.0,0.0,1.3975995756472907e-33,0,0,1
1575,61433,伍彌忒倭什訥,cluster3_qing_after,0,0.0,0.0,1.3975995756472907e-33,0,0,1
1576,61525,陸以莊,cluster3_qing_after,0,0.0,0.0,1.3975995756472907e-33,0,0,1
1577,61530,四格,cluster3_qing_after,0,0.0,0.0,1.3975995756472907e-33,0,0,1
1578,61573,陳道亨,cluster2_yuan_ming,1,0.0,0.0,1.8250177510590394e-11,0,1,0
1579,61632,吳傑,cluster3_qing_after,0,0.0,0.0,1.3975995756472907e-33,0,0,1
1580,61782,徐鏞,cluster3_qing_after,0,0.0,0.0,1.3975995756472907e-33,0,0,1
1581,61826,鄒夢臯,cluster3_qing_after,0,0.0,0.0,1.3975995756472907e-33,0,0,1
1582,61889,吳艾生,cluster3_qing_after,0,0.0,0.0,1.3975995756472907e-33,0,0,1
1583,61892,索綽絡景星,cluster3_qing_after,0,0.0,0.0,1.3975995756472907e-33,0,0,1
1584,61921,王廣蔭,cluster3_qing_after,0,0.0,0.0,1.3975995756472907e-33,0,0,1
1585,61926,徐道焜,cluster3_qing_after,0,0.0,0.0,1.3975995756472907e-33,0,0,1
1586,61939,和寧,cluster3_qing_after,0,0.0,0.0,1.3975995756472907e-33,0,0,1
1587,62017,愛新覺羅明興阿,cluster3_qing_after,0,0.0,0.0,1.3975995756472907e-33,0,0,1
1588,62042,秦樹聲,cluster3_qing_after,0,0.0,0.0,1.3975995756472907e-33,0,0,1
1589,62069,章有大,cluster3_qing_after,0,0.0,0.0,1.3975995756472907e-33,0,0,1
1590,62120,周紹儒,cluster3_qing_after,0,0.0,0.0,1.3975995756472907e-33,0,0,1
1591,62139,周鼎,cluster2_yuan_ming,1,0.0,0.0,1.2004844582258525e-12,0,1,0
1592,62148,德新,cluster3_qing_after,0,0.0,0.0,1.3975995756472907e-33,0,0,1
1593,62192,覺羅奉寬,cluster3_qing_after,0,0.0,0.0,1.3975995756472907e-33,0,0,1
1594,62245,傅雲龍,cluster2_yuan_ming,0,0.0,0.0,1.3975995756472907e-33,0,1,0
1595,62350,孫家鼐,cluster3_qing_after,0,0.0,0.0,1.3975995756472907e-33,0,0,1
1596,62367,張鳳翔,cluster2_yuan_ming,0,0.0,0.0,1.3975995756472907e-33,0,1,0
1597,62459,宜兆羆,cluster3_qing_after,0,0.0,0.0,1.3975995756472907e-33,0,0,1
1598,62505,王恕,cluster2_yuan_ming,2,1.0847149624305782e-05,0.0,2.0758413752445272e-13,0,1,0
1599,62524,成琦,cluster3_qing_after,0,0.0,0.0,1.3975995756472907e-33,0,0,1
1600,62527,成策,cluster3_qing_after,0,0.0,0.0,1.3975995756472907e-33,0,0,1
1601,62529,崔呈秀,cluster2_yuan_ming,0,0.0,0.0,1.3975995756472907e-33,0,1,0
1602,62727,朱光祚,cluster2_yuan_ming,0,0.0,0.0,1.3975995756472907e-33,0,1,0
1603,62818,田潤,cluster3_qing_after,0,0.0,0.0,1.3975995756472907e-33,0,0,1
1604,62828,曾櫻,cluster2_yuan_ming,0,0.0,0.0,1.3975995756472907e-33,0,1,0
1605,62838,田國俊,cluster3_qing_after,0,0.0,0.0,1.3975995756472907e-33,0,0,1
1606,62844,達爾吉善,cluster3_qing_after,0,0.0,0.0,1.3975995756472907e-33,0,0,1
1607,62853,富明,cluster3_qing_after,0,0.0,0.0,1.3975995756472907e-33,0,0,1
1608,62965,程國祥,cluster2_yuan_ming,0,0.0,0.0,1.3975995756472907e-33,0,1,0
1609,62975,善泰,cluster3_qing_after,0,0.0,0.0,1.3975995756472907e-33,0,0,1
1610,63028,林祖成,cluster3_qing_after,0,0.0,0.0,1.3975995756472907e-33,0,0,1
1611,63125,董之燧,cluster3_qing_after,0,0.0,0.0,1.3975995756472907e-33,0,0,1
1612,63146,武蔚文,cluster3_qing_after,0,0.0,0.0,1.3975995756472907e-33,0,0,1
1613,63162,武格,cluster3_qing_after,0,0.0,0.0,1.3975995756472907e-33,0,0,1
1614,63165,錢學彬,cluster3_qing_after,0,0.0,0.0,1.3975995756472907e-33,0,0,1
1615,63176,閻廷謨,cluster2_yuan_ming,0,0.0,0.0,1.3975995756472907e-33,0,1,0
1616,63282,愛新覺羅晉祺,cluster3_qing_after,0,0.0,0.0,1.3975995756472907e-33,0,0,1
1617,63304,愛新覺羅載銓,cluster3_qing_after,0,0.0,0.0,1.3975995756472907e-33,0,0,1
1618,63339,薛鳳翔,cluster2_yuan_ming,0,0.0,0.0,1.3975995756472907e-33,0,1,0
1619,63413,朱鼎延,cluster2_yuan_ming,2,0.0,1.0,9.591778628167397e-20,0,1,0
1620,63425,圖爾宸,cluster2_yuan_ming,0,0.0,0.0,1.3975995756472907e-33,0,1,0
1621,63467,牟昌裕,cluster3_qing_after,0,0.0,0.0,1.3975995756472907e-33,0,0,1
1622,63716,魏繹,cluster3_qing_after,0,0.0,0.0,1.3975995756472907e-33,0,0,1
1623,63873,呂賢基,cluster3_qing_after,0,0.0,0.0,1.3975995756472907e-33,0,0,1
1624,63996,楊朝鼎,cluster3_qing_after,0,0.0,0.0,1.3975995756472907e-33,0,0,1
1625,64179,興恩,cluster3_qing_after,0,0.0,0.0,1.3975995756472907e-33,0,0,1
1626,64196,索綽絡景灃,cluster3_qing_after,0,0.0,0.0,1.3975995756472907e-33,0,0,1
1627,64213,熊明遇,cluster2_yuan_ming,5,4.338859849722313e-05,0.0,1.0377696853236549e-13,0,1,0
1628,64317,唐景崇,cluster3_qing_after,0,0.0,0.0,1.3975995756472907e-33,0,0,1
1629,64361,甄淑,cluster2_yuan_ming,0,0.0,0.0,1.3975995756472907e-33,0,1,0
1630,64372,章佳齡椿,cluster3_qing_after,0,0.0,0.0,1.3975995756472907e-33,0,0,1
1631,64468,王在晉,cluster2_yuan_ming,0,0.0,0.0,1.3975995756472907e-33,0,1,0
1632,64472,鍾靈,cluster3_qing_after,0,0.0,0.0,1.3975995756472907e-33,0,0,1
1633,64517,鮑桂星,cluster3_qing_after,0,0.0,0.0,1.3975995756472907e-33,0,0,1
1634,64584,鈕祜祿廣科,cluster3_qing_after,0,0.0,0.0,1.3975995756472907e-33,0,0,1
1635,64613,王洽,cluster2_yuan_ming,0,0.0,0.0,1.3975995756472907e-33,0,1,0
1636,64620,李徵庸,cluster3_qing_after,0,0.0,0.0,1.3975995756472907e-33,0,0,1
1637,64725,覺羅德厚,cluster3_qing_after,0,0.0,0.0,1.3975995756472907e-33,0,0,1
1638,64734,繼格,cluster3_qing_after,0,0.0,0.0,1.3975995756472907e-33,0,0,1
1639,64749,愛新覺羅道慶,cluster3_qing_after,0,0.0,0.0,1.3975995756472907e-33,0,0,1
1640,64863,李宗文,cluster3_qing_after,0,0.0,0.0,1.3975995756472907e-33,0,0,1
1641,64906,王鴻緒,cluster3_qing_after,1,0.0,0.0,7.50330558788574e-25,0,0,1
1642,64951,椿壽,cluster3_qing_after,0,0.0,0.0,1.3975995756472907e-33,0,0,1
1643,65159,戴章甫,cluster3_qing_after,0,0.0,0.0,1.3975995756472907e-33,0,0,1
1644,65160,戴璐,cluster3_qing_after,0,0.0,0.0,1.3975995756472907e-33,0,0,1
1645,65218,李廷欽,cluster3_qing_after,0,0.0,0.0,1.3975995756472907e-33,0,0,1
1646,65289,李培元,cluster3_qing_after,0,0.0,0.0,1.3975995756472907e-33,0,0,1
1647,65471,張起鵷,cluster3_qing_after,0,0.0,0.0,1.3975995756472907e-33,0,0,1
1648,65602,李之藻,cluster2_yuan_ming,1,0.0,0.0,1.8250177510590394e-11,0,1,0
1649,65636,趙良棟,cluster2_yuan_ming,0,0.0,0.0,1.3975995756472907e-33,0,1,0
1650,65664,馬佳紹諴,cluster3_qing_after,0,0.0,0.0,1.3975995756472907e-33,0,0,1
1651,65696,承翰,cluster3_qing_after,0,0.0,0.0,1.3975995756472907e-33,0,0,1
1652,65702,嵇曾筠,cluster3_qing_after,0,0.0,0.0,1.3975995756472907e-33,0,0,1
1653,65755,汪啟淑,cluster3_qing_after,0,0.0,0.0,1.3975995756472907e-33,0,0,1
1654,65765,袁應泰,cluster2_yuan_ming,0,0.0,0.0,1.3975995756472907e-33,0,1,0
1655,65958,楊光先,cluster2_yuan_ming,0,0.0,0.0,1.3975995756472907e-33,0,1,0
1656,66014,米萬鍾,cluster2_yuan_ming,0,0.0,0.0,1.3975995756472907e-33,0,1,0
1657,66124,徐聚倫,cluster3_qing_after,0,0.0,0.0,1.3975995756472907e-33,0,0,1
1658,66126,李永紹,cluster3_qing_after,0,0.0,0.0,1.3975995756472907e-33,0,0,1
1659,66217,汪浩,cluster3_qing_after,0,0.0,0.0,1.3975995756472907e-33,0,0,1
1660,66220,汪榯,cluster3_qing_after,0,0.0,0.0,1.3975995756472907e-33,0,0,1
1661,66441,羅汝敬,cluster2_yuan_ming,1,0.0,0.0,7.193833971125509e-20,0,1,0
1662,66442,劉敏,cluster2_yuan_ming,0,0.0,0.0,1.3975995756472907e-33,0,1,0
1663,66474,安然,cluster2_yuan_ming,0,0.0,0.0,1.3975995756472907e-33,0,1,0
1664,66518,單安仁,cluster2_yuan_ming,0,0.0,0.0,1.3975995756472907e-33,0,1,0
1665,66520,朱守仁,cluster2_yuan_ming,0,0.0,0.0,1.3975995756472907e-33,0,1,0
1666,66521,薛祥,cluster2_yuan_ming,0,0.0,0.0,1.3975995756472907e-33,0,1,0
1667,66522,秦逵,cluster2_yuan_ming,1,0.0,0.0,3.4883880989801677e-13,0,1,0
1668,66529,沈溍,cluster2_yuan_ming,0,0.0,0.0,1.3975995756472907e-33,0,1,0
1669,66552,張昺,cluster2_yuan_ming,0,0.0,0.0,1.3975995756472907e-33,0,1,0
1670,66566,練安,cluster2_yuan_ming,0,0.0,0.0,1.3975995756472907e-33,0,1,0
1671,66588,卓敬,cluster2_yuan_ming,0,0.0,0.0,1.3975995756472907e-33,0,1,0
1672,66665,鄒師顏,cluster2_yuan_ming,0,0.0,0.0,1.3975995756472907e-33,0,1,0
1673,66668,趙羾,cluster2_yuan_ming,1,0.0,0.0,7.193833971125509e-20,0,1,0
1674,66669,金忠,cluster2_yuan_ming,0,0.0,0.0,1.3975995756472907e-33,0,1,0
1675,66671,李慶,cluster2_yuan_ming,0,0.0,0.0,1.3975995756472907e-33,0,1,0
1676,66673,古樸,cluster2_yuan_ming,1,0.0,0.0,3.4883880989801677e-13,0,1,0
1677,66675,陳壽,cluster2_yuan_ming,0,0.0,0.0,1.3975995756472907e-33,0,1,0
1678,66685,張信,cluster2_yuan_ming,0,0.0,0.0,1.3975995756472907e-33,0,1,0
1679,66700,劉韶,cluster2_yuan_ming,0,0.0,0.0,1.3975995756472907e-33,0,1,0
1680,66701,楊砥,cluster2_yuan_ming,0,0.0,0.0,1.3975995756472907e-33,0,1,0
1681,66717,鄭賜,cluster2_yuan_ming,0,0.0,0.0,1.3975995756472907e-33,0,1,0
1682,66721,嚴震直,cluster2_yuan_ming,0,0.0,0.0,1.3975995756472907e-33,0,1,0
1683,66754,李鋼,cluster2_yuan_ming,0,0.0,0.0,1.3975995756472907e-33,0,1,0
1684,66757,吳中,cluster2_yuan_ming,0,0.0,0.0,1.3975995756472907e-33,0,1,0
1685,66768,宋禮,cluster2_yuan_ming,0,0.0,0.0,1.3975995756472907e-33,0,1,0
1686,66771,藺芳,cluster2_yuan_ming,0,0.0,0.0,1.3975995756472907e-33,0,1,0
1687,66777,周忱,cluster2_yuan_ming,0,0.0,0.0,1.3975995756472907e-33,0,1,0
1688,66818,楊榮,cluster2_yuan_ming,0,0.0,0.0,1.3975995756472907e-33,0,1,0
1689,66845,周敘,cluster2_yuan_ming,0,0.0,0.0,1.3975995756472907e-33,0,1,0
1690,66878,金純,cluster2_yuan_ming,0,0.0,0.0,1.3975995756472907e-33,0,1,0
1691,66883,張本,cluster2_yuan_ming,1,0.0,0.0,7.193833971125509e-20,0,1,0
1692,66896,黃曜,cluster2_yuan_ming,1,0.0,0.0,1.7940675921995588e-13,0,1,0
1693,66900,丁璿,cluster2_yuan_ming,0,0.0,0.0,1.3975995756472907e-33,0,1,0
1694,66903,張本,cluster2_yuan_ming,0,0.0,0.0,1.3975995756472907e-33,0,1,0
1695,66904,郭璡,cluster2_yuan_ming,0,0.0,0.0,1.3975995756472907e-33,0,1,0
1696,66906,翁世資,cluster2_yuan_ming,0,0.0,0.0,1.3975995756472907e-33,0,1,0
1697,66908,鄭辰,cluster2_yuan_ming,0,0.0,0.0,1.3975995756472907e-33,0,1,0
1698,66919,顧祖鎮,cluster3_qing_after,0,0.0,0.0,1.3975995756472907e-33,0,0,1
1699,66947,劉中敷,cluster2_yuan_ming,0,0.0,0.0,1.3975995756472907e-33,0,1,0
1700,66965,陳勉,cluster2_yuan_ming,0,0.0,0.0,1.3975995756472907e-33,0,1,0
1701,66968,張鳳,cluster2_yuan_ming,0,0.0,0.0,1.3975995756472907e-33,0,1,0
1702,66978,胡拱辰,cluster2_yuan_ming,0,0.0,0.0,1.3975995756472907e-33,0,1,0
1703,67029,彭誼,cluster2_yuan_ming,0,0.0,0.0,1.3975995756472907e-33,0,1,0
1704,67042,郭循,cluster2_yuan_ming,0,0.0,0.0,1.3975995756472907e-33,0,1,0
1705,67072,李裕,cluster2_yuan_ming,0,0.0,0.0,1.3975995756472907e-33,0,1,0
1706,67132,金濂,cluster2_yuan_ming,1,0.0,0.0,7.50330558788574e-25,0,1,0
1707,67134,林庭木昂,cluster2_yuan_ming,0,0.0,0.0,1.3975995756472907e-33,0,1,0
1708,67136,石璞,cluster2_yuan_ming,0,0.0,0.0,1.3975995756472907e-33,0,1,0
1709,67138,王巹,cluster2_yuan_ming,0,0.0,0.0,1.3975995756472907e-33,0,1,0
1710,67140,楊源,cluster2_yuan_ming,0,0.0,0.0,1.3975995756472907e-33,0,1,0
1711,67157,林庭機,cluster2_yuan_ming,3,2.1694299248611563e-05,0.0,1.5586612456361425e-12,0,1,0
1712,67158,林燫,cluster2_yuan_ming,0,0.0,0.0,1.3975995756472907e-33,0,1,0
1713,67159,林烴,cluster2_yuan_ming,1,0.0,0.0,3.686838465712939e-12,0,1,0
1714,67260,丁鉉,cluster2_yuan_ming,0,0.0,0.0,1.3975995756472907e-33,0,1,0
1715,67281,王佐,cluster2_yuan_ming,2,2.948480110763677e-05,0.0,2.3862216162258688e-11,0,1,0
1716,67308,王永和,cluster2_yuan_ming,0,0.0,0.0,1.3975995756472907e-33,0,1,0
1717,67326,王一夔,cluster2_yuan_ming,0,0.0,0.0,1.3975995756472907e-33,0,1,0
1718,67331,黎淳,cluster2_yuan_ming,0,0.0,0.0,1.3975995756472907e-33,0,1,0
1719,67395,孫需,cluster2_yuan_ming,0,0.0,0.0,1.3975995756472907e-33,0,1,0
1720,67396,張憲,cluster2_yuan_ming,0,0.0,0.0,1.3975995756472907e-33,0,1,0
1721,67398,王偉,cluster2_yuan_ming,0,0.0,0.0,1.3975995756472907e-33,0,1,0
1722,67423,劉昭,cluster2_yuan_ming,0,0.0,0.0,1.3975995756472907e-33,0,1,0
1723,67434,白圭,cluster2_yuan_ming,1,0.0,0.0,3.4883880989801677e-13,0,1,0
1724,67443,張瓚,cluster2_yuan_ming,1,0.0,0.0,1.968812761070012e-13,0,1,0
1725,67448,江淵,cluster2_yuan_ming,1,0.0,0.0,3.4883880989801677e-13,0,1,0
1726,67455,趙榮,cluster2_yuan_ming,0,0.0,0.0,1.3975995756472907e-33,0,1,0
1727,67456,孔鏞,cluster2_yuan_ming,0,0.0,0.0,1.3975995756472907e-33,0,1,0
1728,67460,覺羅西銘,cluster3_qing_after,0,0.0,0.0,1.3975995756472907e-33,0,0,1
1729,67464,霍瑄,cluster2_yuan_ming,0,0.0,0.0,1.3975995756472907e-33,0,1,0
1730,67467,劉丙,cluster2_yuan_ming,1,0.0,0.0,8.100518922695011e-13,0,1,0
1731,67477,王來,cluster2_yuan_ming,0,0.0,0.0,1.3975995756472907e-33,0,1,0
1732,67546,高榖,cluster2_yuan_ming,1,0.0,0.0,7.50330558788574e-25,0,1,0
1733,67612,劉定之,cluster2_yuan_ming,0,0.0,0.0,1.3975995756472907e-33,0,1,0
1734,67655,王復,cluster2_yuan_ming,0,0.0,0.0,1.3975995756472907e-33,0,1,0
1735,67676,何道生,cluster3_qing_after,0,0.0,0.0,1.3975995756472907e-33,0,0,1
1736,67715,王世紱,cluster3_qing_after,0,0.0,0.0,1.3975995756472907e-33,0,0,1
1737,67733,康永韶,cluster2_yuan_ming,1,0.0,0.0,7.50330558788574e-25,0,1,0
1738,67762,王鼎,cluster2_yuan_ming,0,0.0,0.0,1.3975995756472907e-33,0,1,0
1739,67777,劉大夏,cluster2_yuan_ming,5,5.720856319236138e-05,0.1,1.4876343234826247e-12,0,1,0
1740,67794,張昇,cluster2_yuan_ming,1,0.0,0.0,4.2380696741059754e-13,0,1,0
1741,67841,沈守廉,cluster3_qing_after,0,0.0,0.0,1.3975995756472907e-33,0,0,1
1742,67855,賈俊,cluster2_yuan_ming,1,0.0,0.0,1.968812761070012e-13,0,1,0
1743,67865,王佑,cluster2_yuan_ming,0,0.0,0.0,1.3975995756472907e-33,0,1,0
1744,67885,愛新覺羅功普,cluster3_qing_after,0,0.0,0.0,1.3975995756472907e-33,0,0,1
1745,67890,劉璋,cluster2_yuan_ming,1,0.0,0.0,8.100518922695011e-13,0,1,0
1746,67906,楊守隨,cluster2_yuan_ming,1,0.0,0.0,1.968812761070012e-13,0,1,0
1747,67922,張悦,cluster2_yuan_ming,0,0.0,0.0,1.3975995756472907e-33,0,1,0
1748,67936,曾鑑,cluster2_yuan_ming,0,0.0,0.0,1.3975995756472907e-33,0,1,0
1749,67939,徐恪,cluster2_yuan_ming,0,0.0,0.0,1.3975995756472907e-33,0,1,0
1750,67943,黃珂,cluster2_yuan_ming,0,0.0,0.0,1.3975995756472907e-33,0,1,0
1751,67944,叢蘭,cluster2_yuan_ming,0,0.0,0.0,1.3975995756472907e-33,0,1,0
1752,67953,王詔,cluster2_yuan_ming,0,0.0,0.0,1.3975995756472907e-33,0,1,0
1753,67971,張泰,cluster2_yuan_ming,0,0.0,0.0,1.3975995756472907e-33,0,1,0
1754,67990,樊瑩,cluster2_yuan_ming,0,0.0,0.0,1.3975995756472907e-33,0,1,0
1755,67993,高銓,cluster2_yuan_ming,0,0.0,0.0,1.3975995756472907e-33,0,1,0
1756,68004,馬中錫,cluster2_yuan_ming,1,0.0,0.0,3.4107513001509494e-13,0,1,0
1757,68016,洪鍾,cluster2_yuan_ming,0,0.0,0.0,1.3975995756472907e-33,0,1,0
1758,68050,王鑾,cluster2_yuan_ming,0,0.0,0.0,1.3975995756472907e-33,0,1,0
1759,68054,劉天麒,cluster2_yuan_ming,0,0.0,0.0,1.3975995756472907e-33,0,1,0
1760,68069,張欽,cluster2_yuan_ming,0,0.0,0.0,1.3975995756472907e-33,0,1,0
1761,68083,汪俊,cluster2_yuan_ming,2,1.0847149624305782e-05,0.0,8.55083554535068e-13,0,1,0
1762,68091,何遵,cluster2_yuan_ming,0,0.0,0.0,1.3975995756472907e-33,0,1,0
1763,68165,汪一中,cluster2_yuan_ming,0,0.0,0.0,1.3975995756472907e-33,0,1,0
1764,68195,鮑象賢,cluster2_yuan_ming,2,3.7167439153871284e-06,0.0,3.739362738751998e-12,0,1,0
1765,68196,姚鏌,cluster2_yuan_ming,2,1.0847149624305782e-05,0.0,8.55083554535068e-13,0,1,0
1766,68197,秦金,cluster2_yuan_ming,1,0.0,0.0,8.100518922695011e-13,0,1,0
1767,68200,張嵿,cluster2_yuan_ming,2,4.5962621302456116e-05,0.0,9.89458651489457e-13,0,1,0
1768,68201,席書,cluster2_yuan_ming,1,0.0,0.0,1.7940675921995588e-13,0,1,0
1769,68203,趙璜,cluster2_yuan_ming,1,0.0,0.0,1.5959248592679245e-20,0,1,0
1770,68216,趙貞吉,cluster2_yuan_ming,4,2.1694299248611563e-05,0.16666666666666666,1.0465130026935126e-11,0,1,0
1771,68228,趙珽,cluster2_yuan_ming,0,0.0,0.0,1.3975995756472907e-33,0,1,0
1772,68239,邢珣,cluster2_yuan_ming,0,0.0,0.0,1.3975995756472907e-33,0,1,0
1773,68240,蔣瑤,cluster2_yuan_ming,0,0.0,0.0,1.3975995756472907e-33,0,1,0
1774,68242,胡世寧,cluster2_yuan_ming,4,0.00015216849409234454,0.0,1.2805259527174603e-12,0,1,0
1775,68244,胡瓚,cluster2_yuan_ming,0,0.0,0.0,1.3975995756472907e-33,0,1,0
1776,68251,李承勛,cluster2_yuan_ming,1,0.0,0.0,2.7803830975026245e-13,0,1,0
1777,68253,詹榮,cluster2_yuan_ming,0,0.0,0.0,1.3975995756472907e-33,0,1,0
1778,68255,劉天和,cluster2_yuan_ming,2,1.5569333433567957e-05,0.0,4.681129400816514e-12,0,1,0
1779,68257,王以旂,cluster2_yuan_ming,1,0.0,0.0,1.3797646004274848e-12,0,1,0
1780,68258,黃綰,cluster2_yuan_ming,6,0.00015410444927261834,0.0,7.977031569119329e-13,0,1,0
1781,68261,范鏓,cluster2_yuan_ming,0,0.0,0.0,1.3975995756472907e-33,0,1,0
1782,68264,王瓊,cluster2_yuan_ming,1,0.0,0.0,7.50330558788574e-25,0,1,0
1783,68267,彭澤,cluster2_yuan_ming,2,0.0,1.0,1.133897759511859e-12,0,1,0
1784,68273,陶琰,cluster2_yuan_ming,1,0.0,0.0,4.2380696741059754e-13,0,1,0
1785,68276,李充嗣,cluster2_yuan_ming,0,0.0,0.0,1.3975995756472907e-33,0,1,0
1786,68281,王軏,cluster2_yuan_ming,0,0.0,0.0,1.3975995756472907e-33,0,1,0
1787,68282,毛伯溫,cluster2_yuan_ming,2,5.31723020799303e-07,0.0,2.1790656834472975e-12,0,1,0
1788,68287,宋景,cluster2_yuan_ming,0,0.0,0.0,1.3975995756472907e-33,0,1,0
1789,68290,胡松,cluster2_yuan_ming,0,0.0,0.0,1.3975995756472907e-33,0,1,0
1790,68293,劉訒,cluster2_yuan_ming,0,0.0,0.0,1.3975995756472907e-33,0,1,0
1791,68295,孫應奎,cluster2_yuan_ming,0,0.0,0.0,1.3975995756472907e-33,0,1,0
1792,68296,孫應奎,cluster2_yuan_ming,1,0.0,0.0,5.798998174070864e-12,0,1,0
1793,68297,方鈍,cluster2_yuan_ming,0,0.0,0.0,1.3975995756472907e-33,0,1,0
1794,68303,潘恩,cluster2_yuan_ming,3,6.331991950891676e-05,0.0,5.67766157937433e-12,0,1,0
1795,68307,劉心,cluster2_yuan_ming,1,0.0,0.0,5.798998174070864e-12,0,1,0
1796,68313,歐陽鐸,cluster2_yuan_ming,2,9.943220488946966e-06,0.0,1.8035715678380823e-12,0,1,0
1797,68317,陶諧,cluster2_yuan_ming,2,1.2761352499183273e-06,0.0,2.1634963803720835e-21,0,1,0
1798,68318,譚大初,cluster2_yuan_ming,0,0.0,0.0,1.3975995756472907e-33,0,1,0
1799,68319,潘旦,cluster2_yuan_ming,0,0.0,0.0,1.3975995756472907e-33,0,1,0
1800,68320,廖紀,cluster2_yuan_ming,0,0.0,0.0,1.3975995756472907e-33,0,1,0
1801,68321,廖紀,cluster2_yuan_ming,0,0.0,0.0,1.3975995756472907e-33,0,1,0
1802,68323,陶大順,cluster2_yuan_ming,1,0.0,0.0,1.3371142976073185e-21,0,1,0
1803,68325,李中,cluster2_yuan_ming,0,0.0,0.0,1.3975995756472907e-33,0,1,0
1804,68337,朱裳,cluster2_yuan_ming,0,0.0,0.0,1.3975995756472907e-33,0,1,0
1805,68347,曾鈞,cluster2_yuan_ming,1,0.0,0.0,3.2724424078899067e-12,0,1,0
1806,68349,周用,cluster2_yuan_ming,6,0.00017424901760788216,0.0,6.4371386181069846e-12,0,1,0
1807,68354,楊守謙,cluster2_yuan_ming,0,0.0,0.0,1.3975995756472907e-33,0,1,0
1808,68366,劉安,cluster2_yuan_ming,0,0.0,0.0,1.3975995756472907e-33,0,1,0
1809,68395,邵經邦,cluster2_yuan_ming,3,0.0,0.0,2.948884760984348e-20,0,1,0
1810,68418,聶賢,cluster2_yuan_ming,0,0.0,0.0,1.3975995756472907e-33,0,1,0
1811,68422,湯沐,cluster2_yuan_ming,2,0.00014824244466058825,0.0,2.1898164926969856e-12,0,1,0
1812,68454,周思兼,cluster2_yuan_ming,1,0.0,0.0,0.001875527448705163,0,1,0
1813,68456,楊最,cluster2_yuan_ming,0,0.0,0.0,1.3975995756472907e-33,0,1,0
1814,68467,樊深,cluster2_yuan_ming,0,0.0,0.0,1.3975995756472907e-33,0,1,0
1815,68483,劉魁,cluster2_yuan_ming,0,0.0,0.0,1.3975995756472907e-33,0,1,0
1816,68502,趙錦,cluster2_yuan_ming,2,1.0847149624305782e-05,0.0,4.0855019958563585e-12,0,1,0
1817,68511,馬從謙,cluster2_yuan_ming,0,0.0,0.0,1.3975995756472907e-33,0,1,0
1818,68548,徐陟,cluster2_yuan_ming,1,0.0,0.0,3.901488447132687e-12,0,1,0
1819,68617,王龍詔,cluster3_qing_after,0,0.0,0.0,1.3975995756472907e-33,0,0,1
1820,68715,馮堉,cluster3_qing_after,0,0.0,0.0,1.3975995756472907e-33,0,0,1
1821,68800,孫濬,cluster3_qing_after,0,0.0,0.0,1.3975995756472907e-33,0,0,1
1822,68823,董傳策,cluster2_yuan_ming,0,0.0,0.0,1.3975995756472907e-33,0,1,0
1823,68847,鄒應龍,cluster2_yuan_ming,0,0.0,0.0,1.3975995756472907e-33,0,1,0
1824,68851,張檟,cluster2_yuan_ming,0,0.0,0.0,1.3975995756472907e-33,0,1,0
1825,69103,王以銜,cluster3_qing_after,0,0.0,0.0,1.3975995756472907e-33,0,0,1
1826,69113,馬森,cluster2_yuan_ming,1,0.0,0.0,5.798998174070864e-12,0,1,0
1827,69142,靳學顏,cluster2_yuan_ming,7,0.00013977113017012662,0.09523809523809523,1.532428705810997e-11,0,1,0
1828,69145,毛愷,cluster2_yuan_ming,1,0.0,0.0,7.700396330119527e-13,0,1,0
1829,69148,王廷,cluster2_yuan_ming,2,5.398680507088197e-05,0.0,7.1787627744983485e-12,0,1,0
1830,69164,克什布,cluster3_qing_after,0,0.0,0.0,1.3975995756472907e-33,0,0,1
1831,69196,駱問禮,cluster2_yuan_ming,5,0.0001305590416052124,0.0,6.647526974594826e-12,0,1,0
1832,69261,汪文輝,cluster2_yuan_ming,0,0.0,0.0,1.3975995756472907e-33,0,1,0
1833,69316,牛稔文,cluster3_qing_after,0,0.0,0.0,1.3975995756472907e-33,0,0,1
1834,69355,王克莊,cluster3_qing_after,0,0.0,0.0,1.3975995756472907e-33,0,0,1
1835,69429,王楚堂,cluster3_qing_after,0,0.0,0.0,1.3975995756472907e-33,0,0,1
1836,69478,覺羅蘇庫,cluster3_qing_after,0,0.0,0.0,1.3975995756472907e-33,0,0,1
1837,71875,王思任,cluster2_yuan_ming,1,0.0,0.0,1.8250177510590394e-11,0,1,0
1838,72325,毛永柏,cluster3_qing_after,0,0.0,0.0,1.3975995756472907e-33,0,0,1
1839,72944,龍燮,cluster2_yuan_ming,0,0.0,0.0,1.3975995756472907e-33,0,1,0
1840,73713,成善,cluster3_qing_after,0,0.0,0.0,1.3975995756472907e-33,0,0,1
1841,74032,朱日爃,cluster2_yuan_ming,0,0.0,0.0,1.3975995756472907e-33,0,1,0
1842,74406,伍輔祥,cluster3_qing_after,0,0.0,0.0,1.3975995756472907e-33,0,0,1
1843,74543,華允誠,cluster2_yuan_ming,0,0.0,0.0,1.3975995756472907e-33,0,1,0
1844,74964,劉世寧,cluster3_qing_after,0,0.0,0.0,1.3975995756472907e-33,0,0,1
1845,75007,劉光斗,cluster2_yuan_ming,0,0.0,0.0,1.3975995756472907e-33,0,1,0
1846,75284,劉維烈,cluster2_yuan_ming,1,0.0,0.0,1.503516943899234e-22,0,1,0
1847,77626,李昌昱,cluster3_qing_after,0,0.0,0.0,1.3975995756472907e-33,0,0,1
1848,78082,吳煒,cluster3_qing_after,0,0.0,0.0,1.3975995756472907e-33,0,0,1
1849,78202,吳一蜚,cluster2_yuan_ming,0,0.0,0.0,1.3975995756472907e-33,0,1,0
1850,79885,宋宗元,cluster3_qing_after,0,0.0,0.0,1.3975995756472907e-33,0,0,1
1851,79995,張標,cluster2_yuan_ming,0,0.0,0.0,1.3975995756472907e-33,0,1,0
1852,80689,張孟球,cluster3_qing_after,0,0.0,0.0,1.3975995756472907e-33,0,0,1
1853,81491,陳鶴,cluster3_qing_after,0,0.0,0.0,1.3975995756472907e-33,0,0,1
1854,82232,陳履中,cluster3_qing_after,0,0.0,0.0,1.3975995756472907e-33,0,0,1
1855,83555,周清源,cluster3_qing_after,0,0.0,0.0,1.3975995756472907e-33,0,0,1
1856,83928,宜思恭,cluster3_qing_after,0,0.0,0.0,1.3975995756472907e-33,0,0,1
1857,85843,袁州佐,cluster2_yuan_ming,0,0.0,0.0,1.3975995756472907e-33,0,1,0
1858,86710,徐棟,cluster3_qing_after,0,0.0,0.0,1.3975995756472907e-33,0,0,1
1859,86775,徐潮,cluster3_qing_after,0,0.0,0.0,1.3975995756472907e-33,0,0,1
1860,86877,徐爾一,cluster2_yuan_ming,0,0.0,0.0,1.3975995756472907e-33,0,1,0
1861,89950,程文正,cluster3_qing_after,0,0.0,0.0,1.3975995756472907e-33,0,0,1
1862,90290,童槐,cluster3_qing_after,0,0.0,0.0,1.3975995756472907e-33,0,0,1
1863,91232,熊一瀟,cluster2_yuan_ming,0,0.0,0.0,1.3975995756472907e-33,0,1,0
1864,91233,熊人霖,cluster2_yuan_ming,1,0.0,0.0,2.328247020004457e-14,0,1,0
1865,91350,黎元寬,cluster2_yuan_ming,0,0.0,0.0,1.3975995756472907e-33,0,1,0
1866,91958,馬宇,cluster1_song_and_before,0,0.0,0.0,1.3975995756472907e-33,1,0,0
1867,92022,王緯,cluster1_song_and_before,1,0.0,0.0,1.503516943899234e-22,1,0,0
1868,92079,王涯,cluster1_song_and_before,1,0.0,0.0,7.50330558788574e-25,1,0,0
1869,92109,王播,cluster1_song_and_before,0,0.0,0.0,1.3975995756472907e-33,1,0,0
1870,92111,王鎔,cluster1_song_and_before,0,0.0,0.0,1.3975995756472907e-33,1,0,0
1871,92176,韋純,cluster1_song_and_before,1,0.0,0.0,7.50330558788574e-25,1,0,0
1872,92196,韋蟾,cluster1_song_and_before,0,0.0,0.0,1.3975995756472907e-33,1,0,0
1873,92306,盧士玫,cluster1_song_and_before,0,0.0,0.0,1.3975995756472907e-33,1,0,0
1874,92308,盧從愿,cluster1_song_and_before,0,0.0,0.0,1.3975995756472907e-33,1,0,0
1875,92309,盧文紀,cluster1_song_and_before,0,0.0,0.0,1.3975995756472907e-33,1,0,0
1876,92311,盧弘正,cluster1_song_and_before,0,0.0,0.0,1.3975995756472907e-33,1,0,0
1877,92440,馮宿,cluster1_song_and_before,0,0.0,0.0,1.3975995756472907e-33,1,0,0
1878,92608,劉太真,cluster1_song_and_before,2,0.0,0.0,2.1262940533200443e-22,1,0,0
1879,92700,劉闢,cluster1_song_and_before,0,0.0,0.0,1.3975995756472907e-33,1,0,0
1880,92702,劉瞻,cluster1_song_and_before,0,0.0,0.0,1.3975995756472907e-33,1,0,0
1881,92853,杜羔,cluster1_song_and_before,0,0.0,0.0,1.3975995756472907e-33,1,0,0
1882,92866,李之芳,cluster1_song_and_before,1,0.0,0.0,9.278738686845651e-14,1,0,0
1883,92909,李躔,cluster1_song_and_before,0,0.0,0.0,1.3975995756472907e-33,1,0,0
1884,92921,李陽冰,cluster1_song_and_before,1,0.0,0.0,3.989417977376162e-14,1,0,0
1885,92966,李迥秀,cluster1_song_and_before,0,0.0,0.0,1.3975995756472907e-33,1,0,0
1886,92999,李適,cluster1_song_and_before,2,2.307677910268975e-05,0.0,2.1102306969926354e-13,1,0,0
1887,93025,李逢吉,cluster1_song_and_before,1,0.0,0.0,6.161300137955833e-14,1,0,0
1888,93096,李嘉祐,cluster1_song_and_before,2,3.1903381247958184e-06,0.0,1.5939444699359556e-13,1,0,0
1889,93106,李肇,cluster1_song_and_before,0,0.0,0.0,1.3975995756472907e-33,1,0,0
1890,93159,楊玢,cluster1_song_and_before,1,0.0,0.0,3.956885047267038e-21,1,0,0
1891,93164,楊知至,cluster1_song_and_before,1,0.0,0.0,3.956885047267038e-21,1,0,0
1892,93516,張策,cluster1_song_and_before,0,0.0,0.0,1.3975995756472907e-33,1,0,0
1893,93609,陳巖,cluster1_song_and_before,0,0.0,0.0,1.3975995756472907e-33,1,0,0
1894,93797,周墀,cluster1_song_and_before,0,0.0,0.0,1.3975995756472907e-33,1,0,0
1895,93853,鄭絪,cluster1_song_and_before,0,0.0,0.0,1.3975995756472907e-33,1,0,0
1896,93887,鄭儋,cluster1_song_and_before,0,0.0,0.0,1.3975995756472907e-33,1,0,0
1897,93923,宗晉卿,cluster1_song_and_before,0,0.0,0.0,1.3975995756472907e-33,1,0,0
1898,93958,孟球,cluster1_song_and_before,0,0.0,0.0,1.3975995756472907e-33,1,0,0
1899,93973,封敖,cluster1_song_and_before,0,0.0,0.0,1.3975995756472907e-33,1,0,0
1900,94036,胡證,cluster1_song_and_before,0,0.0,0.0,1.3975995756472907e-33,1,0,0
1901,94054,査文徽,cluster1_song_and_before,0,0.0,0.0,1.3975995756472907e-33,1,0,0
1902,94084,鍾允章,cluster1_song_and_before,0,0.0,0.0,1.3975995756472907e-33,1,0,0
1903,94116,皇甫湜,cluster1_song_and_before,1,0.0,0.0,7.50330558788574e-25,1,0,0
1904,94273,錢徽,cluster1_song_and_before,1,0.0,0.0,6.161300137955833e-14,1,0,0
1905,94299,徐洪,cluster1_song_and_before,0,0.0,0.0,1.3975995756472907e-33,1,0,0
1906,94305,徐浩,cluster1_song_and_before,0,0.0,0.0,1.3975995756472907e-33,1,0,0
1907,94370,高璩,cluster1_song_and_before,0,0.0,0.0,1.3975995756472907e-33,1,0,0
1908,94390,郭虛己,cluster1_song_and_before,0,0.0,0.0,1.3975995756472907e-33,1,0,0
1909,94474,曹汾,cluster1_song_and_before,0,0.0,0.0,1.3975995756472907e-33,1,0,0
1910,94543,崔居儉,cluster1_song_and_before,0,0.0,0.0,1.3975995756472907e-33,1,0,0
1911,94546,崔咸,cluster1_song_and_before,0,0.0,0.0,1.3975995756472907e-33,1,0,0
1912,94549,崔泰之,cluster1_song_and_before,1,0.0,0.0,1.494100683197052e-13,1,0,0
1913,94559,崔梲,cluster1_song_and_before,0,0.0,0.0,1.3975995756472907e-33,1,0,0
1914,94603,庾敬休,cluster1_song_and_before,0,0.0,0.0,1.3975995756472907e-33,1,0,0
1915,94626,閻立本,cluster1_song_and_before,0,0.0,0.0,1.3975995756472907e-33,1,0,0
1916,94630,閻濟美,cluster1_song_and_before,0,0.0,0.0,1.3975995756472907e-33,1,0,0
1917,94718,韓章,cluster1_song_and_before,1,0.0,0.0,6.443020612551616e-14,1,0,0
1918,94758,程則,cluster1_song_and_before,1,0.0,0.0,1.494100683197052e-13,1,0,0
1919,94810,溫彥弘,cluster1_song_and_before,0,0.0,0.0,1.3975995756472907e-33,1,0,0
1920,94858,鮑防,cluster1_song_and_before,0,0.0,0.0,1.3975995756472907e-33,1,0,0
1921,94883,竇夢徴,cluster1_song_and_before,0,0.0,0.0,1.3975995756472907e-33,1,0,0
1922,94959,裴皞,cluster1_song_and_before,0,0.0,0.0,1.3975995756472907e-33,1,0,0
1923,94978,翟再溫,cluster1_song_and_before,0,0.0,0.0,1.3975995756472907e-33,1,0,0
1924,95071,薛能,cluster1_song_and_before,2,0.0,1.0,1.5440038824801485e-13,1,0,0
1925,95556,丁誦,cluster1_song_and_before,0,0.0,0.0,1.3975995756472907e-33,1,0,0
1926,95627,何處仁,cluster1_song_and_before,0,0.0,0.0,1.3975995756472907e-33,1,0,0
1927,95738,劉大辨,cluster1_song_and_before,0,0.0,0.0,1.3975995756472907e-33,1,0,0
1928,96368,左瑋,cluster1_song_and_before,0,0.0,0.0,1.3975995756472907e-33,1,0,0
1929,96663,彭介,cluster1_song_and_before,0,0.0,0.0,1.3975995756472907e-33,1,0,0
1930,97978,王盤,cluster1_song_and_before,0,0.0,0.0,1.3975995756472907e-33,1,0,0
1931,98013,王蒙正,cluster1_song_and_before,0,0.0,0.0,1.3975995756472907e-33,1,0,0
1932,98334,胡咸秩,cluster1_song_and_before,0,0.0,0.0,1.3975995756472907e-33,1,0,0
1933,99043,黎靖德,cluster1_song_and_before,1,0.0,0.0,1.503516943899234e-22,1,0,0
1934,100017,徐愛,cluster2_yuan_ming,1,0.0,0.0,1.7940675921995588e-13,0,1,0
1935,100295,卜天璋,cluster1_song_and_before,0,0.0,0.0,1.3975995756472907e-33,1,0,0
1936,100686,王宗,cluster1_song_and_before,0,0.0,0.0,1.3975995756472907e-33,1,0,0
1937,100750,王倚,cluster1_song_and_before,0,0.0,0.0,1.3975995756472907e-33,1,0,0
1938,100816,王善,cluster2_yuan_ming,0,0.0,0.0,1.3975995756472907e-33,0,1,0
1939,100914,王綱,cluster1_song_and_before,0,0.0,0.0,1.3975995756472907e-33,1,0,0
1940,100983,王謙,cluster2_yuan_ming,0,0.0,0.0,1.3975995756472907e-33,0,1,0
1941,101128,王弘鈞,cluster1_song_and_before,0,0.0,0.0,1.3975995756472907e-33,1,0,0
1942,101171,王安貞,cluster1_song_and_before,0,0.0,0.0,1.3975995756472907e-33,1,0,0
1943,101278,王思廉,cluster1_song_and_before,0,0.0,0.0,1.3975995756472907e-33,1,0,0
1944,101516,包容德,cluster2_yuan_ming,0,0.0,0.0,1.3975995756472907e-33,0,1,0
1945,101668,田忠良,cluster1_song_and_before,0,0.0,0.0,1.3975995756472907e-33,1,0,0
1946,101864,宇文公諒,cluster2_yuan_ming,0,0.0,0.0,1.3975995756472907e-33,0,1,0
1947,102377,吳元珪,cluster1_song_and_before,0,0.0,0.0,1.3975995756472907e-33,1,0,0
1948,102569,呂天祺,cluster1_song_and_before,1,0.0,0.0,7.50330558788574e-25,1,0,0
1949,102575,呂合剌,cluster1_song_and_before,1,0.0,0.0,7.50330558788574e-25,1,0,0
1950,102628,宋超,cluster1_song_and_before,0,0.0,0.0,1.3975995756472907e-33,1,0,0
1951,102733,成遵,cluster2_yuan_ming,0,0.0,0.0,1.3975995756472907e-33,0,1,0
1952,102822,李芳,cluster1_song_and_before,0,0.0,0.0,1.3975995756472907e-33,1,0,0
1953,102997,李綱,cluster1_song_and_before,0,0.0,0.0,1.3975995756472907e-33,1,0,0
1954,103241,李克忠,cluster1_song_and_before,0,0.0,0.0,1.3975995756472907e-33,1,0,0
1955,103247,李克讓,cluster1_song_and_before,0,0.0,0.0,1.3975995756472907e-33,1,0,0
1956,103376,李惟閏,cluster2_yuan_ming,0,0.0,0.0,1.3975995756472907e-33,0,1,0
1957,104049,周繼周,cluster2_yuan_ming,0,0.0,0.0,1.3975995756472907e-33,0,1,0
1958,104161,岳鉉,cluster1_song_and_before,0,0.0,0.0,1.3975995756472907e-33,1,0,0
1959,104911,胡彝,cluster2_yuan_ming,0,0.0,0.0,1.3975995756472907e-33,0,1,0
1960,105151,倪居敬,cluster2_yuan_ming,0,0.0,0.0,1.3975995756472907e-33,0,1,0
1961,105210,唐仁祖,cluster1_song_and_before,0,0.0,0.0,1.3975995756472907e-33,1,0,0
1962,105267,夏應祥,cluster2_yuan_ming,0,0.0,0.0,1.3975995756472907e-33,0,1,0
1963,105289,孫拱,cluster1_song_and_before,0,0.0,0.0,1.3975995756472907e-33,1,0,0
1964,105922,郜文忠,cluster1_song_and_before,0,0.0,0.0,1.3975995756472907e-33,1,0,0
1965,105935,郝彬,cluster1_song_and_before,0,0.0,0.0,1.3975995756472907e-33,1,0,0
1966,105955,郝伯魯,cluster1_song_and_before,0,0.0,0.0,1.3975995756472907e-33,1,0,0
1967,105983,馬亨,cluster1_song_and_before,0,0.0,0.0,1.3975995756472907e-33,1,0,0
1968,106044,馬曙,cluster1_song_and_before,0,0.0,0.0,1.3975995756472907e-33,1,0,0
1969,106227,高觿,cluster1_song_and_before,0,0.0,0.0,1.3975995756472907e-33,1,0,0
1970,106263,高克恭,cluster1_song_and_before,0,0.0,0.0,1.3975995756472907e-33,1,0,0
1971,106333,偰哲篤,cluster2_yuan_ming,0,0.0,0.0,1.3975995756472907e-33,0,1,0
1972,106418,常中,cluster1_song_and_before,0,0.0,0.0,1.3975995756472907e-33,1,0,0
1973,106942,張世昌,cluster1_song_and_before,0,0.0,0.0,1.3975995756472907e-33,1,0,0
1974,107677,許從宗,cluster1_song_and_before,0,0.0,0.0,1.3975995756472907e-33,1,0,0
1975,107679,許從宣,cluster1_song_and_before,0,0.0,0.0,1.3975995756472907e-33,1,0,0
1976,107822,郭守敬,cluster1_song_and_before,0,0.0,0.0,1.3975995756472907e-33,1,0,0
1977,107845,郭明德,cluster1_song_and_before,0,0.0,0.0,1.3975995756472907e-33,1,0,0
1978,109309,廉惠山海牙,cluster2_yuan_ming,0,0.0,0.0,1.3975995756472907e-33,0,1,0
1979,109317,敬鉉,cluster1_song_and_before,0,0.0,0.0,1.3975995756472907e-33,1,0,0
1980,109504,楊元直,cluster1_song_and_before,0,0.0,0.0,1.3975995756472907e-33,1,0,0
1981,109615,楊教化,cluster1_song_and_before,0,0.0,0.0,1.3975995756472907e-33,1,0,0
1982,109812,葛應雷,cluster1_song_and_before,0,0.0,0.0,1.3975995756472907e-33,1,0,0
1983,109996,賈魯,cluster2_yuan_ming,0,0.0,0.0,1.3975995756472907e-33,0,1,0
1984,110115,靳泰,cluster2_yuan_ming,1,0.0,0.0,7.50330558788574e-25,0,1,0
1985,110129,靳德進,cluster1_song_and_before,1,0.0,0.0,7.50330558788574e-25,1,0,0
1986,110139,寧玉,cluster1_song_and_before,0,0.0,0.0,1.3975995756472907e-33,1,0,0
1987,110167,暢篤,cluster1_song_and_before,0,0.0,0.0,1.3975995756472907e-33,1,0,0
1988,110299,蓋苗,cluster2_yuan_ming,0,0.0,0.0,1.3975995756472907e-33,0,1,0
1989,110321,趙友,cluster1_song_and_before,0,0.0,0.0,1.3975995756472907e-33,1,0,0
1990,110526,趙公諒,cluster2_yuan_ming,0,0.0,0.0,1.3975995756472907e-33,0,1,0
1991,110845,劉岳,cluster1_song_and_before,1,0.0,0.0,1.503516943899234e-22,1,0,0
1992,111287,劉事義,cluster1_song_and_before,0,0.0,0.0,1.3975995756472907e-33,1,0,0
1993,111310,劉秉仁,cluster2_yuan_ming,0,0.0,0.0,1.3975995756472907e-33,0,1,0
1994,111525,歐陽懋,cluster1_song_and_before,0,0.0,0.0,1.3975995756472907e-33,1,0,0
1995,111765,鄧石,cluster2_yuan_ming,0,0.0,0.0,1.3975995756472907e-33,0,1,0
1996,112150,蕭泰登,cluster1_song_and_before,2,1.2761352499183273e-06,0.0,2.1262940533200443e-22,1,0,0
1997,112592,韓公麟,cluster1_song_and_before,0,0.0,0.0,1.3975995756472907e-33,1,0,0
1998,112716,聶輝,cluster1_song_and_before,0,0.0,0.0,1.3975995756472907e-33,1,0,0
1999,112837,羅璧,cluster1_song_and_before,0,0.0,0.0,1.3975995756472907e-33,1,0,0
2000,112971,嚴壽逸,cluster1_song_and_before,0,0.0,0.0,1.3975995756472907e-33,1,0,0
2001,113460,顧信,cluster2_yuan_ming,0,0.0,0.0,1.3975995756472907e-33,0,1,0
2002,113924,拜降,cluster1_song_and_before,0,0.0,0.0,1.3975995756472907e-33,1,0,0
2003,114192,不忽木,cluster1_song_and_before,0,0.0,0.0,1.3975995756472907e-33,1,0,0
2004,114632,篤爾只,cluster2_yuan_ming,0,0.0,0.0,1.3975995756472907e-33,0,1,0
2005,114900,觀音奴,cluster2_yuan_ming,0,0.0,0.0,1.3975995756472907e-33,0,1,0
2006,115560,木八剌沙,cluster2_yuan_ming,0,0.0,0.0,1.3975995756472907e-33,0,1,0
2007,115866,烏馬兒,cluster2_yuan_ming,0,0.0,0.0,1.3975995756472907e-33,0,1,0
2008,116691,鎖住,cluster2_yuan_ming,0,0.0,0.0,1.3975995756472907e-33,0,1,0
2009,116823,泰不華,cluster2_yuan_ming,0,0.0,0.0,1.3975995756472907e-33,0,1,0
2010,117031,鐵木兒塔識,cluster2_yuan_ming,0,0.0,0.0,1.3975995756472907e-33,0,1,0
2011,117195,託本,cluster2_yuan_ming,0,0.0,0.0,1.3975995756472907e-33,0,1,0
2012,117390,月魯不花,cluster2_yuan_ming,0,0.0,0.0,1.3975995756472907e-33,0,1,0
2013,117417,五十六,cluster2_yuan_ming,0,0.0,0.0,1.3975995756472907e-33,0,1,0
2014,117680,宋淵,cluster2_yuan_ming,0,0.0,0.0,1.3975995756472907e-33,0,1,0
2015,122198,鍾惺,cluster2_yuan_ming,1,0.0,0.0,7.50330558788574e-25,0,1,0
2016,122531,馬維陛,cluster2_yuan_ming,0,0.0,0.0,1.3975995756472907e-33,0,1,0
2017,122637,楊成,cluster2_yuan_ming,1,0.0,0.0,7.50330558788574e-25,0,1,0
2018,123667,習振翎,cluster3_qing_after,0,0.0,0.0,1.3975995756472907e-33,0,0,1
2019,123678,文佳成林,cluster3_qing_after,0,0.0,0.0,1.3975995756472907e-33,0,0,1
2020,123816,陳宗濂,cluster3_qing_after,0,0.0,0.0,1.3975995756472907e-33,0,0,1
2021,123827,愛新覺羅孚會,cluster3_qing_after,0,0.0,0.0,1.3975995756472907e-33,0,0,1
2022,124068,沈演,cluster2_yuan_ming,7,9.18422385697173e-05,0.09523809523809523,2.7382021758678956e-11,0,1,0
2023,124262,屈為經,cluster3_qing_after,0,0.0,0.0,1.3975995756472907e-33,0,0,1
2024,124308,李邦華,cluster2_yuan_ming,2,8.398641073956533e-05,0.0,2.1937015976303334e-11,0,1,0
2025,124331,卓爾康,cluster2_yuan_ming,0,0.0,0.0,1.3975995756472907e-33,0,1,0
2026,124348,薩克達弁塔哈,cluster3_qing_after,0,0.0,0.0,1.3975995756472907e-33,0,0,1
2027,124364,劉一儒,cluster2_yuan_ming,0,0.0,0.0,1.3975995756472907e-33,0,1,0
2028,124395,王世琇,cluster2_yuan_ming,0,0.0,0.0,1.3975995756472907e-33,0,1,0
2029,124715,劉應節,cluster2_yuan_ming,0,0.0,0.0,1.3975995756472907e-33,0,1,0
2030,124733,徐栻,cluster2_yuan_ming,2,0.00010209081999346619,0.0,4.0855019958563585e-12,0,1,0
2031,124734,王遴,cluster2_yuan_ming,1,0.0,0.0,5.127352712472788e-12,0,1,0
2032,124742,畢鏘,cluster2_yuan_ming,0,0.0,0.0,1.3975995756472907e-33,0,1,0
2033,124796,李世達,cluster2_yuan_ming,0,0.0,0.0,1.3975995756472907e-33,0,1,0
2034,124804,曾同亨,cluster2_yuan_ming,4,0.0007363832115049548,0.16666666666666666,2.7671138910806227e-11,0,1,0
2035,124850,袁洪愈,cluster2_yuan_ming,0,0.0,0.0,1.3975995756472907e-33,0,1,0
2036,124861,高璐,cluster3_qing_after,0,0.0,0.0,1.3975995756472907e-33,0,0,1
2037,124863,常發祥,cluster3_qing_after,0,0.0,0.0,1.3975995756472907e-33,0,0,1
2038,124886,吳文華,cluster2_yuan_ming,1,0.0,0.0,6.18844221904644e-13,0,1,0
2039,124891,耿定向,cluster2_yuan_ming,7,0.0004790041334407451,0.0,6.654960029013083e-12,0,1,0
2040,124912,張端本,cluster3_qing_after,0,0.0,0.0,1.3975995756472907e-33,0,0,1
2041,124932,郝傑,cluster2_yuan_ming,0,0.0,0.0,1.3975995756472907e-33,0,1,0
2042,124967,丁賓,cluster2_yuan_ming,8,0.0001803999480795258,0.0,1.798886887872649e-11,0,1,0
2043,125004,畢棠,cluster3_qing_after,0,0.0,0.0,1.3975995756472907e-33,0,0,1
2044,125077,李遷,cluster2_yuan_ming,1,0.0,0.0,7.50330558788574e-25,0,1,0
2045,125108,喬人傑,cluster3_qing_after,0,0.0,0.0,1.3975995756472907e-33,0,0,1
2046,125133,淩雲翼,cluster2_yuan_ming,0,0.0,0.0,1.3975995756472907e-33,0,1,0
2047,125136,朱衡,cluster2_yuan_ming,6,0.00012932132265772725,0.2,1.741477081168976e-11,0,1,0
2048,125163,翁大立,cluster2_yuan_ming,1,0.0,0.0,3.901488447132687e-12,0,1,0
2049,125165,馮光元,cluster3_qing_after,0,0.0,0.0,1.3975995756472907e-33,0,0,1
2050,125185,潘季馴,cluster2_yuan_ming,2,0.0002867964124976488,0.0,1.7575258028246238e-12,0,1,0
2051,125187,吳桂芳,cluster2_yuan_ming,0,0.0,0.0,1.3975995756472907e-33,0,1,0
2052,125188,傅希摯,cluster2_yuan_ming,0,0.0,0.0,1.3975995756472907e-33,0,1,0
2053,125234,楚維寧,cluster3_qing_after,0,0.0,0.0,1.3975995756472907e-33,0,0,1
2054,125235,嚴清,cluster2_yuan_ming,0,0.0,0.0,1.3975995756472907e-33,0,1,0
2055,125305,覺羅達椿,cluster3_qing_after,0,0.0,0.0,1.3975995756472907e-33,0,0,1
2056,125306,阿克達春,cluster3_qing_after,0,0.0,0.0,1.3975995756472907e-33,0,0,1
2057,125309,張瀚,cluster2_yuan_ming,6,0.0001477020207176304,0.0,3.5998984403594123e-12,0,1,0
2058,125334,劉永泰,cluster3_qing_after,0,0.0,0.0,1.3975995756472907e-33,0,0,1
2059,125336,楊時喬,cluster2_yuan_ming,1,0.0,0.0,3.686838465712939e-12,0,1,0
2060,125337,李戴,cluster2_yuan_ming,0,0.0,0.0,1.3975995756472907e-33,0,1,0
2061,125397,蔡德晉,cluster3_qing_after,0,0.0,0.0,1.3975995756472907e-33,0,0,1
2062,125427,蔣實英,cluster3_qing_after,0,0.0,0.0,1.3975995756472907e-33,0,0,1
2063,125527,張孔教,cluster2_yuan_ming,0,0.0,0.0,1.3975995756472907e-33,0,1,0
2064,125582,蕭廩,cluster2_yuan_ming,0,0.0,0.0,1.3975995756472907e-33,0,1,0
2065,125584,李頤,cluster2_yuan_ming,0,0.0,0.0,1.3975995756472907e-33,0,1,0
2066,125601,萬象春,cluster2_yuan_ming,0,0.0,0.0,1.3975995756472907e-33,0,1,0
2067,125694,李化龍,cluster2_yuan_ming,1,0.0,0.0,3.686838465712939e-12,0,1,0
2068,126299,丁元薦,cluster2_yuan_ming,5,0.00014699255028702098,0.2,3.809242031845038e-11,0,1,0
2069,126309,丁自申,cluster2_yuan_ming,0,0.0,0.0,1.3975995756472907e-33,0,1,0
2070,126330,丁璐,cluster2_yuan_ming,0,0.0,0.0,1.3975995756472907e-33,0,1,0
2071,126331,丁懋遜,cluster2_yuan_ming,0,0.0,0.0,1.3975995756472907e-33,0,1,0
2072,126376,方九功,cluster2_yuan_ming,0,0.0,0.0,1.3975995756472907e-33,0,1,0
2073,126387,方弘靜,cluster2_yuan_ming,4,2.414022514428836e-05,0.0,3.0622884611649755e-12,0,1,0
2074,126392,方良曙,cluster2_yuan_ming,0,0.0,0.0,1.3975995756472907e-33,0,1,0
2075,126411,方廉,cluster2_yuan_ming,0,0.0,0.0,1.3975995756472907e-33,0,1,0
2076,126438,王康,cluster2_yuan_ming,0,0.0,0.0,1.3975995756472907e-33,0,1,0
2077,126521,王如堅,cluster2_yuan_ming,0,0.0,0.0,1.3975995756472907e-33,0,1,0
2078,126609,王昺,cluster2_yuan_ming,0,0.0,0.0,1.3975995756472907e-33,0,1,0
2079,126657,王純,cluster2_yuan_ming,2,2.1694299248611563e-05,0.0,8.577675189677299e-13,0,1,0
2080,126692,王莘,cluster2_yuan_ming,1,0.0,0.0,7.50330558788574e-25,0,1,0
2081,126725,王鈁,cluster2_yuan_ming,0,0.0,0.0,1.3975995756472907e-33,0,1,0
2082,126819,王德新,cluster2_yuan_ming,0,0.0,0.0,1.3975995756472907e-33,0,1,0
2083,126879,王繼宗,cluster2_yuan_ming,0,0.0,0.0,1.3975995756472907e-33,0,1,0
2084,126955,尤魯,cluster2_yuan_ming,0,0.0,0.0,1.3975995756472907e-33,0,1,0
2085,127066,史琳,cluster2_yuan_ming,0,0.0,0.0,1.3975995756472907e-33,0,1,0
2086,127166,江一麟,cluster2_yuan_ming,2,7.337777687030382e-06,0.0,6.450328921829782e-12,0,1,0
2087,127171,江治,cluster2_yuan_ming,0,0.0,0.0,1.3975995756472907e-33,0,1,0
2088,127192,安希范,cluster2_yuan_ming,2,1.7865893498856583e-05,0.0,2.1095644890787706e-11,0,1,0
2089,127385,朱維京,cluster2_yuan_ming,1,0.0,0.0,3.712529352393591e-12,0,1,0
2090,127417,朱爵,cluster2_yuan_ming,0,0.0,0.0,1.3975995756472907e-33,0,1,0
2091,127467,仲本,cluster2_yuan_ming,2,0.0,1.0,9.591778628167397e-20,0,1,0
2092,127474,仰儒,cluster2_yuan_ming,0,0.0,0.0,1.3975995756472907e-33,0,1,0
2093,127476,全元立,cluster2_yuan_ming,0,0.0,0.0,1.3975995756472907e-33,0,1,0
2094,127501,汪大受,cluster2_yuan_ming,1,0.0,0.0,1.5959248592679245e-20,0,1,0
2095,127541,汪應蛟,cluster2_yuan_ming,1,0.0,0.0,3.905836058279863e-12,0,1,0
2096,127611,沈暉,cluster2_yuan_ming,0,0.0,0.0,1.3975995756472907e-33,0,1,0
2097,127625,沈儆炌,cluster2_yuan_ming,1,0.0,0.0,2.845467380197311e-12,0,1,0
2098,127627,沈節甫,cluster2_yuan_ming,1,0.0,0.0,5.612038651668292e-12,0,1,0
2099,127641,沈鎜,cluster2_yuan_ming,0,0.0,0.0,1.3975995756472907e-33,0,1,0
2100,127713,杜拯,cluster2_yuan_ming,0,0.0,0.0,1.3975995756472907e-33,0,1,0
2101,127823,李孟暘,cluster2_yuan_ming,0,0.0,0.0,1.3975995756472907e-33,0,1,0
2102,127845,李春,cluster2_yuan_ming,0,0.0,0.0,1.3975995756472907e-33,0,1,0
2103,127866,李重,cluster2_yuan_ming,0,0.0,0.0,1.3975995756472907e-33,0,1,0
2104,127867,李香,cluster2_yuan_ming,0,0.0,0.0,1.3975995756472907e-33,0,1,0
2105,127868,李浩,cluster2_yuan_ming,0,0.0,0.0,1.3975995756472907e-33,0,1,0
2106,127882,李時珍,cluster2_yuan_ming,0,0.0,0.0,1.3975995756472907e-33,0,1,0
2107,127906,李堂,cluster2_yuan_ming,6,9.625830183986219e-05,0.0,8.691069649961038e-13,0,1,0
2108,127920,李善,cluster2_yuan_ming,0,0.0,0.0,1.3975995756472907e-33,0,1,0
2109,127947,李滄,cluster2_yuan_ming,0,0.0,0.0,1.3975995756472907e-33,0,1,0
2110,127951,李愷,cluster2_yuan_ming,0,0.0,0.0,1.3975995756472907e-33,0,1,0
2111,128027,李蕡,cluster2_yuan_ming,0,0.0,0.0,1.3975995756472907e-33,0,1,0
2112,128088,車純,cluster2_yuan_ming,0,0.0,0.0,1.3975995756472907e-33,0,1,0
2113,128139,吳之甲,cluster2_yuan_ming,1,0.0,0.0,2.328247020004457e-14,0,1,0
2114,128145,吳仁度,cluster2_yuan_ming,0,0.0,0.0,1.3975995756472907e-33,0,1,0
2115,128170,吳自新,cluster2_yuan_ming,0,0.0,0.0,1.3975995756472907e-33,0,1,0
2116,128187,吳昊,cluster2_yuan_ming,0,0.0,0.0,1.3975995756472907e-33,0,1,0
2117,128191,吳洪,cluster2_yuan_ming,1,0.0,0.0,3.4107513001509494e-13,0,1,0
2118,128229,吳傑,cluster2_yuan_ming,0,0.0,0.0,1.3975995756472907e-33,0,1,0
2119,128233,吳源,cluster2_yuan_ming,2,0.0,0.0,2.2569789337400278e-20,0,1,0
2120,128242,吳瑞,cluster2_yuan_ming,0,0.0,0.0,1.3975995756472907e-33,0,1,0
2121,128270,吳誾,cluster2_yuan_ming,0,0.0,0.0,1.3975995756472907e-33,0,1,0
2122,128301,呂本,cluster2_yuan_ming,2,6.380676249591637e-07,0.0,2.1634963803720835e-21,0,1,0
2123,128304,呂光洵,cluster2_yuan_ming,1,0.0,0.0,2.233247787280779e-12,0,1,0
2124,128334,呂夔,cluster2_yuan_ming,0,0.0,0.0,1.3975995756472907e-33,0,1,0
2125,128366,余禎,cluster2_yuan_ming,0,0.0,0.0,1.3975995756472907e-33,0,1,0
2126,128375,余懋學,cluster2_yuan_ming,0,0.0,0.0,1.3975995756472907e-33,0,1,0
2127,128406,何廷仁,cluster2_yuan_ming,0,0.0,0.0,1.3975995756472907e-33,0,1,0
2128,128412,何其高,cluster2_yuan_ming,0,0.0,0.0,1.3975995756472907e-33,0,1,0
2129,128432,何詔,cluster2_yuan_ming,0,0.0,0.0,1.3975995756472907e-33,0,1,0
2130,128441,何喬遠,cluster2_yuan_ming,5,3.2936443116939684e-05,0.0,1.3882631565862058e-11,0,1,0
2131,128508,孟洋,cluster2_yuan_ming,1,0.0,0.0,7.50330558788574e-25,0,1,0
2132,128522,孟鑑,cluster2_yuan_ming,0,0.0,0.0,1.3975995756472907e-33,0,1,0
2133,128594,林廷選,cluster2_yuan_ming,2,4.905241543786444e-05,0.0,9.240145915687276e-13,0,1,0
2134,128649,林㙱,cluster2_yuan_ming,1,0.0,0.0,8.100518922695011e-13,0,1,0
2135,128665,來天球,cluster2_yuan_ming,0,0.0,0.0,1.3975995756472907e-33,0,1,0
2136,128669,來斯行,cluster2_yuan_ming,0,0.0,0.0,1.3975995756472907e-33,0,1,0
2137,128745,金鉉,cluster2_yuan_ming,0,0.0,0.0,1.3975995756472907e-33,0,1,0
2138,128797,周汝登,cluster2_yuan_ming,1,0.0,0.0,3.686838465712939e-12,0,1,0
2139,128809,周宏,cluster2_yuan_ming,0,0.0,0.0,1.3975995756472907e-33,0,1,0
2140,128917,周賢,cluster2_yuan_ming,0,0.0,0.0,1.3975995756472907e-33,0,1,0
2141,128918,周賢宣,cluster2_yuan_ming,0,0.0,0.0,1.3975995756472907e-33,0,1,0
2142,128945,洪文衡,cluster2_yuan_ming,1,0.0,0.0,2.845467380197311e-12,0,1,0
2143,128956,洪遠,cluster2_yuan_ming,1,0.0,0.0,1.959671285033881e-13,0,1,0
2144,128987,施邦曜,cluster2_yuan_ming,0,0.0,0.0,1.3975995756472907e-33,0,1,0
2145,129043,胡訓,cluster2_yuan_ming,0,0.0,0.0,1.3975995756472907e-33,0,1,0
2146,129045,胡桂芳,cluster2_yuan_ming,0,0.0,0.0,1.3975995756472907e-33,0,1,0
2147,129167,范瑟,cluster2_yuan_ming,0,0.0,0.0,1.3975995756472907e-33,0,1,0
2148,129169,范嵩,cluster2_yuan_ming,0,0.0,0.0,1.3975995756472907e-33,0,1,0
2149,129178,范檟,cluster2_yuan_ming,0,0.0,0.0,1.3975995756472907e-33,0,1,0
2150,129193,柴昇,cluster2_yuan_ming,0,0.0,0.0,1.3975995756472907e-33,0,1,0
2151,129216,俞諮伯,cluster2_yuan_ming,0,0.0,0.0,1.3975995756472907e-33,0,1,0
2152,129305,姚文灝,cluster2_yuan_ming,0,0.0,0.0,1.3975995756472907e-33,0,1,0
2153,129342,姚繼巖,cluster2_yuan_ming,0,0.0,0.0,1.3975995756472907e-33,0,1,0
2154,129359,衷貞吉,cluster2_yuan_ming,0,0.0,0.0,1.3975995756472907e-33,0,1,0
2155,129381,高翀,cluster2_yuan_ming,0,0.0,0.0,1.3975995756472907e-33,0,1,0
2156,129408,高濟,cluster2_yuan_ming,1,0.0,0.0,7.50330558788574e-25,0,1,0
2157,129417,高鏊,cluster2_yuan_ming,0,0.0,0.0,1.3975995756472907e-33,0,1,0
2158,129465,唐維城,cluster2_yuan_ming,0,0.0,0.0,1.3975995756472907e-33,0,1,0
2159,129514,夏英,cluster2_yuan_ming,1,0.0,0.0,8.100518922695011e-13,0,1,0
2160,129518,夏從壽,cluster2_yuan_ming,0,0.0,0.0,1.3975995756472907e-33,0,1,0
2161,129554,馬坤,cluster2_yuan_ming,0,0.0,0.0,1.3975995756472907e-33,0,1,0
2162,129574,馬軾,cluster2_yuan_ming,0,0.0,0.0,1.3975995756472907e-33,0,1,0
2163,129759,孫偉,cluster2_yuan_ming,0,0.0,0.0,1.3975995756472907e-33,0,1,0
2164,129768,孫植,cluster2_yuan_ming,1,0.0,0.0,7.700396330119527e-13,0,1,0
2165,129857,倪思益,cluster2_yuan_ming,0,0.0,0.0,1.3975995756472907e-33,0,1,0
2166,129885,徐日久,cluster2_yuan_ming,1,0.0,0.0,7.50330558788574e-25,0,1,0
2167,129902,徐如珂,cluster2_yuan_ming,0,0.0,0.0,1.3975995756472907e-33,0,1,0
2168,129906,徐良彥,cluster2_yuan_ming,0,0.0,0.0,1.3975995756472907e-33,0,1,0
2169,129935,徐待聘,cluster2_yuan_ming,1,0.0,0.0,8.668041168429017e-13,0,1,0
2170,129973,徐瑤,cluster2_yuan_ming,0,0.0,0.0,1.3975995756472907e-33,0,1,0
2171,129979,徐標,cluster2_yuan_ming,2,1.0847149624305782e-05,0.0,5.858026891393042e-12,0,1,0
2172,130079,章格,cluster2_yuan_ming,0,0.0,0.0,1.3975995756472907e-33,0,1,0
2173,130131,許紳,cluster2_yuan_ming,0,0.0,0.0,1.3975995756472907e-33,0,1,0
2174,130144,許應元,cluster2_yuan_ming,2,3.379852117618001e-05,0.0,6.569037807082817e-12,0,1,0
2175,130150,郭子章,cluster2_yuan_ming,3,4.285687547642383e-05,0.0,2.909800260652924e-12,0,1,0
2176,130195,郭鋆,cluster2_yuan_ming,2,1.0847149624305782e-05,0.0,8.070839397111143e-13,0,1,0
2177,130203,郭應奎,cluster2_yuan_ming,0,0.0,0.0,1.3975995756472907e-33,0,1,0
2178,130204,郭鎜,cluster2_yuan_ming,1,0.0,0.0,1.7282087659094806e-13,0,1,0
2179,130210,康太和,cluster2_yuan_ming,1,0.0,0.0,3.324640288520781e-13,0,1,0
2180,130253,曹三暘,cluster2_yuan_ming,0,0.0,0.0,1.3975995756472907e-33,0,1,0
2181,130290,曹嗣榮,cluster2_yuan_ming,0,0.0,0.0,1.3975995756472907e-33,0,1,0
2182,130294,曹璜,cluster2_yuan_ming,0,0.0,0.0,1.3975995756472907e-33,0,1,0
2183,130301,敖英,cluster2_yuan_ming,0,0.0,0.0,1.3975995756472907e-33,0,1,0
2184,130364,張汝蘊,cluster2_yuan_ming,0,0.0,0.0,1.3975995756472907e-33,0,1,0
2185,130374,張羽,cluster2_yuan_ming,0,0.0,0.0,1.3975995756472907e-33,0,1,0
2186,130478,張恕,cluster2_yuan_ming,0,0.0,0.0,1.3975995756472907e-33,0,1,0
2187,130491,張祥,cluster2_yuan_ming,0,0.0,0.0,1.3975995756472907e-33,0,1,0
2188,130526,張琮,cluster2_yuan_ming,0,0.0,0.0,1.3975995756472907e-33,0,1,0
2189,130557,張瑋,cluster2_yuan_ming,0,0.0,0.0,1.3975995756472907e-33,0,1,0
2190,130564,張達,cluster2_yuan_ming,0,0.0,0.0,1.3975995756472907e-33,0,1,0
2191,130655,張穆,cluster2_yuan_ming,0,0.0,0.0,1.3975995756472907e-33,0,1,0
2192,130719,陰武卿,cluster2_yuan_ming,1,0.0,0.0,6.513307477589178e-13,0,1,0
2193,130733,陸化淳,cluster2_yuan_ming,2,1.022906063339622e-05,0.0,1.905087926032214e-11,0,1,0
2194,130865,陳政,cluster2_yuan_ming,0,0.0,0.0,1.3975995756472907e-33,0,1,0
2195,130897,陳明,cluster2_yuan_ming,0,0.0,0.0,1.3975995756472907e-33,0,1,0
2196,130912,陳紹儒,cluster2_yuan_ming,0,0.0,0.0,1.3975995756472907e-33,0,1,0
2197,130917,陳琦,cluster2_yuan_ming,0,0.0,0.0,1.3975995756472907e-33,0,1,0
2198,130921,陳堯,cluster2_yuan_ming,0,0.0,0.0,1.3975995756472907e-33,0,1,0
2199,130934,陳雍,cluster2_yuan_ming,0,0.0,0.0,1.3975995756472907e-33,0,1,0
2200,130981,陳鳳梧,cluster2_yuan_ming,1,0.0,0.0,8.100518922695011e-13,0,1,0
2201,131062,畢亨,cluster2_yuan_ming,0,0.0,0.0,1.3975995756472907e-33,0,1,0
2202,131066,畢懋良,cluster2_yuan_ming,2,0.0,1.0,1.3309936961949733e-11,0,1,0
2203,131078,崔文奎,cluster2_yuan_ming,0,0.0,0.0,1.3975995756472907e-33,0,1,0
2204,131106,莫如忠,cluster2_yuan_ming,9,0.0005917424652334352,0.027777777777777776,1.840098939638598e-11,0,1,0
2205,131110,莫驄,cluster2_yuan_ming,0,0.0,0.0,1.3975995756472907e-33,0,1,0
2206,131161,馮貫,cluster2_yuan_ming,0,0.0,0.0,1.3975995756472907e-33,0,1,0
2207,131183,游居敬,cluster2_yuan_ming,0,0.0,0.0,1.3975995756472907e-33,0,1,0
2208,131229,曾于拱,cluster2_yuan_ming,2,4.262108597248425e-06,0.0,6.417842395975508e-12,0,1,0
2209,131238,曾如春,cluster2_yuan_ming,0,0.0,0.0,1.3975995756472907e-33,0,1,0
2210,131243,曾直,cluster2_yuan_ming,1,0.0,0.0,1.968812761070012e-13,0,1,0
2211,131285,項德禎,cluster2_yuan_ming,1,0.0,0.0,1.8250177510590394e-11,0,1,0
2212,131290,閔如霖,cluster2_yuan_ming,0,0.0,0.0,1.3975995756472907e-33,0,1,0
2213,131339,彭禮,cluster2_yuan_ming,0,0.0,0.0,1.3975995756472907e-33,0,1,0
2214,131350,盛俌,cluster2_yuan_ming,0,0.0,0.0,1.3975995756472907e-33,0,1,0
2215,131352,盛寅,cluster2_yuan_ming,2,0.0,0.0,2.1262940533200443e-22,0,1,0
2216,131392,黃承玄,cluster2_yuan_ming,20,0.0007780475082061574,0.010526315789473684,8.900731953786729e-11,0,1,0
2217,131629,程文德,cluster2_yuan_ming,2,6.968326864487741e-05,0.0,1.320771482627386e-12,0,1,0
2218,131640,程宗,cluster2_yuan_ming,0,0.0,0.0,1.3975995756472907e-33,0,1,0
2219,131642,程金,cluster2_yuan_ming,0,0.0,0.0,1.3975995756472907e-33,0,1,0
2220,131720,雷禮,cluster2_yuan_ming,11,0.00035647339714318943,0.0,1.5779852153422807e-12,0,1,0
2221,131724,楊一魁,cluster2_yuan_ming,2,1.0847149624305782e-05,0.0,1.905087926032214e-11,0,1,0
2222,131786,楊其休,cluster2_yuan_ming,0,0.0,0.0,1.3975995756472907e-33,0,1,0
2223,131890,楊麒,cluster2_yuan_ming,0,0.0,0.0,1.3975995756472907e-33,0,1,0
2224,131944,萬燝,cluster2_yuan_ming,1,0.0,0.0,7.50330558788574e-25,0,1,0
2225,131961,葉茂才,cluster2_yuan_ming,0,0.0,0.0,1.3975995756472907e-33,0,1,0
2226,131967,葉逢春,cluster2_yuan_ming,2,1.2786325791745276e-06,0.0,2.1262940533200443e-22,0,1,0
2227,131975,葉夢熊,cluster2_yuan_ming,0,0.0,0.0,1.3975995756472907e-33,0,1,0
2228,132008,董越,cluster2_yuan_ming,0,0.0,0.0,1.3975995756472907e-33,0,1,0
2229,132010,董裕,cluster2_yuan_ming,0,0.0,0.0,1.3975995756472907e-33,0,1,0
2230,132051,鄒廸光,cluster2_yuan_ming,0,0.0,0.0,1.3975995756472907e-33,0,1,0
2231,132261,熊汝達,cluster2_yuan_ming,1,0.0,0.0,2.328247020004457e-14,0,1,0
2232,132281,熊鍊,cluster2_yuan_ming,1,0.0,0.0,2.328247020004457e-14,0,1,0
2233,132341,潘禮,cluster2_yuan_ming,0,0.0,0.0,1.3975995756472907e-33,0,1,0
2234,132345,潘鑑,cluster2_yuan_ming,0,0.0,0.0,1.3975995756472907e-33,0,1,0
2235,132352,鄭之文,cluster2_yuan_ming,0,0.0,0.0,1.3975995756472907e-33,0,1,0
2236,132380,鄭宣化,cluster2_yuan_ming,0,0.0,0.0,1.3975995756472907e-33,0,1,0
2237,132395,鄭普,cluster2_yuan_ming,0,0.0,0.0,1.3975995756472907e-33,0,1,0
2238,132452,歐陽席,cluster2_yuan_ming,0,0.0,0.0,1.3975995756472907e-33,0,1,0
2239,132539,蔣用文,cluster2_yuan_ming,1,0.0,0.0,7.193833971125509e-20,0,1,0
2240,132558,蔣恭,cluster2_yuan_ming,0,0.0,0.0,1.3975995756472907e-33,0,1,0
2241,132570,蔣敵,cluster2_yuan_ming,1,0.0,0.0,7.50330558788574e-25,0,1,0
2242,132583,蔡汝楠,cluster2_yuan_ming,14,0.0003270647636319087,0.04395604395604396,2.718370037183392e-11,0,1,0
2243,132642,劉一焜,cluster2_yuan_ming,1,0.0,0.0,1.8250177510590394e-11,0,1,0
2244,132680,劉日升,cluster2_yuan_ming,3,1.022906063339622e-05,0.3333333333333333,2.4991487160482582e-11,0,1,0
2245,132724,劉志選,cluster2_yuan_ming,1,0.0,0.0,7.50330558788574e-25,0,1,0
2246,132741,劉伯淵,cluster2_yuan_ming,0,0.0,0.0,1.3975995756472907e-33,0,1,0
2247,132768,劉采,cluster2_yuan_ming,1,0.0,0.0,1.4086869929266067e-12,0,1,0
2248,132775,劉宣,cluster2_yuan_ming,0,0.0,0.0,1.3975995756472907e-33,0,1,0
2249,132785,劉俊,cluster2_yuan_ming,0,0.0,0.0,1.3975995756472907e-33,0,1,0
2250,132794,劉浩,cluster2_yuan_ming,0,0.0,0.0,1.3975995756472907e-33,0,1,0
2251,132917,劉慤,cluster2_yuan_ming,2,0.0,1.0,9.071440581960771e-12,0,1,0
2252,132983,諸壽賢,cluster2_yuan_ming,0,0.0,0.0,1.3975995756472907e-33,0,1,0
2253,132984,諸觀,cluster2_yuan_ming,0,0.0,0.0,1.3975995756472907e-33,0,1,0
2254,133063,盧勳,cluster2_yuan_ming,2,1.186274059403245e-05,0.0,7.005806957399024e-12,0,1,0
2255,133090,錢士鰲,cluster2_yuan_ming,0,0.0,0.0,1.3975995756472907e-33,0,1,0
2256,133122,錢喜起,cluster2_yuan_ming,0,0.0,0.0,1.3975995756472907e-33,0,1,0
2257,133146,謝一夔,cluster2_yuan_ming,0,0.0,0.0,1.3975995756472907e-33,0,1,0
2258,133164,謝廷[⿱艹氵臣],cluster2_yuan_ming,1,0.0,0.0,2.233247787280779e-12,0,1,0
2259,133233,韓邦憲,cluster2_yuan_ming,0,0.0,0.0,1.3975995756472907e-33,0,1,0
2260,133248,韓重,cluster2_yuan_ming,0,0.0,0.0,1.3975995756472907e-33,0,1,0
2261,133281,薛三才,cluster2_yuan_ming,1,0.0,0.0,1.8250177510590394e-11,0,1,0
2262,133351,蕭鼎,cluster2_yuan_ming,0,0.0,0.0,1.3975995756472907e-33,0,1,0
2263,133356,蕭禎,cluster2_yuan_ming,0,0.0,0.0,1.3975995756472907e-33,0,1,0
2264,133366,繆昌,cluster2_yuan_ming,0,0.0,0.0,1.3975995756472907e-33,0,1,0
2265,133370,繆國維,cluster2_yuan_ming,1,0.0,0.0,7.50330558788574e-25,0,1,0
2266,133391,顏容暄,cluster2_yuan_ming,0,0.0,0.0,1.3975995756472907e-33,0,1,0
2267,133408,戴思恭,cluster2_yuan_ming,1,0.0,0.0,1.503516943899234e-22,0,1,0
2268,133415,戴祥,cluster2_yuan_ming,0,0.0,0.0,1.3975995756472907e-33,0,1,0
2269,133425,戴縉,cluster2_yuan_ming,1,0.0,0.0,3.4883880989801677e-13,0,1,0
2270,133464,魏有本,cluster2_yuan_ming,0,0.0,0.0,1.3975995756472907e-33,0,1,0
2271,133473,魏尚純,cluster2_yuan_ming,0,0.0,0.0,1.3975995756472907e-33,0,1,0
2272,133599,嚴時泰,cluster2_yuan_ming,0,0.0,0.0,1.3975995756472907e-33,0,1,0
2273,133629,顧玉柱,cluster2_yuan_ming,0,0.0,0.0,1.3975995756472907e-33,0,1,0
2274,133631,顧可學,cluster2_yuan_ming,0,0.0,0.0,1.3975995756472907e-33,0,1,0
2275,133642,顧其志,cluster2_yuan_ming,0,0.0,0.0,1.3975995756472907e-33,0,1,0
2276,133691,饒位,cluster2_yuan_ming,1,0.0,0.0,7.50330558788574e-25,0,1,0
2277,133692,饒伸,cluster2_yuan_ming,1,0.0,0.0,7.50330558788574e-25,0,1,0
2278,133711,龔情,cluster2_yuan_ming,0,0.0,0.0,1.3975995756472907e-33,0,1,0
2279,133712,龔理,cluster2_yuan_ming,0,0.0,0.0,1.3975995756472907e-33,0,1,0
2280,133718,龔輝,cluster2_yuan_ming,1,0.0,0.0,1.3371142976073185e-21,0,1,0
2281,134432,樓釐,cluster2_yuan_ming,0,0.0,0.0,1.3975995756472907e-33,0,1,0
2282,138722,屈突通,cluster1_song_and_before,0,0.0,0.0,1.3975995756472907e-33,1,0,0
2283,140346,韋頊,cluster1_song_and_before,0,0.0,0.0,1.3975995756472907e-33,1,0,0
2284,142232,孟公行,cluster1_song_and_before,0,0.0,0.0,1.3975995756472907e-33,1,0,0
2285,144863,羅讓,cluster1_song_and_before,1,0.0,0.0,7.50330558788574e-25,1,0,0
2286,144915,龔某某,cluster1_song_and_before,0,0.0,0.0,1.3975995756472907e-33,1,0,0
2287,144924,程惟誠,cluster1_song_and_before,0,0.0,0.0,1.3975995756472907e-33,1,0,0
2288,144930,孫拙,cluster1_song_and_before,0,0.0,0.0,1.3975995756472907e-33,1,0,0
2289,144933,李宗師,cluster1_song_and_before,0,0.0,0.0,1.3975995756472907e-33,1,0,0
2290,144968,張仁憲,cluster1_song_and_before,0,0.0,0.0,1.3975995756472907e-33,1,0,0
2291,145255,李良,cluster1_song_and_before,0,0.0,0.0,1.3975995756472907e-33,1,0,0
2292,145267,盧虔,cluster1_song_and_before,0,0.0,0.0,1.3975995756472907e-33,1,0,0
2293,145498,王用,cluster1_song_and_before,0,0.0,0.0,1.3975995756472907e-33,1,0,0
2294,145504,支謨,cluster1_song_and_before,0,0.0,0.0,1.3975995756472907e-33,1,0,0
2295,145600,任佶,cluster1_song_and_before,0,0.0,0.0,1.3975995756472907e-33,1,0,0
2296,145610,程懷信,cluster1_song_and_before,0,0.0,0.0,1.3975995756472907e-33,1,0,0
2297,145621,崔備,cluster1_song_and_before,1,0.0,0.0,7.50330558788574e-25,1,0,0
2298,145634,史用誠,cluster1_song_and_before,0,0.0,0.0,1.3975995756472907e-33,1,0,0
2299,145644,盧涗,cluster1_song_and_before,0,0.0,0.0,1.3975995756472907e-33,1,0,0
2300,145710,崔淙,cluster1_song_and_before,0,0.0,0.0,1.3975995756472907e-33,1,0,0
2301,145751,韋渢,cluster1_song_and_before,0,0.0,0.0,1.3975995756472907e-33,1,0,0
2302,145811,趙憬,cluster1_song_and_before,0,0.0,0.0,1.3975995756472907e-33,1,0,0
2303,145987,李彙,cluster1_song_and_before,0,0.0,0.0,1.3975995756472907e-33,1,0,0
2304,145995,張誠,cluster1_song_and_before,0,0.0,0.0,1.3975995756472907e-33,1,0,0
2305,146000,李建,cluster1_song_and_before,0,0.0,0.0,1.3975995756472907e-33,1,0,0
2306,146006,李從易,cluster1_song_and_before,0,0.0,0.0,1.3975995756472907e-33,1,0,0
2307,146010,韋正貫,cluster1_song_and_before,0,0.0,0.0,1.3975995756472907e-33,1,0,0
2308,146094,馮昭泰,cluster1_song_and_before,0,0.0,0.0,1.3975995756472907e-33,1,0,0
2309,146100,薛丹,cluster1_song_and_before,0,0.0,0.0,1.3975995756472907e-33,1,0,0
2310,146136,裴虬,cluster1_song_and_before,0,0.0,0.0,1.3975995756472907e-33,1,0,0
2311,146140,裴伷先,cluster1_song_and_before,0,0.0,0.0,1.3975995756472907e-33,1,0,0
2312,146148,韋向,cluster1_song_and_before,0,0.0,0.0,1.3975995756472907e-33,1,0,0
2313,146238,李懷讓,cluster1_song_and_before,0,0.0,0.0,1.3975995756472907e-33,1,0,0
2314,146626,李弘節,cluster1_song_and_before,0,0.0,0.0,1.3975995756472907e-33,1,0,0
2315,147490,薛獻,cluster1_song_and_before,0,0.0,0.0,1.3975995756472907e-33,1,0,0
2316,147585,翟道生干,cluster1_song_and_before,0,0.0,0.0,1.3975995756472907e-33,1,0,0
2317,148359,朱某(朱信子),cluster1_song_and_before,0,0.0,0.0,1.3975995756472907e-33,1,0,0
2318,148891,王遊藝,cluster1_song_and_before,0,0.0,0.0,1.3975995756472907e-33,1,0,0
2319,148892,某行莊(某旦父),cluster1_song_and_before,0,0.0,0.0,1.3975995756472907e-33,1,0,0
2320,149033,斐悌,cluster1_song_and_before,0,0.0,0.0,1.3975995756472907e-33,1,0,0
2321,149212,爾朱義琛,cluster1_song_and_before,0,0.0,0.0,1.3975995756472907e-33,1,0,0
2322,149302,樊叡,cluster1_song_and_before,0,0.0,0.0,1.3975995756472907e-33,1,0,0
2323,149416,鄭植,cluster1_song_and_before,0,0.0,0.0,1.3975995756472907e-33,1,0,0
2324,151811,盧義恭,cluster1_song_and_before,0,0.0,0.0,1.3975995756472907e-33,1,0,0
2325,155515,韋縝,cluster1_song_and_before,0,0.0,0.0,1.3975995756472907e-33,1,0,0
2326,155914,崔珪璋,cluster1_song_and_before,0,0.0,0.0,1.3975995756472907e-33,1,0,0
2327,156680,李正叔,cluster1_song_and_before,0,0.0,0.0,1.3975995756472907e-33,1,0,0
2328,156713,崔衍,cluster1_song_and_before,0,0.0,0.0,1.3975995756472907e-33,1,0,0
2329,156814,鄭□易,cluster1_song_and_before,0,0.0,0.0,1.3975995756472907e-33,1,0,0
2330,156830,裴譔,cluster1_song_and_before,1,0.0,0.0,7.50330558788574e-25,1,0,0
2331,158002,楊玄珪,cluster1_song_and_before,0,0.0,0.0,1.3975995756472907e-33,1,0,0
2332,158369,張伯禽,cluster1_song_and_before,0,0.0,0.0,1.3975995756472907e-33,1,0,0
2333,159865,崔授,cluster1_song_and_before,0,0.0,0.0,1.3975995756472907e-33,1,0,0
2334,160060,閻濟美,cluster1_song_and_before,0,0.0,0.0,1.3975995756472907e-33,1,0,0
2335,161691,張守瑜,cluster1_song_and_before,0,0.0,0.0,1.3975995756472907e-33,1,0,0
2336,163926,閻毗,cluster1_song_and_before,1,0.0,0.0,7.50330558788574e-25,1,0,0
2337,163927,閻立德,cluster1_song_and_before,1,0.0,0.0,7.50330558788574e-25,1,0,0
2338,168914,崔潔,cluster1_song_and_before,0,0.0,0.0,1.3975995756472907e-33,1,0,0
2339,170052,李景温,cluster1_song_and_before,0,0.0,0.0,1.3975995756472907e-33,1,0,0
2340,170360,羅邮,cluster1_song_and_before,0,0.0,0.0,1.3975995756472907e-33,1,0,0
2341,170688,裴弘策,cluster1_song_and_before,0,0.0,0.0,1.3975995756472907e-33,1,0,0
2342,170806,裴常憲,cluster1_song_and_before,0,0.0,0.0,1.3975995756472907e-33,1,0,0
2343,170856,裴興,cluster1_song_and_before,0,0.0,0.0,1.3975995756472907e-33,1,0,0
2344,170883,裴澡,cluster1_song_and_before,0,0.0,0.0,1.3975995756472907e-33,1,0,0
2345,171262,裴思猷,cluster1_song_and_before,0,0.0,0.0,1.3975995756472907e-33,1,0,0
2346,171972,竇德洽,cluster1_song_and_before,0,0.0,0.0,1.3975995756472907e-33,1,0,0
2347,172145,竇鋼,cluster1_song_and_before,0,0.0,0.0,1.3975995756472907e-33,1,0,0
2348,172204,竇璡,cluster1_song_and_before,0,0.0,0.0,1.3975995756472907e-33,1,0,0
2349,172213,竇克順,cluster1_song_and_before,0,0.0,0.0,1.3975995756472907e-33,1,0,0
2350,172491,楊恕,cluster1_song_and_before,0,0.0,0.0,1.3975995756472907e-33,1,0,0
2351,172661,楊昉,cluster1_song_and_before,0,0.0,0.0,1.3975995756472907e-33,1,0,0
2352,172665,楊維友,cluster1_song_and_before,0,0.0,0.0,1.3975995756472907e-33,1,0,0
2353,172770,楊緘,cluster1_song_and_before,0,0.0,0.0,1.3975995756472907e-33,1,0,0
2354,172819,楊弘暕,cluster1_song_and_before,0,0.0,0.0,1.3975995756472907e-33,1,0,0
2355,172898,高少逸,cluster1_song_and_before,0,0.0,0.0,1.3975995756472907e-33,1,0,0
2356,173236,杜楚客,cluster1_song_and_before,0,0.0,0.0,1.3975995756472907e-33,1,0,0
2357,173426,李咸,cluster1_song_and_before,0,0.0,0.0,1.3975995756472907e-33,1,0,0
2358,173428,李義琛,cluster1_song_and_before,0,0.0,0.0,1.3975995756472907e-33,1,0,0
2359,173450,李回,cluster1_song_and_before,0,0.0,0.0,1.3975995756472907e-33,1,0,0
2360,173725,李舒,cluster1_song_and_before,0,0.0,0.0,1.3975995756472907e-33,1,0,0
2361,173840,李思冲,cluster1_song_and_before,0,0.0,0.0,1.3975995756472907e-33,1,0,0
2362,174003,李元恭,cluster1_song_and_before,0,0.0,0.0,1.3975995756472907e-33,1,0,0
2363,175676,王鼎,cluster1_song_and_before,0,0.0,0.0,1.3975995756472907e-33,1,0,0
2364,175863,王遵,cluster1_song_and_before,0,0.0,0.0,1.3975995756472907e-33,1,0,0
2365,175881,王仁皎,cluster1_song_and_before,0,0.0,0.0,1.3975995756472907e-33,1,0,0
2366,175932,王儼,cluster1_song_and_before,0,0.0,0.0,1.3975995756472907e-33,1,0,0
2367,176041,温無隱,cluster1_song_and_before,0,0.0,0.0,1.3975995756472907e-33,1,0,0
2368,176640,張承纘,cluster1_song_and_before,0,0.0,0.0,1.3975995756472907e-33,1,0,0
2369,176985,崔照,cluster1_song_and_before,0,0.0,0.0,1.3975995756472907e-33,1,0,0
2370,177021,崔柅,cluster1_song_and_before,0,0.0,0.0,1.3975995756472907e-33,1,0,0
2371,177068,崔侁,cluster1_song_and_before,0,0.0,0.0,1.3975995756472907e-33,1,0,0
2372,177514,崔眾,cluster1_song_and_before,0,0.0,0.0,1.3975995756472907e-33,1,0,0
2373,177865,崔宥,cluster1_song_and_before,0,0.0,0.0,1.3975995756472907e-33,1,0,0
2374,178038,崔抗,cluster1_song_and_before,0,0.0,0.0,1.3975995756472907e-33,1,0,0
2375,178095,柳幹,cluster1_song_and_before,0,0.0,0.0,1.3975995756472907e-33,1,0,0
2376,178163,柳肅,cluster1_song_and_before,0,0.0,0.0,1.3975995756472907e-33,1,0,0
2377,179521,陸審傳,cluster1_song_and_before,0,0.0,0.0,1.3975995756472907e-33,1,0,0
2378,179558,陸包,cluster1_song_and_before,0,0.0,0.0,1.3975995756472907e-33,1,0,0
2379,179754,姜還,cluster1_song_and_before,0,0.0,0.0,1.3975995756472907e-33,1,0,0
2380,179779,陸桂,cluster1_song_and_before,0,0.0,0.0,1.3975995756472907e-33,1,0,0
2381,179905,韋正己,cluster1_song_and_before,0,0.0,0.0,1.3975995756472907e-33,1,0,0
2382,180193,薛孝廉,cluster1_song_and_before,0,0.0,0.0,1.3975995756472907e-33,1,0,0
2383,180456,薛弘悌,cluster1_song_and_before,0,0.0,0.0,1.3975995756472907e-33,1,0,0
2384,180633,薛季連,cluster1_song_and_before,0,0.0,0.0,1.3975995756472907e-33,1,0,0
2385,180730,韋文恪,cluster1_song_and_before,0,0.0,0.0,1.3975995756472907e-33,1,0,0
2386,180734,韋發,cluster1_song_and_before,0,0.0,0.0,1.3975995756472907e-33,1,0,0
2387,180800,韋蘭,cluster1_song_and_before,0,0.0,0.0,1.3975995756472907e-33,1,0,0
2388,180905,韋珣,cluster1_song_and_before,0,0.0,0.0,1.3975995756472907e-33,1,0,0
2389,181054,韋琡,cluster1_song_and_before,0,0.0,0.0,1.3975995756472907e-33,1,0,0
2390,181499,武士彠,cluster1_song_and_before,0,0.0,0.0,1.3975995756472907e-33,1,0,0
2391,181728,袁倜,cluster1_song_and_before,0,0.0,0.0,1.3975995756472907e-33,1,0,0
2392,181775,姚璹,cluster1_song_and_before,0,0.0,0.0,1.3975995756472907e-33,1,0,0
2393,181784,姚喬栵,cluster1_song_and_before,0,0.0,0.0,1.3975995756472907e-33,1,0,0
2394,181803,唐防,cluster1_song_and_before,0,0.0,0.0,1.3975995756472907e-33,1,0,0
2395,182284,朱密,cluster1_song_and_before,0,0.0,0.0,1.3975995756472907e-33,1,0,0
2396,182286,朱岳,cluster1_song_and_before,0,0.0,0.0,1.3975995756472907e-33,1,0,0
2397,183058,鄭越客,cluster1_song_and_before,0,0.0,0.0,1.3975995756472907e-33,1,0,0
2398,184058,源弼,cluster1_song_and_before,0,0.0,0.0,1.3975995756472907e-33,1,0,0
2399,184075,牛遼允,cluster1_song_and_before,0,0.0,0.0,1.3975995756472907e-33,1,0,0
2400,184204,齊玘,cluster1_song_and_before,0,0.0,0.0,1.3975995756472907e-33,1,0,0
2401,184374,元孝節,cluster1_song_and_before,0,0.0,0.0,1.3975995756472907e-33,1,0,0
2402,184580,蔣曙,cluster1_song_and_before,0,0.0,0.0,1.3975995756472907e-33,1,0,0
2403,186447,元佑,cluster1_song_and_before,0,0.0,0.0,1.3975995756472907e-33,1,0,0
2404,187226,李哲,cluster1_song_and_before,0,0.0,0.0,1.3975995756472907e-33,1,0,0
2405,187371,李岫,cluster1_song_and_before,0,0.0,0.0,1.3975995756472907e-33,1,0,0
2406,187418,李珍,cluster1_song_and_before,0,0.0,0.0,1.3975995756472907e-33,1,0,0
2407,187492,李話,cluster1_song_and_before,0,0.0,0.0,1.3975995756472907e-33,1,0,0
2408,188652,李己,cluster1_song_and_before,0,0.0,0.0,1.3975995756472907e-33,1,0,0
2409,189466,馮定,cluster1_song_and_before,0,0.0,0.0,1.3975995756472907e-33,1,0,0
2410,189511,高瑀,cluster1_song_and_before,0,0.0,0.0,1.3975995756472907e-33,1,0,0
2411,189545,衛洙,cluster1_song_and_before,0,0.0,0.0,1.3975995756472907e-33,1,0,0
2412,189661,庾簡休,cluster1_song_and_before,0,0.0,0.0,1.3975995756472907e-33,1,0,0
2413,189929,楊某,cluster1_song_and_before,0,0.0,0.0,1.3975995756472907e-33,1,0,0
2414,190364,劉公濟,cluster1_song_and_before,0,0.0,0.0,1.3975995756472907e-33,1,0,0
2415,190438,張元亮,cluster1_song_and_before,0,0.0,0.0,1.3975995756472907e-33,1,0,0
2416,191194,辛京杲,cluster1_song_and_before,0,0.0,0.0,1.3975995756472907e-33,1,0,0
2417,191343,吳凑,cluster1_song_and_before,0,0.0,0.0,1.3975995756472907e-33,1,0,0
2418,191756,韋訥,cluster1_song_and_before,0,0.0,0.0,1.3975995756472907e-33,1,0,0
2419,192165,栢季纂,cluster1_song_and_before,0,0.0,0.0,1.3975995756472907e-33,1,0,0
2420,192167,康復,cluster1_song_and_before,0,0.0,0.0,1.3975995756472907e-33,1,0,0
2421,192955,蘇晟,cluster1_song_and_before,0,0.0,0.0,1.3975995756472907e-33,1,0,0
2422,193353,薛腴,cluster1_song_and_before,0,0.0,0.0,1.3975995756472907e-33,1,0,0
2423,194490,韋慎知,cluster1_song_and_before,0,0.0,0.0,1.3975995756472907e-33,1,0,0
2424,194500,盧寔,cluster1_song_and_before,0,0.0,0.0,1.3975995756472907e-33,1,0,0
2425,194998,李忠臣,cluster1_song_and_before,1,0.0,0.0,9.278738686845651e-14,1,0,0
2426,195641,丘行淹,cluster1_song_and_before,0,0.0,0.0,1.3975995756472907e-33,1,0,0
2427,195771,慕容忠,cluster1_song_and_before,0,0.0,0.0,1.3975995756472907e-33,1,0,0
2428,195881,趙國珍,cluster1_song_and_before,0,0.0,0.0,1.3975995756472907e-33,1,0,0
2429,198031,黃載,cluster2_yuan_ming,0,0.0,0.0,1.3975995756472907e-33,0,1,0
2430,198038,周子諒,cluster2_yuan_ming,0,0.0,0.0,1.3975995756472907e-33,0,1,0
2431,198269,李清,cluster2_yuan_ming,0,0.0,0.0,1.3975995756472907e-33,0,1,0
2432,198297,黃會,cluster2_yuan_ming,0,0.0,0.0,1.3975995756472907e-33,0,1,0
2433,198316,塗淮,cluster2_yuan_ming,0,0.0,0.0,1.3975995756472907e-33,0,1,0
2434,198471,李述,cluster2_yuan_ming,0,0.0,0.0,1.3975995756472907e-33,0,1,0
2435,198585,倪顒,cluster2_yuan_ming,0,0.0,0.0,1.3975995756472907e-33,0,1,0
2436,199054,畢瑜,cluster2_yuan_ming,0,0.0,0.0,1.3975995756472907e-33,0,1,0
2437,199311,鄭齡,cluster2_yuan_ming,0,0.0,0.0,1.3975995756472907e-33,0,1,0
2438,199453,馬鉉,cluster2_yuan_ming,0,0.0,0.0,1.3975995756472907e-33,0,1,0
2439,199466,彭載,cluster2_yuan_ming,0,0.0,0.0,1.3975995756472907e-33,0,1,0
2440,199565,吳郁,cluster2_yuan_ming,0,0.0,0.0,1.3975995756472907e-33,0,1,0
2441,199949,吳湜,cluster2_yuan_ming,0,0.0,0.0,1.3975995756472907e-33,0,1,0
2442,200035,丁鍊,cluster2_yuan_ming,0,0.0,0.0,1.3975995756472907e-33,0,1,0
2443,200211,江潭,cluster2_yuan_ming,0,0.0,0.0,1.3975995756472907e-33,0,1,0
2444,200321,汪僎,cluster2_yuan_ming,1,0.0,0.0,1.959671285033881e-13,0,1,0
2445,200381,謝緝,cluster2_yuan_ming,0,0.0,0.0,1.3975995756472907e-33,0,1,0
2446,200449,仲棐,cluster2_yuan_ming,2,0.0,1.0,9.591778628167397e-20,0,1,0
2447,200451,汪璿,cluster2_yuan_ming,0,0.0,0.0,1.3975995756472907e-33,0,1,0
2448,200601,曹忠,cluster2_yuan_ming,1,0.0,0.0,7.50330558788574e-25,0,1,0
2449,201095,周臣,cluster2_yuan_ming,0,0.0,0.0,1.3975995756472907e-33,0,1,0
2450,201228,楊瑋,cluster2_yuan_ming,1,0.0,0.0,7.50330558788574e-25,0,1,0
2451,201309,汪彬,cluster2_yuan_ming,0,0.0,0.0,1.3975995756472907e-33,0,1,0
2452,201315,廖俊,cluster2_yuan_ming,0,0.0,0.0,1.3975995756472907e-33,0,1,0
2453,201462,李汛,cluster2_yuan_ming,0,0.0,0.0,1.3975995756472907e-33,0,1,0
2454,201490,李緋,cluster2_yuan_ming,0,0.0,0.0,1.3975995756472907e-33,0,1,0
2455,201883,林文沛,cluster2_yuan_ming,0,0.0,0.0,1.3975995756472907e-33,0,1,0
2456,202129,蔣泮,cluster2_yuan_ming,0,0.0,0.0,1.3975995756472907e-33,0,1,0
2457,202418,程烈,cluster2_yuan_ming,0,0.0,0.0,1.3975995756472907e-33,0,1,0
2458,202429,周志偉,cluster2_yuan_ming,0,0.0,0.0,1.3975995756472907e-33,0,1,0
2459,202454,孫世祐,cluster2_yuan_ming,0,0.0,0.0,1.3975995756472907e-33,0,1,0
2460,202569,周如底,cluster2_yuan_ming,0,0.0,0.0,1.3975995756472907e-33,0,1,0
2461,202619,賈士元,cluster2_yuan_ming,0,0.0,0.0,1.3975995756472907e-33,0,1,0
2462,202627,楊伊志,cluster2_yuan_ming,0,0.0,0.0,1.3975995756472907e-33,0,1,0
2463,202628,唐國相,cluster2_yuan_ming,0,0.0,0.0,1.3975995756472907e-33,0,1,0
2464,202638,劉儒,cluster2_yuan_ming,0,0.0,0.0,1.3975995756472907e-33,0,1,0
2465,202645,王椿,cluster2_yuan_ming,0,0.0,0.0,1.3975995756472907e-33,0,1,0
2466,202650,呂瑚,cluster2_yuan_ming,0,0.0,0.0,1.3975995756472907e-33,0,1,0
2467,202656,叚承恩,cluster2_yuan_ming,0,0.0,0.0,1.3975995756472907e-33,0,1,0
2468,202665,李乗雲,cluster2_yuan_ming,0,0.0,0.0,1.3975995756472907e-33,0,1,0
2469,202666,周鎬,cluster2_yuan_ming,0,0.0,0.0,1.3975995756472907e-33,0,1,0
2470,202673,鄭汝舟,cluster2_yuan_ming,0,0.0,0.0,1.3975995756472907e-33,0,1,0
2471,202676,何思,cluster2_yuan_ming,0,0.0,0.0,1.3975995756472907e-33,0,1,0
2472,202684,賈樞,cluster2_yuan_ming,0,0.0,0.0,1.3975995756472907e-33,0,1,0
2473,202697,趙愈和,cluster2_yuan_ming,0,0.0,0.0,1.3975995756472907e-33,0,1,0
2474,202698,廖希顏,cluster2_yuan_ming,0,0.0,0.0,1.3975995756472907e-33,0,1,0
2475,202708,應鳴鳳,cluster2_yuan_ming,0,0.0,0.0,1.3975995756472907e-33,0,1,0
2476,202712,楊登,cluster2_yuan_ming,0,0.0,0.0,1.3975995756472907e-33,0,1,0
2477,202715,張遜,cluster2_yuan_ming,0,0.0,0.0,1.3975995756472907e-33,0,1,0
2478,202717,陳豪,cluster2_yuan_ming,0,0.0,0.0,1.3975995756472907e-33,0,1,0
2479,202726,高尚志,cluster2_yuan_ming,0,0.0,0.0,1.3975995756472907e-33,0,1,0
2480,202727,嚴寬,cluster2_yuan_ming,1,0.0,0.0,5.798998174070864e-12,0,1,0
2481,202729,陳文浩,cluster2_yuan_ming,0,0.0,0.0,1.3975995756472907e-33,0,1,0
2482,202739,賈文元,cluster2_yuan_ming,0,0.0,0.0,1.3975995756472907e-33,0,1,0
2483,202747,張壽,cluster2_yuan_ming,0,0.0,0.0,1.3975995756472907e-33,0,1,0
2484,202748,趙允亨,cluster2_yuan_ming,0,0.0,0.0,1.3975995756472907e-33,0,1,0
2485,202753,王獻芝,cluster2_yuan_ming,0,0.0,0.0,1.3975995756472907e-33,0,1,0
2486,202761,胡汝翼,cluster2_yuan_ming,0,0.0,0.0,1.3975995756472907e-33,0,1,0
2487,202762,黃德純,cluster2_yuan_ming,1,0.0,0.0,5.017129200224434e-21,0,1,0
2488,202776,王繼芳,cluster2_yuan_ming,0,0.0,0.0,1.3975995756472907e-33,0,1,0
2489,202782,范愛,cluster2_yuan_ming,0,0.0,0.0,1.3975995756472907e-33,0,1,0
2490,202783,何城,cluster2_yuan_ming,0,0.0,0.0,1.3975995756472907e-33,0,1,0
2491,202789,王梴,cluster2_yuan_ming,0,0.0,0.0,1.3975995756472907e-33,0,1,0
2492,202792,朱默,cluster2_yuan_ming,0,0.0,0.0,1.3975995756472907e-33,0,1,0
2493,202793,羅大用,cluster2_yuan_ming,0,0.0,0.0,1.3975995756472907e-33,0,1,0
2494,202795,王玉汝,cluster2_yuan_ming,0,0.0,0.0,1.3975995756472907e-33,0,1,0
2495,202802,李大魁,cluster2_yuan_ming,0,0.0,0.0,1.3975995756472907e-33,0,1,0
2496,202803,王良柱,cluster2_yuan_ming,0,0.0,0.0,1.3975995756472907e-33,0,1,0
2497,202804,閔旦,cluster2_yuan_ming,1,0.0,0.0,7.50330558788574e-25,0,1,0
2498,203489,雷夢麟,cluster2_yuan_ming,0,0.0,0.0,1.3975995756472907e-33,0,1,0
2499,203523,陸夢豹,cluster2_yuan_ming,0,0.0,0.0,1.3975995756472907e-33,0,1,0
2500,203549,尚薰,cluster2_yuan_ming,0,0.0,0.0,1.3975995756472907e-33,0,1,0
2501,203551,陳絳,cluster2_yuan_ming,0,0.0,0.0,1.3975995756472907e-33,0,1,0
2502,203745,胡朝臣,cluster2_yuan_ming,0,0.0,0.0,1.3975995756472907e-33,0,1,0
2503,203852,徐鷁,cluster2_yuan_ming,0,0.0,0.0,1.3975995756472907e-33,0,1,0
2504,203868,王大猷,cluster2_yuan_ming,0,0.0,0.0,1.3975995756472907e-33,0,1,0
2505,203878,卜大有,cluster2_yuan_ming,0,0.0,0.0,1.3975995756472907e-33,0,1,0
2506,203941,許嶽,cluster2_yuan_ming,0,0.0,0.0,1.3975995756472907e-33,0,1,0
2507,203953,李伸,cluster2_yuan_ming,0,0.0,0.0,1.3975995756472907e-33,0,1,0
2508,203966,陳瑞龍,cluster2_yuan_ming,0,0.0,0.0,1.3975995756472907e-33,0,1,0
2509,204208,徐用光,cluster2_yuan_ming,1,0.0,0.0,5.017129200224434e-21,0,1,0
2510,204235,葉可成,cluster2_yuan_ming,1,0.0,0.0,7.50330558788574e-25,0,1,0
2511,204487,應存性,cluster2_yuan_ming,0,0.0,0.0,1.3975995756472907e-33,0,1,0
2512,204735,程道東,cluster2_yuan_ming,0,0.0,0.0,1.3975995756472907e-33,0,1,0
2513,204893,李輔,cluster2_yuan_ming,0,0.0,0.0,1.3975995756472907e-33,0,1,0
2514,205059,李寅賓,cluster2_yuan_ming,0,0.0,0.0,1.3975995756472907e-33,0,1,0
2515,205282,熊子臣,cluster2_yuan_ming,0,0.0,0.0,1.3975995756472907e-33,0,1,0
2516,205459,高克謙,cluster2_yuan_ming,0,0.0,0.0,1.3975995756472907e-33,0,1,0
2517,205466,金學曾,cluster2_yuan_ming,0,0.0,0.0,1.3975995756472907e-33,0,1,0
2518,205509,來經濟,cluster2_yuan_ming,0,0.0,0.0,1.3975995756472907e-33,0,1,0
2519,205521,劉應麒,cluster2_yuan_ming,0,0.0,0.0,1.3975995756472907e-33,0,1,0
2520,205533,陳所敏,cluster2_yuan_ming,0,0.0,0.0,1.3975995756472907e-33,0,1,0
2521,205693,張試,cluster2_yuan_ming,0,0.0,0.0,1.3975995756472907e-33,0,1,0
2522,205763,陳以朝,cluster2_yuan_ming,0,0.0,0.0,1.3975995756472907e-33,0,1,0
2523,205784,熊惟學,cluster2_yuan_ming,0,0.0,0.0,1.3975995756472907e-33,0,1,0
2524,205934,范梅,cluster2_yuan_ming,0,0.0,0.0,1.3975995756472907e-33,0,1,0
2525,206262,宋希堯,cluster2_yuan_ming,0,0.0,0.0,1.3975995756472907e-33,0,1,0
2526,206434,羅用敬,cluster2_yuan_ming,0,0.0,0.0,1.3975995756472907e-33,0,1,0
2527,206508,徐秉正,cluster2_yuan_ming,0,0.0,0.0,1.3975995756472907e-33,0,1,0
2528,206683,余繼善,cluster2_yuan_ming,0,0.0,0.0,1.3975995756472907e-33,0,1,0
2529,206740,陳所學,cluster2_yuan_ming,1,0.0,0.0,6.513307477589178e-13,0,1,0
2530,206888,羅朝國,cluster2_yuan_ming,0,0.0,0.0,1.3975995756472907e-33,0,1,0
2531,206991,楊耿光,cluster2_yuan_ming,0,0.0,0.0,1.3975995756472907e-33,0,1,0
2532,206994,韓文,cluster2_yuan_ming,0,0.0,0.0,1.3975995756472907e-33,0,1,0
2533,207016,宋應和,cluster2_yuan_ming,0,0.0,0.0,1.3975995756472907e-33,0,1,0
2534,207017,劉道亨,cluster2_yuan_ming,0,0.0,0.0,1.3975995756472907e-33,0,1,0
2535,207018,黃之俊,cluster2_yuan_ming,0,0.0,0.0,1.3975995756472907e-33,0,1,0
2536,207022,楊伯柯,cluster2_yuan_ming,0,0.0,0.0,1.3975995756472907e-33,0,1,0
2537,207023,高環,cluster2_yuan_ming,0,0.0,0.0,1.3975995756472907e-33,0,1,0
2538,207035,梁賛化,cluster2_yuan_ming,0,0.0,0.0,1.3975995756472907e-33,0,1,0
2539,207057,林欲廈,cluster2_yuan_ming,1,0.0,0.0,1.8250177510590394e-11,0,1,0
2540,207062,劉曰梧,cluster2_yuan_ming,2,1.6515670814337646e-06,0.0,9.298877117381232e-12,0,1,0
2541,207080,楊光訓,cluster2_yuan_ming,1,0.0,0.0,1.8250177510590394e-11,0,1,0
2542,207085,陸應川,cluster2_yuan_ming,0,0.0,0.0,1.3975995756472907e-33,0,1,0
2543,207091,蕭奇烋,cluster2_yuan_ming,0,0.0,0.0,1.3975995756472907e-33,0,1,0
2544,207092,江鍾廉,cluster2_yuan_ming,0,0.0,0.0,1.3975995756472907e-33,0,1,0
2545,207097,鄭舉,cluster2_yuan_ming,0,0.0,0.0,1.3975995756472907e-33,0,1,0
2546,207100,延論,cluster2_yuan_ming,0,0.0,0.0,1.3975995756472907e-33,0,1,0
2547,207106,曾礪,cluster2_yuan_ming,0,0.0,0.0,1.3975995756472907e-33,0,1,0
2548,207126,崔邦亮,cluster2_yuan_ming,0,0.0,0.0,1.3975995756472907e-33,0,1,0
2549,207133,洪澄源,cluster2_yuan_ming,0,0.0,0.0,1.3975995756472907e-33,0,1,0
2550,207150,葉重第,cluster2_yuan_ming,0,0.0,0.0,1.3975995756472907e-33,0,1,0
2551,207180,彭應捷,cluster2_yuan_ming,0,0.0,0.0,1.3975995756472907e-33,0,1,0
2552,207181,韓擢,cluster2_yuan_ming,0,0.0,0.0,1.3975995756472907e-33,0,1,0
2553,207182,許子偉,cluster2_yuan_ming,1,0.0,0.0,2.845467380197311e-12,0,1,0
2554,207183,周應鏊,cluster2_yuan_ming,1,0.0,0.0,1.8250177510590394e-11,0,1,0
2555,207190,吳洪績,cluster2_yuan_ming,0,0.0,0.0,1.3975995756472907e-33,0,1,0
2556,207197,王希夔,cluster2_yuan_ming,0,0.0,0.0,1.3975995756472907e-33,0,1,0
2557,207207,吳鴻洙,cluster2_yuan_ming,0,0.0,0.0,1.3975995756472907e-33,0,1,0
2558,207222,陳鳴華,cluster2_yuan_ming,1,0.0,0.0,1.8250177510590394e-11,0,1,0
2559,207227,張濤,cluster2_yuan_ming,0,0.0,0.0,1.3975995756472907e-33,0,1,0
2560,207229,陳義,cluster2_yuan_ming,0,0.0,0.0,1.3975995756472907e-33,0,1,0
2561,207237,張令聞,cluster2_yuan_ming,0,0.0,0.0,1.3975995756472907e-33,0,1,0
2562,207242,聶世潤,cluster2_yuan_ming,0,0.0,0.0,1.3975995756472907e-33,0,1,0
2563,207277,沈思充,cluster2_yuan_ming,0,0.0,0.0,1.3975995756472907e-33,0,1,0
2564,207279,趙標,cluster2_yuan_ming,0,0.0,0.0,1.3975995756472907e-33,0,1,0
2565,207411,吳士奇,cluster2_yuan_ming,0,0.0,0.0,1.3975995756472907e-33,0,1,0
2566,207460,徐應鶴,cluster2_yuan_ming,0,0.0,0.0,1.3975995756472907e-33,0,1,0
2567,207468,王演疇,cluster2_yuan_ming,0,0.0,0.0,1.3975995756472907e-33,0,1,0
2568,207478,趙應選,cluster2_yuan_ming,0,0.0,0.0,1.3975995756472907e-33,0,1,0
2569,207526,張鶴鳴,cluster2_yuan_ming,0,0.0,0.0,1.3975995756472907e-33,0,1,0
2570,207539,陳民志,cluster2_yuan_ming,0,0.0,0.0,1.3975995756472907e-33,0,1,0
2571,207647,鄒之麟,cluster2_yuan_ming,0,0.0,0.0,1.3975995756472907e-33,0,1,0
2572,207661,李篤培,cluster2_yuan_ming,0,0.0,0.0,1.3975995756472907e-33,0,1,0
2573,207685,李純元,cluster2_yuan_ming,0,0.0,0.0,1.3975995756472907e-33,0,1,0
2574,207713,余合中,cluster2_yuan_ming,1,0.0,0.0,7.50330558788574e-25,0,1,0
2575,207715,吳瑞徵,cluster2_yuan_ming,1,0.0,0.0,1.8250177510590394e-11,0,1,0
2576,207731,徐爾恆,cluster2_yuan_ming,0,0.0,0.0,1.3975995756472907e-33,0,1,0
2577,207750,郭忠寧,cluster2_yuan_ming,0,0.0,0.0,1.3975995756472907e-33,0,1,0
2578,207765,顧起鳳,cluster2_yuan_ming,0,0.0,0.0,1.3975995756472907e-33,0,1,0
2579,207770,趙琦,cluster2_yuan_ming,0,0.0,0.0,1.3975995756472907e-33,0,1,0
2580,207775,葉官,cluster2_yuan_ming,1,0.0,0.0,7.697898310281441e-12,0,1,0
2581,207776,孫枝芳,cluster2_yuan_ming,0,0.0,0.0,1.3975995756472907e-33,0,1,0
2582,207783,何應瑞,cluster2_yuan_ming,0,0.0,0.0,1.3975995756472907e-33,0,1,0
2583,207817,史孔吉,cluster2_yuan_ming,0,0.0,0.0,1.3975995756472907e-33,0,1,0
2584,207824,胡一鴻,cluster2_yuan_ming,0,0.0,0.0,1.3975995756472907e-33,0,1,0
2585,208217,李方,cluster2_yuan_ming,0,0.0,0.0,1.3975995756472907e-33,0,1,0
2586,208239,諸餘齡,cluster2_yuan_ming,0,0.0,0.0,1.3975995756472907e-33,0,1,0
2587,208864,郭子立,cluster2_yuan_ming,0,0.0,0.0,1.3975995756472907e-33,0,1,0
2588,209394,陳冠,cluster2_yuan_ming,0,0.0,0.0,1.3975995756472907e-33,0,1,0
2589,210050,馮淮,cluster2_yuan_ming,0,0.0,0.0,1.3975995756472907e-33,0,1,0
2590,210623,劉勳,cluster2_yuan_ming,0,0.0,0.0,1.3975995756472907e-33,0,1,0
2591,210680,王雲鴈,cluster2_yuan_ming,0,0.0,0.0,1.3975995756472907e-33,0,1,0
2592,212887,蔣三益,cluster2_yuan_ming,0,0.0,0.0,1.3975995756472907e-33,0,1,0
2593,213162,孫甸,cluster2_yuan_ming,0,0.0,0.0,1.3975995756472907e-33,0,1,0
2594,214218,楊楠,cluster2_yuan_ming,0,0.0,0.0,1.3975995756472907e-33,0,1,0
2595,214533,沈汝材,cluster2_yuan_ming,0,0.0,0.0,1.3975995756472907e-33,0,1,0
2596,214618,葉選,cluster2_yuan_ming,0,0.0,0.0,1.3975995756472907e-33,0,1,0
2597,214897,閻蘭,cluster2_yuan_ming,0,0.0,0.0,1.3975995756472907e-33,0,1,0
2598,215205,董懋,cluster2_yuan_ming,0,0.0,0.0,1.3975995756472907e-33,0,1,0
2599,215365,郝鉞,cluster2_yuan_ming,0,0.0,0.0,1.3975995756472907e-33,0,1,0
2600,215368,郝國奇,cluster2_yuan_ming,0,0.0,0.0,1.3975995756472907e-33,0,1,0
2601,216949,丁此召,cluster2_yuan_ming,0,0.0,0.0,1.3975995756472907e-33,0,1,0
2602,221049,章蕃,cluster2_yuan_ming,0,0.0,0.0,1.3975995756472907e-33,0,1,0
2603,221093,章憼,cluster2_yuan_ming,0,0.0,0.0,1.3975995756472907e-33,0,1,0
2604,221806,郝操,cluster2_yuan_ming,0,0.0,0.0,1.3975995756472907e-33,0,1,0
2605,222027,翟觀,cluster2_yuan_ming,0,0.0,0.0,1.3975995756472907e-33,0,1,0
2606,222076,朱儒,cluster2_yuan_ming,0,0.0,0.0,1.3975995756472907e-33,0,1,0
2607,222143,劉志伊,cluster2_yuan_ming,1,0.0,0.0,7.50330558788574e-25,0,1,0
2608,222297,陸夢熊,cluster2_yuan_ming,0,0.0,0.0,1.3975995756472907e-33,0,1,0
2609,222736,詹思謙,cluster2_yuan_ming,0,0.0,0.0,1.3975995756472907e-33,0,1,0
2610,223051,周瀅,cluster2_yuan_ming,0,0.0,0.0,1.3975995756472907e-33,0,1,0
2611,223591,葛昕,cluster2_yuan_ming,0,0.0,0.0,1.3975995756472907e-33,0,1,0
2612,223954,沈橋,cluster2_yuan_ming,0,0.0,0.0,1.3975995756472907e-33,0,1,0
2613,224234,張時用,cluster2_yuan_ming,0,0.0,0.0,1.3975995756472907e-33,0,1,0
2614,224589,徐袍,cluster2_yuan_ming,3,0.0,0.0,8.689922682926126e-21,0,1,0
2615,224851,何雲鳳,cluster2_yuan_ming,0,0.0,0.0,1.3975995756472907e-33,0,1,0
2616,224855,何惠,cluster2_yuan_ming,0,0.0,0.0,1.3975995756472907e-33,0,1,0
2617,224856,何卿遷,cluster2_yuan_ming,0,0.0,0.0,1.3975995756472907e-33,0,1,0
2618,225781,陳鑑,cluster2_yuan_ming,0,0.0,0.0,1.3975995756472907e-33,0,1,0
2619,225844,閔仕朝,cluster2_yuan_ming,1,0.0,0.0,7.50330558788574e-25,0,1,0
2620,225917,陸大治,cluster2_yuan_ming,0,0.0,0.0,1.3975995756472907e-33,0,1,0
2621,228669,周泉,cluster2_yuan_ming,0,0.0,0.0,1.3975995756472907e-33,0,1,0
2622,228829,王衣,cluster2_yuan_ming,0,0.0,0.0,1.3975995756472907e-33,0,1,0
2623,230970,蘇起,cluster2_yuan_ming,0,0.0,0.0,1.3975995756472907e-33,0,1,0
2624,231275,鄒希魯,cluster2_yuan_ming,0,0.0,0.0,1.3975995756472907e-33,0,1,0
2625,232978,岳和聲,cluster2_yuan_ming,0,0.0,0.0,1.3975995756472907e-33,0,1,0
2626,234365,余啟,cluster2_yuan_ming,1,0.0,0.0,7.50330558788574e-25,0,1,0
2627,235073,陳伯英,cluster2_yuan_ming,0,0.0,0.0,1.3975995756472907e-33,0,1,0
2628,236313,潘諫,cluster2_yuan_ming,0,0.0,0.0,1.3975995756472907e-33,0,1,0
2629,236325,潘同春,cluster2_yuan_ming,0,0.0,0.0,1.3975995756472907e-33,0,1,0
2630,236700,劉公弼,cluster2_yuan_ming,0,0.0,0.0,1.3975995756472907e-33,0,1,0
2631,237822,蕭傑,cluster2_yuan_ming,0,0.0,0.0,1.3975995756472907e-33,0,1,0
2632,239199,羅綬,cluster2_yuan_ming,0,0.0,0.0,1.3975995756472907e-33,0,1,0
2633,239548,毛永震,cluster2_yuan_ming,0,0.0,0.0,1.3975995756472907e-33,0,1,0
2634,239805,宋玹,cluster2_yuan_ming,0,0.0,0.0,1.3975995756472907e-33,0,1,0
2635,240087,高清,cluster2_yuan_ming,0,0.0,0.0,1.3975995756472907e-33,0,1,0
2636,240649,蔣彥升,cluster2_yuan_ming,1,0.0,0.0,7.50330558788574e-25,0,1,0
2637,240709,翟通,cluster2_yuan_ming,0,0.0,0.0,1.3975995756472907e-33,0,1,0
2638,240767,王孟宜,cluster2_yuan_ming,0,0.0,0.0,1.3975995756472907e-33,0,1,0
2639,241142,張時達,cluster2_yuan_ming,0,0.0,0.0,1.3975995756472907e-33,0,1,0
2640,241438,吳泰,cluster2_yuan_ming,0,0.0,0.0,1.3975995756472907e-33,0,1,0
2641,242056,韓肅,cluster2_yuan_ming,0,0.0,0.0,1.3975995756472907e-33,0,1,0
2642,242554,蔣讓,cluster2_yuan_ming,0,0.0,0.0,1.3975995756472907e-33,0,1,0
2643,242643,李宗善,cluster2_yuan_ming,0,0.0,0.0,1.3975995756472907e-33,0,1,0
2644,243454,李昇,cluster2_yuan_ming,0,0.0,0.0,1.3975995756472907e-33,0,1,0
2645,243972,李宗政,cluster2_yuan_ming,0,0.0,0.0,1.3975995756472907e-33,0,1,0
2646,244025,王致中,cluster2_yuan_ming,0,0.0,0.0,1.3975995756472907e-33,0,1,0
2647,244515,陳駿,cluster2_yuan_ming,0,0.0,0.0,1.3975995756472907e-33,0,1,0
2648,245493,林鈍,cluster2_yuan_ming,0,0.0,0.0,1.3975995756472907e-33,0,1,0
2649,245497,林清源,cluster2_yuan_ming,0,0.0,0.0,1.3975995756472907e-33,0,1,0
2650,246035,項備,cluster2_yuan_ming,0,0.0,0.0,1.3975995756472907e-33,0,1,0
2651,246368,孟鑑,cluster2_yuan_ming,0,0.0,0.0,1.3975995756472907e-33,0,1,0
2652,246821,李綸,cluster2_yuan_ming,0,0.0,0.0,1.3975995756472907e-33,0,1,0
2653,246846,胡思弘,cluster2_yuan_ming,0,0.0,0.0,1.3975995756472907e-33,0,1,0
2654,247474,張聰,cluster2_yuan_ming,0,0.0,0.0,1.3975995756472907e-33,0,1,0
2655,247478,張輔,cluster2_yuan_ming,0,0.0,0.0,1.3975995756472907e-33,0,1,0
2656,248149,劉昭,cluster2_yuan_ming,0,0.0,0.0,1.3975995756472907e-33,0,1,0
2657,248749,向銘,cluster2_yuan_ming,0,0.0,0.0,1.3975995756472907e-33,0,1,0
2658,248752,向濬,cluster2_yuan_ming,0,0.0,0.0,1.3975995756472907e-33,0,1,0
2659,249095,樂鐩,cluster2_yuan_ming,0,0.0,0.0,1.3975995756472907e-33,0,1,0
2660,249950,張聰,cluster2_yuan_ming,0,0.0,0.0,1.3975995756472907e-33,0,1,0
2661,249956,張旭,cluster2_yuan_ming,0,0.0,0.0,1.3975995756472907e-33,0,1,0
2662,250074,滑志鏞,cluster2_yuan_ming,0,0.0,0.0,1.3975995756472907e-33,0,1,0
2663,250083,滑思傑,cluster2_yuan_ming,0,0.0,0.0,1.3975995756472907e-33,0,1,0
2664,251622,朱信,cluster2_yuan_ming,0,0.0,0.0,1.3975995756472907e-33,0,1,0
2665,253611,汪某清,cluster2_yuan_ming,0,0.0,0.0,1.3975995756472907e-33,0,1,0
2666,253840,趙怡,cluster2_yuan_ming,0,0.0,0.0,1.3975995756472907e-33,0,1,0
2667,255042,尚綗,cluster2_yuan_ming,0,0.0,0.0,1.3975995756472907e-33,0,1,0
2668,258078,仲蘭,cluster2_yuan_ming,2,0.0,1.0,9.591778628167397e-20,0,1,0
2669,258578,戴冕,cluster2_yuan_ming,0,0.0,0.0,1.3975995756472907e-33,0,1,0
2670,260290,曹暠,cluster2_yuan_ming,1,0.0,0.0,7.50330558788574e-25,0,1,0
2671,260984,李昂,cluster2_yuan_ming,0,0.0,0.0,1.3975995756472907e-33,0,1,0
2672,261518,官毅,cluster2_yuan_ming,0,0.0,0.0,1.3975995756472907e-33,0,1,0
2673,261873,方彬,cluster2_yuan_ming,0,0.0,0.0,1.3975995756472907e-33,0,1,0
2674,262480,寧得中,cluster2_yuan_ming,0,0.0,0.0,1.3975995756472907e-33,0,1,0
2675,263110,呂錡,cluster2_yuan_ming,0,0.0,0.0,1.3975995756472907e-33,0,1,0
2676,263208,臧麟,cluster2_yuan_ming,0,0.0,0.0,1.3975995756472907e-33,0,1,0
2677,263711,楊珪,cluster2_yuan_ming,0,0.0,0.0,1.3975995756472907e-33,0,1,0
2678,264201,高淮,cluster2_yuan_ming,1,0.0,0.0,7.50330558788574e-25,0,1,0
2679,265720,胡瑛,cluster2_yuan_ming,0,0.0,0.0,1.3975995756472907e-33,0,1,0
2680,265743,李倫,cluster2_yuan_ming,0,0.0,0.0,1.3975995756472907e-33,0,1,0
2681,265747,孫端,cluster2_yuan_ming,0,0.0,0.0,1.3975995756472907e-33,0,1,0
2682,266171,王拳,cluster2_yuan_ming,0,0.0,0.0,1.3975995756472907e-33,0,1,0
2683,266367,李耑,cluster2_yuan_ming,0,0.0,0.0,1.3975995756472907e-33,0,1,0
2684,266607,程昂,cluster2_yuan_ming,0,0.0,0.0,1.3975995756472907e-33,0,1,0
2685,267294,胡睿,cluster2_yuan_ming,0,0.0,0.0,1.3975995756472907e-33,0,1,0
2686,267301,孫善,cluster2_yuan_ming,0,0.0,0.0,1.3975995756472907e-33,0,1,0
2687,268124,費傑,cluster2_yuan_ming,0,0.0,0.0,1.3975995756472907e-33,0,1,0
2688,268529,李勳,cluster2_yuan_ming,0,0.0,0.0,1.3975995756472907e-33,0,1,0
2689,269125,楊雲,cluster2_yuan_ming,1,0.0,0.0,7.50330558788574e-25,0,1,0
2690,269496,張珷,cluster2_yuan_ming,0,0.0,0.0,1.3975995756472907e-33,0,1,0
2691,269784,康澤,cluster2_yuan_ming,0,0.0,0.0,1.3975995756472907e-33,0,1,0
2692,270167,韓士明,cluster2_yuan_ming,0,0.0,0.0,1.3975995756472907e-33,0,1,0
2693,272267,高恮,cluster2_yuan_ming,0,0.0,0.0,1.3975995756472907e-33,0,1,0
2694,272619,李鋒,cluster2_yuan_ming,0,0.0,0.0,1.3975995756472907e-33,0,1,0
2695,274121,高銓,cluster2_yuan_ming,0,0.0,0.0,1.3975995756472907e-33,0,1,0
2696,275293,屠奎,cluster2_yuan_ming,0,0.0,0.0,1.3975995756472907e-33,0,1,0
2697,277139,張王忽,cluster2_yuan_ming,0,0.0,0.0,1.3975995756472907e-33,0,1,0
2698,277629,張繪,cluster2_yuan_ming,0,0.0,0.0,1.3975995756472907e-33,0,1,0
2699,278021,傅浚,cluster2_yuan_ming,0,0.0,0.0,1.3975995756472907e-33,0,1,0
2700,278849,鄭汜,cluster2_yuan_ming,0,0.0,0.0,1.3975995756472907e-33,0,1,0
2701,279518,高魁,cluster2_yuan_ming,0,0.0,0.0,1.3975995756472907e-33,0,1,0
2702,281306,朱稷,cluster2_yuan_ming,0,0.0,0.0,1.3975995756472907e-33,0,1,0
2703,282018,王格,cluster2_yuan_ming,1,0.0,0.0,7.50330558788574e-25,0,1,0
2704,283643,張澤,cluster2_yuan_ming,0,0.0,0.0,1.3975995756472907e-33,0,1,0
2705,283976,張瓉,cluster2_yuan_ming,0,0.0,0.0,1.3975995756472907e-33,0,1,0
2706,287788,王觀,cluster2_yuan_ming,0,0.0,0.0,1.3975995756472907e-33,0,1,0
2707,288722,丁栝,cluster2_yuan_ming,0,0.0,0.0,1.3975995756472907e-33,0,1,0
2708,288868,徐惪,cluster2_yuan_ming,0,0.0,0.0,1.3975995756472907e-33,0,1,0
2709,290765,黃珂,cluster2_yuan_ming,0,0.0,0.0,1.3975995756472907e-33,0,1,0
2710,292092,張翼翶,cluster2_yuan_ming,0,0.0,0.0,1.3975995756472907e-33,0,1,0
2711,292308,王山,cluster2_yuan_ming,0,0.0,0.0,1.3975995756472907e-33,0,1,0
2712,292584,吳傑,cluster2_yuan_ming,1,0.0,0.0,7.50330558788574e-25,0,1,0
2713,292592,吳希曾,cluster2_yuan_ming,1,0.0,0.0,7.50330558788574e-25,0,1,0
2714,292633,胡應相,cluster2_yuan_ming,0,0.0,0.0,1.3975995756472907e-33,0,1,0
2715,293621,陶埜,cluster2_yuan_ming,0,0.0,0.0,1.3975995756472907e-33,0,1,0
2716,293627,陶欽時,cluster2_yuan_ming,0,0.0,0.0,1.3975995756472907e-33,0,1,0
2717,293642,劉廷重,cluster2_yuan_ming,0,0.0,0.0,1.3975995756472907e-33,0,1,0
2718,294567,雷瀛,cluster2_yuan_ming,1,0.0,0.0,3.4883880989801677e-13,0,1,0
2719,294830,周復吳,cluster2_yuan_ming,0,0.0,0.0,1.3975995756472907e-33,0,1,0
2720,295716,陳澐,cluster2_yuan_ming,0,0.0,0.0,1.3975995756472907e-33,0,1,0
2721,296107,林庭木昂,cluster2_yuan_ming,1,0.0,0.0,3.324640288520781e-13,0,1,0
2722,298129,林庭木昂,cluster2_yuan_ming,0,0.0,0.0,1.3975995756472907e-33,0,1,0
2723,298392,盧志,cluster2_yuan_ming,0,0.0,0.0,1.3975995756472907e-33,0,1,0
2724,298672,吳洲,cluster2_yuan_ming,1,0.0,0.0,1.2214683322293903e-20,0,1,0
2725,299005,沈經,cluster2_yuan_ming,0,0.0,0.0,1.3975995756472907e-33,0,1,0
2726,299719,劉錄,cluster2_yuan_ming,0,0.0,0.0,1.3975995756472907e-33,0,1,0
2727,302480,陸傑,cluster2_yuan_ming,0,0.0,0.0,1.3975995756472907e-33,0,1,0
2728,303081,陳禮,cluster2_yuan_ming,0,0.0,0.0,1.3975995756472907e-33,0,1,0
2729,303538,杜琇,cluster2_yuan_ming,0,0.0,0.0,1.3975995756472907e-33,0,1,0
2730,304921,徐翼,cluster2_yuan_ming,0,0.0,0.0,1.3975995756472907e-33,0,1,0
2731,305371,許龜年,cluster2_yuan_ming,0,0.0,0.0,1.3975995756472907e-33,0,1,0
2732,305376,許應元,cluster2_yuan_ming,0,0.0,0.0,1.3975995756472907e-33,0,1,0
2733,305789,陸階,cluster2_yuan_ming,0,0.0,0.0,1.3975995756472907e-33,0,1,0
2734,306526,任琦,cluster2_yuan_ming,0,0.0,0.0,1.3975995756472907e-33,0,1,0
2735,306782,趙世美,cluster2_yuan_ming,1,0.0,0.0,8.668041168429017e-13,0,1,0
2736,307461,叚鍊,cluster2_yuan_ming,0,0.0,0.0,1.3975995756472907e-33,0,1,0
2737,307518,朱寅,cluster2_yuan_ming,0,0.0,0.0,1.3975995756472907e-33,0,1,0
2738,307591,徐綬,cluster2_yuan_ming,0,0.0,0.0,1.3975995756472907e-33,0,1,0
2739,308709,徐椅,cluster2_yuan_ming,0,0.0,0.0,1.3975995756472907e-33,0,1,0
2740,311406,阮子游,cluster2_yuan_ming,0,0.0,0.0,1.3975995756472907e-33,0,1,0
2741,312399,張湧,cluster2_yuan_ming,0,0.0,0.0,1.3975995756472907e-33,0,1,0
2742,313691,劉术,cluster2_yuan_ming,0,0.0,0.0,1.3975995756472907e-33,0,1,0
2743,314124,紀鶴,cluster2_yuan_ming,0,0.0,0.0,1.3975995756472907e-33,0,1,0
2744,314532,王滔,cluster2_yuan_ming,0,0.0,0.0,1.3975995756472907e-33,0,1,0
2745,315004,陸佐,cluster2_yuan_ming,0,0.0,0.0,1.3975995756472907e-33,0,1,0
2746,315065,葉正英,cluster2_yuan_ming,0,0.0,0.0,1.3975995756472907e-33,0,1,0
2747,315746,徐朝,cluster2_yuan_ming,0,0.0,0.0,1.3975995756472907e-33,0,1,0
2748,316401,葉允,cluster2_yuan_ming,1,0.0,0.0,7.50330558788574e-25,0,1,0
2749,316873,周宗仁,cluster2_yuan_ming,0,0.0,0.0,1.3975995756472907e-33,0,1,0
2750,317774,孫愚,cluster2_yuan_ming,0,0.0,0.0,1.3975995756472907e-33,0,1,0
2751,318298,吳大田,cluster2_yuan_ming,0,0.0,0.0,1.3975995756472907e-33,0,1,0
2752,320598,章汝植,cluster2_yuan_ming,0,0.0,0.0,1.3975995756472907e-33,0,1,0
2753,320629,盛文剛,cluster2_yuan_ming,0,0.0,0.0,1.3975995756472907e-33,0,1,0
2754,320636,何廷銑,cluster2_yuan_ming,0,0.0,0.0,1.3975995756472907e-33,0,1,0
2755,321474,童信,cluster2_yuan_ming,0,0.0,0.0,1.3975995756472907e-33,0,1,0
2756,322068,李鏞,cluster2_yuan_ming,0,0.0,0.0,1.3975995756472907e-33,0,1,0
2757,322072,李時濟,cluster2_yuan_ming,0,0.0,0.0,1.3975995756472907e-33,0,1,0
2758,322438,王士嘉,cluster2_yuan_ming,0,0.0,0.0,1.3975995756472907e-33,0,1,0
2759,322993,陸夢韓,cluster2_yuan_ming,0,0.0,0.0,1.3975995756472907e-33,0,1,0
2760,323235,陳煥,cluster2_yuan_ming,0,0.0,0.0,1.3975995756472907e-33,0,1,0
2761,323457,楊兆,cluster2_yuan_ming,0,0.0,0.0,1.3975995756472907e-33,0,1,0
2762,323678,徐卿麟,cluster2_yuan_ming,0,0.0,0.0,1.3975995756472907e-33,0,1,0
2763,324355,楊廷秀,cluster2_yuan_ming,0,0.0,0.0,1.3975995756472907e-33,0,1,0
2764,325065,嚴元,cluster2_yuan_ming,0,0.0,0.0,1.3975995756472907e-33,0,1,0
2765,326723,陳端郎,cluster2_yuan_ming,0,0.0,0.0,1.3975995756472907e-33,0,1,0
2766,328159,王籥,cluster2_yuan_ming,0,0.0,0.0,1.3975995756472907e-33,0,1,0
2767,328395,朱朋信,cluster2_yuan_ming,0,0.0,0.0,1.3975995756472907e-33,0,1,0
2768,328753,孫讓,cluster2_yuan_ming,0,0.0,0.0,1.3975995756472907e-33,0,1,0
2769,329165,郭崇登,cluster2_yuan_ming,0,0.0,0.0,1.3975995756472907e-33,0,1,0
2770,329208,潘瑾,cluster2_yuan_ming,0,0.0,0.0,1.3975995756472907e-33,0,1,0
2771,329344,王利,cluster2_yuan_ming,0,0.0,0.0,1.3975995756472907e-33,0,1,0
2772,329721,安盡善,cluster2_yuan_ming,0,0.0,0.0,1.3975995756472907e-33,0,1,0
2773,330535,葉選,cluster2_yuan_ming,1,0.0,0.0,1.503516943899234e-22,0,1,0
2774,331377,翟觀,cluster2_yuan_ming,0,0.0,0.0,1.3975995756472907e-33,0,1,0
2775,331799,王熠,cluster2_yuan_ming,0,0.0,0.0,1.3975995756472907e-33,0,1,0
2776,332839,許某,cluster2_yuan_ming,0,0.0,0.0,1.3975995756472907e-33,0,1,0
2777,333313,暴孟珠,cluster2_yuan_ming,0,0.0,0.0,1.3975995756472907e-33,0,1,0
2778,333574,李方至,cluster2_yuan_ming,0,0.0,0.0,1.3975995756472907e-33,0,1,0
2779,333923,江曉,cluster2_yuan_ming,0,0.0,0.0,1.3975995756472907e-33,0,1,0
2780,333980,袁一龍,cluster2_yuan_ming,0,0.0,0.0,1.3975995756472907e-33,0,1,0
2781,335498,徐養正,cluster2_yuan_ming,0,0.0,0.0,1.3975995756472907e-33,0,1,0
2782,335657,謝萬鍾,cluster2_yuan_ming,0,0.0,0.0,1.3975995756472907e-33,0,1,0
2783,336714,張棠,cluster2_yuan_ming,0,0.0,0.0,1.3975995756472907e-33,0,1,0
2784,337590,何瞻,cluster2_yuan_ming,0,0.0,0.0,1.3975995756472907e-33,0,1,0
2785,337874,施教,cluster2_yuan_ming,0,0.0,0.0,1.3975995756472907e-33,0,1,0
2786,338693,程奎,cluster2_yuan_ming,0,0.0,0.0,1.3975995756472907e-33,0,1,0
2787,338940,方文瑞,cluster3_qing_after,0,0.0,0.0,1.3975995756472907e-33,0,0,1
2788,338944,方謙,cluster2_yuan_ming,0,0.0,0.0,1.3975995756472907e-33,0,1,0
2789,339168,商周祚,cluster2_yuan_ming,0,0.0,0.0,1.3975995756472907e-33,0,1,0
2790,339480,孫寘,cluster1_song_and_before,0,0.0,0.0,1.3975995756472907e-33,1,0,0
2791,339894,文祥,cluster3_qing_after,0,0.0,0.0,1.3975995756472907e-33,0,0,1
2792,339907,文蔚,cluster3_qing_after,0,0.0,0.0,1.3975995756472907e-33,0,0,1
2793,339918,文輅,cluster3_qing_after,0,0.0,0.0,1.3975995756472907e-33,0,0,1
2794,340087,龍文,cluster2_yuan_ming,0,0.0,0.0,1.3975995756472907e-33,0,1,0
2795,340613,謝莘,cluster3_qing_after,0,0.0,0.0,1.3975995756472907e-33,0,0,1
2796,341270,許翼權,cluster2_yuan_ming,0,0.0,0.0,1.3975995756472907e-33,0,1,0
2797,341395,許如蘭,cluster2_yuan_ming,0,0.0,0.0,1.3975995756472907e-33,0,1,0
2798,341488,麟魁,cluster3_qing_after,0,0.0,0.0,1.3975995756472907e-33,0,0,1
2799,341729,王三才,cluster2_yuan_ming,0,0.0,0.0,1.3975995756472907e-33,0,1,0
2800,342107,王舜鼎,cluster2_yuan_ming,0,0.0,0.0,1.3975995756472907e-33,0,1,0
2801,343269,王懿,cluster3_qing_after,0,0.0,0.0,1.3975995756472907e-33,0,0,1
2802,343459,王思沂,cluster3_qing_after,0,0.0,0.0,1.3975995756472907e-33,0,0,1
2803,343989,聶心湯,cluster2_yuan_ming,0,0.0,0.0,1.3975995756472907e-33,0,1,0
2804,343996,聶遜,cluster2_yuan_ming,0,0.0,0.0,1.3975995756472907e-33,0,1,0
2805,344047,丁雲錦,cluster3_qing_after,0,0.0,0.0,1.3975995756472907e-33,0,0,1
2806,344250,夏謐,cluster2_yuan_ming,0,0.0,0.0,1.3975995756472907e-33,0,1,0
2807,344944,張應曾,cluster3_qing_after,0,0.0,0.0,1.3975995756472907e-33,0,0,1
2808,344980,張文淵,cluster2_yuan_ming,0,0.0,0.0,1.3975995756472907e-33,0,1,0
2809,345783,張儉,cluster2_yuan_ming,0,0.0,0.0,1.3975995756472907e-33,0,1,0
2810,345868,張安茂,cluster2_yuan_ming,0,0.0,0.0,1.3975995756472907e-33,0,1,0
2811,346344,張茂頤,cluster2_yuan_ming,0,0.0,0.0,1.3975995756472907e-33,0,1,0
2812,347187,張悅,cluster2_yuan_ming,1,0.0,0.0,4.771562669822877e-14,0,1,0
2813,347346,孔昭銘,cluster3_qing_after,0,0.0,0.0,1.3975995756472907e-33,0,0,1
2814,347502,孫允恭,cluster2_yuan_ming,0,0.0,0.0,1.3975995756472907e-33,0,1,0
2815,347693,孫如洵,cluster2_yuan_ming,0,0.0,0.0,1.3975995756472907e-33,0,1,0
2816,348253,胥庭清,cluster2_yuan_ming,0,0.0,0.0,1.3975995756472907e-33,0,1,0
2817,348533,邵輔忠,cluster2_yuan_ming,0,0.0,0.0,1.3975995756472907e-33,0,1,0
2818,348839,毛堪,cluster2_yuan_ming,0,0.0,0.0,1.3975995756472907e-33,0,1,0
2819,349606,熊守謙,cluster3_qing_after,0,0.0,0.0,1.3975995756472907e-33,0,0,1
2820,349683,熊尚文,cluster2_yuan_ming,1,0.0,0.0,7.50330558788574e-25,0,1,0
2821,350382,魁齡,cluster3_qing_after,0,0.0,0.0,1.3975995756472907e-33,0,0,1
2822,350434,德興,cluster3_qing_after,0,0.0,0.0,1.3975995756472907e-33,0,0,1
2823,350443,儲龍光,cluster3_qing_after,0,0.0,0.0,1.3975995756472907e-33,0,0,1
2824,350670,朱廷煥,cluster2_yuan_ming,0,0.0,0.0,1.3975995756472907e-33,0,1,0
2825,350697,朱壬林,cluster3_qing_after,0,0.0,0.0,1.3975995756472907e-33,0,0,1
2826,350897,朱淥,cluster3_qing_after,0,0.0,0.0,1.3975995756472907e-33,0,0,1
2827,351406,魏夢龍,cluster3_qing_after,0,0.0,0.0,1.3975995756472907e-33,0,0,1
2828,351442,魏睦庭,cluster3_qing_after,0,0.0,0.0,1.3975995756472907e-33,0,0,1
2829,351444,魏時應,cluster2_yuan_ming,0,0.0,0.0,1.3975995756472907e-33,0,1,0
2830,351578,吳元龍,cluster3_qing_after,0,0.0,0.0,1.3975995756472907e-33,0,0,1
2831,351761,吳卜雄,cluster3_qing_after,0,0.0,0.0,1.3975995756472907e-33,0,0,1
2832,352434,程文彝,cluster2_yuan_ming,0,0.0,0.0,1.3975995756472907e-33,0,1,0
2833,352439,程誥,cluster2_yuan_ming,0,0.0,0.0,1.3975995756472907e-33,0,1,0
2834,352590,程葆,cluster3_qing_after,0,0.0,0.0,1.3975995756472907e-33,0,0,1
2835,352672,穆彰阿,cluster3_qing_after,0,0.0,0.0,1.3975995756472907e-33,0,0,1
2836,352717,黎祖壽,cluster2_yuan_ming,0,0.0,0.0,1.3975995756472907e-33,0,1,0
2837,353177,烏拉布,cluster3_qing_after,0,0.0,0.0,1.3975995756472907e-33,0,0,1
2838,353180,鄔璉,cluster2_yuan_ming,0,0.0,0.0,1.3975995756472907e-33,0,1,0
2839,353200,鄒奕孝,cluster3_qing_after,0,0.0,0.0,1.3975995756472907e-33,0,0,1
2840,353629,徐璂,cluster3_qing_after,0,0.0,0.0,1.3975995756472907e-33,0,0,1
2841,353801,徐準,cluster3_qing_after,0,0.0,0.0,1.3975995756472907e-33,0,0,1
2842,354192,宜振,cluster3_qing_after,0,0.0,0.0,1.3975995756472907e-33,0,0,1
2843,354247,甯之鳳,cluster2_yuan_ming,0,0.0,0.0,1.3975995756472907e-33,0,1,0
2844,354269,甯曾綸,cluster3_qing_after,0,0.0,0.0,1.3975995756472907e-33,0,0,1
2845,354486,宋劭穀,cluster3_qing_after,0,0.0,0.0,1.3975995756472907e-33,0,0,1
2846,354554,宋良翰,cluster2_yuan_ming,0,0.0,0.0,1.3975995756472907e-33,0,1,0
2847,354805,江起鵬,cluster2_yuan_ming,0,0.0,0.0,1.3975995756472907e-33,0,1,0
2848,354979,汪潤,cluster3_qing_after,0,0.0,0.0,1.3975995756472907e-33,0,0,1
2849,355067,汪起鳳,cluster2_yuan_ming,0,0.0,0.0,1.3975995756472907e-33,0,1,0
2850,355121,汪全德,cluster3_qing_after,0,0.0,0.0,1.3975995756472907e-33,0,0,1
2851,355834,潘鵬雲,cluster3_qing_after,0,0.0,0.0,1.3975995756472907e-33,0,0,1
2852,356108,梁知先,cluster2_yuan_ming,0,0.0,0.0,1.3975995756472907e-33,0,1,0
2853,356391,沈孝徵,cluster2_yuan_ming,0,0.0,0.0,1.3975995756472907e-33,0,1,0
2854,356623,洪承龍,cluster2_yuan_ming,0,0.0,0.0,1.3975995756472907e-33,0,1,0
2855,356636,洪佐聖,cluster2_yuan_ming,0,0.0,0.0,1.3975995756472907e-33,0,1,0
2856,357008,祁文友,cluster2_yuan_ming,0,0.0,0.0,1.3975995756472907e-33,0,1,0
2857,357131,涂紹煃,cluster2_yuan_ming,0,0.0,0.0,1.3975995756472907e-33,0,1,0
2858,357213,左峴,cluster2_yuan_ming,0,0.0,0.0,1.3975995756472907e-33,0,1,0
2859,357717,李玘,cluster2_yuan_ming,0,0.0,0.0,1.3975995756472907e-33,0,1,0
2860,357730,李承端,cluster3_qing_after,1,0.0,0.0,7.50330558788574e-25,0,0,1
2861,357762,李珍,cluster3_qing_after,0,0.0,0.0,1.3975995756472907e-33,0,0,1
2862,358002,李得中,cluster2_yuan_ming,0,0.0,0.0,1.3975995756472907e-33,0,1,0
2863,358436,李士瑜,cluster3_qing_after,0,0.0,0.0,1.3975995756472907e-33,0,0,1
2864,358976,李拯,cluster2_yuan_ming,0,0.0,0.0,1.3975995756472907e-33,0,1,0
2865,359434,李肖筠,cluster3_qing_after,0,0.0,0.0,1.3975995756472907e-33,0,0,1
2866,359441,李當泰,cluster2_yuan_ming,0,0.0,0.0,1.3975995756472907e-33,0,1,0
2867,359603,袁一鳳,cluster2_yuan_ming,0,0.0,0.0,1.3975995756472907e-33,0,1,0
2868,360052,彭會淇,cluster3_qing_after,0,0.0,0.0,1.3975995756472907e-33,0,0,1
2869,360403,戴翼子,cluster3_qing_after,0,0.0,0.0,1.3975995756472907e-33,0,0,1
2870,360983,莊瑤,cluster3_qing_after,0,0.0,0.0,1.3975995756472907e-33,0,0,1
2871,361308,蔣繼珠,cluster3_qing_after,0,0.0,0.0,1.3975995756472907e-33,0,0,1
2872,361707,萬堯一,cluster2_yuan_ming,0,0.0,0.0,1.3975995756472907e-33,0,1,0
2873,361794,樊士鑑,cluster3_qing_after,0,0.0,0.0,1.3975995756472907e-33,0,0,1
2874,361980,韓雄胤,cluster2_yuan_ming,0,0.0,0.0,1.3975995756472907e-33,0,1,0
2875,362152,英綬,cluster3_qing_after,0,0.0,0.0,1.3975995756472907e-33,0,0,1
2876,362156,英淳,cluster3_qing_after,0,0.0,0.0,1.3975995756472907e-33,0,0,1
2877,362536,黃孫茂,cluster2_yuan_ming,0,0.0,0.0,1.3975995756472907e-33,0,1,0
2878,362805,黃洽,cluster3_qing_after,0,0.0,0.0,1.3975995756472907e-33,0,0,1
2879,363071,黃驤雲,cluster3_qing_after,0,0.0,0.0,1.3975995756472907e-33,0,0,1
2880,363114,黃金貴,cluster2_yuan_ming,0,0.0,0.0,1.3975995756472907e-33,0,1,0
2881,363232,蔡雲翰,cluster2_yuan_ming,0,0.0,0.0,1.3975995756472907e-33,0,1,0
2882,363247,蔡瓊珠,cluster2_yuan_ming,0,0.0,0.0,1.3975995756472907e-33,0,1,0
2883,363438,葉應震,cluster2_yuan_ming,0,0.0,0.0,1.3975995756472907e-33,0,1,0
2884,363519,葉憲祖,cluster2_yuan_ming,1,0.0,0.0,1.503516943899234e-22,0,1,0
2885,363658,葉棠,cluster3_qing_after,0,0.0,0.0,1.3975995756472907e-33,0,0,1
2886,363761,杜來錫,cluster3_qing_after,0,0.0,0.0,1.3975995756472907e-33,0,0,1
2887,364485,楊西狩,cluster2_yuan_ming,0,0.0,0.0,1.3975995756472907e-33,0,1,0
2888,365270,楊鏞,cluster2_yuan_ming,0,0.0,0.0,1.3975995756472907e-33,0,1,0
2889,365653,胡永煥,cluster3_qing_after,0,0.0,0.0,1.3975995756472907e-33,0,0,1
2890,366072,趙亮熙,cluster3_qing_after,0,0.0,0.0,1.3975995756472907e-33,0,0,1
2891,366078,趙應元,cluster2_yuan_ming,0,0.0,0.0,1.3975995756472907e-33,0,1,0
2892,366155,趙瑗,cluster3_qing_after,0,0.0,0.0,1.3975995756472907e-33,0,0,1
2893,366279,趙贊化,cluster2_yuan_ming,1,0.0,0.0,7.50330558788574e-25,0,1,0
2894,366304,趙從蕃,cluster3_qing_after,0,0.0,0.0,1.3975995756472907e-33,0,0,1
2895,367695,恩寧,cluster3_qing_after,0,0.0,0.0,1.3975995756472907e-33,0,0,1
2896,367880,畢至,cluster3_qing_after,0,0.0,0.0,1.3975995756472907e-33,0,0,1
2897,368388,瞿士達,cluster2_yuan_ming,0,0.0,0.0,1.3975995756472907e-33,0,1,0
2898,368541,單國祚,cluster2_yuan_ming,0,0.0,0.0,1.3975995756472907e-33,0,1,0
2899,368617,鄂恆,cluster3_qing_after,0,0.0,0.0,1.3975995756472907e-33,0,0,1
2900,368629,喻以恕,cluster2_yuan_ming,0,0.0,0.0,1.3975995756472907e-33,0,1,0
2901,369442,劉季箎,cluster2_yuan_ming,0,0.0,0.0,1.3975995756472907e-33,0,1,0
2902,369581,劉伸,cluster2_yuan_ming,0,0.0,0.0,1.3975995756472907e-33,0,1,0
2903,369604,劉儼,cluster3_qing_after,0,0.0,0.0,1.3975995756472907e-33,0,0,1
2904,369795,劉泓,cluster2_yuan_ming,0,0.0,0.0,1.3975995756472907e-33,0,1,0
2905,369843,劉洪謨,cluster2_yuan_ming,0,0.0,0.0,1.3975995756472907e-33,0,1,0
2906,369966,劉士龍,cluster2_yuan_ming,0,0.0,0.0,1.3975995756472907e-33,0,1,0
2907,370116,劉若璪,cluster3_qing_after,0,0.0,0.0,1.3975995756472907e-33,0,0,1
2908,370225,劉青照,cluster3_qing_after,0,0.0,0.0,1.3975995756472907e-33,0,0,1
2909,370329,劉是,cluster2_yuan_ming,0,0.0,0.0,1.3975995756472907e-33,0,1,0
2910,370384,劉長發,cluster2_yuan_ming,0,0.0,0.0,1.3975995756472907e-33,0,1,0
2911,370645,丘園卜,cluster2_yuan_ming,0,0.0,0.0,1.3975995756472907e-33,0,1,0
2912,370734,陸化熙,cluster2_yuan_ming,1,0.0,0.0,3.905836058279863e-12,0,1,0
2913,370771,陸遐昌,cluster3_qing_after,0,0.0,0.0,1.3975995756472907e-33,0,0,1
2914,371173,陳廷桂,cluster3_qing_after,0,0.0,0.0,1.3975995756472907e-33,0,0,1
2915,371805,陳大綬,cluster2_yuan_ming,0,0.0,0.0,1.3975995756472907e-33,0,1,0
2916,371960,陳萬全,cluster3_qing_after,0,0.0,0.0,1.3975995756472907e-33,0,0,1
2917,372274,陳所聞,cluster2_yuan_ming,0,0.0,0.0,1.3975995756472907e-33,0,1,0
2918,372454,陳欽銘,cluster3_qing_after,0,0.0,0.0,1.3975995756472907e-33,0,0,1
2919,372471,陳筆鋒,cluster3_qing_after,0,0.0,0.0,1.3975995756472907e-33,0,0,1
2920,372579,邱文愷,cluster3_qing_after,0,0.0,0.0,1.3975995756472907e-33,0,0,1
2921,372645,覺羅德成格,cluster3_qing_after,0,0.0,0.0,1.3975995756472907e-33,0,0,1
2922,372867,周鼎,cluster2_yuan_ming,0,0.0,0.0,1.3975995756472907e-33,0,1,0
2923,373978,歐陽旭,cluster2_yuan_ming,0,0.0,0.0,1.3975995756472907e-33,0,1,0
2924,374044,全慶,cluster3_qing_after,0,0.0,0.0,1.3975995756472907e-33,0,0,1
2925,374176,金樟,cluster3_qing_after,0,0.0,0.0,1.3975995756472907e-33,0,0,1
2926,374419,俞成,cluster3_qing_after,0,0.0,0.0,1.3975995756472907e-33,0,0,1
2927,374441,俞恆澤,cluster3_qing_after,0,0.0,0.0,1.3975995756472907e-33,0,0,1
2928,374555,善慶,cluster3_qing_after,0,0.0,0.0,1.3975995756472907e-33,0,0,1
2929,374625,曾臯,cluster2_yuan_ming,0,0.0,0.0,1.3975995756472907e-33,0,1,0
2930,374951,鍾琇,cluster3_qing_after,0,0.0,0.0,1.3975995756472907e-33,0,0,1
2931,375151,錢志霖,cluster3_qing_after,0,0.0,0.0,1.3975995756472907e-33,0,0,1
2932,375247,饒元珙,cluster2_yuan_ming,0,0.0,0.0,1.3975995756472907e-33,0,1,0
2933,375283,饒景暉,cluster2_yuan_ming,1,0.0,0.0,5.017129200224434e-21,0,1,0
2934,375296,錫齡,cluster3_qing_after,0,0.0,0.0,1.3975995756472907e-33,0,0,1
2935,375557,鄭士超,cluster3_qing_after,0,0.0,0.0,1.3975995756472907e-33,0,0,1
2936,375625,鄭日奎,cluster2_yuan_ming,0,0.0,0.0,1.3975995756472907e-33,0,1,0
2937,375707,鄭尚友,cluster2_yuan_ming,0,0.0,0.0,1.3975995756472907e-33,0,1,0
2938,375745,舒清,cluster2_yuan_ming,0,0.0,0.0,1.3975995756472907e-33,0,1,0
2939,375827,管玉音,cluster2_yuan_ming,0,0.0,0.0,1.3975995756472907e-33,0,1,0
2940,376098,徐彥伯,cluster1_song_and_before,0,0.0,0.0,1.3975995756472907e-33,1,0,0
2941,379664,劉從諫,cluster1_song_and_before,0,0.0,0.0,1.3975995756472907e-33,1,0,0
2942,386323,朱傑,cluster1_song_and_before,1,0.0,0.0,7.50330558788574e-25,1,0,0
2943,386530,張安道,cluster1_song_and_before,0,0.0,0.0,1.3975995756472907e-33,1,0,0
2944,386531,張至道,cluster1_song_and_before,0,0.0,0.0,1.3975995756472907e-33,1,0,0
2945,386582,葉蓁,cluster1_song_and_before,0,0.0,0.0,1.3975995756472907e-33,1,0,0
2946,386675,王奇,cluster1_song_and_before,0,0.0,0.0,1.3975995756472907e-33,1,0,0
2947,387174,高丹桂,cluster2_yuan_ming,0,0.0,0.0,1.3975995756472907e-33,0,1,0
2948,387245,應汝化,cluster2_yuan_ming,0,0.0,0.0,1.3975995756472907e-33,0,1,0
2949,387246,應大桂,cluster2_yuan_ming,0,0.0,0.0,1.3975995756472907e-33,0,1,0
2950,387291,康汝芳,cluster2_yuan_ming,1,0.0,0.0,7.50330558788574e-25,0,1,0
2951,387353,唐賡堯,cluster3_qing_after,0,0.0,0.0,1.3975995756472907e-33,0,0,1
2952,387429,唐良懿,cluster2_yuan_ming,0,0.0,0.0,1.3975995756472907e-33,0,1,0
2953,398833,尹文煥,cluster1_song_and_before,0,0.0,0.0,1.3975995756472907e-33,1,0,0
2954,438358,(那拉)德瑛,cluster3_qing_after,0,0.0,0.0,1.3975995756472907e-33,0,0,1
2955,438400,(博爾濟吉特)明敘,cluster3_qing_after,0,0.0,0.0,1.3975995756472907e-33,0,0,1
2956,438416,豐培,cluster3_qing_after,0,0.0,0.0,1.3975995756472907e-33,0,0,1
2957,438553,朱應榮,cluster3_qing_after,0,0.0,0.0,1.3975995756472907e-33,0,0,1
2958,438572,奎璧,cluster3_qing_after,0,0.0,0.0,1.3975995756472907e-33,0,0,1
2959,438584,張霖,cluster2_yuan_ming,0,0.0,0.0,1.3975995756472907e-33,0,1,0
2960,438657,蘇崇阿,cluster3_qing_after,0,0.0,0.0,1.3975995756472907e-33,0,0,1
2961,438665,文麟,cluster3_qing_after,0,0.0,0.0,1.3975995756472907e-33,0,0,1
2962,438692,阿禮布,cluster3_qing_after,0,0.0,0.0,1.3975995756472907e-33,0,0,1
2963,438753,恩祥,cluster3_qing_after,0,0.0,0.0,1.3975995756472907e-33,0,0,1
2964,438793,傅顯,cluster3_qing_after,0,0.0,0.0,1.3975995756472907e-33,0,0,1
2965,438981,卞永式,cluster3_qing_after,0,0.0,0.0,1.3975995756472907e-33,0,0,1
2966,439033,李光倬,cluster2_yuan_ming,0,0.0,0.0,1.3975995756472907e-33,0,1,0
2967,439106,陳文緯,cluster3_qing_after,0,0.0,0.0,1.3975995756472907e-33,0,0,1
2968,439347,韓文顯,cluster3_qing_after,0,0.0,0.0,1.3975995756472907e-33,0,0,1
2969,439554,朱其煊,cluster3_qing_after,0,0.0,0.0,1.3975995756472907e-33,0,0,1
2970,439574,傅德,cluster2_yuan_ming,0,0.0,0.0,1.3975995756472907e-33,0,1,0
2971,439728,沈炳垣,cluster3_qing_after,0,0.0,0.0,1.3975995756472907e-33,0,0,1
2972,444853,趙文恪,cluster1_song_and_before,0,0.0,0.0,1.3975995756472907e-33,1,0,0
2973,444868,龐承訓,cluster1_song_and_before,0,0.0,0.0,1.3975995756472907e-33,1,0,0
2974,450722,崔寧,cluster1_song_and_before,0,0.0,0.0,1.3975995756472907e-33,1,0,0
2975,469750,劉先,cluster1_song_and_before,0,0.0,0.0,1.3975995756472907e-33,1,0,0
2976,472983,朱國華,cluster2_yuan_ming,0,0.0,0.0,1.3975995756472907e-33,0,1,0
2977,476181,彭懋,cluster2_yuan_ming,0,0.0,0.0,1.3975995756472907e-33,0,1,0
2978,479398,傅庸,cluster1_song_and_before,0,0.0,0.0,1.3975995756472907e-33,1,0,0
2979,502739,謝約,cluster1_song_and_before,0,0.0,0.0,1.3975995756472907e-33,1,0,0
2980,503974,倪阜,cluster2_yuan_ming,0,0.0,0.0,1.3975995756472907e-33,0,1,0
2981,512631,盛玄,cluster1_song_and_before,1,0.0,0.0,0.004175885095622383,1,0,0
2982,513174,彭份,cluster2_yuan_ming,0,0.0,0.0,1.3975995756472907e-33,0,1,0
2983,525432,劉愨,cluster2_yuan_ming,0,0.0,0.0,1.3975995756472907e-33,0,1,0
2984,531015,許孚,cluster2_yuan_ming,0,0.0,0.0,1.3975995756472907e-33,0,1,0
2985,550643,彭大科,cluster2_yuan_ming,0,0.0,0.0,1.3975995756472907e-33,0,1,0
2986,551393,徐致甫,cluster1_song_and_before,0,0.0,0.0,1.3975995756472907e-33,1,0,0
2987,551402,王信,cluster1_song_and_before,0,0.0,0.0,1.3975995756472907e-33,1,0,0
2988,554900,李士睿,cluster3_qing_after,1,0.0,0.0,7.50330558788574e-25,0,0,1
2989,555265,姜天樞,cluster2_yuan_ming,0,0.0,0.0,1.3975995756472907e-33,0,1,0
2990,555283,張顯,cluster2_yuan_ming,0,0.0,0.0,1.3975995756472907e-33,0,1,0
2991,555350,楊三炯,cluster3_qing_after,0,0.0,0.0,1.3975995756472907e-33,0,0,1
2992,556111,馬權奇,cluster2_yuan_ming,0,0.0,0.0,1.3975995756472907e-33,0,1,0
2993,561479,章有期,cluster2_yuan_ming,0,0.0,0.0,1.3975995756472907e-33,0,1,0
2994,561490,朱啟元,cluster2_yuan_ming,0,0.0,0.0,1.3975995756472907e-33,0,1,0
2995,562209,劉廷棟,cluster3_qing_after,0,0.0,0.0,1.3975995756472907e-33,0,0,1
2996,562792,熊汝學,cluster2_yuan_ming,1,0.0,0.0,7.50330558788574e-25,0,1,0
2997,562900,張夏,cluster1_song_and_before,0,0.0,0.0,1.3975995756472907e-33,1,0,0
2998,563128,諶廷詔,cluster2_yuan_ming,0,0.0,0.0,1.3975995756472907e-33,0,1,0
2999,563200,龔澄元,cluster2_yuan_ming,0,0.0,0.0,1.3975995756472907e-33,0,1,0
3000,563214,劉貺,cluster1_song_and_before,0,0.0,0.0,1.3975995756472907e-33,1,0,0
3001,570888,姜諤,cluster1_song_and_before,0,0.0,0.0,1.3975995756472907e-33,1,0,0
3002,570923,趙隨,cluster1_song_and_before,1,0.0,0.0,0.0024664362432820705,1,0,0
3003,571259,張正,cluster1_song_and_before,0,0.0,0.0,1.3975995756472907e-33,1,0,0
3004,571577,任之立,cluster1_song_and_before,1,0.0,0.0,3.184214381287576e-05,1,0,0
3005,571594,石崧,cluster1_song_and_before,0,0.0,0.0,1.3975995756472907e-33,1,0,0
3006,571666,藥紹言,cluster1_song_and_before,0,0.0,0.0,1.3975995756472907e-33,1,0,0
3007,573137,許立禮,cluster2_yuan_ming,0,0.0,0.0,1.3975995756472907e-33,0,1,0
3008,573203,程鑾,cluster3_qing_after,0,0.0,0.0,1.3975995756472907e-33,0,0,1
3009,573545,蘇昌嗣,cluster1_song_and_before,0,0.0,0.0,1.3975995756472907e-33,1,0,0
3010,575342,郭權,cluster1_song_and_before,0,0.0,0.0,1.3975995756472907e-33,1,0,0
3011,575526,董宏,cluster3_qing_after,0,0.0,0.0,1.3975995756472907e-33,0,0,1
3012,575944,莫象年,cluster3_qing_after,0,0.0,0.0,1.3975995756472907e-33,0,0,1
3013,575953,歐陽方曜,cluster3_qing_after,0,0.0,0.0,1.3975995756472907e-33,0,0,1
3014,576624,汪廷棟,cluster3_qing_after,0,0.0,0.0,1.3975995756472907e-33,0,0,1
3015,576780,馮維師,cluster1_song_and_before,0,0.0,0.0,1.3975995756472907e-33,1,0,0
3016,578729,方宏靜,cluster2_yuan_ming,1,0.0,0.0,7.50330558788574e-25,0,1,0
3017,579059,鄭俠如,cluster2_yuan_ming,0,0.0,0.0,1.3975995756472907e-33,0,1,0
3018,684063,孫延郃,cluster1_song_and_before,0,0.0,0.0,1.3975995756472907e-33,1,0,0
3019,684185,席啟㝢,cluster2_yuan_ming,0,0.0,0.0,1.3975995756472907e-33,0,1,0
3020,684322,楊公亶,cluster1_song_and_before,0,0.0,0.0,1.3975995756472907e-33,1,0,0
3021,686170,羅愷,cluster1_song_and_before,0,0.0,0.0,1.3975995756472907e-33,1,0,0
3022,689212,任康,cluster1_song_and_before,0,0.0,0.0,1.3975995756472907e-33,1,0,0
3023,689429,李蔚,cluster2_yuan_ming,0,0.0,0.0,1.3975995756472907e-33,0,1,0
3024,690118,王正規,cluster1_song_and_before,0,0.0,0.0,1.3975995756472907e-33,1,0,0
3025,690119,王正臣,cluster1_song_and_before,0,0.0,0.0,1.3975995756472907e-33,1,0,0
3026,690127,王正思,cluster1_song_and_before,1,0.0,0.0,1.5959248592679233e-20,1,0,0
3027,690188,馬籍,cluster1_song_and_before,0,0.0,0.0,1.3975995756472907e-33,1,0,0
3028,690192,劉藏用,cluster1_song_and_before,0,0.0,0.0,1.3975995756472907e-33,1,0,0
3029,690925,汪思蔚,cluster3_qing_after,0,0.0,0.0,1.3975995756472907e-33,0,0,1
3030,690938,余俊,cluster3_qing_after,0,0.0,0.0,1.3975995756472907e-33,0,0,1
3031,691329,杜子華,cluster2_yuan_ming,0,0.0,0.0,1.3975995756472907e-33,0,1,0
3032,691516,曹仁,cluster2_yuan_ming,0,0.0,0.0,1.3975995756472907e-33,0,1,0
3033,692004,沈允芳,cluster2_yuan_ming,0,0.0,0.0,1.3975995756472907e-33,0,1,0
3034,692609,王道,cluster2_yuan_ming,0,0.0,0.0,1.3975995756472907e-33,0,1,0
3035,694310,凌行堂,cluster3_qing_after,0,0.0,0.0,1.3975995756472907e-33,0,0,1
3036,694852,盛皚,cluster2_yuan_ming,1,0.0,0.0,1.503516943899234e-22,0,1,0
3037,695366,董允霖,cluster3_qing_after,0,0.0,0.0,1.3975995756472907e-33,0,0,1
3038,696195,楊仲安,cluster1_song_and_before,0,0.0,0.0,1.3975995756472907e-33,1,0,0
3039,696581,石祖賢,cluster1_song_and_before,0,0.0,0.0,1.3975995756472907e-33,1,0,0
3040,696583,石祖元,cluster1_song_and_before,0,0.0,0.0,1.3975995756472907e-33,1,0,0
3041,696584,石祖良,cluster1_song_and_before,0,0.0,0.0,1.3975995756472907e-33,1,0,0
3042,696908,黎伯巽,cluster1_song_and_before,0,0.0,0.0,1.3975995756472907e-33,1,0,0
3043,696921,璩悚,cluster1_song_and_before,0,0.0,0.0,1.3975995756472907e-33,1,0,0
3044,697054,蔡勖,cluster1_song_and_before,0,0.0,0.0,1.3975995756472907e-33,1,0,0
3045,697077,任迥,cluster1_song_and_before,0,0.0,0.0,1.3975995756472907e-33,1,0,0
3046,697106,張鎡,cluster2_yuan_ming,0,0.0,0.0,1.3975995756472907e-33,0,1,0
3047,697621,盧震,cluster1_song_and_before,0,0.0,0.0,1.3975995756472907e-33,1,0,0
3048,697636,劉舜卿,cluster1_song_and_before,0,0.0,0.0,1.3975995756472907e-33,1,0,0
3049,698679,瞿敬邦,cluster3_qing_after,0,0.0,0.0,1.3975995756472907e-33,0,0,1
3050,699122,戴瑞,cluster2_yuan_ming,0,0.0,0.0,1.3975995756472907e-33,0,1,0
3051,699428,李宗孟,cluster1_song_and_before,2,0.0,0.0,2.1262940533200443e-22,1,0,0
3052,699468,李經,cluster1_song_and_before,1,0.0,0.0,1.503516943899234e-22,1,0,0
3053,699631,任中孚,cluster1_song_and_before,0,0.0,0.0,1.3975995756472907e-33,1,0,0
3054,699635,章仁守,cluster1_song_and_before,1,0.0,0.0,1.503516943899234e-22,1,0,0
3055,699640,任允孚,cluster1_song_and_before,0,0.0,0.0,1.3975995756472907e-33,1,0,0
3056,699695,林倩,cluster1_song_and_before,3,5.7967476958411286e-05,0.0,0.0011158622297548076,1,0,0
3057,699791,朱祥,cluster2_yuan_ming,2,0.0,1.0,9.591778628167397e-20,0,1,0
3058,699794,朱同芳,cluster2_yuan_ming,2,0.0,1.0,9.591778628167397e-20,0,1,0
3059,700027,沈縉,cluster2_yuan_ming,0,0.0,0.0,1.3975995756472907e-33,0,1,0
3060,700129,孫鑄,cluster1_song_and_before,0,0.0,0.0,1.3975995756472907e-33,1,0,0
3061,700146,張景晟,cluster1_song_and_before,4,9.032527031851731e-05,0.16666666666666666,0.006452444613918008,1,0,0
3062,700465,沈群玉,cluster1_song_and_before,1,0.0,0.0,1.503516943899234e-22,1,0,0
3063,700520,沈文禎,cluster1_song_and_before,1,0.0,0.0,1.503516943899234e-22,1,0,0
