source,target,weight
3,13,1
3,62,1
3,79,1
3,117,1
3,118,1
3,211,1
3,334,1
3,345,2
3,559,3
3,561,1
3,586,1
3,628,1
3,634,2
3,636,1
3,728,2
3,830,1
3,962,1
3,1096,1
3,1195,2
3,1302,1
3,1309,3
3,1314,4
3,1326,3
3,1408,1
3,1450,1
3,1488,5
3,1571,1
3,1746,1
3,1762,3
3,1767,1
3,1789,1
3,1807,1
3,1867,1
3,1872,1
3,2022,1
3,2032,2
3,2058,1
3,2074,1
3,2081,1
3,3709,1
3,3718,1
3,3933,1
3,4001,1
3,7391,1
3,8116,2
3,10565,2
3,11372,1
3,13810,1
3,14103,1
3,14209,1
3,14973,1
3,15155,1
3,18395,1
3,18399,1
3,22849,2
3,26151,1
3,34020,1
3,34100,1
3,45753,1
4,185,1
4,262,1
4,332,1
4,986,1
4,1048,1
4,1221,1
4,1229,1
4,1615,1
4,2008,1
4,2015,1
4,3505,1
4,3869,1
4,4001,1
4,4207,1
4,7042,1
4,7097,1
4,8153,1
4,11800,1
4,12941,1
4,12944,1
4,13312,4
4,13313,1
4,13314,2
4,14310,1
4,22072,2
4,46640,1
10,13,1
10,3013,1
13,25,1
13,33,1
13,36,1
13,79,3
13,98,2
13,99,1
13,116,2
13,118,2
13,145,2
13,205,1
13,213,1
13,217,6
13,223,2
13,237,2
13,271,1
13,295,1
13,299,1
13,315,1
13,318,1
13,345,2
13,375,3
13,420,2
13,427,2
13,487,1
13,559,7
13,561,5
13,562,3
13,586,1
13,602,1
13,606,1
13,628,6
13,629,1
13,630,9
13,634,3
13,636,4
13,663,2
13,664,2
13,685,1
13,716,1
13,728,2
13,770,1
13,780,1
13,797,1
13,810,1
13,832,2
13,846,1
13,911,1
13,924,1
13,942,1
13,944,1
13,962,2
13,971,6
13,1006,1
13,1036,1
13,1048,1
13,1092,2
13,1178,1
13,1195,3
13,1207,1
13,1225,1
13,1230,1
13,1306,1
13,1309,4
13,1314,7
13,1315,1
13,1316,2
13,1326,1
13,1349,1
13,1361,1
13,1385,1
13,1391,4
13,1405,1
13,1408,2
13,1414,1
13,1450,1
13,1453,4
13,1455,1
13,1464,1
13,1486,2
13,1488,17
13,1489,1
13,1491,1
13,1538,1
13,1555,3
13,1558,4
13,1571,4
13,1615,2
13,1617,2
13,1635,2
13,1661,1
13,1662,1
13,1719,1
13,1722,1
13,1730,1
13,1762,14
13,1767,1
13,1776,1
13,1789,2
13,1821,1
13,1828,2
13,1835,1
13,1840,1
13,1844,2
13,1847,4
13,1867,1
13,1877,1
13,1881,2
13,1891,1
13,1895,1
13,1945,1
13,1957,1
13,1967,1
13,2007,1
13,2022,3
13,2032,1
13,2036,1
13,2081,1
13,2082,1
13,2123,2
13,3012,2
13,3013,5
13,3033,1
13,3080,1
13,3484,8
13,3528,1
13,3591,1
13,3700,1
13,3709,1
13,3718,4
13,3759,1
13,3829,1
13,3941,1
13,3977,2
13,3997,3
13,4001,11
13,4112,1
13,4124,1
13,4175,1
13,4207,1
13,7053,2
13,7059,5
13,7063,1
13,7068,1
13,7070,2
13,7097,2
13,7108,1
13,7109,1
13,7120,1
13,7126,1
13,7239,3
13,7240,1
13,7308,4
13,7391,2
13,7397,1
13,8001,2
13,8006,1
13,8016,1
13,8057,1
13,8072,1
13,8109,1
13,8116,5
13,8153,1
13,8165,3
13,10226,1
13,10565,1
13,10566,2
13,10681,1
13,11135,3
13,11450,1
13,11800,1
13,12025,2
13,12319,1
13,12941,1
13,13105,1
13,13518,1
13,13554,1
13,13612,1
13,13810,2
13,14043,1
13,14209,1
13,14301,1
13,14386,1
13,14973,1
13,15155,1
13,15460,1
13,16173,1
13,16667,1
13,16745,2
13,16882,2
13,17743,1
13,18268,1
13,18395,1
13,18399,1
13,18521,1
13,18731,1
13,18734,1
13,18735,1
13,19149,1
13,19699,2
13,20221,1
13,20268,1
13,20604,1
13,20672,1
13,21226,1
13,21274,1
13,21796,2
13,22236,1
13,22250,1
13,22403,1
13,22849,1
13,25351,1
13,26456,1
13,27007,1
13,27761,2
13,34020,1
13,34100,1
13,34446,1
13,38219,1
13,40998,1
13,42417,1
13,43532,1
13,45685,1
13,45753,2
13,46642,2
13,46966,1
13,52268,1
13,571594,1
15,18,4
15,67,4
15,559,1
15,630,1
15,1232,1
15,1877,1
15,3047,3
15,3941,1
15,11650,1
15,20221,1
15,34100,3
16,67,2
16,628,1
16,630,1
16,663,1
16,832,1
16,911,1
16,1314,1
16,1488,1
16,1762,1
16,1767,1
16,1847,1
16,1881,1
16,1952,1
16,1954,1
16,3977,1
16,4001,1
16,7391,1
16,8116,1
16,10566,1
16,20221,1
16,22350,1
16,47148,1
18,67,4
18,559,1
18,630,1
18,1232,1
18,1762,1
18,1767,1
18,1877,1
18,3047,3
18,7059,1
18,11650,1
18,15706,1
18,20221,1
18,22250,1
18,34100,3
22,211,1
22,1875,1
22,4001,1
22,17307,1
25,310,1
25,559,1
25,561,1
25,685,1
25,924,1
25,1314,1
25,1391,1
25,1488,1
25,1571,1
25,1615,1
25,1847,1
25,3012,1
25,8001,1
25,8072,1
25,13513,1
25,13518,1
25,20276,1
25,24988,1
25,40287,1
33,98,1
33,99,2
33,197,1
33,205,1
33,217,2
33,271,1
33,375,1
33,561,1
33,562,1
33,569,1
33,593,1
33,602,1
33,628,1
33,630,2
33,634,1
33,636,2
33,728,1
33,846,1
33,944,1
33,971,2
33,1178,2
33,1232,1
33,1302,1
33,1306,1
33,1309,1
33,1314,1
33,1346,1
33,1349,1
33,1453,1
33,1488,4
33,1491,1
33,1496,1
33,1538,1
33,1617,1
33,1661,1
33,1662,1
33,1762,2
33,1844,1
33,1882,1
33,1945,1
33,2007,1
33,2014,1
33,2026,1
33,2032,1
33,3107,1
33,3484,1
33,3718,1
33,3997,1
33,4001,3
33,7059,1
33,7097,2
33,7161,1
33,7239,1
33,7279,1
33,8072,1
33,10566,1
33,13612,1
33,13810,1
33,14224,1
33,14310,1
33,14650,1
33,15501,1
33,16783,1
33,18272,1
33,19123,1
33,19699,1
33,21226,1
33,21679,1
33,22250,1
33,41028,1
33,44303,1
33,50221,1
33,50223,1
33,50230,1
33,571577,1
34,56,1
34,98,1
34,116,1
34,118,1
34,185,1
34,200,1
34,531,1
34,559,2
34,621,1
34,628,1
34,634,1
34,636,2
34,664,1
34,797,1
34,874,1
34,1092,1
34,1096,1
34,1316,1
34,1488,3
34,1490,1
34,1558,1
34,1634,1
34,1653,1
34,1661,1
34,1730,2
34,1762,4
34,1804,1
34,1828,1
34,1844,2
34,1881,1
34,1949,1
34,1967,1
34,3941,1
34,3957,1
34,4001,2
34,4153,1
34,8016,1
34,8049,2
34,8116,4
34,11701,1
34,13378,1
34,13612,1
34,15884,1
34,16877,2
34,18550,1
34,19123,1
34,19611,2
34,19880,1
34,20221,1
34,20498,1
34,22420,1
34,26518,1
34,39847,1
34,45049,1
36,1488,1
36,1719,1
36,2022,1
36,7046,1
36,22849,1
36,27761,1
36,38219,1
37,597,2
37,602,1
37,1309,1
37,3303,1
37,3997,1
53,98,1
53,245,1
53,1490,1
53,1502,1
53,1730,1
53,1732,1
53,1762,1
53,8049,1
53,10681,1
62,79,1
62,117,1
62,128,1
62,150,1
62,174,2
62,211,5
62,252,1
62,332,1
62,375,1
62,380,1
62,559,2
62,606,1
62,628,1
62,630,2
62,840,1
62,859,1
62,1237,1
62,1243,1
62,1314,1
62,1366,1
62,1388,1
62,1488,3
62,1558,1
62,1730,1
62,1762,3
62,1807,2
62,1846,1
62,1852,1
62,1872,2
62,1932,1
62,1996,1
62,2058,2
62,3364,1
62,3502,1
62,3634,1
62,3725,2
62,3915,1
62,3933,1
62,4001,2
62,7059,1
62,7097,1
62,7239,1
62,8116,1
62,8165,1
62,10242,1
62,10565,4
62,10566,3
62,10892,1
62,11372,1
62,11450,1
62,11800,3
62,12053,1
62,12134,1
62,12319,1
62,12890,1
62,12941,1
62,13279,1
62,13477,2
62,14103,1
62,14973,1
62,19123,1
62,19699,1
62,19880,1
62,21482,1
62,22849,2
62,24324,1
62,24710,1
62,25209,1
62,27761,1
62,39948,1
62,41532,1
62,42063,1
62,43094,1
62,45554,1
63,3615,1
63,10242,1
67,128,1
67,205,1
67,279,1
67,332,1
67,559,2
67,628,2
67,630,2
67,636,1
67,642,2
67,656,1
67,663,1
67,664,1
67,780,1
67,832,1
67,874,1
67,911,2
67,1056,1
67,1096,1
67,1314,1
67,1316,1
67,1464,1
67,1488,2
67,1558,1
67,1617,1
67,1634,1
67,1730,2
67,1762,1
67,1767,1
67,1828,1
67,1847,2
67,1877,3
67,1881,2
67,1952,1
67,1954,1
67,3047,3
67,3321,1
67,3325,1
67,3941,1
67,3977,1
67,4001,2
67,4124,1
67,4153,1
67,7240,1
67,7358,1
67,7391,1
67,8116,2
67,8153,1
67,10566,1
67,11650,2
67,11701,1
67,12319,1
67,13972,1
67,15751,1
67,16745,1
67,17355,1
67,17724,1
67,17730,1
67,17743,1
67,19149,1
67,20221,3
67,21274,1
67,22350,1
67,27761,1
67,34100,3
67,40396,1
67,46702,1
67,47148,1
67,49672,1
67,52545,1
78,79,1
78,122,1
78,172,1
78,267,1
78,375,1
78,559,1
78,968,1
78,1086,1
78,1144,1
78,1309,1
78,1453,1
78,1531,1
78,1555,1
78,1571,1
78,1617,1
78,1730,1
78,1762,1
78,1835,1
78,2022,1
78,3374,1
78,3484,1
78,3590,1
78,4001,1
78,7121,1
78,7288,1
78,7323,1
78,10565,1
78,11372,1
78,14043,1
78,15849,1
78,16667,1
78,16745,1
78,19699,1
78,22865,1
78,27078,1
78,37916,1
78,40408,1
78,42415,1
78,42652,1
78,47517,1
79,118,1
79,145,1
79,152,1
79,174,1
79,211,2
79,217,1
79,283,1
79,301,1
79,345,2
79,375,2
79,420,1
79,559,5
79,561,2
79,562,1
79,586,1
79,628,3
79,629,1
79,630,2
79,634,3
79,636,1
79,716,1
79,728,2
79,818,1
79,840,1
79,843,1
79,859,1
79,962,1
79,971,1
79,1005,1
79,1092,1
79,1144,3
79,1178,1
79,1195,3
79,1306,1
79,1309,4
79,1314,3
79,1326,1
79,1366,1
79,1388,3
79,1408,1
79,1414,1
79,1450,1
79,1453,2
79,1488,4
79,1491,1
79,1555,1
79,1571,1
79,1591,1
79,1615,1
79,1635,1
79,1730,1
79,1746,1
79,1762,6
79,1767,1
79,1789,2
79,1821,1
79,1828,1
79,1840,2
79,1867,1
79,1881,1
79,1891,1
79,2007,1
79,2022,3
79,2032,1
79,2081,1
79,2112,1
79,3364,1
79,3484,3
79,3501,1
79,3522,1
79,3591,1
79,3709,1
79,3718,1
79,3725,1
79,3997,1
79,4001,3
79,7059,2
79,7126,1
79,7179,1
79,7308,1
79,7391,1
79,8116,3
79,8160,1
79,10061,1
79,10226,1
79,10231,1
79,10304,1
79,10565,4
79,10566,3
79,10759,1
79,10890,1
79,10892,1
79,11372,3
79,11404,1
79,11450,1
79,11800,1
79,12013,2
79,12978,1
79,13279,1
79,13477,1
79,13612,1
79,13810,1
79,14103,1
79,14209,1
79,14445,1
79,14913,1
79,14973,1
79,15155,1
79,15501,1
79,16504,1
79,16667,1
79,16720,1
79,16745,1
79,17100,1
79,18395,1
79,18399,1
79,18480,1
79,18946,1
79,19322,1
79,19597,1
79,19699,4
79,19880,1
79,21169,1
79,21561,1
79,25209,1
79,26151,1
79,27761,1
79,34020,1
79,34100,1
79,40928,1
79,42063,1
79,45753,1
79,47457,1
79,49974,1
79,68454,1
93,217,1
93,628,1
93,630,1
93,911,1
93,953,1
93,962,1
93,971,1
93,1086,1
93,1464,1
93,1555,1
93,1571,1
93,1635,1
93,1722,1
93,1730,1
93,1829,1
93,1885,1
93,2032,1
93,2112,1
93,3709,1
93,3997,1
93,8116,2
93,11612,2
93,12941,1
93,13243,1
93,13360,1
93,16667,1
93,18246,1
93,18574,1
93,21237,2
93,21637,1
93,26373,1
93,26376,1
93,45885,1
93,46425,1
94,332,1
94,628,1
94,630,1
94,1309,1
94,1488,1
94,1762,1
94,2112,1
94,3047,1
94,12951,1
94,13360,1
98,99,8
98,116,2
98,118,1
98,128,1
98,200,1
98,213,1
98,217,3
98,223,2
98,237,1
98,245,1
98,257,1
98,295,1
98,299,1
98,301,1
98,315,1
98,318,1
98,325,1
98,427,1
98,487,1
98,531,1
98,559,2
98,561,1
98,562,1
98,586,1
98,589,1
98,593,3
98,628,3
98,630,4
98,636,1
98,664,1
98,685,1
98,770,1
98,780,1
98,784,1
98,797,1
98,826,1
98,832,1
98,859,1
98,874,1
98,911,2
98,942,1
98,1005,1
98,1006,1
98,1036,1
98,1048,1
98,1079,1
98,1092,1
98,1096,2
98,1207,1
98,1225,1
98,1230,1
98,1309,2
98,1314,2
98,1316,1
98,1361,1
98,1385,1
98,1391,1
98,1405,1
98,1408,1
98,1414,1
98,1450,1
98,1455,1
98,1464,2
98,1486,1
98,1488,7
98,1489,1
98,1490,1
98,1502,1
98,1558,2
98,1571,2
98,1615,2
98,1617,2
98,1635,1
98,1661,1
98,1722,2
98,1730,3
98,1732,2
98,1762,5
98,1773,1
98,1804,1
98,1821,1
98,1828,1
98,1835,1
98,1844,2
98,1847,2
98,1875,1
98,1877,2
98,1881,1
98,1895,1
98,1967,1
98,2022,1
98,2036,1
98,2082,1
98,2123,2
98,3080,1
98,3194,1
98,3273,1
98,3395,1
98,3484,1
98,3528,1
98,3700,1
98,3718,1
98,3829,1
98,3941,3
98,3977,1
98,4001,2
98,4124,1
98,4175,1
98,7053,1
98,7059,1
98,7068,2
98,7097,1
98,7108,1
98,7109,1
98,7214,1
98,7239,1
98,7308,1
98,8006,2
98,8016,1
98,8049,2
98,8072,1
98,8104,1
98,8109,1
98,8116,4
98,8150,1
98,8153,1
98,8165,2
98,10566,2
98,10681,2
98,11135,1
98,11701,1
98,12319,2
98,13105,1
98,13378,1
98,14043,2
98,14209,1
98,14223,1
98,14386,1
98,15598,1
98,16098,1
98,16173,1
98,16745,1
98,17743,1
98,18257,1
98,18268,1
98,18731,1
98,18734,1
98,18735,1
98,19149,2
98,19699,1
98,19832,1
98,20221,3
98,20268,1
98,20604,1
98,21226,1
98,21274,1
98,21796,1
98,27007,1
98,27761,2
98,39847,1
98,40998,1
98,41028,1
98,45685,2
98,45753,1
98,46966,1
98,54942,1
98,699695,1
99,116,1
99,213,1
99,217,2
99,223,1
99,237,1
99,299,1
99,325,1
99,487,1
99,512,1
99,559,1
99,562,1
99,628,1
99,630,1
99,826,1
99,942,1
99,1005,1
99,1006,1
99,1225,1
99,1230,1
99,1309,1
99,1314,1
99,1391,1
99,1393,1
99,1405,1
99,1408,1
99,1464,1
99,1486,1
99,1488,5
99,1558,2
99,1571,1
99,1595,2
99,1615,1
99,1695,1
99,1696,1
99,1698,1
99,1762,4
99,1776,1
99,1835,1
99,1844,1
99,1847,1
99,1875,1
99,1882,1
99,2007,1
99,2022,1
99,2082,1
99,2123,1
99,3080,1
99,3107,1
99,3395,1
99,3700,1
99,3718,1
99,3977,1
99,4001,1
99,4175,1
99,7053,1
99,7109,1
99,8104,1
99,8165,1
99,11135,1
99,11753,1
99,12681,1
99,14209,1
99,14223,1
99,14224,1
99,14310,1
99,17743,1
99,19149,1
99,20221,4
99,21226,1
99,21679,1
99,22250,1
99,22754,1
99,27761,1
116,118,1
116,213,1
116,217,2
116,223,2
116,237,1
116,279,1
116,295,1
116,299,2
116,318,1
116,487,1
116,559,2
116,562,1
116,621,1
116,628,2
116,630,3
116,636,2
116,642,1
116,664,1
116,685,1
116,698,1
116,770,1
116,797,2
116,832,1
116,911,1
116,942,1
116,987,1
116,1006,1
116,1048,1
116,1079,1
116,1092,2
116,1096,1
116,1207,1
116,1225,1
116,1230,1
116,1274,1
116,1309,1
116,1314,2
116,1316,1
116,1361,1
116,1385,1
116,1391,1
116,1405,1
116,1408,1
116,1450,1
116,1455,1
116,1464,1
116,1486,1
116,1488,2
116,1489,1
116,1558,4
116,1571,2
116,1615,1
116,1617,1
116,1634,1
116,1635,1
116,1653,1
116,1661,1
116,1722,1
116,1730,2
116,1762,3
116,1828,2
116,1835,1
116,1844,2
116,1847,3
116,1877,1
116,1881,2
116,1895,1
116,1954,1
116,1967,1
116,2022,1
116,2036,1
116,2082,1
116,2123,2
116,3484,1
116,3528,1
116,3700,1
116,3718,1
116,3829,1
116,3941,1
116,3957,1
116,3977,1
116,4001,2
116,4124,1
116,4175,1
116,7053,1
116,7059,1
116,7068,1
116,7108,1
116,7109,1
116,7239,1
116,7308,1
116,7358,1
116,8006,1
116,8049,1
116,8116,2
116,8153,1
116,8165,2
116,10566,1
116,10681,1
116,11135,1
116,12319,1
116,13612,1
116,14043,1
116,14386,1
116,15884,1
116,16173,1
116,17743,1
116,18268,1
116,18731,1
116,18734,1
116,18735,1
116,19149,1
116,19611,1
116,20221,2
116,20498,1
116,20604,1
116,21226,1
116,21274,1
116,21796,1
116,27007,1
116,27761,1
116,39847,1
116,40998,1
116,45685,1
116,45753,1
116,46966,1
117,118,1
117,122,1
117,128,1
117,211,1
117,373,1
117,1314,1
117,1366,1
117,1488,1
117,1762,2
117,1807,1
117,1872,1
117,2058,1
117,3107,1
117,3114,1
117,3395,1
117,3933,1
117,4001,1
117,10164,1
117,10565,1
117,10566,1
117,14103,1
117,15773,1
117,22849,1
117,62505,1
117,67733,1
117,67777,1
117,129408,1
117,132008,1
118,122,2
118,128,1
118,145,1
118,185,1
118,217,2
118,223,1
118,245,1
118,267,1
118,295,1
118,318,1
118,332,1
118,345,1
118,375,1
118,559,2
118,561,1
118,628,2
118,630,2
118,634,2
118,636,2
118,664,2
118,685,1
118,718,1
118,728,1
118,770,2
118,797,1
118,832,1
118,911,2
118,941,1
118,964,1
118,971,1
118,1024,1
118,1048,2
118,1092,1
118,1195,1
118,1201,1
118,1207,1
118,1236,1
118,1309,3
118,1314,3
118,1316,2
118,1326,2
118,1361,2
118,1385,1
118,1391,1
118,1414,1
118,1443,1
118,1450,1
118,1453,1
118,1455,1
118,1464,1
118,1488,3
118,1489,2
118,1531,1
118,1558,1
118,1571,3
118,1617,2
118,1635,2
118,1722,2
118,1730,1
118,1762,1
118,1767,1
118,1789,1
118,1828,1
118,1844,1
118,1847,2
118,1867,1
118,1877,1
118,1881,1
118,1895,1
118,1957,1
118,1967,1
118,2007,1
118,2026,1
118,2032,1
118,2036,1
118,2081,1
118,2112,1
118,2123,1
118,3013,1
118,3107,1
118,3114,1
118,3307,1
118,3484,2
118,3505,1
118,3528,1
118,3709,1
118,3739,1
118,3829,1
118,3874,1
118,3941,2
118,4001,2
118,4124,1
118,7053,1
118,7059,1
118,7068,1
118,7099,1
118,7108,1
118,7239,2
118,7240,1
118,7308,1
118,7323,1
118,7391,1
118,8006,1
118,8016,1
118,8033,1
118,8049,1
118,8109,1
118,8116,2
118,8153,1
118,8165,1
118,10178,1
118,10565,1
118,10566,2
118,10681,1
118,11135,1
118,11247,1
118,11337,1
118,12319,2
118,13378,1
118,14043,1
118,14074,1
118,14209,1
118,14386,1
118,15155,1
118,15598,1
118,15773,1
118,16173,2
118,16667,1
118,17517,1
118,18268,2
118,18395,1
118,18399,1
118,18644,1
118,18731,1
118,18734,1
118,18735,1
118,19611,1
118,20604,1
118,20849,1
118,21274,1
118,21429,1
118,21796,1
118,22199,1
118,25459,1
118,26518,1
118,27007,1
118,27078,1
118,27761,1
118,27762,1
118,34020,1
118,34100,1
118,40169,1
118,40998,1
118,42396,1
118,45682,1
118,45685,1
118,45753,2
118,45771,1
118,46966,1
118,62505,1
118,67733,1
118,67777,1
118,129408,1
118,132008,1
122,128,1
122,145,1
122,172,1
122,217,1
122,245,1
122,267,2
122,315,1
122,332,1
122,375,2
122,559,1
122,628,1
122,636,1
122,664,1
122,718,1
122,728,1
122,770,1
122,853,1
122,911,1
122,941,1
122,964,1
122,971,3
122,1024,1
122,1048,1
122,1086,1
122,1201,1
122,1236,1
122,1309,1
122,1314,3
122,1316,1
122,1326,1
122,1361,1
122,1414,1
122,1443,1
122,1453,2
122,1488,1
122,1489,1
122,1531,2
122,1555,1
122,1571,2
122,1617,2
122,1635,1
122,1722,1
122,1730,1
122,1762,3
122,1835,1
122,1844,1
122,1847,1
122,1882,1
122,1957,1
122,2007,1
122,2026,1
122,2032,1
122,2082,1
122,2112,1
122,3013,1
122,3107,1
122,3114,1
122,3307,1
122,3374,1
122,3381,1
122,3484,2
122,3505,1
122,3590,1
122,3739,1
122,3941,1
122,4001,1
122,4042,3
122,4153,1
122,7053,1
122,7099,1
122,7121,1
122,7239,1
122,7240,1
122,7288,1
122,7323,2
122,8016,1
122,8033,1
122,8109,1
122,8116,2
122,10178,1
122,10565,1
122,10566,1
122,11135,1
122,11247,1
122,11337,1
122,11372,1
122,12319,1
122,13378,1
122,14043,1
122,14074,1
122,15289,1
122,15353,1
122,15773,1
122,15849,1
122,16173,1
122,16667,2
122,17517,1
122,18165,1
122,18268,1
122,18644,1
122,19611,1
122,20849,1
122,21429,1
122,21685,1
122,22199,1
122,22865,1
122,25459,1
122,27078,2
122,27762,1
122,37916,1
122,40169,1
122,40408,1
122,42396,1
122,42415,1
122,42652,1
122,45682,1
122,45771,1
122,46289,1
122,47517,1
122,48675,1
122,51096,1
122,62505,1
122,67733,1
122,67777,1
122,129408,1
122,132008,1
123,217,1
123,375,1
123,630,1
123,634,1
123,1306,1
123,1314,1
123,1315,1
123,1316,1
123,1558,1
123,1762,3
123,3107,1
123,3114,1
123,7120,1
123,12319,1
123,700146,1
128,145,1
128,150,2
128,174,2
128,211,3
128,252,1
128,279,1
128,332,1
128,334,1
128,375,1
128,380,1
128,405,2
128,420,1
128,427,1
128,456,1
128,559,1
128,628,1
128,630,1
128,636,1
128,642,1
128,656,1
128,780,2
128,793,1
128,826,1
128,859,1
128,948,1
128,1063,1
128,1089,1
128,1107,1
128,1136,1
128,1144,1
128,1163,1
128,1183,1
128,1201,1
128,1316,1
128,1388,2
128,1414,1
128,1488,3
128,1496,1
128,1558,1
128,1634,1
128,1730,2
128,1762,2
128,1807,1
128,1813,1
128,1847,1
128,1852,1
128,1872,1
128,1877,1
128,1884,1
128,1908,1
128,1932,1
128,1955,1
128,1996,1
128,2022,2
128,2074,1
128,3107,1
128,3114,1
128,3321,1
128,3325,1
128,3364,1
128,4153,1
128,7358,1
128,8071,1
128,8104,1
128,8116,2
128,8153,1
128,10565,2
128,10566,1
128,10759,1
128,11247,1
128,11450,1
128,11701,1
128,13279,1
128,13477,1
128,13583,1
128,13972,1
128,14103,1
128,14445,1
128,15316,1
128,15751,1
128,15773,1
128,17724,1
128,17730,1
128,17743,1
128,19123,1
128,19699,3
128,19806,1
128,21482,1
128,22000,1
128,22849,1
128,26611,1
128,27041,1
128,27761,1
128,40396,1
128,42063,1
128,43094,1
128,52545,1
128,62505,1
128,67733,1
128,67777,1
128,129408,1
128,132008,1
145,150,1
145,174,1
145,211,2
145,217,3
145,245,1
145,252,1
145,267,1
145,310,1
145,332,2
145,345,1
145,373,1
145,375,4
145,405,2
145,559,2
145,561,1
145,562,2
145,586,1
145,628,5
145,629,1
145,630,3
145,634,1
145,636,1
145,664,1
145,718,1
145,728,2
145,770,1
145,843,1
145,911,1
145,941,2
145,944,1
145,962,1
145,964,1
145,971,3
145,1024,1
145,1048,1
145,1063,1
145,1092,1
145,1107,1
145,1195,2
145,1201,2
145,1236,1
145,1243,1
145,1306,1
145,1309,3
145,1314,3
145,1316,1
145,1326,1
145,1349,1
145,1361,1
145,1388,1
145,1391,1
145,1408,1
145,1414,2
145,1443,1
145,1448,1
145,1450,1
145,1453,2
145,1486,1
145,1488,5
145,1489,1
145,1491,1
145,1531,1
145,1555,2
145,1558,2
145,1571,1
145,1615,1
145,1617,1
145,1635,2
145,1661,1
145,1668,1
145,1719,1
145,1722,1
145,1730,3
145,1762,2
145,1789,1
145,1821,1
145,1828,1
145,1840,1
145,1844,1
145,1847,1
145,1881,1
145,1955,1
145,1957,1
145,2007,2
145,2022,1
145,2026,1
145,2032,1
145,2036,1
145,2112,1
145,3013,1
145,3307,1
145,3364,1
145,3484,3
145,3502,1
145,3505,1
145,3522,1
145,3591,1
145,3718,1
145,3739,1
145,3933,1
145,3941,1
145,3997,1
145,4001,3
145,7053,2
145,7059,1
145,7070,1
145,7097,1
145,7099,1
145,7126,1
145,7239,1
145,7240,1
145,7308,2
145,7323,1
145,8006,2
145,8016,1
145,8033,1
145,8090,1
145,8109,1
145,8116,4
145,8153,1
145,10178,1
145,10226,1
145,10565,2
145,10566,2
145,11135,1
145,11247,1
145,11337,1
145,12025,1
145,12134,1
145,12319,2
145,13105,1
145,13279,1
145,13378,1
145,13477,1
145,13612,1
145,13940,1
145,14074,2
145,14103,1
145,16173,1
145,16302,1
145,16667,2
145,16783,1
145,17517,2
145,18268,1
145,18588,1
145,18644,1
145,19123,1
145,19597,1
145,19611,1
145,19699,3
145,20849,1
145,21429,1
145,21796,1
145,22199,1
145,22403,1
145,22849,1
145,25459,1
145,26611,1
145,27078,1
145,27761,1
145,27762,1
145,35616,1
145,40169,1
145,42396,1
145,44372,1
145,45682,1
145,45771,1
145,50807,1
145,50850,1
150,174,2
150,211,3
150,217,1
150,375,2
150,405,1
150,559,1
150,628,2
150,630,1
150,667,1
150,805,1
150,853,1
150,1063,1
150,1107,1
150,1183,1
150,1201,1
150,1364,1
150,1366,1
150,1369,1
150,1388,1
150,1450,1
150,1488,2
150,1668,1
150,1730,2
150,1762,2
150,1767,1
150,1804,1
150,1924,1
150,1932,1
150,1955,1
150,2022,1
150,2058,1
150,2112,1
150,3033,3
150,3364,1
150,3615,1
150,3718,1
150,3933,1
150,4001,1
150,4043,1
150,7179,1
150,8093,1
150,10565,1
150,10566,2
150,10831,1
150,11450,1
150,12319,1
150,13477,1
150,14103,1
150,14903,1
150,16720,1
150,19123,1
150,19424,1
150,19699,2
150,19915,1
150,19947,1
150,21482,1
150,24956,1
150,25535,1
150,27761,1
150,30231,1
150,42063,1
150,42321,1
150,42790,1
150,43094,2
150,43110,1
152,283,1
152,345,1
152,805,1
152,944,1
152,1144,1
152,1178,1
152,1309,2
152,1388,1
152,1488,1
152,1762,2
152,1840,1
152,2032,1
152,3364,1
152,3501,1
152,7397,1
152,8075,1
152,8160,1
152,10231,1
152,11372,1
152,12013,1
152,16701,1
152,18946,1
152,21561,1
152,47457,1
168,7365,1
171,211,1
172,267,1
172,375,1
172,1086,1
172,1453,1
172,1531,1
172,1555,1
172,1571,1
172,1617,1
172,1730,1
172,1762,1
172,1835,1
172,3374,1
172,3590,1
172,7121,1
172,7288,1
172,7323,1
172,14043,1
172,15849,1
172,16667,1
172,22865,1
172,27078,1
172,37916,1
172,40408,1
172,42415,1
172,42652,1
172,47517,1
174,211,7
174,217,2
174,252,3
174,310,1
174,334,1
174,373,1
174,375,4
174,380,1
174,405,2
174,456,1
174,559,4
174,628,4
174,630,3
174,667,1
174,793,1
174,805,1
174,826,1
174,843,2
174,853,1
174,859,2
174,941,1
174,944,1
174,948,1
174,1004,1
174,1089,1
174,1136,1
174,1144,1
174,1163,1
174,1183,2
174,1195,1
174,1230,1
174,1237,1
174,1243,2
174,1309,1
174,1314,3
174,1364,1
174,1366,2
174,1369,1
174,1388,2
174,1391,1
174,1448,1
174,1450,1
174,1488,5
174,1496,1
174,1558,1
174,1571,1
174,1591,1
174,1635,1
174,1661,1
174,1668,2
174,1730,4
174,1762,5
174,1804,1
174,1807,2
174,1813,1
174,1846,1
174,1847,1
174,1852,2
174,1872,2
174,1884,1
174,1908,1
174,1924,1
174,1932,3
174,1996,3
174,2022,2
174,2036,1
174,2058,2
174,2074,1
174,2112,1
174,3088,1
174,3364,2
174,3502,1
174,3591,1
174,3615,1
174,3718,4
174,3933,2
174,4001,2
174,4043,1
174,7053,1
174,7097,1
174,7179,2
174,8090,1
174,8093,1
174,8104,1
174,8116,2
174,8153,1
174,8165,1
174,10061,1
174,10304,1
174,10565,4
174,10566,4
174,10759,1
174,10831,2
174,10890,1
174,10892,2
174,10895,1
174,11062,1
174,11372,1
174,11404,1
174,11450,2
174,11800,1
174,12072,1
174,12134,1
174,12319,3
174,12978,1
174,13258,1
174,13279,2
174,13477,5
174,13810,2
174,13845,1
174,13855,1
174,13940,1
174,14074,1
174,14103,1
174,14445,2
174,14834,1
174,14903,1
174,14913,1
174,14973,1
174,15501,1
174,16040,1
174,16302,1
174,16504,1
174,16720,2
174,16783,1
174,17100,1
174,17517,1
174,18480,1
174,18588,1
174,18954,1
174,19123,2
174,19322,1
174,19424,1
174,19597,2
174,19699,2
174,19915,1
174,19947,1
174,20932,1
174,21482,1
174,22000,1
174,22849,3
174,24324,1
174,24710,1
174,24956,1
174,25209,1
174,25535,1
174,26151,1
174,26428,1
174,26611,1
174,27761,1
174,30231,1
174,35616,1
174,38648,1
174,40916,1
174,40928,1
174,41532,1
174,42063,2
174,42321,1
174,42790,1
174,43094,2
174,43110,1
174,44372,1
174,46608,1
174,49974,1
174,50807,1
174,50850,1
185,205,2
185,262,1
185,280,3
185,282,2
185,332,1
185,559,1
185,606,1
185,704,1
185,986,1
185,1229,1
185,1615,1
185,2008,1
185,2015,1
185,3047,1
185,3356,1
185,3718,1
185,3977,1
185,4001,1
185,4207,1
185,7042,1
185,7059,1
185,8153,2
185,11800,1
185,12134,1
185,12941,1
185,12944,1
185,13312,1
185,17730,1
185,21274,1
185,22072,1
185,26518,1
185,39475,1
185,46640,1
185,700146,2
197,217,1
197,271,1
197,375,1
197,630,1
197,634,1
197,793,1
197,1302,1
197,1309,1
197,1488,1
197,1491,1
197,1496,1
197,1538,1
197,1595,1
197,1661,1
197,1762,1
197,1767,1
197,2014,1
197,2026,1
197,2032,1
197,4001,1
197,7097,1
197,10565,1
197,13612,1
197,15501,1
197,19123,1
197,25709,1
197,26373,1
197,41028,1
197,44294,1
198,279,1
200,217,1
200,332,1
200,531,1
200,628,1
200,861,1
200,874,1
200,1169,1
200,1730,1
200,1804,1
200,1844,1
200,3012,1
200,3941,1
200,7097,1
200,8074,1
200,8116,1
200,8153,1
200,8177,1
200,10681,1
200,11701,1
200,13378,1
200,13963,1
200,15848,1
200,17917,1
200,22250,1
205,217,1
205,237,1
205,271,1
205,280,2
205,282,2
205,561,1
205,562,1
205,628,2
205,630,2
205,636,2
205,642,1
205,663,1
205,664,1
205,911,1
205,962,1
205,971,1
205,1036,1
205,1178,1
205,1306,1
205,1314,2
205,1464,1
205,1488,2
205,1555,1
205,1617,3
205,1661,1
205,1662,2
205,1730,1
205,1762,1
205,1828,1
205,1877,1
205,1881,1
205,2007,1
205,2032,1
205,3107,1
205,3484,1
205,3718,1
205,3977,1
205,4001,3
205,4112,1
205,4124,1
205,7063,1
205,7070,1
205,7097,1
205,7161,1
205,7239,1
205,7240,2
205,7279,1
205,7397,1
205,8016,1
205,8072,2
205,8075,1
205,8153,1
205,11135,1
205,11650,1
205,11800,1
205,12319,1
205,13674,1
205,13675,1
205,14650,1
205,14973,1
205,16745,2
205,16783,1
205,17355,1
205,20221,1
205,21226,1
205,21274,1
205,21679,1
205,26285,1
205,26456,1
205,26518,1
205,44303,1
205,46702,1
205,49672,1
205,50221,1
205,50223,1
205,50230,1
205,52268,1
205,700146,1
211,217,2
211,252,3
211,310,1
211,332,1
211,334,1
211,373,1
211,375,5
211,380,1
211,405,6
211,456,2
211,559,7
211,562,3
211,606,1
211,628,7
211,630,6
211,636,1
211,667,1
211,680,1
211,716,1
211,741,1
211,793,2
211,805,1
211,826,2
211,843,2
211,853,1
211,859,2
211,941,1
211,944,1
211,948,1
211,1004,1
211,1005,2
211,1058,1
211,1063,2
211,1089,1
211,1107,1
211,1136,1
211,1144,2
211,1163,1
211,1178,1
211,1183,2
211,1195,1
211,1201,1
211,1230,1
211,1237,2
211,1243,2
211,1309,1
211,1314,4
211,1320,3
211,1364,2
211,1366,3
211,1369,1
211,1386,1
211,1388,6
211,1391,1
211,1408,1
211,1448,2
211,1450,1
211,1488,12
211,1496,2
211,1558,2
211,1571,1
211,1591,1
211,1602,1
211,1635,1
211,1661,1
211,1668,3
211,1730,6
211,1762,12
211,1763,1
211,1767,1
211,1804,1
211,1807,3
211,1813,1
211,1846,1
211,1847,2
211,1852,2
211,1872,4
211,1875,4
211,1884,2
211,1908,1
211,1924,1
211,1932,3
211,1955,1
211,1996,3
211,2022,7
211,2036,1
211,2058,5
211,2074,2
211,2112,1
211,3088,1
211,3130,1
211,3364,2
211,3502,2
211,3522,1
211,3533,2
211,3591,2
211,3615,1
211,3634,1
211,3718,5
211,3725,1
211,3915,1
211,3933,3
211,4001,12
211,4043,1
211,4056,1
211,4124,1
211,7046,2
211,7053,1
211,7059,1
211,7097,2
211,7144,1
211,7179,3
211,7239,1
211,7365,1
211,8090,1
211,8093,2
211,8104,1
211,8116,3
211,8153,1
211,8165,2
211,10061,3
211,10242,1
211,10304,2
211,10438,1
211,10565,14
211,10566,15
211,10759,2
211,10831,2
211,10890,2
211,10892,5
211,10895,1
211,11062,1
211,11372,2
211,11404,1
211,11450,3
211,11800,5
211,12053,1
211,12072,1
211,12134,3
211,12319,4
211,12890,1
211,12941,1
211,12978,1
211,13258,1
211,13279,4
211,13477,7
211,13809,1
211,13810,3
211,13845,1
211,13855,1
211,13940,1
211,14074,1
211,14103,5
211,14445,2
211,14834,1
211,14903,1
211,14913,2
211,14973,4
211,15501,2
211,15791,1
211,16040,1
211,16302,4
211,16504,3
211,16720,2
211,16783,1
211,17100,2
211,17307,1
211,17517,1
211,17648,1
211,17956,1
211,18480,1
211,18588,2
211,18889,1
211,18946,1
211,18954,1
211,19123,5
211,19322,1
211,19424,1
211,19597,3
211,19699,4
211,19880,2
211,19915,1
211,19947,1
211,20932,1
211,21482,1
211,21721,1
211,22000,2
211,22101,2
211,22754,1
211,22849,5
211,24324,2
211,24554,1
211,24710,2
211,24739,1
211,24956,1
211,25209,2
211,25535,1
211,26030,1
211,26151,1
211,26428,2
211,26611,1
211,27375,1
211,27562,1
211,27761,2
211,28944,1
211,29291,1
211,29327,1
211,30231,2
211,32575,1
211,34748,1
211,35224,2
211,35616,1
211,38648,1
211,40916,2
211,40928,1
211,41532,1
211,42063,2
211,42321,1
211,42790,1
211,43094,3
211,43110,1
211,44372,2
211,44377,1
211,45554,1
211,46608,1
211,49974,2
211,50807,1
211,50850,1
211,61632,1
211,68196,1
211,95738,1
211,104911,1
211,106227,1
211,106263,2
211,106333,1
211,109615,1
211,112150,1
211,113924,1
211,116823,2
213,217,1
213,223,1
213,237,1
213,299,1
213,487,1
213,559,1
213,562,1
213,628,1
213,630,1
213,942,1
213,1006,1
213,1225,1
213,1230,1
213,1314,1
213,1391,1
213,1405,1
213,1408,1
213,1450,1
213,1486,1
213,1571,1
213,1615,1
213,1762,1
213,1835,1
213,1844,1
213,1847,1
213,2022,1
213,2082,1
213,2123,1
213,3351,1
213,3700,1
213,3718,1
213,3977,1
213,4001,2
213,4175,1
213,7053,1
213,7109,1
213,8165,1
213,11135,1
213,17743,1
213,19149,1
213,20221,1
213,21226,1
217,223,2
217,237,2
217,245,1
217,252,1
217,267,1
217,269,1
217,271,3
217,279,2
217,295,1
217,299,2
217,310,2
217,315,1
217,318,3
217,332,2
217,345,1
217,373,1
217,375,6
217,405,1
217,487,1
217,512,1
217,559,9
217,561,4
217,562,2
217,569,1
217,571,1
217,586,1
217,593,2
217,597,1
217,602,1
217,606,1
217,628,15
217,629,1
217,630,23
217,634,5
217,636,8
217,663,2
217,664,4
217,667,1
217,685,1
217,698,1
217,718,1
217,728,3
217,770,2
217,784,1
217,797,1
217,805,1
217,832,1
217,843,1
217,846,1
217,853,1
217,874,1
217,875,1
217,899,1
217,911,5
217,941,2
217,942,2
217,944,2
217,953,1
217,962,3
217,964,1
217,971,4
217,985,1
217,1006,1
217,1024,1
217,1036,2
217,1048,2
217,1079,1
217,1086,2
217,1092,2
217,1096,3
217,1123,1
217,1169,1
217,1178,1
217,1183,1
217,1195,2
217,1201,1
217,1207,1
217,1225,1
217,1230,2
217,1232,1
217,1236,1
217,1243,1
217,1302,1
217,1306,1
217,1309,6
217,1314,8
217,1315,2
217,1316,4
217,1326,1
217,1349,1
217,1361,2
217,1364,1
217,1366,1
217,1369,1
217,1385,1
217,1391,4
217,1405,1
217,1408,2
217,1414,2
217,1443,1
217,1448,1
217,1450,2
217,1453,3
217,1455,3
217,1464,4
217,1486,1
217,1488,15
217,1489,2
217,1491,2
217,1496,1
217,1502,1
217,1531,1
217,1538,1
217,1555,3
217,1558,14
217,1571,5
217,1595,2
217,1608,1
217,1615,3
217,1617,8
217,1634,1
217,1635,5
217,1653,1
217,1661,7
217,1662,2
217,1668,2
217,1695,1
217,1696,1
217,1698,1
217,1722,4
217,1730,13
217,1732,1
217,1762,16
217,1789,1
217,1804,2
217,1821,1
217,1824,1
217,1828,3
217,1829,1
217,1835,1
217,1840,1
217,1844,3
217,1847,6
217,1877,2
217,1881,4
217,1885,1
217,1891,1
217,1895,1
217,1924,1
217,1932,1
217,1945,1
217,1957,1
217,1967,2
217,2007,3
217,2014,1
217,2022,1
217,2026,2
217,2032,5
217,2036,2
217,2058,1
217,2082,1
217,2112,3
217,2123,3
217,3012,1
217,3013,1
217,3107,1
217,3180,1
217,3273,1
217,3307,1
217,3325,1
217,3351,1
217,3356,1
217,3364,1
217,3374,1
217,3461,1
217,3468,1
217,3484,6
217,3502,1
217,3504,1
217,3505,1
217,3518,1
217,3528,3
217,3591,2
217,3615,1
217,3638,1
217,3700,1
217,3709,1
217,3718,3
217,3739,1
217,3802,1
217,3810,1
217,3829,1
217,3830,1
217,3842,1
217,3857,1
217,3874,1
217,3933,2
217,3941,4
217,3957,3
217,3977,2
217,3997,4
217,4001,11
217,4043,1
217,4112,1
217,4124,2
217,4153,1
217,4165,1
217,4175,1
217,7042,2
217,7053,5
217,7059,4
217,7063,1
217,7068,4
217,7069,1
217,7070,1
217,7097,3
217,7099,2
217,7108,2
217,7109,1
217,7126,1
217,7179,1
217,7214,1
217,7239,4
217,7240,2
217,7308,2
217,7317,1
217,7323,1
217,7397,1
217,7411,1
217,8006,1
217,8016,4
217,8033,1
217,8049,3
217,8072,2
217,8090,1
217,8093,1
217,8109,2
217,8116,7
217,8153,4
217,8165,3
217,8177,1
217,10178,1
217,10226,1
217,10565,3
217,10566,7
217,10681,2
217,10831,1
217,11135,4
217,11247,1
217,11337,1
217,11384,1
217,11547,1
217,11612,1
217,11701,1
217,11800,1
217,12019,1
217,12030,1
217,12110,1
217,12134,1
217,12319,10
217,12324,1
217,12681,1
217,12941,2
217,12951,1
217,13279,1
217,13360,1
217,13378,5
217,13477,2
217,13612,4
217,13810,3
217,13940,1
217,13963,1
217,14043,2
217,14074,2
217,14310,1
217,14386,1
217,14903,1
217,14973,1
217,15501,1
217,15598,1
217,15706,2
217,15760,1
217,15883,1
217,15885,1
217,16098,1
217,16173,2
217,16302,1
217,16667,3
217,16720,1
217,16745,2
217,16783,1
217,17517,3
217,17743,1
217,18246,1
217,18257,1
217,18268,2
217,18574,1
217,18588,1
217,18644,1
217,18731,1
217,18734,1
217,18735,1
217,19123,2
217,19149,3
217,19289,1
217,19424,1
217,19597,1
217,19611,1
217,19699,3
217,19832,1
217,19915,1
217,19947,1
217,20221,3
217,20268,1
217,20604,1
217,20849,1
217,21226,1
217,21237,1
217,21274,1
217,21429,1
217,21637,1
217,21679,1
217,21796,1
217,22199,1
217,22250,3
217,22483,1
217,22849,1
217,24295,1
217,24956,1
217,25459,1
217,25535,1
217,26373,2
217,26376,1
217,26456,1
217,26611,1
217,27007,1
217,27057,1
217,27078,1
217,27391,1
217,27565,1
217,27761,4
217,27762,1
217,30231,1
217,35616,1
217,37597,1
217,39458,1
217,39847,1
217,40169,1
217,40998,1
217,41028,2
217,42321,1
217,42396,1
217,42790,1
217,43094,1
217,43110,1
217,43532,1
217,44372,1
217,45682,1
217,45685,2
217,45753,1
217,45771,1
217,45885,1
217,46425,1
217,46642,1
217,46966,1
217,48641,1
217,50807,1
217,50850,1
217,52268,1
217,54942,1
217,339480,1
217,562900,1
217,697054,1
217,700146,1
223,237,1
223,295,1
223,299,1
223,318,1
223,487,1
223,559,1
223,562,1
223,628,2
223,630,2
223,636,1
223,664,1
223,685,1
223,770,1
223,797,1
223,832,1
223,911,1
223,942,1
223,1006,1
223,1048,1
223,1092,1
223,1207,1
223,1225,1
223,1230,1
223,1309,1
223,1314,2
223,1316,1
223,1361,1
223,1385,1
223,1391,1
223,1405,1
223,1408,1
223,1450,1
223,1455,1
223,1464,1
223,1486,1
223,1488,2
223,1489,1
223,1558,1
223,1571,2
223,1615,1
223,1617,1
223,1635,1
223,1722,2
223,1730,1
223,1762,2
223,1828,1
223,1835,1
223,1844,1
223,1847,2
223,1877,1
223,1881,1
223,1895,1
223,1967,1
223,2022,1
223,2036,1
223,2082,1
223,2123,2
223,3484,1
223,3528,1
223,3700,1
223,3718,1
223,3829,1
223,3941,1
223,3977,1
223,4001,2
223,4124,1
223,4175,1
223,7053,1
223,7059,1
223,7068,1
223,7108,1
223,7109,1
223,7239,1
223,7308,1
223,8006,1
223,8116,1
223,8153,1
223,8165,2
223,10566,1
223,10681,1
223,11135,1
223,12319,1
223,14043,1
223,14386,1
223,16173,1
223,17743,1
223,18268,1
223,18731,1
223,18734,1
223,18735,1
223,19149,1
223,20221,1
223,20604,1
223,21226,1
223,21274,1
223,21796,1
223,27007,1
223,27761,1
223,40998,1
223,45685,1
223,45753,1
223,46966,1
237,271,1
237,299,1
237,487,1
237,559,1
237,561,1
237,562,1
237,628,2
237,630,2
237,636,1
237,663,1
237,942,1
237,962,1
237,1006,1
237,1036,1
237,1225,1
237,1230,1
237,1314,2
237,1391,1
237,1405,1
237,1408,1
237,1486,1
237,1488,1
237,1555,1
237,1571,1
237,1615,1
237,1617,1
237,1661,1
237,1662,1
237,1762,2
237,1835,1
237,1844,1
237,1847,1
237,2022,2
237,2032,1
237,2082,1
237,2123,1
237,3484,1
237,3700,1
237,3718,1
237,3977,2
237,4001,3
237,4112,1
237,4175,1
237,7053,1
237,7063,1
237,7070,1
237,7109,1
237,7239,1
237,7240,1
237,7397,1
237,8016,1
237,8072,1
237,8165,1
237,11135,2
237,11800,1
237,14973,1
237,16745,1
237,17743,1
237,19149,1
237,20221,1
237,21226,1
237,26456,1
237,52268,1
245,267,1
245,326,1
245,332,1
245,375,1
245,559,1
245,628,1
245,630,1
245,664,1
245,718,1
245,728,1
245,770,1
245,911,1
245,941,2
245,964,1
245,971,1
245,986,1
245,1024,1
245,1048,1
245,1201,1
245,1236,1
245,1309,1
245,1314,1
245,1315,1
245,1316,1
245,1326,1
245,1361,1
245,1414,1
245,1443,1
245,1453,1
245,1488,1
245,1489,1
245,1490,1
245,1502,1
245,1531,1
245,1558,1
245,1571,1
245,1617,1
245,1635,1
245,1722,1
245,1730,1
245,1732,1
245,1762,1
245,1844,1
245,1847,1
245,1881,1
245,1957,1
245,2007,1
245,2026,1
245,2032,1
245,2112,1
245,3013,1
245,3307,1
245,3484,1
245,3505,1
245,3739,1
245,3941,1
245,4001,1
245,7053,1
245,7099,1
245,7239,1
245,7240,1
245,7323,1
245,8016,1
245,8033,1
245,8049,1
245,8109,1
245,10178,1
245,10565,1
245,10566,1
245,10681,1
245,11135,1
245,11247,1
245,11337,1
245,12319,1
245,13378,1
245,13712,1
245,14074,1
245,16173,1
245,16667,1
245,17517,1
245,18268,1
245,18644,1
245,19611,1
245,20849,1
245,21429,1
245,22199,1
245,25459,1
245,27078,1
245,27762,1
245,40169,1
245,42396,1
245,45682,1
245,45771,1
249,8074,1
252,310,1
252,334,1
252,373,1
252,375,2
252,380,1
252,405,2
252,456,1
252,559,1
252,628,2
252,630,2
252,793,1
252,826,1
252,843,1
252,859,1
252,941,1
252,944,1
252,948,1
252,1089,1
252,1136,1
252,1144,1
252,1163,1
252,1183,1
252,1195,1
252,1237,1
252,1243,2
252,1309,1
252,1314,1
252,1388,1
252,1391,1
252,1448,1
252,1488,2
252,1496,1
252,1558,1
252,1661,1
252,1668,1
252,1730,2
252,1762,1
252,1807,2
252,1813,1
252,1846,1
252,1852,2
252,1872,2
252,1884,1
252,1908,1
252,1932,2
252,1996,2
252,2022,1
252,2036,1
252,2058,1
252,2074,1
252,3364,1
252,3502,1
252,3718,1
252,3933,1
252,4001,1
252,7053,1
252,8090,1
252,8104,1
252,8116,1
252,8153,1
252,10565,2
252,10566,2
252,10759,1
252,12134,1
252,12319,2
252,13279,1
252,13477,3
252,13940,1
252,14074,1
252,14445,1
252,15501,1
252,16302,1
252,16783,1
252,17517,1
252,18588,1
252,19123,1
252,19597,1
252,19699,1
252,22000,1
252,22849,3
252,26611,1
252,35616,1
252,41532,1
252,44372,1
252,50807,1
252,50850,1
252,551402,1
262,332,3
262,559,1
262,621,1
262,911,1
262,953,1
262,971,1
262,986,1
262,1195,1
262,1207,2
262,1229,1
262,1309,1
262,1391,1
262,1453,3
262,1464,1
262,1502,1
262,1615,1
262,1634,1
262,1730,1
262,1762,3
262,1847,1
262,1945,2
262,1949,3
262,2008,1
262,2015,1
262,2112,1
262,4001,1
262,4205,1
262,4207,1
262,7042,1
262,7059,1
262,7317,1
262,7390,2
262,8116,1
262,8153,1
262,8165,1
262,10565,1
262,11800,1
262,12941,1
262,12944,1
262,12957,1
262,13243,1
262,13312,1
262,13378,1
262,15617,1
262,15752,1
262,19611,1
262,22072,1
262,27761,1
262,43532,1
262,46640,1
267,332,1
267,375,2
267,559,2
267,628,1
267,630,1
267,664,1
267,718,1
267,728,1
267,770,1
267,861,1
267,911,1
267,941,1
267,964,1
267,971,1
267,1024,1
267,1048,1
267,1086,1
267,1201,1
267,1229,1
267,1236,1
267,1309,1
267,1314,1
267,1316,1
267,1326,1
267,1361,1
267,1414,1
267,1443,1
267,1453,2
267,1488,1
267,1489,1
267,1531,2
267,1555,1
267,1558,1
267,1571,2
267,1617,2
267,1635,1
267,1722,1
267,1730,1
267,1762,2
267,1835,1
267,1844,1
267,1847,1
267,1957,1
267,2007,1
267,2026,1
267,2032,1
267,2112,1
267,3013,1
267,3307,1
267,3374,1
267,3484,1
267,3505,1
267,3590,1
267,3739,1
267,3941,1
267,4001,1
267,7053,1
267,7097,1
267,7099,1
267,7121,1
267,7239,1
267,7240,1
267,7288,1
267,7323,2
267,8016,1
267,8033,2
267,8109,1
267,8153,1
267,10178,1
267,10565,1
267,10566,1
267,11135,1
267,11247,1
267,11337,1
267,12319,1
267,13378,1
267,14043,1
267,14074,1
267,15849,1
267,16173,1
267,16667,2
267,17517,1
267,18268,1
267,18644,1
267,19611,1
267,20849,1
267,21429,1
267,22199,1
267,22865,1
267,25459,1
267,27078,2
267,27762,1
267,37916,1
267,40169,1
267,40408,1
267,42396,1
267,42415,1
267,42652,1
267,45682,1
267,45771,1
267,47517,1
268,318,2
268,743,1
268,1207,1
268,1209,1
268,1314,2
268,1653,1
268,1762,1
268,7069,1
268,7097,1
268,8012,1
268,8074,1
268,8075,1
268,8177,1
268,12319,1
268,12941,1
268,13243,1
268,21432,1
269,606,1
269,828,1
269,1634,1
269,3997,1
269,8087,1
269,17879,1
269,21629,1
269,22548,1
269,24295,1
271,279,1
271,299,1
271,332,1
271,375,1
271,561,1
271,628,1
271,630,3
271,634,1
271,636,1
271,663,1
271,911,1
271,962,1
271,1036,1
271,1096,1
271,1302,1
271,1309,1
271,1314,1
271,1488,2
271,1491,1
271,1496,1
271,1538,1
271,1555,1
271,1558,1
271,1617,2
271,1661,2
271,1662,1
271,1730,1
271,1762,2
271,1847,1
271,2014,1
271,2026,1
271,2032,2
271,3180,2
271,3484,1
271,3528,1
271,3802,1
271,3810,1
271,3977,1
271,4001,2
271,4112,1
271,4153,1
271,7042,1
271,7063,1
271,7070,1
271,7097,1
271,7239,1
271,7240,1
271,7397,1
271,8016,1
271,8072,1
271,8165,1
271,11135,1
271,11800,1
271,13612,1
271,14973,1
271,15501,1
271,16745,1
271,19123,1
271,26456,1
271,41028,1
271,52268,1
279,299,1
279,326,2
279,332,2
279,559,1
279,596,1
279,630,1
279,636,2
279,642,2
279,656,1
279,780,1
279,818,1
279,830,1
279,832,1
279,911,1
279,987,2
279,1079,2
279,1096,1
279,1274,1
279,1314,1
279,1316,2
279,1488,1
279,1558,1
279,1617,1
279,1634,1
279,1730,2
279,1762,1
279,1829,1
279,1847,2
279,1877,1
279,1967,1
279,3180,1
279,3321,1
279,3325,2
279,3484,1
279,3528,1
279,3638,1
279,3802,1
279,3810,1
279,4153,2
279,7042,2
279,7053,1
279,7097,1
279,7358,1
279,8075,1
279,8116,1
279,8153,2
279,8165,1
279,11701,1
279,12319,1
279,13972,1
279,15751,1
279,17724,1
279,17730,1
279,17743,1
279,21620,1
279,27761,1
279,37852,1
279,40396,1
279,52545,1
280,282,2
280,348,2
280,559,1
280,630,1
280,810,1
280,1316,1
280,1490,1
280,1881,1
280,3997,1
280,7042,1
280,7097,3
280,8049,1
280,8074,1
280,8153,1
280,13674,1
280,13675,1
280,26518,1
280,27057,1
280,700146,1
282,559,1
282,7097,1
282,8153,1
282,13674,1
282,13675,1
282,26518,1
282,700146,1
283,1144,1
283,1178,1
283,1309,1
283,1388,1
283,1488,1
283,1762,1
283,1840,1
283,2032,1
283,3364,1
283,3501,1
283,8160,1
283,10231,1
283,11372,1
283,12013,1
283,18946,1
283,21561,1
283,47457,1
295,318,1
295,628,1
295,630,2
295,636,1
295,664,1
295,685,1
295,770,1
295,797,1
295,832,1
295,911,1
295,1048,1
295,1092,1
295,1207,1
295,1309,1
295,1314,1
295,1316,1
295,1361,1
295,1385,1
295,1450,1
295,1455,1
295,1464,1
295,1488,1
295,1489,1
295,1558,1
295,1571,1
295,1617,1
295,1635,1
295,1722,1
295,1730,1
295,1762,1
295,1828,1
295,1847,1
295,1877,1
295,1881,1
295,1895,1
295,1967,1
295,2036,1
295,2123,1
295,3484,1
295,3528,1
295,3829,1
295,3941,1
295,4001,1
295,4124,1
295,7059,1
295,7068,1
295,7108,1
295,7239,1
295,7308,1
295,8006,1
295,8116,1
295,8153,1
295,8165,1
295,10566,1
295,10681,1
295,12319,2
295,13972,1
295,14043,1
295,14386,1
295,16173,1
295,18268,1
295,18731,1
295,18734,1
295,18735,1
295,20604,1
295,21274,1
295,21796,1
295,27007,1
295,27761,1
295,40998,1
295,45685,1
295,45753,1
295,46966,1
299,332,1
299,487,2
299,559,1
299,562,1
299,628,1
299,630,2
299,911,1
299,942,1
299,1006,1
299,1096,1
299,1225,1
299,1230,1
299,1314,1
299,1391,2
299,1405,1
299,1408,1
299,1486,1
299,1488,1
299,1571,1
299,1615,1
299,1617,1
299,1730,1
299,1762,2
299,1835,1
299,1844,2
299,1847,3
299,1895,1
299,1967,1
299,2022,1
299,2082,1
299,2123,1
299,3180,1
299,3356,1
299,3528,1
299,3700,1
299,3718,1
299,3802,1
299,3810,1
299,3838,1
299,3977,1
299,4001,1
299,4153,1
299,4175,1
299,7042,1
299,7053,1
299,7109,1
299,8090,1
299,8165,2
299,11135,1
299,13376,1
299,17743,1
299,19149,1
299,20221,1
299,21226,1
299,22250,1
299,26285,1
299,27761,1
299,41312,1
301,559,1
301,602,1
301,628,1
301,630,1
301,634,1
301,636,1
301,853,1
301,859,1
301,962,1
301,971,1
301,1171,1
301,1302,1
301,1408,1
301,1558,1
301,1617,1
301,1762,3
301,1789,1
301,2032,1
301,3716,1
301,8012,2
301,13378,1
301,13573,1
310,373,1
310,375,1
310,405,1
310,559,3
310,561,1
310,569,1
310,628,3
310,630,3
310,685,1
310,843,1
310,924,1
310,941,1
310,942,1
310,944,1
310,1096,1
310,1195,1
310,1232,1
310,1243,1
310,1309,1
310,1314,2
310,1391,1
310,1448,1
310,1488,2
310,1558,1
310,1571,1
310,1661,1
310,1668,1
310,1730,2
310,1762,1
310,1847,2
310,2036,1
310,3012,1
310,3364,1
310,3502,1
310,3718,1
310,3933,1
310,4001,1
310,7053,1
310,8001,1
310,8090,1
310,8116,2
310,8153,1
310,10565,1
310,10566,1
310,12134,1
310,12319,2
310,13279,1
310,13477,1
310,13513,1
310,13518,1
310,13940,1
310,14074,1
310,16302,1
310,16783,1
310,17517,1
310,18588,1
310,19123,1
310,19597,1
310,19699,1
310,20276,1
310,22849,1
310,24988,1
310,26611,1
310,27565,2
310,35616,1
310,40287,1
310,44372,1
310,46702,1
310,50807,1
310,50850,1
315,375,1
315,559,2
315,561,2
315,593,1
315,628,2
315,630,1
315,784,1
315,911,1
315,971,2
315,1079,1
315,1096,1
315,1314,2
315,1453,1
315,1464,1
315,1488,2
315,1558,1
315,1615,1
315,1617,1
315,1661,1
315,1722,1
315,1730,1
315,1732,1
315,1762,2
315,2085,1
315,3273,1
315,3718,1
315,3941,1
315,7053,1
315,7068,1
315,7097,2
315,7214,1
315,8001,1
315,8016,1
315,8049,2
315,8072,1
315,8109,1
315,8116,1
315,10566,1
315,11372,1
315,12319,1
315,14043,1
315,15598,1
315,16098,1
315,16745,1
315,18257,1
315,19149,1
315,19832,1
315,20221,1
315,20268,1
315,21685,1
315,39847,1
315,41028,1
315,45685,1
315,54942,1
318,559,1
318,593,1
318,597,1
318,628,1
318,630,3
318,636,2
318,664,1
318,685,1
318,770,1
318,797,1
318,830,1
318,832,1
318,911,2
318,1048,1
318,1092,1
318,1207,1
318,1236,1
318,1309,1
318,1314,5
318,1316,1
318,1361,1
318,1385,1
318,1408,1
318,1450,1
318,1455,1
318,1464,1
318,1488,1
318,1489,1
318,1531,1
318,1558,1
318,1571,1
318,1595,1
318,1617,1
318,1635,1
318,1661,1
318,1722,1
318,1730,2
318,1732,1
318,1762,3
318,1828,2
318,1847,1
318,1877,1
318,1881,2
318,1895,1
318,1967,1
318,2022,2
318,2036,1
318,2123,1
318,3461,1
318,3484,2
318,3505,1
318,3528,1
318,3829,1
318,3856,1
318,3874,1
318,3941,2
318,4001,1
318,4124,2
318,4165,1
318,7059,2
318,7068,1
318,7108,1
318,7239,1
318,7308,1
318,8006,1
318,8116,4
318,8153,1
318,8165,1
318,10566,3
318,10681,1
318,11135,2
318,11384,1
318,11547,1
318,12019,1
318,12030,1
318,12110,1
318,12262,1
318,12319,2
318,12323,1
318,12324,1
318,12951,1
318,14043,1
318,14386,1
318,16173,1
318,18268,1
318,18731,1
318,18734,1
318,18735,1
318,19123,1
318,20604,1
318,21274,1
318,21796,1
318,27007,1
318,27057,1
318,27761,1
318,37597,1
318,37610,1
318,40998,1
318,45685,1
318,45753,1
318,46966,1
325,826,1
325,1005,1
325,1309,1
325,1488,2
325,1762,1
325,1875,1
325,1883,1
325,3395,2
325,8104,1
325,27761,1
326,596,1
326,630,1
326,818,1
326,830,1
326,832,1
326,986,1
326,987,1
326,1315,1
326,1361,1
326,1488,1
326,1558,1
326,1762,1
326,1829,1
326,1881,1
326,1885,1
326,1967,1
326,3484,1
326,15884,1
326,20498,1
326,21620,1
326,37852,1
330,21585,1
330,51671,1
332,375,1
332,559,4
332,593,1
332,606,1
332,628,2
332,630,3
332,636,1
332,642,1
332,656,1
332,664,1
332,718,1
332,728,1
332,770,1
332,780,1
332,828,2
332,861,1
332,911,2
332,941,1
332,964,1
332,971,1
332,986,1
332,1024,1
332,1048,1
332,1079,1
332,1096,2
332,1169,1
332,1195,1
332,1201,1
332,1207,1
332,1229,1
332,1236,1
332,1241,1
332,1309,2
332,1314,1
332,1316,2
332,1326,1
332,1361,1
332,1366,1
332,1414,1
332,1443,1
332,1453,1
332,1488,5
332,1489,1
332,1502,1
332,1531,1
332,1558,2
332,1571,1
332,1615,3
332,1617,2
332,1634,1
332,1635,1
332,1722,1
332,1730,2
332,1762,4
332,1844,1
332,1847,4
332,1877,2
332,1908,1
332,1957,1
332,2007,1
332,2008,1
332,2015,1
332,2026,1
332,2032,1
332,2112,3
332,3012,1
332,3013,1
332,3047,1
332,3180,1
332,3307,1
332,3321,1
332,3325,1
332,3484,1
332,3502,1
332,3505,1
332,3528,1
332,3634,1
332,3739,1
332,3802,1
332,3810,1
332,3915,1
332,3941,1
332,3997,2
332,4001,3
332,4153,2
332,4207,1
332,7042,2
332,7053,1
332,7059,2
332,7097,3
332,7099,1
332,7239,2
332,7240,1
332,7323,1
332,7358,1
332,8006,2
332,8012,1
332,8016,1
332,8033,1
332,8074,1
332,8109,1
332,8116,6
332,8153,3
332,8165,1
332,8177,1
332,10178,1
332,10565,2
332,10566,2
332,11135,1
332,11247,1
332,11337,1
332,11372,1
332,11701,1
332,11800,1
332,12134,1
332,12319,1
332,12941,2
332,12944,1
332,12951,1
332,13279,1
332,13312,1
332,13360,1
332,13378,2
332,13477,1
332,13972,1
332,14074,1
332,15751,1
332,15752,1
332,15848,1
332,16173,1
332,16667,1
332,17517,1
332,17724,1
332,17730,1
332,17743,1
332,17879,1
332,17917,2
332,18268,1
332,18644,1
332,19611,1
332,20180,1
332,20849,1
332,21429,1
332,21610,1
332,22072,1
332,22199,1
332,25459,1
332,27078,1
332,27761,2
332,27762,1
332,28866,1
332,28944,1
332,29291,1
332,40169,1
332,40396,1
332,42396,1
332,43532,1
332,45177,1
332,45682,1
332,45771,1
332,46425,1
332,46640,1
332,52545,1
332,101278,1
332,105210,1
332,110845,1
332,114192,1
332,699695,1
334,380,1
334,405,1
334,456,1
334,559,1
334,562,1
334,586,1
334,634,1
334,728,1
334,793,1
334,826,1
334,859,1
334,948,1
334,962,1
334,1089,1
334,1096,1
334,1136,1
334,1144,1
334,1163,1
334,1183,1
334,1195,1
334,1302,1
334,1309,1
334,1326,1
334,1388,1
334,1408,1
334,1496,1
334,1746,1
334,1762,1
334,1807,1
334,1813,1
334,1852,1
334,1872,1
334,1884,1
334,1908,1
334,1932,1
334,1996,1
334,2022,1
334,2032,1
334,2074,1
334,3718,1
334,8104,1
334,10565,1
334,10759,1
334,11372,1
334,13477,1
334,14445,1
334,22000,1
334,22849,1
345,375,1
345,559,1
345,561,2
345,562,1
345,586,1
345,628,1
345,629,1
345,630,1
345,634,2
345,636,1
345,728,1
345,830,1
345,944,1
345,962,1
345,971,1
345,987,1
345,1092,1
345,1195,2
345,1306,1
345,1309,4
345,1314,2
345,1326,1
345,1408,1
345,1414,1
345,1450,1
345,1453,1
345,1488,2
345,1491,1
345,1555,1
345,1558,1
345,1571,1
345,1615,1
345,1635,1
345,1762,2
345,1767,1
345,1789,2
345,1821,1
345,1828,1
345,1840,1
345,1867,1
345,1881,1
345,2007,1
345,2081,1
345,3364,3
345,3484,1
345,3591,1
345,3709,1
345,3997,1
345,4001,1
345,7059,1
345,7097,1
345,7126,1
345,7308,1
345,7391,1
345,7397,1
345,8116,2
345,10226,1
345,13612,1
345,14074,1
345,14209,1
345,15155,1
345,16667,1
345,16701,1
345,18395,1
345,18399,1
345,19699,1
345,27761,1
345,34020,1
345,34100,1
345,45753,1
348,630,1
348,810,1
348,1316,1
348,1490,1
348,1615,1
348,1750,1
348,1881,1
348,1885,1
348,3997,1
348,7042,1
348,7097,2
348,8049,1
348,8074,1
348,8116,1
348,8153,1
348,11516,1
348,27057,1
348,44637,1
348,44640,1
348,44641,1
373,375,1
373,402,1
373,405,1
373,559,1
373,628,2
373,630,1
373,780,1
373,843,1
373,941,1
373,944,1
373,1195,1
373,1243,1
373,1309,1
373,1314,1
373,1391,1
373,1448,1
373,1453,1
373,1488,1
373,1558,1
373,1661,1
373,1668,1
373,1730,1
373,1762,2
373,1847,1
373,2022,1
373,2036,1
373,3364,1
373,3395,1
373,3502,1
373,3718,1
373,3933,1
373,7053,1
373,8090,1
373,8116,1
373,8153,1
373,10565,1
373,10566,2
373,11578,1
373,12134,1
373,12319,1
373,13279,1
373,13477,1
373,13940,1
373,14074,1
373,16302,1
373,16783,1
373,17517,2
373,18588,1
373,19123,2
373,19597,1
373,19699,1
373,22849,1
373,26611,1
373,35616,1
373,44372,1
373,50807,1
373,50850,1
375,402,1
375,405,2
375,559,6
375,561,1
375,562,1
375,586,1
375,628,12
375,629,1
375,630,11
375,634,2
375,636,2
375,664,1
375,667,1
375,698,1
375,718,1
375,728,2
375,770,1
375,805,1
375,843,2
375,853,1
375,859,1
375,911,1
375,941,2
375,944,1
375,962,1
375,964,1
375,971,3
375,1024,1
375,1048,1
375,1063,1
375,1086,1
375,1092,2
375,1107,1
375,1144,1
375,1183,1
375,1195,2
375,1201,2
375,1230,1
375,1236,1
375,1237,1
375,1243,2
375,1302,1
375,1306,1
375,1309,4
375,1314,7
375,1316,1
375,1326,1
375,1361,1
375,1364,1
375,1366,2
375,1369,1
375,1388,2
375,1391,1
375,1408,2
375,1414,2
375,1443,1
375,1448,1
375,1450,1
375,1452,1
375,1453,4
375,1488,18
375,1489,2
375,1491,2
375,1496,1
375,1531,2
375,1532,1
375,1538,1
375,1555,3
375,1558,3
375,1571,3
375,1591,1
375,1595,2
375,1615,1
375,1617,3
375,1635,2
375,1661,2
375,1668,2
375,1722,1
375,1730,7
375,1762,14
375,1789,1
375,1804,1
375,1807,1
375,1821,1
375,1828,1
375,1835,1
375,1840,1
375,1844,1
375,1846,1
375,1847,2
375,1852,1
375,1872,1
375,1881,1
375,1924,1
375,1932,2
375,1955,2
375,1957,1
375,1967,1
375,1996,1
375,2001,1
375,2007,2
375,2014,1
375,2022,3
375,2026,2
375,2032,2
375,2034,1
375,2036,1
375,2058,2
375,2112,4
375,2123,1
375,3013,1
375,3307,1
375,3313,1
375,3364,1
375,3374,1
375,3381,1
375,3484,3
375,3502,1
375,3505,2
375,3525,1
375,3590,1
375,3591,3
375,3596,1
375,3615,1
375,3675,1
375,3718,6
375,3739,1
375,3933,2
375,3941,1
375,3997,2
375,4001,9
375,4043,1
375,7011,1
375,7053,3
375,7059,3
375,7097,3
375,7099,1
375,7121,1
375,7126,1
375,7179,2
375,7239,1
375,7240,1
375,7279,1
375,7288,1
375,7308,1
375,7323,2
375,8001,1
375,8016,1
375,8033,1
375,8090,1
375,8093,1
375,8109,1
375,8116,6
375,8153,1
375,10061,1
375,10178,1
375,10226,1
375,10242,1
375,10304,2
375,10565,6
375,10566,8
375,10831,1
375,10890,1
375,10892,4
375,10895,1
375,10902,1
375,11135,1
375,11247,1
375,11337,1
375,11372,1
375,11404,1
375,11450,1
375,11578,1
375,11800,1
375,12053,1
375,12134,1
375,12319,7
375,12890,1
375,12978,1
375,13279,2
375,13378,1
375,13477,4
375,13612,2
375,13712,1
375,13809,1
375,13810,2
375,13940,1
375,14043,1
375,14074,2
375,14103,2
375,14445,1
375,14858,1
375,14903,1
375,14913,1
375,14973,2
375,15501,3
375,15598,1
375,15849,1
375,16173,1
375,16302,1
375,16333,1
375,16504,1
375,16667,4
375,16720,3
375,16745,1
375,16783,1
375,17100,1
375,17517,2
375,18268,1
375,18480,1
375,18588,1
375,18644,1
375,18889,1
375,19123,2
375,19149,1
375,19322,1
375,19424,1
375,19597,2
375,19611,1
375,19699,4
375,19880,1
375,19915,1
375,19947,1
375,20849,1
375,21429,1
375,22000,1
375,22199,1
375,22236,1
375,22849,3
375,22865,1
375,23850,1
375,24324,1
375,24710,1
375,24735,1
375,24894,1
375,24956,1
375,25209,1
375,25459,3
375,25535,1
375,26151,1
375,26373,1
375,26611,1
375,26766,1
375,27078,2
375,27391,2
375,27761,3
375,27762,1
375,30231,1
375,35616,1
375,37916,1
375,38004,1
375,38712,1
375,39869,1
375,39948,1
375,40169,1
375,40408,1
375,40916,1
375,40928,1
375,41028,1
375,41385,1
375,41532,1
375,41550,1
375,42063,1
375,42321,1
375,42396,1
375,42415,1
375,42652,1
375,42675,1
375,42680,1
375,42790,1
375,43094,1
375,43110,1
375,43485,1
375,43532,1
375,44372,1
375,44584,1
375,45173,1
375,45682,1
375,45771,1
375,46031,1
375,47517,1
375,47673,1
375,48157,1
375,49974,1
375,50807,1
375,50850,1
375,50865,1
375,52136,1
375,52303,1
375,52842,1
380,405,1
380,456,1
380,793,1
380,826,1
380,859,1
380,948,1
380,1089,1
380,1136,1
380,1144,1
380,1163,1
380,1183,1
380,1388,2
380,1496,1
380,1807,1
380,1813,1
380,1852,1
380,1872,1
380,1884,1
380,1908,1
380,1932,1
380,1996,1
380,2022,1
380,2074,1
380,4001,1
380,8104,1
380,10565,2
380,10759,1
380,13477,1
380,14445,1
380,22000,1
380,22849,1
391,1488,1
391,19586,1
402,628,1
402,780,1
402,1453,1
402,1489,1
402,1762,2
402,1847,1
402,2022,1
402,11578,1
402,17517,1
402,19123,1
405,456,2
405,559,2
405,562,3
405,628,2
405,630,2
405,793,1
405,826,1
405,843,1
405,859,1
405,941,1
405,944,1
405,948,1
405,1005,1
405,1058,1
405,1063,2
405,1089,1
405,1107,1
405,1136,1
405,1144,1
405,1163,1
405,1178,1
405,1183,1
405,1195,1
405,1201,1
405,1243,1
405,1309,1
405,1314,1
405,1320,1
405,1388,2
405,1391,1
405,1448,1
405,1488,2
405,1496,2
405,1558,1
405,1661,1
405,1668,1
405,1730,2
405,1762,1
405,1767,1
405,1807,1
405,1813,1
405,1852,1
405,1872,1
405,1875,1
405,1884,1
405,1908,1
405,1932,1
405,1955,1
405,1996,1
405,2022,2
405,2036,1
405,2074,1
405,3364,1
405,3484,1
405,3502,1
405,3718,1
405,3933,1
405,4001,1
405,4124,1
405,7046,1
405,7053,1
405,8090,1
405,8104,1
405,8116,1
405,8153,1
405,10304,1
405,10565,4
405,10566,2
405,10759,1
405,11800,1
405,12134,1
405,12319,1
405,13279,1
405,13477,2
405,13940,1
405,14074,1
405,14103,1
405,14445,1
405,16302,1
405,16783,1
405,17517,1
405,18588,1
405,19123,1
405,19597,1
405,19699,2
405,22000,1
405,22754,1
405,22849,4
405,24739,1
405,26611,1
405,34748,1
405,35616,1
405,44372,1
405,50807,1
405,50850,1
405,61632,1
405,68196,1
416,8006,1
416,98013,1
420,593,1
420,1195,1
420,1488,1
420,1891,1
420,8071,1
420,11247,1
420,13583,1
420,15316,1
420,19806,1
420,26611,1
420,27041,1
427,780,1
427,1349,1
427,1391,1
427,1414,1
427,1488,1
427,1762,1
427,3033,1
427,3759,1
427,8116,1
427,11450,1
427,19699,1
434,460,1
434,628,1
434,1063,1
434,1237,1
434,1369,1
434,1730,1
434,3525,1
434,8116,1
434,10565,1
434,19699,1
453,630,1
456,559,1
456,562,1
456,793,1
456,826,1
456,859,1
456,948,1
456,1005,1
456,1063,1
456,1089,1
456,1136,1
456,1144,1
456,1163,1
456,1178,1
456,1183,1
456,1388,1
456,1496,1
456,1767,1
456,1807,1
456,1813,1
456,1852,1
456,1872,1
456,1884,1
456,1908,1
456,1932,1
456,1996,1
456,2022,1
456,2074,1
456,8104,1
456,10304,1
456,10565,2
456,10759,1
456,13477,1
456,14445,1
456,16098,6
456,22000,1
456,22849,1
487,559,1
487,562,1
487,628,1
487,630,1
487,942,1
487,1006,1
487,1225,1
487,1230,1
487,1314,1
487,1391,1
487,1405,1
487,1408,1
487,1486,1
487,1571,1
487,1615,1
487,1762,2
487,1835,1
487,1844,2
487,1847,1
487,1895,1
487,1967,1
487,2022,1
487,2082,1
487,2123,1
487,3356,1
487,3700,1
487,3718,1
487,3838,1
487,3977,1
487,4001,1
487,4175,1
487,7053,1
487,7109,1
487,8090,1
487,8165,1
487,11135,1
487,13376,1
487,17743,1
487,19149,1
487,20221,1
487,21226,1
487,22250,1
487,26285,1
487,27761,1
487,41312,1
512,630,1
512,698,1
512,874,1
512,986,1
512,1346,1
512,1391,1
512,1455,1
512,1488,1
512,1617,1
512,1730,1
512,3012,1
512,12941,1
512,16239,1
512,26369,1
513,530,1
513,531,2
513,22250,1
521,628,1
521,630,1
521,1391,1
521,1408,1
521,1488,1
521,1571,1
521,1661,1
521,1762,3
521,2112,1
521,3638,1
521,3838,1
521,3908,2
521,8116,1
521,13378,1
521,21274,1
530,22250,1
531,1804,1
531,1844,1
531,3941,1
531,11701,1
531,13378,1
531,22563,1
559,561,7
559,562,2
559,586,1
559,593,2
559,606,1
559,621,1
559,628,14
559,630,13
559,631,1
559,634,8
559,636,3
559,642,1
559,656,1
559,663,1
559,664,4
559,667,1
559,685,1
559,718,1
559,728,3
559,770,1
559,780,1
559,784,1
559,797,1
559,805,1
559,810,1
559,818,1
559,830,1
559,832,1
559,843,2
559,853,1
559,859,1
559,861,2
559,911,2
559,924,1
559,941,2
559,942,1
559,944,2
559,962,2
559,964,1
559,971,1
559,1004,1
559,1005,1
559,1006,1
559,1024,1
559,1048,1
559,1063,1
559,1079,1
559,1092,2
559,1096,5
559,1144,1
559,1178,2
559,1183,1
559,1195,3
559,1201,2
559,1225,1
559,1230,2
559,1236,2
559,1243,1
559,1302,1
559,1309,10
559,1314,12
559,1315,2
559,1316,6
559,1326,4
559,1349,1
559,1361,1
559,1364,1
559,1366,4
559,1369,1
559,1388,1
559,1391,3
559,1405,1
559,1408,3
559,1414,1
559,1443,1
559,1448,1
559,1450,2
559,1453,2
559,1464,1
559,1486,2
559,1488,36
559,1489,1
559,1490,1
559,1502,1
559,1531,1
559,1538,1
559,1555,2
559,1558,9
559,1571,5
559,1591,2
559,1608,1
559,1615,2
559,1617,3
559,1634,2
559,1635,2
559,1653,3
559,1661,5
559,1668,2
559,1722,2
559,1730,10
559,1732,1
559,1746,1
559,1762,28
559,1767,2
559,1789,2
559,1804,1
559,1828,1
559,1835,1
559,1844,4
559,1847,6
559,1867,1
559,1877,3
559,1881,1
559,1903,1
559,1924,1
559,1932,1
559,1936,1
559,1954,1
559,1957,2
559,1967,1
559,1996,1
559,2007,1
559,2022,7
559,2026,1
559,2032,5
559,2036,1
559,2058,1
559,2074,1
559,2081,1
559,2082,1
559,2085,1
559,2112,3
559,2123,2
559,3012,1
559,3013,3
559,3047,2
559,3088,1
559,3180,1
559,3273,1
559,3307,2
559,3313,2
559,3321,1
559,3325,1
559,3364,1
559,3484,2
559,3502,2
559,3504,1
559,3505,2
559,3528,1
559,3591,1
559,3615,1
559,3634,1
559,3700,1
559,3709,1
559,3718,10
559,3725,2
559,3739,1
559,3830,2
559,3856,1
559,3869,2
559,3915,1
559,3933,2
559,3941,2
559,3957,2
559,3977,1
559,4001,13
559,4043,1
559,4153,1
559,4175,1
559,7053,3
559,7059,3
559,7063,2
559,7068,1
559,7097,4
559,7099,1
559,7109,1
559,7126,2
559,7161,1
559,7179,2
559,7214,2
559,7239,2
559,7240,1
559,7308,1
559,7323,1
559,7358,2
559,7391,1
559,7397,1
559,8001,1
559,8016,3
559,8033,2
559,8049,5
559,8072,2
559,8090,1
559,8093,1
559,8109,2
559,8116,15
559,8153,3
559,8165,3
559,10061,1
559,10178,1
559,10231,1
559,10242,2
559,10304,3
559,10334,1
559,10565,7
559,10566,6
559,10831,3
559,10890,1
559,10892,4
559,10895,1
559,11062,1
559,11135,3
559,11247,1
559,11337,1
559,11372,5
559,11404,1
559,11450,1
559,11650,1
559,11701,1
559,11800,3
559,12053,2
559,12072,1
559,12110,1
559,12134,2
559,12319,5
559,12890,1
559,12941,1
559,12978,1
559,13258,1
559,13279,4
559,13378,2
559,13477,4
559,13513,1
559,13518,1
559,13612,2
559,13674,1
559,13810,2
559,13845,1
559,13855,1
559,13940,1
559,13972,1
559,14043,1
559,14074,2
559,14103,1
559,14209,1
559,14215,1
559,14310,1
559,14445,1
559,14821,1
559,14834,1
559,14903,1
559,14913,1
559,14973,3
559,15061,1
559,15155,2
559,15431,1
559,15460,1
559,15501,1
559,15598,1
559,15751,1
559,15806,1
559,15884,1
559,16040,1
559,16098,1
559,16173,1
559,16302,1
559,16504,2
559,16667,1
559,16720,2
559,16745,6
559,16783,1
559,16877,2
559,16882,1
559,17100,1
559,17517,3
559,17724,1
559,17730,1
559,17743,2
559,18257,1
559,18268,1
559,18395,1
559,18399,1
559,18480,1
559,18588,1
559,18644,1
559,18954,1
559,19123,2
559,19149,5
559,19322,1
559,19424,1
559,19597,2
559,19611,2
559,19699,2
559,19832,1
559,19880,1
559,19915,1
559,19947,1
559,20221,5
559,20268,1
559,20276,1
559,20498,1
559,20849,1
559,20932,1
559,21095,1
559,21169,1
559,21226,1
559,21429,1
559,21561,1
559,22199,1
559,22849,2
559,23850,1
559,24324,2
559,24710,2
559,24894,1
559,24956,1
559,24988,1
559,25209,2
559,25322,1
559,25459,1
559,25535,1
559,26151,1
559,26428,1
559,26611,1
559,27078,1
559,27565,1
559,27761,4
559,27762,1
559,30231,2
559,34020,1
559,34100,2
559,35616,1
559,38648,2
559,38949,1
559,39847,2
559,40169,1
559,40287,1
559,40396,1
559,40916,1
559,40928,1
559,41028,2
559,42063,1
559,42321,1
559,42396,1
559,42790,1
559,43094,1
559,43110,1
559,43532,1
559,44372,1
559,45554,1
559,45682,1
559,45685,2
559,45753,1
559,45771,1
559,46608,1
559,46642,1
559,49974,1
559,50807,1
559,50850,1
559,52545,1
559,54942,1
561,562,1
561,586,1
561,593,1
561,602,1
561,628,5
561,629,1
561,630,5
561,631,1
561,634,3
561,636,3
561,663,1
561,685,1
561,728,2
561,784,1
561,846,1
561,911,1
561,924,1
561,944,1
561,962,2
561,971,2
561,1036,1
561,1079,1
561,1092,1
561,1096,1
561,1178,1
561,1195,2
561,1306,1
561,1309,2
561,1314,4
561,1326,1
561,1408,1
561,1414,1
561,1453,2
561,1464,1
561,1488,9
561,1491,1
561,1555,3
561,1571,2
561,1615,2
561,1617,2
561,1635,1
561,1661,2
561,1662,1
561,1722,1
561,1730,1
561,1732,1
561,1762,5
561,1767,1
561,1789,2
561,1821,1
561,1828,1
561,1840,1
561,1844,1
561,1847,1
561,1867,1
561,1881,1
561,1945,1
561,2007,1
561,2032,1
561,2081,1
561,3012,1
561,3273,1
561,3484,3
561,3591,1
561,3709,1
561,3941,1
561,3977,1
561,3997,2
561,4001,4
561,4112,1
561,7059,2
561,7063,1
561,7068,1
561,7070,1
561,7097,2
561,7126,1
561,7214,1
561,7239,2
561,7240,1
561,7308,1
561,7391,1
561,7397,2
561,8001,1
561,8016,2
561,8049,1
561,8072,2
561,8109,1
561,8116,3
561,10226,1
561,10566,2
561,11135,1
561,11800,1
561,12319,1
561,13513,1
561,13518,1
561,13612,1
561,13810,1
561,14043,1
561,14209,1
561,14973,1
561,15155,1
561,15598,1
561,16098,1
561,16667,1
561,16745,4
561,18257,1
561,18395,1
561,18399,1
561,19149,1
561,19699,2
561,19832,1
561,20221,1
561,20268,1
561,20276,1
561,24988,1
561,26456,1
561,27761,1
561,34020,1
561,34100,1
561,39847,1
561,40287,1
561,41028,1
561,45685,1
561,45753,1
561,52268,1
561,54942,1
562,586,1
562,628,2
562,629,1
562,630,2
562,634,1
562,636,2
562,728,1
562,942,1
562,962,1
562,971,3
562,1005,1
562,1006,1
562,1063,1
562,1092,1
562,1178,2
562,1195,1
562,1225,1
562,1230,1
562,1306,2
562,1309,1
562,1314,3
562,1320,1
562,1391,1
562,1405,1
562,1408,2
562,1414,1
562,1453,1
562,1486,2
562,1488,3
562,1491,1
562,1496,1
562,1555,2
562,1558,1
562,1571,1
562,1615,2
562,1617,1
562,1635,1
562,1662,1
562,1762,2
562,1767,1
562,1789,1
562,1821,1
562,1828,1
562,1835,1
562,1840,1
562,1844,1
562,1847,1
562,1875,1
562,1881,1
562,2007,2
562,2022,1
562,2082,1
562,2123,1
562,3107,1
562,3484,2
562,3591,1
562,3700,1
562,3718,2
562,3977,1
562,3997,1
562,4001,4
562,4124,1
562,4175,1
562,7046,1
562,7053,1
562,7059,1
562,7070,1
562,7109,1
562,7126,1
562,7161,1
562,7279,1
562,7308,2
562,8072,1
562,8116,1
562,8165,1
562,10226,1
562,10304,1
562,10565,1
562,11135,1
562,11800,1
562,12025,1
562,13612,1
562,14650,1
562,16667,1
562,16783,1
562,17743,1
562,19149,1
562,19699,1
562,20221,1
562,21226,2
562,21679,1
562,21796,1
562,22403,1
562,22754,1
562,22849,1
562,24739,1
562,27761,1
562,34748,1
562,44303,1
562,50221,1
562,50223,1
562,50230,1
562,61632,1
562,68196,1
569,593,1
569,628,1
569,630,3
569,642,1
569,942,1
569,1232,2
569,1314,1
569,1315,1
569,1316,1
569,1349,1
569,1455,1
569,1558,1
569,1730,1
569,1750,1
569,1847,1
569,4001,2
569,7053,1
569,8116,1
569,12319,1
569,13810,1
569,18272,1
569,27565,1
569,46702,1
569,571577,1
571,630,1
586,589,1
586,593,1
586,628,1
586,629,1
586,630,1
586,634,2
586,636,1
586,728,3
586,962,2
586,971,1
586,1092,1
586,1096,1
586,1195,2
586,1302,1
586,1306,1
586,1309,2
586,1314,1
586,1326,1
586,1408,2
586,1414,1
586,1453,1
586,1488,1
586,1491,1
586,1555,1
586,1615,1
586,1635,1
586,1746,1
586,1762,3
586,1789,1
586,1821,1
586,1828,1
586,1840,1
586,1881,1
586,2007,1
586,2032,1
586,3484,1
586,3591,1
586,3718,1
586,3829,1
586,3830,1
586,3997,1
586,4001,1
586,7024,1
586,7059,1
586,7126,1
586,7308,1
586,8116,2
586,10226,1
586,11372,1
586,13612,1
586,16667,1
586,19699,1
586,27761,1
586,43692,1
589,874,1
589,43692,1
593,628,1
593,630,3
593,634,1
593,636,2
593,784,1
593,911,1
593,1079,2
593,1092,1
593,1096,1
593,1169,1
593,1314,2
593,1315,1
593,1316,2
593,1349,1
593,1455,1
593,1464,1
593,1488,2
593,1558,2
593,1615,1
593,1617,2
593,1661,1
593,1722,1
593,1730,1
593,1732,1
593,1762,4
593,1877,1
593,1903,1
593,1908,1
593,2123,1
593,3194,1
593,3273,1
593,3941,1
593,3997,1
593,4001,1
593,7053,1
593,7068,1
593,7097,1
593,7126,1
593,7214,1
593,7390,1
593,8006,2
593,8012,1
593,8016,1
593,8049,4
593,8072,1
593,8109,1
593,8116,1
593,10566,1
593,12262,1
593,12319,1
593,12941,1
593,13810,1
593,14043,1
593,14310,1
593,15598,1
593,16098,1
593,16745,1
593,18257,1
593,19149,1
593,19832,1
593,20221,1
593,20268,1
593,34100,1
593,39847,1
593,41028,1
593,45685,1
593,54942,1
596,818,1
596,830,1
596,832,1
596,987,1
596,1829,1
596,1967,1
596,3484,1
596,21620,1
596,37852,1
597,602,1
597,630,1
597,636,1
597,1031,1
597,1309,1
597,1595,1
597,1730,1
597,1828,1
597,1847,1
597,3303,1
597,3461,1
597,3484,1
597,3874,1
597,3941,1
597,4124,1
597,4165,1
597,7108,1
597,8116,1
597,10566,1
597,11135,1
597,11384,1
597,11547,1
597,12019,1
597,12030,1
597,12319,1
597,12324,1
597,12951,1
597,18731,1
597,37597,1
602,628,1
602,630,1
602,636,2
602,728,1
602,846,1
602,853,1
602,944,1
602,962,1
602,971,1
602,1171,1
602,1178,1
602,1302,1
602,1408,1
602,1453,1
602,1488,1
602,1762,2
602,1789,1
602,1844,1
602,1945,1
602,2032,1
602,3303,1
602,3484,1
602,3997,1
602,4001,1
602,7059,1
602,7097,1
602,7239,1
602,10566,1
602,13810,1
602,19699,1
606,628,1
606,630,1
606,704,1
606,828,1
606,1366,1
606,1488,2
606,1558,2
606,1571,1
606,1762,1
606,3356,1
606,3502,1
606,3634,1
606,3915,1
606,3997,1
606,7059,1
606,7239,1
606,8087,1
606,8116,1
606,10566,2
606,11372,1
606,12134,2
606,12941,1
606,13279,1
606,13477,1
606,17879,1
606,21629,1
606,22548,1
606,27761,1
606,39475,1
606,576780,1
621,636,1
621,797,1
621,1092,1
621,1096,1
621,1309,1
621,1453,1
621,1464,1
621,1488,1
621,1558,1
621,1634,1
621,1653,1
621,1661,1
621,1730,1
621,1762,2
621,1828,1
621,1844,1
621,1847,1
621,1881,1
621,3356,1
621,3718,1
621,3957,1
621,3977,1
621,8049,1
621,8116,1
621,8165,1
621,13243,1
621,13378,2
621,13612,1
621,15884,1
621,19611,1
621,20221,1
621,20498,1
621,27761,1
621,39847,1
628,629,1
628,630,29
628,634,3
628,636,7
628,642,2
628,663,3
628,664,4
628,667,1
628,685,1
628,716,1
628,718,1
628,728,4
628,770,2
628,780,1
628,784,1
628,797,1
628,805,1
628,832,2
628,843,2
628,846,1
628,853,1
628,859,1
628,911,6
628,941,3
628,942,2
628,944,2
628,953,1
628,962,3
628,964,1
628,971,6
628,1005,1
628,1006,1
628,1024,1
628,1036,1
628,1048,2
628,1063,2
628,1079,1
628,1086,3
628,1092,2
628,1096,5
628,1107,1
628,1144,2
628,1169,1
628,1178,1
628,1183,1
628,1195,2
628,1201,2
628,1207,1
628,1225,1
628,1230,2
628,1232,1
628,1236,1
628,1237,2
628,1243,2
628,1306,1
628,1309,6
628,1314,14
628,1316,3
628,1326,3
628,1349,1
628,1361,2
628,1364,1
628,1366,2
628,1369,2
628,1385,1
628,1388,4
628,1391,4
628,1405,1
628,1408,3
628,1414,2
628,1443,1
628,1448,1
628,1450,2
628,1453,5
628,1455,1
628,1464,4
628,1486,1
628,1488,29
628,1489,2
628,1490,1
628,1491,1
628,1502,1
628,1531,1
628,1555,3
628,1558,5
628,1571,6
628,1591,1
628,1595,1
628,1602,1
628,1615,3
628,1617,11
628,1635,4
628,1661,4
628,1662,1
628,1668,2
628,1722,4
628,1730,15
628,1732,1
628,1762,19
628,1767,2
628,1789,1
628,1804,1
628,1807,1
628,1821,1
628,1824,1
628,1828,3
628,1829,1
628,1835,2
628,1840,1
628,1844,4
628,1846,1
628,1847,9
628,1852,1
628,1872,2
628,1877,2
628,1881,5
628,1885,2
628,1895,1
628,1924,1
628,1932,2
628,1945,1
628,1952,1
628,1954,1
628,1955,3
628,1957,1
628,1967,3
628,1996,1
628,2001,1
628,2007,2
628,2022,9
628,2026,1
628,2032,3
628,2034,1
628,2036,2
628,2058,2
628,2074,2
628,2082,1
628,2112,5
628,2123,3
628,3013,1
628,3047,1
628,3273,1
628,3307,1
628,3313,1
628,3364,1
628,3381,1
628,3484,5
628,3501,2
628,3502,1
628,3504,1
628,3505,2
628,3522,1
628,3525,2
628,3528,2
628,3591,2
628,3596,1
628,3615,1
628,3638,1
628,3700,1
628,3709,1
628,3718,8
628,3739,1
628,3829,1
628,3838,1
628,3908,1
628,3933,2
628,3941,3
628,3957,1
628,3977,3
628,3997,5
628,4001,18
628,4043,1
628,4112,1
628,4124,2
628,4153,1
628,4175,1
628,7053,4
628,7059,5
628,7063,1
628,7068,2
628,7070,1
628,7097,3
628,7099,1
628,7108,1
628,7109,1
628,7126,1
628,7179,2
628,7214,1
628,7239,4
628,7240,3
628,7308,2
628,7323,1
628,7328,1
628,7358,1
628,7365,1
628,7391,1
628,7397,1
628,8001,1
628,8006,2
628,8013,1
628,8016,5
628,8033,1
628,8049,2
628,8072,2
628,8090,1
628,8093,1
628,8109,2
628,8116,11
628,8153,3
628,8165,2
628,10061,2
628,10178,1
628,10226,1
628,10242,1
628,10304,1
628,10438,1
628,10565,7
628,10566,9
628,10681,2
628,10831,1
628,10890,1
628,10892,2
628,10895,1
628,10902,1
628,11135,3
628,11247,1
628,11337,1
628,11372,1
628,11404,1
628,11450,1
628,11578,2
628,11612,1
628,11650,1
628,11701,1
628,11800,2
628,12053,1
628,12134,1
628,12319,12
628,12890,1
628,12941,1
628,12951,1
628,12978,1
628,13279,2
628,13360,2
628,13378,5
628,13477,4
628,13612,1
628,13712,1
628,13809,1
628,13810,4
628,13940,1
628,14043,2
628,14074,2
628,14103,2
628,14310,1
628,14386,1
628,14445,1
628,14858,1
628,14903,1
628,14913,1
628,14973,4
628,15155,1
628,15387,1
628,15501,2
628,15598,1
628,15791,1
628,16098,1
628,16173,2
628,16302,1
628,16504,2
628,16667,3
628,16720,3
628,16745,3
628,16783,1
628,17100,1
628,17355,1
628,17517,3
628,17724,1
628,17743,1
628,17923,1
628,17930,1
628,18246,1
628,18257,1
628,18268,2
628,18480,1
628,18574,1
628,18588,1
628,18644,1
628,18731,1
628,18734,1
628,18735,1
628,18889,1
628,19123,3
628,19149,5
628,19155,1
628,19289,1
628,19322,1
628,19424,1
628,19597,2
628,19611,1
628,19699,7
628,19832,1
628,19842,1
628,19915,1
628,19947,1
628,20221,5
628,20268,1
628,20604,1
628,20849,1
628,21226,1
628,21237,1
628,21274,2
628,21429,1
628,21637,1
628,21796,1
628,22000,1
628,22199,1
628,22350,1
628,22849,5
628,24710,1
628,24956,1
628,25209,1
628,25322,1
628,25459,2
628,25535,1
628,26151,2
628,26373,2
628,26376,1
628,26456,1
628,26611,1
628,27007,1
628,27057,1
628,27078,1
628,27391,1
628,27565,2
628,27761,4
628,27762,1
628,30231,1
628,35616,1
628,38004,1
628,38331,1
628,39847,1
628,39869,1
628,40169,1
628,40928,1
628,40998,1
628,41028,2
628,41532,1
628,42063,1
628,42321,1
628,42396,1
628,42666,1
628,42675,1
628,42790,1
628,43094,1
628,43110,1
628,43485,1
628,43532,1
628,44372,1
628,44584,1
628,45682,1
628,45685,2
628,45753,1
628,45771,1
628,45816,1
628,45885,1
628,46031,1
628,46425,1
628,46702,2
628,46966,1
628,47148,1
628,48157,1
628,49672,1
628,49974,1
628,50807,1
628,50850,1
628,50865,1
628,52268,1
628,54942,1
629,630,1
629,634,1
629,636,1
629,728,1
629,962,1
629,971,1
629,1092,1
629,1195,1
629,1306,1
629,1309,1
629,1314,1
629,1408,1
629,1414,1
629,1453,1
629,1488,1
629,1491,1
629,1555,1
629,1615,1
629,1635,1
629,1762,1
629,1789,1
629,1821,1
629,1828,1
629,1840,1
629,1881,1
629,2007,1
629,3484,1
629,3591,1
629,3997,1
629,4001,1
629,7059,1
629,7126,1
629,7308,1
629,8116,1
629,10226,1
629,13612,1
629,16667,1
629,19699,1
629,27761,1
630,631,2
630,634,4
630,636,7
630,642,5
630,656,2
630,663,2
630,664,3
630,685,1
630,698,1
630,728,2
630,770,1
630,784,1
630,797,2
630,830,1
630,832,2
630,843,2
630,846,1
630,859,1
630,861,1
630,874,1
630,911,6
630,941,1
630,942,2
630,944,2
630,953,1
630,962,3
630,971,5
630,986,1
630,1006,1
630,1036,1
630,1048,1
630,1063,1
630,1079,1
630,1086,1
630,1092,2
630,1096,4
630,1107,1
630,1123,1
630,1169,1
630,1178,1
630,1195,2
630,1201,1
630,1207,1
630,1225,1
630,1230,1
630,1232,3
630,1236,1
630,1237,1
630,1243,2
630,1302,1
630,1306,1
630,1309,6
630,1314,14
630,1315,4
630,1316,6
630,1349,2
630,1361,1
630,1366,2
630,1385,1
630,1388,3
630,1391,5
630,1405,1
630,1408,4
630,1414,1
630,1448,1
630,1450,1
630,1453,2
630,1455,3
630,1464,4
630,1486,1
630,1488,26
630,1489,1
630,1490,1
630,1491,2
630,1496,1
630,1502,1
630,1532,2
630,1538,1
630,1552,1
630,1555,3
630,1558,15
630,1571,5
630,1591,1
630,1595,3
630,1615,4
630,1617,9
630,1635,4
630,1661,5
630,1662,1
630,1668,1
630,1722,3
630,1730,14
630,1732,1
630,1762,24
630,1767,1
630,1777,1
630,1789,1
630,1807,1
630,1821,2
630,1824,3
630,1828,5
630,1829,1
630,1835,1
630,1840,1
630,1844,2
630,1846,1
630,1847,6
630,1852,1
630,1872,1
630,1877,2
630,1881,8
630,1885,3
630,1888,1
630,1895,1
630,1932,1
630,1945,1
630,1952,1
630,1954,1
630,1955,1
630,1967,2
630,1996,1
630,2007,1
630,2014,1
630,2022,5
630,2026,1
630,2032,3
630,2036,2
630,2058,1
630,2074,1
630,2082,1
630,2112,4
630,2123,3
630,3012,1
630,3047,2
630,3180,1
630,3194,1
630,3273,1
630,3321,2
630,3325,5
630,3364,1
630,3381,1
630,3461,1
630,3468,1
630,3484,7
630,3501,1
630,3502,2
630,3504,1
630,3505,1
630,3522,1
630,3525,1
630,3528,2
630,3533,1
630,3591,2
630,3596,1
630,3634,1
630,3638,1
630,3700,1
630,3709,1
630,3718,5
630,3802,1
630,3810,1
630,3829,1
630,3838,1
630,3842,1
630,3874,2
630,3908,1
630,3915,1
630,3933,1
630,3941,3
630,3957,1
630,3977,4
630,3997,6
630,4001,18
630,4112,1
630,4124,4
630,4153,2
630,4165,1
630,4175,1
630,7024,1
630,7042,1
630,7053,3
630,7059,7
630,7063,1
630,7068,2
630,7070,2
630,7097,6
630,7108,1
630,7109,1
630,7126,1
630,7179,1
630,7214,1
630,7239,4
630,7240,2
630,7308,2
630,7328,1
630,7358,1
630,7391,1
630,7397,2
630,8006,2
630,8016,3
630,8033,1
630,8049,3
630,8072,2
630,8075,1
630,8087,1
630,8090,1
630,8109,1
630,8116,15
630,8153,6
630,8165,3
630,8177,1
630,10061,2
630,10226,1
630,10242,1
630,10304,1
630,10565,3
630,10566,12
630,10681,2
630,10890,1
630,10892,2
630,10895,1
630,10902,1
630,11135,3
630,11372,2
630,11384,1
630,11404,1
630,11450,1
630,11547,2
630,11578,1
630,11612,1
630,11650,2
630,11800,3
630,12019,1
630,12030,1
630,12053,1
630,12134,2
630,12319,13
630,12324,1
630,12890,1
630,12941,1
630,12951,2
630,12978,1
630,13279,3
630,13360,2
630,13378,4
630,13477,4
630,13612,2
630,13809,1
630,13810,3
630,13940,1
630,14043,2
630,14074,1
630,14103,3
630,14386,1
630,14445,1
630,14858,1
630,14913,1
630,14973,2
630,15155,1
630,15192,1
630,15501,3
630,15598,1
630,15706,1
630,15752,1
630,15883,1
630,15884,1
630,16098,1
630,16173,1
630,16302,2
630,16504,1
630,16667,2
630,16720,3
630,16745,3
630,16783,1
630,16877,1
630,17100,1
630,17355,1
630,17517,1
630,17724,1
630,17730,5
630,17743,2
630,18246,1
630,18257,1
630,18268,1
630,18336,1
630,18365,1
630,18480,1
630,18574,1
630,18588,2
630,18731,1
630,18734,1
630,18735,2
630,18889,1
630,19123,3
630,19149,4
630,19289,2
630,19322,1
630,19597,2
630,19699,4
630,19832,1
630,20221,6
630,20268,1
630,20604,1
630,20797,1
630,21226,1
630,21237,1
630,21274,2
630,21637,1
630,21796,1
630,21998,1
630,22236,1
630,22250,1
630,22350,1
630,22754,1
630,22849,2
630,24710,1
630,25209,1
630,25322,1
630,25459,1
630,25535,1
630,26151,1
630,26373,2
630,26376,1
630,26456,1
630,26611,1
630,27007,1
630,27057,2
630,27391,1
630,27565,2
630,27761,4
630,29291,1
630,34100,1
630,35616,1
630,37597,1
630,38004,1
630,38331,1
630,39847,1
630,39869,1
630,40589,1
630,40928,1
630,40998,1
630,41028,3
630,41532,1
630,42063,1
630,42666,1
630,42675,2
630,43485,1
630,43532,1
630,44294,1
630,44372,1
630,44584,1
630,45554,1
630,45685,2
630,45753,1
630,45816,1
630,45885,1
630,46425,3
630,46642,2
630,46702,2
630,46966,1
630,47148,1
630,47470,1
630,48157,1
630,49672,1
630,49974,1
630,50807,1
630,50850,1
630,50865,1
630,52268,1
630,52462,1
630,52545,1
630,54942,1
630,106263,1
630,109317,1
630,112971,1
630,114192,1
630,570923,1
631,642,1
631,646,1
631,656,1
631,1450,1
631,1488,1
631,1555,1
631,1695,1
631,1762,1
631,2007,1
631,2081,1
631,3325,1
631,3484,1
631,7397,1
631,8001,1
631,16745,1
631,27334,1
631,44303,1
634,636,9
634,663,2
634,664,4
634,728,2
634,810,1
634,962,2
634,971,1
634,1092,1
634,1096,1
634,1171,1
634,1195,4
634,1207,1
634,1302,2
634,1306,1
634,1309,5
634,1314,2
634,1315,1
634,1316,2
634,1326,2
634,1391,1
634,1408,2
634,1414,1
634,1453,1
634,1488,6
634,1490,1
634,1491,2
634,1496,2
634,1538,1
634,1555,1
634,1571,1
634,1595,1
634,1615,1
634,1617,1
634,1635,1
634,1658,1
634,1661,1
634,1730,1
634,1746,1
634,1762,10
634,1767,1
634,1789,2
634,1821,1
634,1828,1
634,1840,1
634,1867,1
634,1881,1
634,1967,1
634,2007,1
634,2014,1
634,2026,1
634,2032,2
634,2081,1
634,3107,1
634,3114,1
634,3374,1
634,3484,1
634,3528,1
634,3591,1
634,3709,1
634,3718,1
634,3830,1
634,3997,1
634,4001,5
634,7059,1
634,7097,1
634,7120,1
634,7126,1
634,7288,1
634,7308,1
634,7391,1
634,8016,1
634,8049,7
634,8116,3
634,8153,1
634,10226,1
634,10565,1
634,11372,1
634,12104,1
634,13612,2
634,14209,1
634,15061,1
634,15155,1
634,15501,1
634,16667,1
634,18395,1
634,18399,1
634,19098,1
634,19123,2
634,19699,1
634,21095,1
634,24380,1
634,24894,1
634,27761,1
634,34020,1
634,34100,1
634,38949,1
634,41028,1
634,45685,1
634,45753,1
634,700146,1
636,642,1
636,656,1
636,663,3
636,664,4
636,685,1
636,728,3
636,770,1
636,780,1
636,797,2
636,832,1
636,846,1
636,853,1
636,911,1
636,944,1
636,962,3
636,971,4
636,1036,1
636,1048,1
636,1092,3
636,1096,1
636,1171,2
636,1178,2
636,1195,2
636,1207,2
636,1302,1
636,1306,2
636,1309,2
636,1314,9
636,1315,1
636,1316,4
636,1326,1
636,1361,1
636,1385,1
636,1408,2
636,1414,1
636,1450,1
636,1453,2
636,1455,1
636,1464,1
636,1488,12
636,1489,1
636,1490,1
636,1491,1
636,1555,2
636,1558,3
636,1571,1
636,1595,2
636,1615,1
636,1617,4
636,1634,2
636,1635,2
636,1653,1
636,1661,2
636,1662,2
636,1722,1
636,1730,5
636,1762,12
636,1789,2
636,1821,1
636,1828,4
636,1840,1
636,1844,2
636,1847,3
636,1877,2
636,1881,3
636,1895,1
636,1945,1
636,1967,2
636,2007,2
636,2022,1
636,2032,2
636,2036,1
636,2074,1
636,2082,1
636,2123,2
636,3107,1
636,3321,1
636,3325,1
636,3374,1
636,3461,1
636,3484,6
636,3528,2
636,3591,1
636,3718,1
636,3829,1
636,3874,1
636,3941,2
636,3957,1
636,3977,1
636,3997,2
636,4001,7
636,4112,1
636,4124,2
636,4153,1
636,4165,1
636,7059,4
636,7063,1
636,7068,1
636,7070,1
636,7097,1
636,7108,1
636,7126,1
636,7161,1
636,7239,3
636,7240,1
636,7279,1
636,7288,1
636,7308,2
636,7358,1
636,7397,1
636,8006,1
636,8016,2
636,8049,10
636,8072,2
636,8116,5
636,8153,5
636,8165,2
636,10226,1
636,10565,2
636,10566,3
636,10681,1
636,11135,2
636,11384,1
636,11547,1
636,11701,1
636,11800,1
636,12019,1
636,12030,1
636,12319,3
636,12324,1
636,12951,1
636,13612,2
636,13810,2
636,13972,1
636,14043,1
636,14386,1
636,14650,1
636,14973,2
636,15598,1
636,15751,1
636,15884,1
636,16173,1
636,16667,1
636,16745,1
636,16783,1
636,17724,1
636,17730,1
636,17743,1
636,18268,1
636,18731,1
636,18734,1
636,18735,1
636,19098,1
636,19123,2
636,19611,1
636,19699,2
636,19880,1
636,20221,1
636,20498,1
636,20604,1
636,21226,1
636,21274,1
636,21679,1
636,21796,1
636,22849,1
636,24380,1
636,26151,1
636,26456,1
636,27007,1
636,27391,1
636,27761,3
636,35224,1
636,37597,1
636,39847,1
636,40396,1
636,40998,1
636,44303,1
636,45685,1
636,45753,1
636,46289,1
636,46966,1
636,50221,1
636,50223,1
636,50230,1
636,52268,1
636,52545,1
642,656,1
642,664,1
642,780,1
642,911,1
642,987,1
642,1079,1
642,1274,1
642,1316,1
642,1464,1
642,1488,1
642,1558,1
642,1617,1
642,1634,1
642,1730,2
642,1828,1
642,1847,1
642,1877,2
642,1881,1
642,3321,1
642,3325,1
642,4001,1
642,4124,1
642,4153,1
642,7240,1
642,7358,1
642,8116,1
642,8153,1
642,11650,1
642,11701,1
642,12319,1
642,13972,1
642,15751,1
642,16745,1
642,17355,1
642,17724,2
642,17730,1
642,17743,1
642,20221,1
642,21274,1
642,27761,1
642,40396,1
642,46702,1
642,49672,1
642,52545,1
646,656,1
646,1450,1
646,1695,1
646,1762,1
646,2007,1
646,2081,1
646,3484,1
646,25535,1
646,27334,1
646,44303,1
655,1488,1
656,780,1
656,1316,2
656,1450,1
656,1488,2
656,1558,2
656,1634,1
656,1695,1
656,1730,1
656,1762,1
656,1847,1
656,1877,1
656,2007,1
656,2081,1
656,3321,1
656,3325,1
656,3484,1
656,4153,1
656,7358,1
656,7397,1
656,8116,1
656,8153,1
656,11701,1
656,13972,1
656,15751,1
656,17724,1
656,17730,1
656,17743,1
656,27334,1
656,27761,1
656,40396,1
656,44303,1
656,52545,1
663,832,1
663,911,1
663,962,1
663,1036,1
663,1171,1
663,1195,1
663,1207,1
663,1314,2
663,1326,1
663,1488,4
663,1555,1
663,1595,1
663,1617,1
663,1658,1
663,1661,1
663,1662,1
663,1762,4
663,1767,2
663,1847,1
663,1881,1
663,1952,1
663,1954,1
663,2022,1
663,2032,1
663,3374,1
663,3484,1
663,3977,2
663,4001,2
663,4112,1
663,7063,1
663,7070,1
663,7239,1
663,7240,1
663,7288,1
663,7391,1
663,7397,1
663,8016,1
663,8049,1
663,8072,1
663,8116,3
663,10565,1
663,10566,1
663,11135,1
663,11800,1
663,13810,1
663,14973,1
663,15460,1
663,16745,1
663,19098,1
663,20221,1
663,22350,1
663,24380,1
663,26456,1
663,47148,1
663,52268,1
664,685,1
664,718,1
664,728,1
664,770,2
664,797,1
664,832,2
664,911,3
664,941,1
664,964,1
664,971,1
664,1024,1
664,1048,2
664,1092,1
664,1201,1
664,1207,1
664,1236,1
664,1309,3
664,1314,2
664,1315,2
664,1316,5
664,1326,1
664,1361,2
664,1385,1
664,1393,1
664,1414,1
664,1443,1
664,1450,1
664,1453,1
664,1455,1
664,1464,2
664,1488,5
664,1489,2
664,1490,1
664,1531,1
664,1538,1
664,1558,2
664,1571,2
664,1617,3
664,1635,2
664,1722,2
664,1730,3
664,1762,3
664,1828,2
664,1844,1
664,1847,3
664,1877,2
664,1881,2
664,1895,1
664,1957,1
664,1967,1
664,2007,1
664,2026,1
664,2032,1
664,2036,1
664,2112,1
664,2123,1
664,3013,1
664,3307,1
664,3484,2
664,3505,1
664,3528,2
664,3718,1
664,3739,1
664,3829,1
664,3941,2
664,4001,6
664,4124,2
664,4207,1
664,7053,1
664,7059,1
664,7068,1
664,7099,1
664,7108,1
664,7239,2
664,7240,2
664,7308,1
664,7323,1
664,8006,1
664,8016,2
664,8033,1
664,8049,3
664,8109,1
664,8116,1
664,8153,2
664,8165,1
664,10178,1
664,10565,1
664,10566,2
664,10681,1
664,11135,2
664,11247,1
664,11337,1
664,11650,1
664,12319,3
664,13378,1
664,14043,1
664,14074,1
664,14386,1
664,16173,2
664,16667,1
664,16745,1
664,17355,1
664,17517,1
664,18268,2
664,18644,1
664,18731,1
664,18734,1
664,18735,1
664,19123,1
664,19611,1
664,20221,1
664,20604,1
664,20849,1
664,21274,2
664,21429,1
664,21796,1
664,22199,1
664,25459,1
664,27007,1
664,27078,1
664,27761,1
664,27762,1
664,40169,1
664,40998,1
664,42396,1
664,45682,1
664,45685,1
664,45753,1
664,45771,1
664,46702,1
664,46966,1
664,49672,1
667,805,1
667,853,1
667,1183,1
667,1364,1
667,1366,1
667,1369,1
667,1450,1
667,1488,1
667,1668,1
667,1730,1
667,1762,1
667,1804,1
667,1924,1
667,1932,1
667,2058,1
667,2112,1
667,3331,1
667,3615,1
667,3718,1
667,3933,1
667,4001,1
667,4043,1
667,7046,1
667,7179,1
667,8093,1
667,10565,1
667,10566,1
667,10831,1
667,12319,1
667,13477,1
667,14903,1
667,16720,1
667,19424,1
667,19915,1
667,19947,1
667,24956,1
667,25535,1
667,27761,1
667,30231,1
667,42321,1
667,42790,1
667,43094,1
667,43110,1
673,718,1
680,10566,1
680,95627,1
685,770,1
685,797,1
685,832,1
685,911,1
685,924,1
685,1048,1
685,1092,1
685,1096,1
685,1207,1
685,1309,1
685,1314,2
685,1316,1
685,1361,1
685,1385,1
685,1450,1
685,1455,1
685,1464,1
685,1488,2
685,1489,1
685,1558,1
685,1571,2
685,1617,2
685,1635,1
685,1722,1
685,1730,1
685,1762,1
685,1828,1
685,1847,2
685,1877,1
685,1881,1
685,1895,1
685,1967,1
685,2036,1
685,2123,1
685,3012,1
685,3484,1
685,3528,1
685,3829,1
685,3941,1
685,4001,1
685,4124,1
685,7059,1
685,7068,1
685,7108,1
685,7239,1
685,7308,1
685,8001,1
685,8006,2
685,8116,1
685,8153,1
685,8165,1
685,10566,1
685,10681,1
685,12319,1
685,13513,1
685,13518,1
685,14043,1
685,14386,1
685,16173,1
685,18268,1
685,18731,1
685,18734,1
685,18735,1
685,20276,1
685,20604,1
685,21274,1
685,21796,1
685,24988,1
685,27007,1
685,27761,1
685,40287,1
685,40998,1
685,45685,1
685,45753,1
685,46966,1
686,8116,1
690,22548,1
690,22549,1
690,22550,1
694,1201,1
694,1762,1
698,874,1
698,1391,2
698,1452,1
698,1455,1
698,1488,1
698,1617,1
698,1730,1
698,1762,1
698,3012,1
698,3675,1
698,8116,1
698,18246,1
698,25459,1
698,45173,1
704,924,1
704,3356,1
704,12134,1
704,39475,1
709,17302,1
716,1005,1
716,1314,1
716,1388,1
716,1730,1
716,1762,1
716,2022,2
716,3522,1
716,10565,1
716,10566,2
716,19699,1
716,22849,1
716,25351,1
718,728,1
718,770,1
718,911,1
718,941,1
718,964,1
718,971,1
718,1024,1
718,1048,1
718,1201,1
718,1236,1
718,1309,1
718,1314,1
718,1316,1
718,1326,1
718,1361,1
718,1414,1
718,1443,1
718,1453,1
718,1488,1
718,1489,1
718,1531,1
718,1571,1
718,1617,1
718,1635,1
718,1722,1
718,1762,1
718,1844,1
718,1847,1
718,1957,1
718,2007,1
718,2026,1
718,2032,1
718,2112,1
718,3013,1
718,3307,1
718,3484,1
718,3505,1
718,3739,1
718,3941,1
718,4001,1
718,7053,1
718,7099,1
718,7239,1
718,7240,1
718,7323,1
718,8016,1
718,8033,1
718,8109,1
718,10178,1
718,10565,1
718,10566,2
718,11135,1
718,11247,1
718,11337,1
718,12319,1
718,13378,1
718,14074,1
718,14973,1
718,16173,1
718,16667,1
718,17517,1
718,18268,1
718,18644,1
718,19611,1
718,20849,1
718,21429,1
718,22199,1
718,25459,1
718,27078,1
718,27762,1
718,40169,1
718,42396,1
718,45682,1
718,45771,1
726,843,1
726,941,1
726,1144,1
726,1488,1
726,1872,1
726,2022,1
726,2058,1
726,3331,1
726,3451,1
726,3522,1
726,3596,1
726,4001,2
726,8153,1
726,10304,1
726,10566,1
726,10890,1
726,11450,1
726,11800,1
726,12072,1
726,12890,1
726,16783,1
726,18588,1
726,18684,1
726,19699,1
726,21721,1
726,22101,1
726,25535,1
726,39811,1
726,42790,1
728,770,1
728,846,1
728,911,1
728,941,1
728,944,1
728,962,2
728,964,1
728,971,3
728,1024,1
728,1048,1
728,1092,1
728,1096,1
728,1178,1
728,1195,2
728,1201,1
728,1236,1
728,1302,1
728,1306,1
728,1309,3
728,1314,3
728,1316,2
728,1326,3
728,1361,1
728,1366,1
728,1408,2
728,1414,2
728,1443,1
728,1453,3
728,1488,4
728,1489,1
728,1491,1
728,1531,1
728,1555,1
728,1571,1
728,1615,1
728,1617,1
728,1635,2
728,1722,1
728,1746,1
728,1762,8
728,1789,1
728,1821,1
728,1828,1
728,1840,1
728,1844,2
728,1847,1
728,1881,1
728,1945,1
728,1957,1
728,2007,2
728,2022,1
728,2026,1
728,2032,2
728,2074,1
728,2112,3
728,3013,1
728,3307,1
728,3484,4
728,3505,1
728,3591,1
728,3718,1
728,3739,1
728,3829,1
728,3830,1
728,3941,1
728,3997,2
728,4001,4
728,7053,1
728,7059,3
728,7097,1
728,7099,1
728,7126,1
728,7239,3
728,7240,2
728,7272,1
728,7308,1
728,7323,1
728,8016,1
728,8033,1
728,8109,1
728,8116,2
728,10178,1
728,10226,1
728,10565,2
728,10566,4
728,10759,1
728,11135,1
728,11247,1
728,11337,1
728,11372,1
728,11753,1
728,12319,1
728,13378,1
728,13612,1
728,13810,2
728,14074,1
728,14973,1
728,16173,1
728,16667,2
728,17102,1
728,17108,1
728,17109,1
728,17517,1
728,18268,1
728,18644,1
728,19611,1
728,19699,3
728,20849,1
728,21429,1
728,22199,1
728,22849,1
728,25459,1
728,26151,1
728,27078,1
728,27761,1
728,27762,1
728,40169,1
728,42396,1
728,45682,1
728,45771,1
728,68454,1
741,1320,1
741,10565,1
743,1762,1
743,8012,1
743,8074,1
743,8075,1
743,8177,1
743,12941,1
743,21432,1
770,797,1
770,832,1
770,911,2
770,941,1
770,964,1
770,971,1
770,1024,1
770,1048,2
770,1092,1
770,1201,1
770,1207,1
770,1236,1
770,1309,2
770,1314,2
770,1316,2
770,1326,1
770,1361,2
770,1385,1
770,1414,1
770,1443,1
770,1450,1
770,1453,1
770,1455,1
770,1464,1
770,1488,2
770,1489,2
770,1531,1
770,1558,1
770,1571,2
770,1617,2
770,1635,2
770,1722,2
770,1730,1
770,1762,1
770,1828,1
770,1844,1
770,1847,2
770,1877,1
770,1881,1
770,1895,1
770,1957,1
770,1967,1
770,2007,1
770,2026,1
770,2032,1
770,2036,1
770,2112,1
770,2123,1
770,3013,1
770,3307,1
770,3484,2
770,3505,1
770,3528,1
770,3739,1
770,3829,1
770,3941,2
770,4001,2
770,4124,1
770,7053,1
770,7059,1
770,7068,1
770,7099,1
770,7108,1
770,7239,2
770,7240,1
770,7308,1
770,7323,1
770,8006,1
770,8016,1
770,8033,1
770,8109,1
770,8116,1
770,8153,1
770,8165,1
770,10178,1
770,10565,1
770,10566,2
770,10681,1
770,11135,1
770,11247,1
770,11337,1
770,12319,2
770,13378,1
770,14043,1
770,14074,1
770,14386,1
770,16173,2
770,16667,1
770,17517,1
770,18268,2
770,18644,1
770,18731,1
770,18734,1
770,18735,1
770,19611,1
770,20604,1
770,20849,1
770,21274,1
770,21429,1
770,21796,1
770,22199,1
770,25459,1
770,27007,1
770,27078,1
770,27761,1
770,27762,1
770,40169,1
770,40998,1
770,42396,1
770,45682,1
770,45685,1
770,45753,1
770,45771,1
770,46966,1
780,1316,1
780,1414,1
780,1453,1
780,1488,1
780,1558,1
780,1634,1
780,1730,1
780,1762,2
780,1847,2
780,1877,1
780,2022,1
780,3321,1
780,3325,1
780,4153,1
780,7358,1
780,8116,2
780,8153,1
780,11578,1
780,11701,1
780,13972,1
780,15751,1
780,17517,1
780,17724,1
780,17730,1
780,17743,1
780,19123,1
780,19699,1
780,27761,1
780,40396,1
780,52545,1
784,911,1
784,1079,1
784,1096,1
784,1464,1
784,1488,1
784,1615,1
784,1617,1
784,1661,1
784,1722,1
784,1730,1
784,1732,1
784,1762,1
784,3273,1
784,3941,1
784,7068,1
784,7097,1
784,7214,1
784,8016,1
784,8049,1
784,8072,1
784,8109,1
784,8116,1
784,10566,1
784,12319,1
784,14043,1
784,15598,1
784,15848,1
784,16098,1
784,16745,1
784,18257,1
784,19149,1
784,19832,1
784,20221,1
784,20268,1
784,39847,1
784,41028,1
784,45685,1
784,54942,1
793,826,2
793,859,1
793,948,1
793,1089,1
793,1136,1
793,1144,1
793,1163,1
793,1183,1
793,1388,1
793,1496,1
793,1595,1
793,1767,1
793,1807,1
793,1813,1
793,1852,1
793,1872,1
793,1884,1
793,1908,1
793,1932,1
793,1996,1
793,2022,1
793,2074,1
793,7046,1
793,8104,1
793,10565,2
793,10759,2
793,13477,1
793,14445,1
793,22000,1
793,22849,1
793,25709,1
793,26373,1
793,44294,1
797,832,1
797,911,1
797,1048,1
797,1092,2
797,1096,1
797,1207,1
797,1309,1
797,1314,1
797,1316,1
797,1361,1
797,1385,1
797,1450,1
797,1455,1
797,1464,1
797,1488,2
797,1489,1
797,1558,2
797,1571,1
797,1617,1
797,1634,1
797,1635,1
797,1653,1
797,1661,1
797,1722,1
797,1730,2
797,1762,4
797,1828,2
797,1844,1
797,1847,1
797,1877,1
797,1881,2
797,1888,1
797,1895,1
797,1967,1
797,2036,1
797,2123,1
797,3484,1
797,3528,1
797,3829,1
797,3941,1
797,3957,1
797,4001,1
797,4124,1
797,7059,1
797,7068,1
797,7108,1
797,7239,1
797,7308,1
797,8006,1
797,8049,1
797,8116,4
797,8153,1
797,8165,1
797,10566,1
797,10681,1
797,12319,1
797,13612,1
797,14043,1
797,14386,1
797,15752,1
797,15884,1
797,16173,1
797,18268,1
797,18644,1
797,18731,1
797,18734,1
797,18735,1
797,19611,1
797,20221,1
797,20498,1
797,20604,1
797,21274,1
797,21796,1
797,27007,1
797,27761,1
797,39847,1
797,40998,1
797,45685,1
797,45753,1
797,46642,1
797,46966,1
805,853,1
805,1183,1
805,1364,1
805,1366,1
805,1369,1
805,1450,1
805,1488,1
805,1558,1
805,1668,1
805,1730,1
805,1762,1
805,1804,1
805,1924,1
805,1932,1
805,2058,1
805,2112,1
805,3615,1
805,3718,1
805,3933,1
805,4001,2
805,4043,1
805,7179,1
805,8093,1
805,10304,1
805,10565,1
805,10566,1
805,10831,1
805,12319,1
805,13477,2
805,13583,1
805,14903,1
805,16720,1
805,16783,1
805,18588,1
805,18684,1
805,19424,1
805,19915,1
805,19947,1
805,24956,1
805,25535,1
805,27761,1
805,30231,1
805,42321,1
805,42790,1
805,43094,1
805,43110,1
810,1617,1
810,1762,1
810,1765,1
810,1967,1
810,3484,1
810,3830,1
810,7042,1
810,7059,1
810,7097,1
810,8074,1
810,8153,1
810,15061,1
810,21095,1
810,38949,1
810,42417,1
810,45685,1
818,830,1
818,832,1
818,987,1
818,1450,2
818,1453,1
818,1762,1
818,1829,1
818,1967,1
818,3484,1
818,7059,1
818,19586,1
818,21169,1
818,21620,1
818,37852,1
826,859,1
826,948,1
826,1005,1
826,1089,1
826,1136,1
826,1144,1
826,1163,1
826,1183,1
826,1309,1
826,1388,1
826,1488,1
826,1496,1
826,1762,1
826,1807,1
826,1813,1
826,1852,1
826,1872,1
826,1875,1
826,1884,1
826,1908,1
826,1932,1
826,1996,1
826,2022,1
826,2074,1
826,3395,1
826,7046,1
826,8104,2
826,10565,1
826,10759,2
826,13477,1
826,14445,1
826,22000,1
826,22849,1
826,27761,1
828,1006,1
828,1123,1
828,1488,1
828,1615,2
828,3638,1
828,3997,3
828,7097,1
828,8006,1
828,8075,1
828,8087,1
828,8116,1
828,8153,1
828,17879,1
828,21610,1
828,21629,2
828,22548,1
828,46425,1
830,832,2
830,987,1
830,1236,1
830,1314,3
830,1408,1
830,1450,1
830,1488,1
830,1762,1
830,1829,1
830,1967,1
830,2014,1
830,2022,1
830,3484,1
830,7059,1
830,8057,1
830,8116,1
830,10565,1
830,21620,1
830,37852,1
832,911,2
832,987,1
832,1048,1
832,1092,1
832,1207,1
832,1309,1
832,1314,3
832,1315,1
832,1316,2
832,1361,1
832,1385,1
832,1450,1
832,1455,1
832,1464,1
832,1488,4
832,1489,1
832,1538,1
832,1558,1
832,1571,1
832,1617,1
832,1635,1
832,1722,1
832,1730,1
832,1762,4
832,1767,1
832,1828,1
832,1829,1
832,1847,3
832,1877,1
832,1881,2
832,1895,1
832,1952,1
832,1954,1
832,1967,2
832,2014,1
832,2036,1
832,2123,1
832,3484,2
832,3528,1
832,3718,1
832,3829,1
832,3941,1
832,3977,1
832,4001,3
832,4124,1
832,7059,1
832,7068,1
832,7108,1
832,7239,1
832,7308,1
832,7391,1
832,8006,1
832,8057,1
832,8116,2
832,8153,1
832,8165,1
832,10566,2
832,10681,1
832,11135,1
832,12319,1
832,14043,1
832,14386,1
832,16173,1
832,18268,1
832,18731,1
832,18734,1
832,18735,1
832,20221,1
832,20604,1
832,21274,1
832,21620,1
832,21796,1
832,22350,1
832,27007,1
832,27761,1
832,37852,1
832,40998,1
832,45685,1
832,45753,1
832,46966,1
832,47148,1
840,1169,1
840,3725,1
840,10565,1
840,10566,1
840,11800,1
840,19880,1
843,859,1
843,941,1
843,944,1
843,1195,1
843,1243,1
843,1309,1
843,1314,2
843,1388,1
843,1391,1
843,1448,1
843,1488,3
843,1558,1
843,1591,1
843,1661,1
843,1668,1
843,1730,1
843,1762,2
843,2022,2
843,2036,1
843,3331,1
843,3364,1
843,3451,1
843,3502,1
843,3596,1
843,3718,2
843,3933,1
843,4001,2
843,7053,1
843,7179,1
843,8090,1
843,8116,2
843,8153,2
843,10061,1
843,10304,2
843,10565,2
843,10566,2
843,10890,1
843,10892,1
843,11372,1
843,11404,1
843,11450,2
843,11800,2
843,12072,1
843,12134,1
843,12319,1
843,12604,2
843,12890,1
843,12978,1
843,13279,2
843,13477,2
843,13810,1
843,13940,1
843,14074,1
843,14103,1
843,14445,1
843,14913,1
843,14973,1
843,15501,1
843,16302,1
843,16504,1
843,16720,1
843,16783,2
843,17100,1
843,17517,1
843,18480,1
843,18588,2
843,18684,1
843,19123,1
843,19322,1
843,19597,2
843,19699,1
843,21721,1
843,22101,1
843,22849,1
843,25209,1
843,25535,1
843,26151,1
843,26611,1
843,35616,1
843,40928,1
843,42063,1
843,42790,1
843,44372,1
843,49974,1
843,50807,1
843,50850,1
846,944,1
846,971,1
846,1178,1
846,1453,1
846,1488,1
846,1762,1
846,1844,1
846,1945,1
846,3484,1
846,3997,1
846,4001,1
846,7059,1
846,7097,1
846,7239,1
846,10566,1
846,13810,1
846,19699,1
853,899,1
853,962,1
853,1036,1
853,1162,1
853,1171,1
853,1183,1
853,1236,1
853,1302,1
853,1309,1
853,1364,1
853,1366,1
853,1369,1
853,1391,1
853,1408,1
853,1450,1
853,1488,3
853,1668,1
853,1730,1
853,1762,7
853,1765,1
853,1789,1
853,1804,1
853,1820,1
853,1847,1
853,1881,1
853,1882,1
853,1895,1
853,1924,1
853,1932,1
853,2032,1
853,2058,1
853,2082,1
853,2112,1
853,3388,1
853,3615,1
853,3718,1
853,3933,1
853,3944,1
853,4001,1
853,4042,1
853,4043,1
853,7179,1
853,7186,1
853,8093,1
853,8116,1
853,10565,1
853,10566,1
853,10831,1
853,12319,1
853,13477,1
853,14903,1
853,15289,2
853,16720,1
853,18165,1
853,19424,1
853,19735,1
853,19915,1
853,19947,1
853,22236,1
853,22849,1
853,24956,1
853,25535,1
853,27761,1
853,30231,1
853,40394,1
853,42321,1
853,42790,1
853,43094,1
853,43110,1
853,48675,1
853,51096,1
853,51114,1
859,948,1
859,1089,1
859,1136,1
859,1144,1
859,1163,1
859,1183,1
859,1314,1
859,1388,2
859,1488,2
859,1496,1
859,1591,1
859,1762,2
859,1807,1
859,1813,1
859,1820,1
859,1852,1
859,1872,1
859,1884,1
859,1908,1
859,1932,1
859,1996,1
859,2022,3
859,2058,1
859,2074,1
859,3718,1
859,4001,2
859,7179,1
859,8104,1
859,8116,1
859,10061,1
859,10304,1
859,10565,2
859,10566,1
859,10759,1
859,10890,1
859,10892,1
859,11372,1
859,11404,1
859,11450,1
859,11800,1
859,12978,1
859,13279,1
859,13477,2
859,13810,1
859,14103,1
859,14445,2
859,14913,1
859,14973,2
859,15501,1
859,16504,1
859,16720,1
859,17100,1
859,18480,1
859,19322,1
859,19597,1
859,22000,1
859,22849,1
859,25209,1
859,26151,1
859,40928,1
859,42063,1
859,49974,1
861,1558,1
861,3012,1
861,4165,1
861,8033,1
861,8074,1
861,8116,1
861,8153,2
861,15848,1
861,17917,1
874,1169,1
874,1391,1
874,1450,2
874,1455,1
874,1488,2
874,1617,1
874,1730,1
874,1762,2
874,3012,1
874,4001,1
874,4153,1
874,7097,1
874,8116,1
874,8177,1
874,12319,1
874,13378,1
874,15940,1
874,16877,1
874,18268,3
874,19611,1
874,20268,1
874,33311,1
874,37743,1
874,46872,1
874,47673,1
875,1169,1
875,1387,1
875,1762,1
875,3718,1
875,3997,1
875,4175,1
875,7034,1
875,8006,1
875,8116,1
875,8150,1
875,8177,1
875,11547,1
875,13105,1
875,14310,1
875,95556,1
875,690127,1
882,39817,2
882,43532,1
890,1490,1
890,19267,1
899,1036,1
899,1391,1
899,1488,1
899,1762,1
899,1765,1
899,1820,1
899,1881,1
899,2082,1
899,3388,1
899,3941,1
899,3944,1
899,7186,1
899,19735,1
899,40394,1
899,51114,1
911,941,1
911,953,1
911,962,1
911,964,1
911,971,2
911,1024,1
911,1048,2
911,1079,1
911,1086,1
911,1092,1
911,1096,2
911,1201,1
911,1207,1
911,1236,1
911,1309,2
911,1314,3
911,1316,2
911,1326,1
911,1361,2
911,1385,1
911,1414,1
911,1443,1
911,1450,1
911,1453,1
911,1455,1
911,1464,4
911,1488,4
911,1489,2
911,1531,2
911,1555,1
911,1558,2
911,1571,3
911,1615,1
911,1617,5
911,1635,3
911,1661,1
911,1722,4
911,1730,5
911,1732,2
911,1762,4
911,1767,1
911,1828,2
911,1829,1
911,1844,1
911,1847,4
911,1877,2
911,1881,4
911,1885,1
911,1895,1
911,1952,1
911,1954,1
911,1957,1
911,1967,2
911,2007,1
911,2026,1
911,2032,2
911,2036,1
911,2112,2
911,2123,1
911,3013,1
911,3180,1
911,3273,1
911,3307,1
911,3484,2
911,3505,2
911,3528,2
911,3709,1
911,3739,1
911,3802,1
911,3810,1
911,3829,1
911,3941,3
911,3977,1
911,3997,1
911,4001,4
911,4124,2
911,4153,1
911,7042,1
911,7053,1
911,7059,1
911,7068,2
911,7097,1
911,7099,1
911,7108,1
911,7214,1
911,7239,2
911,7240,2
911,7308,1
911,7323,1
911,7391,1
911,8006,1
911,8016,2
911,8033,1
911,8049,1
911,8072,1
911,8109,2
911,8116,3
911,8153,1
911,8165,2
911,10178,1
911,10565,1
911,10566,5
911,10681,1
911,11135,2
911,11247,1
911,11337,1
911,11612,1
911,11650,1
911,12319,4
911,12323,1
911,12941,1
911,13360,1
911,13378,1
911,14043,2
911,14074,1
911,14386,1
911,15598,1
911,16098,1
911,16173,2
911,16667,2
911,16745,2
911,17355,1
911,17517,1
911,18246,1
911,18257,1
911,18268,2
911,18574,1
911,18644,1
911,18731,1
911,18734,1
911,18735,1
911,19123,1
911,19149,1
911,19611,1
911,19832,1
911,20221,3
911,20268,1
911,20604,1
911,20849,1
911,21237,1
911,21274,2
911,21429,1
911,21637,1
911,21796,1
911,22199,1
911,22350,1
911,25459,1
911,26373,1
911,26376,1
911,27007,1
911,27057,1
911,27078,1
911,27761,1
911,27762,1
911,37610,1
911,39847,1
911,40169,1
911,40998,1
911,41028,1
911,42396,1
911,45682,1
911,45685,2
911,45753,1
911,45771,1
911,45885,1
911,46425,1
911,46702,1
911,46966,1
911,47148,1
911,49672,1
911,54942,1
913,1392,1
913,1393,1
913,1486,1
913,1488,1
913,3700,1
913,7317,1
924,1314,1
924,1488,1
924,1571,1
924,1847,1
924,3012,1
924,8001,1
924,13513,1
924,13518,2
924,20276,1
924,24988,1
924,40287,1
933,19374,1
941,944,1
941,964,1
941,971,1
941,1024,1
941,1048,1
941,1195,1
941,1201,1
941,1236,1
941,1243,1
941,1309,2
941,1314,2
941,1316,1
941,1326,1
941,1361,1
941,1391,1
941,1414,1
941,1443,1
941,1448,1
941,1453,1
941,1488,2
941,1489,1
941,1531,1
941,1558,1
941,1571,1
941,1617,1
941,1635,1
941,1661,1
941,1668,1
941,1722,1
941,1730,1
941,1762,2
941,1844,1
941,1847,1
941,1872,1
941,1957,1
941,2007,1
941,2026,1
941,2032,1
941,2036,1
941,2058,1
941,2112,1
941,3013,1
941,3307,1
941,3364,1
941,3484,1
941,3502,1
941,3505,1
941,3522,1
941,3718,1
941,3739,1
941,3933,1
941,3941,1
941,4001,2
941,7053,2
941,7099,1
941,7239,1
941,7240,1
941,7323,1
941,8016,1
941,8033,1
941,8090,1
941,8109,1
941,8116,1
941,8153,1
941,10178,1
941,10565,2
941,10566,3
941,10890,1
941,11135,1
941,11247,1
941,11337,1
941,12134,1
941,12319,2
941,13279,1
941,13378,1
941,13477,1
941,13940,1
941,14074,2
941,16173,1
941,16302,1
941,16667,1
941,16783,1
941,17517,2
941,18268,1
941,18588,1
941,18644,1
941,19123,1
941,19597,1
941,19611,1
941,19699,2
941,20849,1
941,21429,1
941,22199,1
941,22849,1
941,25459,1
941,26611,1
941,27078,1
941,27762,1
941,35616,1
941,39811,1
941,40169,1
941,42396,1
941,44372,1
941,45682,1
941,45771,1
941,50807,1
941,50850,1
942,953,1
942,1006,1
942,1225,1
942,1230,1
942,1232,2
942,1314,1
942,1391,2
942,1405,1
942,1408,1
942,1486,1
942,1558,1
942,1571,1
942,1615,1
942,1662,1
942,1730,1
942,1762,1
942,1835,1
942,1844,1
942,1847,2
942,2022,1
942,2082,1
942,2123,1
942,3700,1
942,3718,1
942,3977,1
942,4001,2
942,4175,1
942,7053,1
942,7068,1
942,7109,1
942,8116,2
942,8165,1
942,11135,1
942,12319,1
942,17743,1
942,19149,1
942,20221,1
942,21226,1
942,27565,1
942,43739,1
942,46702,1
942,697054,1
944,971,1
944,1178,2
944,1195,1
944,1243,1
944,1309,2
944,1314,1
944,1326,1
944,1391,1
944,1448,1
944,1453,1
944,1488,2
944,1558,1
944,1661,1
944,1668,1
944,1730,1
944,1762,3
944,1844,1
944,1945,1
944,2032,1
944,2036,1
944,3364,1
944,3484,1
944,3502,1
944,3718,1
944,3933,1
944,3997,1
944,4001,1
944,7053,1
944,7059,1
944,7097,1
944,7239,1
944,7397,1
944,8090,1
944,8116,1
944,8153,1
944,10565,1
944,10566,2
944,12134,1
944,12319,1
944,13279,1
944,13477,1
944,13810,1
944,13940,1
944,14074,1
944,16302,1
944,16701,1
944,16783,1
944,17517,1
944,18588,1
944,19123,1
944,19597,1
944,19699,2
944,22849,1
944,26611,1
944,35616,1
944,44372,1
944,50807,1
944,50850,1
948,1089,1
948,1136,1
948,1144,1
948,1163,1
948,1183,1
948,1388,1
948,1496,1
948,1807,1
948,1813,1
948,1852,1
948,1872,1
948,1884,1
948,1908,1
948,1932,1
948,1996,1
948,2022,1
948,2074,1
948,8104,1
948,10565,1
948,10759,1
948,13477,1
948,14445,1
948,22000,1
948,22849,1
953,962,1
953,971,1
953,1086,1
953,1207,1
953,1453,1
953,1464,1
953,1555,1
953,1571,1
953,1608,1
953,1635,1
953,1722,1
953,1730,1
953,1829,1
953,1885,1
953,2032,1
953,2112,1
953,3709,1
953,3997,1
953,8116,1
953,11612,1
953,12941,1
953,13360,1
953,16667,1
953,18246,1
953,18574,1
953,21237,1
953,21637,1
953,26373,1
953,26376,1
953,45885,1
953,46425,1
962,971,2
962,1036,1
962,1081,1
962,1086,1
962,1092,1
962,1096,1
962,1171,1
962,1195,2
962,1302,2
962,1306,1
962,1309,3
962,1314,2
962,1326,1
962,1408,3
962,1414,1
962,1453,1
962,1464,1
962,1488,3
962,1491,1
962,1555,3
962,1571,1
962,1615,1
962,1617,1
962,1635,2
962,1661,1
962,1662,1
962,1722,1
962,1730,1
962,1746,1
962,1762,5
962,1789,2
962,1821,1
962,1828,1
962,1829,1
962,1840,1
962,1881,1
962,1885,1
962,2007,1
962,2032,4
962,2112,1
962,3484,2
962,3591,1
962,3709,1
962,3718,1
962,3977,1
962,3997,2
962,4001,2
962,4112,1
962,7059,1
962,7063,1
962,7070,1
962,7126,1
962,7239,1
962,7240,1
962,7308,1
962,7397,1
962,8016,1
962,8072,1
962,8116,2
962,10226,1
962,11135,1
962,11372,2
962,11612,1
962,11800,1
962,12941,1
962,13360,1
962,13612,1
962,14973,1
962,16667,2
962,16745,1
962,18246,1
962,18574,1
962,19699,1
962,21237,1
962,21637,1
962,26373,1
962,26376,1
962,26456,1
962,27761,1
962,45885,1
962,46425,1
962,52268,1
964,971,1
964,1024,1
964,1048,1
964,1201,1
964,1236,1
964,1309,1
964,1314,1
964,1316,1
964,1326,1
964,1361,1
964,1414,1
964,1443,1
964,1453,1
964,1488,1
964,1489,1
964,1531,1
964,1558,1
964,1571,1
964,1617,1
964,1635,1
964,1722,1
964,1844,1
964,1847,1
964,1957,1
964,2007,1
964,2026,1
964,2032,1
964,2112,1
964,3013,1
964,3307,1
964,3484,1
964,3505,1
964,3739,1
964,3941,1
964,4001,1
964,7053,1
964,7099,1
964,7239,1
964,7240,1
964,7323,1
964,8016,1
964,8033,1
964,8109,1
964,10178,1
964,10565,1
964,10566,1
964,11135,1
964,11247,1
964,11337,1
964,12319,1
964,13378,1
964,14074,1
964,16173,1
964,16667,1
964,17517,1
964,18268,1
964,18644,1
964,19611,1
964,20849,1
964,21429,1
964,22199,1
964,25459,1
964,27078,1
964,27762,1
964,40169,1
964,42396,1
964,45682,1
964,45771,1
968,1079,1
968,3468,1
971,1024,1
971,1048,1
971,1086,1
971,1092,1
971,1178,2
971,1195,1
971,1201,1
971,1236,1
971,1306,2
971,1309,2
971,1314,6
971,1316,1
971,1326,1
971,1361,1
971,1408,1
971,1414,2
971,1443,1
971,1453,4
971,1464,1
971,1486,1
971,1488,7
971,1489,1
971,1491,1
971,1531,1
971,1555,3
971,1558,1
971,1571,2
971,1615,1
971,1617,3
971,1635,3
971,1662,1
971,1722,2
971,1730,1
971,1762,4
971,1789,1
971,1821,1
971,1828,1
971,1829,1
971,1840,1
971,1844,2
971,1847,1
971,1881,1
971,1885,1
971,1945,2
971,1949,1
971,1957,1
971,2007,3
971,2026,1
971,2032,2
971,2082,1
971,2112,2
971,3013,1
971,3107,1
971,3307,1
971,3484,5
971,3505,1
971,3591,1
971,3709,1
971,3718,2
971,3739,1
971,3941,1
971,3997,3
971,4001,6
971,7053,2
971,7059,2
971,7070,1
971,7097,2
971,7099,1
971,7126,1
971,7161,1
971,7239,2
971,7240,1
971,7279,1
971,7308,2
971,7323,1
971,8001,1
971,8016,1
971,8033,1
971,8072,1
971,8109,1
971,8116,1
971,8153,1
971,10178,1
971,10226,1
971,10565,1
971,10566,3
971,11135,1
971,11247,1
971,11337,1
971,11372,1
971,11612,1
971,12025,1
971,12319,1
971,12941,1
971,13360,1
971,13378,2
971,13612,1
971,13810,1
971,14074,1
971,14650,1
971,15617,1
971,16173,1
971,16667,3
971,16783,1
971,17517,1
971,18246,1
971,18268,1
971,18574,1
971,18644,1
971,19123,1
971,19611,1
971,19699,2
971,20849,1
971,21226,1
971,21237,1
971,21429,1
971,21637,1
971,21679,1
971,21685,1
971,21796,1
971,22199,1
971,22403,1
971,25459,1
971,26373,1
971,26376,1
971,27078,1
971,27761,1
971,27762,1
971,29291,1
971,40169,1
971,42396,1
971,44303,1
971,45554,1
971,45682,1
971,45771,1
971,45885,1
971,46289,1
971,46425,1
971,50221,1
971,50223,1
971,50230,1
971,109317,1
971,112971,1
971,114192,1
985,22250,1
985,700146,1
986,987,1
986,1229,1
986,1315,1
986,1558,1
986,1615,1
986,1881,1
986,2008,1
986,2015,1
986,3997,1
986,4001,1
986,4207,1
986,7042,1
986,7097,1
986,8075,1
986,8116,1
986,8153,1
986,11800,1
986,12941,2
986,12944,1
986,13312,1
986,16239,1
986,22072,1
986,26369,1
986,46640,1
987,1079,1
987,1274,1
987,1558,1
987,1829,1
987,1967,1
987,3484,1
987,3997,1
987,7097,2
987,8075,4
987,8116,2
987,14074,1
987,17271,1
987,21620,1
987,37852,1
1004,1230,1
1004,1314,1
1004,1366,1
1004,1488,1
1004,1571,1
1004,1635,1
1004,1730,1
1004,1762,1
1004,1847,1
1004,1996,1
1004,3088,1
1004,3591,1
1004,3718,1
1004,7097,1
1004,8165,1
1004,10831,1
1004,10892,1
1004,10895,1
1004,11062,1
1004,12072,1
1004,13258,1
1004,13810,1
1004,13845,1
1004,13855,1
1004,14834,1
1004,16040,1
1004,18954,1
1004,20932,1
1004,24324,1
1004,24710,1
1004,26428,1
1004,38648,1
1004,40916,1
1004,46608,1
1005,1063,1
1005,1178,1
1005,1309,1
1005,1388,1
1005,1488,1
1005,1730,1
1005,1762,2
1005,1767,1
1005,1875,1
1005,2022,1
1005,3395,1
1005,3522,1
1005,8104,1
1005,10304,1
1005,10565,2
1005,19598,1
1005,19699,1
1005,27761,1
1006,1225,1
1006,1230,1
1006,1314,1
1006,1391,1
1006,1405,1
1006,1408,1
1006,1486,1
1006,1571,1
1006,1615,1
1006,1762,1
1006,1835,1
1006,1844,1
1006,1847,1
1006,2022,1
1006,2082,1
1006,2123,1
1006,3638,1
1006,3700,1
1006,3718,1
1006,3977,1
1006,4001,1
1006,4175,1
1006,7053,1
1006,7109,1
1006,8006,1
1006,8116,1
1006,8165,1
1006,11135,1
1006,17743,1
1006,19149,1
1006,20221,1
1006,21226,1
1006,22483,1
1007,7109,1
1024,1048,1
1024,1201,1
1024,1236,1
1024,1309,1
1024,1314,1
1024,1316,1
1024,1326,1
1024,1361,1
1024,1414,1
1024,1443,1
1024,1453,1
1024,1488,2
1024,1489,1
1024,1531,1
1024,1558,1
1024,1571,2
1024,1617,1
1024,1635,1
1024,1722,1
1024,1762,2
1024,1844,1
1024,1847,1
1024,1957,1
1024,2007,1
1024,2026,1
1024,2032,1
1024,2112,1
1024,3013,1
1024,3307,1
1024,3484,1
1024,3505,1
1024,3528,1
1024,3739,1
1024,3941,1
1024,4001,1
1024,7053,1
1024,7059,1
1024,7099,1
1024,7239,1
1024,7240,1
1024,7323,1
1024,8016,1
1024,8033,1
1024,8049,1
1024,8109,1
1024,10178,1
1024,10565,1
1024,10566,1
1024,11135,1
1024,11247,1
1024,11337,1
1024,12319,1
1024,13378,1
1024,14074,1
1024,16173,1
1024,16667,1
1024,17517,1
1024,18268,1
1024,18644,1
1024,19611,1
1024,20849,1
1024,21429,1
1024,22199,1
1024,25459,1
1024,27078,1
1024,27762,1
1024,40169,1
1024,42396,1
1024,45682,1
1024,45771,1
1025,3502,1
1025,3675,1
1031,1309,1
1036,1086,1
1036,1169,1
1036,1314,1
1036,1391,1
1036,1488,2
1036,1555,1
1036,1558,2
1036,1617,1
1036,1661,1
1036,1662,1
1036,1762,2
1036,1765,1
1036,1773,1
1036,1820,1
1036,1821,1
1036,1881,1
1036,2032,1
1036,2082,1
1036,3388,1
1036,3484,1
1036,3944,1
1036,3977,1
1036,4001,1
1036,4112,1
1036,7063,1
1036,7070,1
1036,7186,1
1036,7239,1
1036,7240,1
1036,7397,1
1036,8016,1
1036,8072,1
1036,8116,1
1036,8150,1
1036,11135,1
1036,11800,1
1036,14973,1
1036,16745,1
1036,19149,1
1036,19735,1
1036,26456,1
1036,40394,1
1036,46642,1
1036,51114,1
1036,52268,1
1048,1092,1
1048,1201,1
1048,1207,1
1048,1236,1
1048,1309,2
1048,1314,2
1048,1316,2
1048,1326,1
1048,1361,2
1048,1385,1
1048,1414,1
1048,1443,1
1048,1450,1
1048,1453,1
1048,1455,1
1048,1464,1
1048,1488,2
1048,1489,2
1048,1531,1
1048,1558,1
1048,1571,2
1048,1617,2
1048,1635,2
1048,1722,2
1048,1730,1
1048,1762,2
1048,1828,1
1048,1844,1
1048,1847,2
1048,1877,1
1048,1881,1
1048,1895,1
1048,1957,1
1048,1967,1
1048,2007,1
1048,2026,1
1048,2032,1
1048,2036,1
1048,2112,1
1048,2123,1
1048,3013,1
1048,3307,1
1048,3484,2
1048,3504,2
1048,3505,3
1048,3528,1
1048,3739,1
1048,3829,1
1048,3941,2
1048,4001,2
1048,4124,1
1048,7053,1
1048,7059,1
1048,7068,1
1048,7099,1
1048,7108,1
1048,7239,2
1048,7240,1
1048,7308,1
1048,7323,1
1048,8006,1
1048,8016,1
1048,8033,1
1048,8109,1
1048,8116,1
1048,8153,1
1048,8165,1
1048,10178,1
1048,10565,1
1048,10566,2
1048,10681,1
1048,11135,1
1048,11247,1
1048,11337,1
1048,12319,3
1048,13378,1
1048,14043,1
1048,14074,1
1048,14386,1
1048,16173,2
1048,16667,1
1048,17517,1
1048,18268,2
1048,18644,1
1048,18731,1
1048,18734,1
1048,18735,1
1048,19611,1
1048,20604,1
1048,20849,1
1048,21274,1
1048,21429,1
1048,21796,1
1048,22072,1
1048,22199,1
1048,25459,1
1048,27007,1
1048,27078,1
1048,27761,1
1048,27762,1
1048,40169,1
1048,40998,1
1048,42396,1
1048,45682,1
1048,45685,1
1048,45753,1
1048,45771,1
1048,46966,1
1056,1096,1
1056,19149,1
1058,4001,1
1058,10565,1
1058,10566,1
1058,22849,1
1063,1107,1
1063,1178,1
1063,1201,1
1063,1237,1
1063,1369,1
1063,1388,2
1063,1488,1
1063,1730,2
1063,1767,1
1063,1955,1
1063,2022,3
1063,3525,1
1063,4001,1
1063,8049,1
1063,10304,1
1063,10565,3
1063,12319,1
1063,13712,1
1063,14103,2
1063,14973,1
1063,17302,1
1063,18946,1
1063,19699,2
1079,1096,1
1079,1169,1
1079,1274,1
1079,1464,1
1079,1488,1
1079,1615,1
1079,1617,1
1079,1661,1
1079,1722,1
1079,1730,1
1079,1732,1
1079,1762,1
1079,1877,1
1079,1908,1
1079,3273,1
1079,3941,1
1079,3997,1
1079,7068,1
1079,7097,1
1079,7214,1
1079,8006,1
1079,8012,1
1079,8016,1
1079,8049,1
1079,8072,1
1079,8109,1
1079,8116,1
1079,10566,1
1079,12319,1
1079,12941,1
1079,14043,1
1079,15598,1
1079,16098,1
1079,16745,1
1079,18257,1
1079,19149,1
1079,19832,1
1079,20221,1
1079,20268,1
1079,22548,1
1079,39847,1
1079,41028,1
1079,45685,1
1079,54942,1
1081,1488,1
1081,8075,1
1086,1096,3
1086,1169,1
1086,1453,1
1086,1464,1
1086,1488,2
1086,1531,1
1086,1555,2
1086,1558,1
1086,1571,2
1086,1617,1
1086,1635,1
1086,1722,1
1086,1730,2
1086,1762,1
1086,1789,1
1086,1829,1
1086,1835,1
1086,1885,1
1086,2032,1
1086,2112,1
1086,3374,1
1086,3501,4
1086,3590,1
1086,3709,1
1086,3997,1
1086,4175,1
1086,7109,1
1086,7121,1
1086,7288,1
1086,7323,1
1086,11612,1
1086,12941,1
1086,13360,1
1086,14043,1
1086,15849,1
1086,16667,2
1086,18246,1
1086,18574,1
1086,19149,4
1086,19155,1
1086,21237,1
1086,21637,1
1086,22865,1
1086,26373,1
1086,26376,1
1086,27078,1
1086,37916,1
1086,40408,1
1086,42415,1
1086,42652,1
1086,45885,1
1086,46425,1
1086,46642,1
1086,47517,1
1089,1136,1
1089,1144,1
1089,1163,1
1089,1183,1
1089,1388,1
1089,1496,1
1089,1807,1
1089,1813,1
1089,1852,1
1089,1872,1
1089,1884,1
1089,1908,1
1089,1932,1
1089,1996,1
1089,2022,1
1089,2074,1
1089,8104,1
1089,10565,1
1089,10759,1
1089,13477,1
1089,14445,1
1089,22000,1
1089,22849,1
1092,1096,1
1092,1195,1
1092,1207,1
1092,1306,1
1092,1309,2
1092,1314,4
1092,1316,2
1092,1361,1
1092,1385,1
1092,1408,2
1092,1414,1
1092,1450,1
1092,1453,1
1092,1455,1
1092,1464,1
1092,1488,7
1092,1489,1
1092,1491,1
1092,1555,1
1092,1558,3
1092,1571,2
1092,1615,1
1092,1617,1
1092,1634,1
1092,1635,2
1092,1653,1
1092,1661,1
1092,1722,1
1092,1730,2
1092,1762,5
1092,1789,1
1092,1821,1
1092,1828,3
1092,1840,1
1092,1844,1
1092,1847,1
1092,1877,1
1092,1881,3
1092,1895,1
1092,1903,1
1092,1967,1
1092,2007,1
1092,2036,1
1092,2123,2
1092,3484,2
1092,3528,1
1092,3591,1
1092,3829,1
1092,3941,1
1092,3957,1
1092,3997,1
1092,4001,4
1092,4124,1
1092,7059,2
1092,7068,1
1092,7108,1
1092,7126,2
1092,7239,1
1092,7308,2
1092,8006,1
1092,8049,2
1092,8116,3
1092,8153,1
1092,8165,1
1092,10226,1
1092,10565,1
1092,10566,2
1092,10681,1
1092,10892,1
1092,12319,1
1092,13612,2
1092,13809,1
1092,13810,2
1092,14043,1
1092,14386,1
1092,14973,1
1092,15884,1
1092,16173,1
1092,16333,1
1092,16667,1
1092,18268,1
1092,18731,1
1092,18734,1
1092,18735,1
1092,19611,1
1092,19699,1
1092,20221,1
1092,20498,1
1092,20604,1
1092,21274,1
1092,21796,1
1092,27007,1
1092,27761,2
1092,39847,1
1092,40998,1
1092,41550,1
1092,45685,1
1092,45753,1
1092,46966,1
1092,47673,1
1096,1195,1
1096,1302,1
1096,1309,1
1096,1326,1
1096,1408,1
1096,1464,1
1096,1488,4
1096,1558,1
1096,1615,1
1096,1617,2
1096,1634,1
1096,1653,1
1096,1661,2
1096,1722,1
1096,1730,3
1096,1732,1
1096,1746,1
1096,1762,3
1096,1828,1
1096,1844,1
1096,1847,1
1096,1881,1
1096,2032,1
1096,3180,1
1096,3273,1
1096,3501,5
1096,3528,1
1096,3718,1
1096,3802,1
1096,3810,1
1096,3941,1
1096,3957,1
1096,4153,1
1096,7042,1
1096,7068,1
1096,7097,1
1096,7214,1
1096,8006,1
1096,8016,1
1096,8049,2
1096,8072,1
1096,8109,1
1096,8116,3
1096,8165,1
1096,8177,1
1096,10566,1
1096,11372,1
1096,12319,1
1096,13612,1
1096,14043,1
1096,15598,1
1096,15884,2
1096,16098,1
1096,16745,1
1096,18257,1
1096,19149,6
1096,19155,1
1096,19611,1
1096,19832,1
1096,20180,1
1096,20221,2
1096,20268,1
1096,20498,1
1096,27565,1
1096,39847,2
1096,41028,1
1096,45685,1
1096,54942,1
1096,699695,1
1107,1201,1
1107,1388,1
1107,1488,1
1107,1730,1
1107,1955,2
1107,2022,3
1107,14103,1
1107,19699,1
1123,1730,1
1123,3468,1
1130,1948,1
1136,1144,1
1136,1163,1
1136,1183,1
1136,1388,1
1136,1496,1
1136,1807,1
1136,1813,1
1136,1852,1
1136,1872,1
1136,1884,1
1136,1908,1
1136,1932,1
1136,1996,1
1136,2022,1
1136,2074,1
1136,8104,1
1136,10565,1
1136,10759,1
1136,13477,1
1136,14445,1
1136,22000,1
1136,22849,1
1144,1163,1
1144,1178,1
1144,1183,1
1144,1230,1
1144,1309,2
1144,1388,2
1144,1488,3
1144,1496,1
1144,1746,1
1144,1762,2
1144,1807,1
1144,1813,1
1144,1840,1
1144,1852,1
1144,1872,1
1144,1884,1
1144,1908,1
1144,1932,1
1144,1955,2
1144,1996,1
1144,2001,1
1144,2022,6
1144,2032,1
1144,2034,1
1144,2074,1
1144,3364,1
1144,3484,1
1144,3501,1
1144,3716,1
1144,3718,1
1144,4001,2
1144,4056,1
1144,8104,1
1144,8160,1
1144,10231,1
1144,10565,3
1144,10566,2
1144,10759,1
1144,10892,1
1144,11372,2
1144,11800,1
1144,12013,2
1144,13477,1
1144,13712,1
1144,14103,1
1144,14445,1
1144,15501,1
1144,16745,1
1144,18946,1
1144,19123,1
1144,19699,2
1144,21561,1
1144,22000,2
1144,22849,2
1144,47457,1
1144,95738,1
1162,1762,1
1163,1183,1
1163,1388,1
1163,1496,1
1163,1807,1
1163,1813,1
1163,1852,1
1163,1872,1
1163,1884,1
1163,1908,1
1163,1932,1
1163,1996,1
1163,2022,1
1163,2058,1
1163,2074,1
1163,3596,1
1163,8104,1
1163,10565,1
1163,10759,1
1163,13477,1
1163,14445,1
1163,22000,1
1163,22849,1
1169,1387,1
1169,1558,2
1169,1615,1
1169,1762,1
1169,1777,1
1169,1877,1
1169,1882,1
1169,1908,1
1169,3997,4
1169,7097,2
1169,8006,2
1169,8012,1
1169,8013,1
1169,8177,2
1169,11547,1
1169,12941,1
1169,17923,1
1169,17930,1
1169,19149,1
1169,20180,1
1169,46425,1
1169,46642,1
1169,51873,1
1169,52462,1
1169,95556,1
1169,699695,1
1171,1195,1
1171,1207,1
1171,1302,1
1171,1408,2
1171,1488,2
1171,1595,1
1171,1762,3
1171,1767,1
1171,1789,1
1171,2032,1
1171,7288,3
1171,8116,1
1171,10565,1
1171,19098,1
1171,24380,1
1176,699631,1
1176,699640,1
1178,1306,1
1178,1309,1
1178,1314,1
1178,1326,1
1178,1388,1
1178,1453,1
1178,1488,3
1178,1617,1
1178,1662,1
1178,1762,2
1178,1767,1
1178,1840,1
1178,1844,1
1178,1945,1
1178,2007,1
1178,2032,2
1178,3107,1
1178,3364,1
1178,3484,2
1178,3501,1
1178,3718,1
1178,3997,1
1178,4001,2
1178,7059,1
1178,7097,1
1178,7161,1
1178,7239,1
1178,7279,1
1178,8072,1
1178,8160,1
1178,10231,1
1178,10304,1
1178,10565,1
1178,10566,1
1178,11372,1
1178,12013,1
1178,13810,1
1178,14650,1
1178,16783,1
1178,18946,1
1178,19699,1
1178,21226,1
1178,21561,1
1178,21679,1
1178,44303,1
1178,47457,1
1178,50221,1
1178,50223,1
1178,50230,1
1183,1364,1
1183,1366,1
1183,1369,1
1183,1388,1
1183,1450,1
1183,1488,1
1183,1496,1
1183,1668,1
1183,1730,1
1183,1762,1
1183,1804,1
1183,1807,1
1183,1813,1
1183,1852,1
1183,1872,1
1183,1884,1
1183,1908,1
1183,1924,1
1183,1932,2
1183,1996,1
1183,2022,1
1183,2058,1
1183,2074,1
1183,2112,1
1183,3615,1
1183,3718,1
1183,3933,1
1183,4001,1
1183,4043,1
1183,7179,1
1183,8093,1
1183,8104,1
1183,10565,2
1183,10566,1
1183,10759,1
1183,10831,1
1183,12319,1
1183,13477,2
1183,13810,1
1183,14445,1
1183,14903,1
1183,16720,1
1183,19424,1
1183,19915,1
1183,19947,1
1183,22000,1
1183,22849,1
1183,24324,1
1183,24956,1
1183,25535,1
1183,26151,1
1183,27761,1
1183,30231,1
1183,42321,1
1183,42790,1
1183,43094,1
1183,43110,1
1195,1207,3
1195,1243,1
1195,1302,1
1195,1306,1
1195,1309,4
1195,1314,3
1195,1326,2
1195,1391,1
1195,1408,2
1195,1414,1
1195,1448,1
1195,1453,1
1195,1488,4
1195,1491,1
1195,1555,1
1195,1558,1
1195,1571,1
1195,1595,1
1195,1615,1
1195,1635,1
1195,1661,1
1195,1668,1
1195,1730,1
1195,1746,1
1195,1762,5
1195,1767,1
1195,1789,2
1195,1821,1
1195,1828,1
1195,1840,1
1195,1847,1
1195,1867,1
1195,1881,1
1195,1891,1
1195,2007,1
1195,2032,1
1195,2036,1
1195,2081,1
1195,3364,1
1195,3484,1
1195,3502,1
1195,3591,1
1195,3709,1
1195,3718,2
1195,3933,1
1195,3997,1
1195,4001,1
1195,7053,1
1195,7059,2
1195,7126,1
1195,7288,1
1195,7308,1
1195,7391,1
1195,8090,1
1195,8116,4
1195,8153,1
1195,10226,1
1195,10565,3
1195,10566,1
1195,11372,1
1195,12134,1
1195,12319,1
1195,13279,1
1195,13378,1
1195,13477,1
1195,13612,1
1195,13940,1
1195,14074,1
1195,14209,1
1195,15155,1
1195,15752,1
1195,16302,1
1195,16667,1
1195,16783,1
1195,17517,1
1195,18395,1
1195,18399,1
1195,18588,1
1195,19098,1
1195,19123,1
1195,19597,1
1195,19699,2
1195,22849,1
1195,24380,1
1195,26611,1
1195,27761,1
1195,34020,1
1195,34100,1
1195,35616,1
1195,43532,1
1195,44372,1
1195,45753,1
1195,50807,1
1195,50850,1
1201,1236,1
1201,1309,1
1201,1314,1
1201,1316,1
1201,1326,1
1201,1361,1
1201,1388,1
1201,1414,1
1201,1443,1
1201,1453,1
1201,1488,2
1201,1489,1
1201,1531,1
1201,1571,1
1201,1617,1
1201,1635,1
1201,1722,1
1201,1730,1
1201,1762,1
1201,1844,1
1201,1847,1
1201,1955,1
1201,1957,1
1201,2007,1
1201,2022,1
1201,2026,1
1201,2032,1
1201,2112,1
1201,3013,1
1201,3307,1
1201,3484,1
1201,3505,1
1201,3739,1
1201,3941,1
1201,4001,1
1201,7053,1
1201,7099,1
1201,7239,1
1201,7240,1
1201,7308,1
1201,7323,1
1201,8016,1
1201,8033,1
1201,8109,1
1201,10178,1
1201,10565,1
1201,10566,1
1201,11135,1
1201,11247,1
1201,11337,1
1201,12319,1
1201,13378,1
1201,14074,1
1201,14103,1
1201,14215,1
1201,16173,1
1201,16667,1
1201,17517,1
1201,18268,1
1201,18644,1
1201,19611,1
1201,19699,1
1201,20849,1
1201,21429,1
1201,22199,1
1201,25459,1
1201,27078,1
1201,27762,1
1201,40169,1
1201,42396,1
1201,45682,1
1201,45771,1
1204,1967,1
1204,13378,1
1207,1209,1
1207,1309,1
1207,1314,1
1207,1316,1
1207,1361,1
1207,1385,1
1207,1450,1
1207,1453,1
1207,1455,1
1207,1464,1
1207,1488,2
1207,1489,1
1207,1558,1
1207,1571,1
1207,1595,1
1207,1617,1
1207,1635,1
1207,1722,1
1207,1730,1
1207,1762,3
1207,1828,1
1207,1847,2
1207,1877,1
1207,1881,1
1207,1895,1
1207,1967,1
1207,2036,1
1207,2123,1
1207,3484,1
1207,3528,1
1207,3829,1
1207,3941,2
1207,3957,1
1207,4001,1
1207,4124,1
1207,7059,3
1207,7068,1
1207,7097,1
1207,7108,1
1207,7239,1
1207,7288,1
1207,7308,1
1207,8006,1
1207,8116,2
1207,8153,1
1207,8165,1
1207,10565,2
1207,10566,1
1207,10681,1
1207,12319,1
1207,13243,1
1207,13378,1
1207,14043,1
1207,14386,1
1207,15752,2
1207,16173,1
1207,18268,1
1207,18616,1
1207,18731,1
1207,18734,1
1207,18735,1
1207,19098,1
1207,20604,1
1207,21274,1
1207,21796,1
1207,24380,1
1207,27007,1
1207,27761,1
1207,40998,1
1207,43532,1
1207,45685,1
1207,45753,1
1207,46966,1
1209,7097,1
1209,13243,1
1221,3869,1
1225,1230,1
1225,1314,1
1225,1391,1
1225,1405,1
1225,1408,1
1225,1486,1
1225,1571,1
1225,1615,1
1225,1762,1
1225,1835,1
1225,1844,1
1225,1847,1
1225,2022,1
1225,2082,1
1225,2123,1
1225,3700,1
1225,3718,1
1225,3977,1
1225,4001,1
1225,4175,1
1225,7053,1
1225,7109,1
1225,8165,1
1225,11135,1
1225,17743,1
1225,19149,1
1225,20221,3
1225,21226,1
1225,22072,1
1225,24295,1
1225,469750,1
1225,563214,1
1229,1615,1
1229,1762,1
1229,2008,1
1229,2015,1
1229,4001,1
1229,4207,1
1229,7042,1
1229,8116,1
1229,8153,1
1229,11800,1
1229,12941,1
1229,12944,1
1229,13312,1
1229,22072,1
1229,46640,1
1230,1314,2
1230,1366,1
1230,1391,1
1230,1405,1
1230,1408,1
1230,1486,1
1230,1488,2
1230,1571,2
1230,1615,1
1230,1635,1
1230,1730,1
1230,1762,5
1230,1835,1
1230,1844,1
1230,1847,3
1230,1955,1
1230,1996,1
1230,2001,1
1230,2022,1
1230,2032,1
1230,2034,1
1230,2082,1
1230,2123,1
1230,3088,1
1230,3591,2
1230,3700,1
1230,3718,2
1230,3857,1
1230,3977,1
1230,4001,1
1230,4175,1
1230,7053,1
1230,7069,1
1230,7097,1
1230,7109,1
1230,8016,1
1230,8116,1
1230,8165,2
1230,10831,1
1230,10892,1
1230,10895,1
1230,11062,1
1230,11135,1
1230,12072,1
1230,13258,1
1230,13406,1
1230,13712,1
1230,13810,1
1230,13845,1
1230,13855,1
1230,14834,1
1230,16040,1
1230,17743,1
1230,18954,1
1230,19149,1
1230,19699,1
1230,20221,1
1230,20932,1
1230,21226,1
1230,22000,1
1230,22849,1
1230,24324,1
1230,24710,1
1230,26428,1
1230,38648,1
1230,39458,1
1230,40916,1
1230,46608,1
1230,48641,1
1232,1391,1
1232,1488,1
1232,1558,2
1232,1662,1
1232,1730,1
1232,1762,2
1232,1847,1
1232,2022,1
1232,3047,1
1232,4001,1
1232,7068,1
1232,7097,1
1232,7397,1
1232,8116,1
1232,11650,1
1232,12319,1
1232,13940,1
1232,16877,1
1232,18272,1
1232,18365,1
1232,27565,1
1232,34100,1
1232,46702,1
1232,571577,1
1232,697054,1
1236,1309,2
1236,1314,2
1236,1316,1
1236,1326,1
1236,1361,1
1236,1408,1
1236,1414,1
1236,1443,1
1236,1453,1
1236,1488,1
1236,1489,1
1236,1531,1
1236,1571,1
1236,1617,1
1236,1635,1
1236,1722,1
1236,1762,1
1236,1844,1
1236,1847,1
1236,1895,1
1236,1957,1
1236,2007,1
1236,2022,1
1236,2026,1
1236,2032,1
1236,2112,1
1236,3013,1
1236,3307,1
1236,3484,1
1236,3505,1
1236,3739,1
1236,3941,1
1236,4001,1
1236,7053,1
1236,7059,1
1236,7099,1
1236,7239,1
1236,7240,1
1236,7323,1
1236,8016,1
1236,8033,1
1236,8109,1
1236,8116,1
1236,10178,1
1236,10565,1
1236,10566,1
1236,11135,1
1236,11247,1
1236,11337,1
1236,12319,1
1236,13378,1
1236,14074,1
1236,16173,1
1236,16667,1
1236,17517,1
1236,18268,1
1236,18644,1
1236,19611,1
1236,20849,1
1236,21429,1
1236,22199,1
1236,25459,1
1236,27078,1
1236,27762,1
1236,40169,1
1236,42396,1
1236,45682,1
1236,45771,1
1237,1243,1
1237,1369,1
1237,1488,1
1237,1668,1
1237,1730,2
1237,1762,1
1237,1807,1
1237,1846,1
1237,1852,1
1237,1872,1
1237,1932,1
1237,1996,1
1237,2058,2
1237,3484,1
1237,3525,1
1237,3533,1
1237,7108,2
1237,10565,7
1237,10566,1
1237,11450,1
1237,12134,1
1237,12319,2
1237,13279,2
1237,13477,1
1237,14103,1
1237,14913,1
1237,16302,1
1237,17100,1
1237,17956,1
1237,19123,1
1237,19597,1
1237,19699,1
1237,22849,1
1237,27562,1
1237,41532,1
1237,43094,1
1237,49974,1
1243,1309,1
1243,1314,1
1243,1391,1
1243,1448,1
1243,1488,2
1243,1558,1
1243,1661,1
1243,1668,1
1243,1730,2
1243,1762,1
1243,1807,1
1243,1846,1
1243,1852,1
1243,1872,1
1243,1932,1
1243,1996,1
1243,2036,1
1243,2058,1
1243,3364,1
1243,3502,1
1243,3718,1
1243,3933,1
1243,7053,1
1243,8090,1
1243,8116,1
1243,8153,1
1243,10565,1
1243,10566,1
1243,12134,1
1243,12319,2
1243,12604,1
1243,13279,1
1243,13477,2
1243,13940,1
1243,14074,1
1243,16302,1
1243,16783,1
1243,17517,1
1243,18588,1
1243,19123,1
1243,19597,1
1243,19699,1
1243,22849,2
1243,26611,1
1243,35616,1
1243,41532,1
1243,44372,1
1243,50807,1
1243,50850,1
1302,1309,4
1302,1326,1
1302,1408,2
1302,1488,1
1302,1491,1
1302,1496,1
1302,1538,1
1302,1661,1
1302,1746,1
1302,1762,4
1302,1789,1
1302,2014,1
1302,2026,1
1302,2032,3
1302,3718,1
1302,4001,1
1302,7097,1
1302,11372,1
1302,13612,1
1302,15501,1
1302,19123,1
1302,41028,1
1306,1309,1
1306,1314,3
1306,1315,1
1306,1316,1
1306,1346,1
1306,1408,1
1306,1414,1
1306,1453,1
1306,1488,2
1306,1491,1
1306,1555,1
1306,1615,1
1306,1617,1
1306,1635,1
1306,1662,1
1306,1762,2
1306,1789,1
1306,1821,1
1306,1828,1
1306,1840,1
1306,1881,1
1306,2007,2
1306,3107,1
1306,3484,1
1306,3591,1
1306,3718,1
1306,3997,1
1306,4001,2
1306,7042,1
1306,7059,1
1306,7126,1
1306,7161,1
1306,7279,1
1306,7308,1
1306,8072,2
1306,8116,2
1306,10226,1
1306,13612,1
1306,14650,1
1306,16667,1
1306,16783,1
1306,18246,1
1306,19699,1
1306,21226,1
1306,21679,1
1306,22072,1
1306,27019,1
1306,27761,1
1306,44303,1
1306,50221,1
1306,50223,1
1306,50230,1
1309,1314,5
1309,1315,1
1309,1316,3
1309,1326,3
1309,1361,2
1309,1385,1
1309,1388,1
1309,1391,2
1309,1408,2
1309,1414,2
1309,1443,1
1309,1448,1
1309,1450,2
1309,1453,3
1309,1455,1
1309,1464,2
1309,1488,12
1309,1489,2
1309,1491,2
1309,1496,1
1309,1531,1
1309,1538,1
1309,1555,1
1309,1558,2
1309,1571,3
1309,1615,1
1309,1617,2
1309,1635,3
1309,1661,2
1309,1668,1
1309,1722,2
1309,1730,3
1309,1746,1
1309,1762,18
1309,1767,1
1309,1789,2
1309,1821,1
1309,1828,2
1309,1840,2
1309,1844,1
1309,1847,2
1309,1867,1
1309,1875,1
1309,1877,1
1309,1881,2
1309,1895,2
1309,1957,1
1309,1967,1
1309,2007,2
1309,2014,1
1309,2022,1
1309,2026,2
1309,2032,5
1309,2036,2
1309,2081,1
1309,2112,2
1309,2123,1
1309,3013,1
1309,3047,1
1309,3307,1
1309,3364,2
1309,3395,1
1309,3484,4
1309,3501,1
1309,3502,1
1309,3505,1
1309,3528,1
1309,3591,1
1309,3709,1
1309,3718,2
1309,3739,1
1309,3829,1
1309,3933,1
1309,3941,2
1309,3997,1
1309,4001,5
1309,4124,1
1309,7053,2
1309,7059,2
1309,7068,1
1309,7097,1
1309,7099,1
1309,7108,1
1309,7126,1
1309,7239,2
1309,7240,1
1309,7308,2
1309,7323,1
1309,7391,1
1309,7397,1
1309,8006,1
1309,8016,1
1309,8033,1
1309,8049,1
1309,8057,1
1309,8090,1
1309,8104,1
1309,8109,1
1309,8116,7
1309,8153,2
1309,8160,1
1309,8165,2
1309,10178,1
1309,10226,1
1309,10231,1
1309,10565,3
1309,10566,3
1309,10681,1
1309,10759,1
1309,11135,1
1309,11247,1
1309,11337,1
1309,11372,4
1309,12013,1
1309,12134,1
1309,12319,3
1309,12951,1
1309,13243,1
1309,13279,1
1309,13360,1
1309,13378,1
1309,13477,1
1309,13573,1
1309,13612,2
1309,13940,1
1309,14043,1
1309,14074,2
1309,14209,1
1309,14386,1
1309,15155,2
1309,15501,1
1309,16173,2
1309,16302,1
1309,16667,2
1309,16701,1
1309,16745,1
1309,16783,1
1309,17517,2
1309,18268,2
1309,18395,1
1309,18399,1
1309,18424,1
1309,18588,1
1309,18644,1
1309,18731,1
1309,18734,1
1309,18735,1
1309,18946,1
1309,19123,2
1309,19597,1
1309,19611,1
1309,19699,3
1309,20604,1
1309,20849,1
1309,21274,1
1309,21429,1
1309,21561,1
1309,21796,1
1309,22199,2
1309,22849,1
1309,25459,1
1309,26376,1
1309,26611,1
1309,27007,1
1309,27078,1
1309,27761,4
1309,27762,1
1309,34020,1
1309,34100,1
1309,35616,1
1309,40169,1
1309,40998,1
1309,41028,1
1309,42396,1
1309,44372,1
1309,45682,1
1309,45685,1
1309,45753,2
1309,45771,1
1309,46642,1
1309,46966,1
1309,47457,1
1309,50807,1
1309,50850,1
1314,1315,4
1314,1316,7
1314,1320,1
1314,1326,3
1314,1349,2
1314,1361,2
1314,1366,1
1314,1385,1
1314,1388,1
1314,1391,2
1314,1405,1
1314,1408,4
1314,1414,2
1314,1443,1
1314,1448,1
1314,1450,1
1314,1453,3
1314,1455,2
1314,1464,1
1314,1486,1
1314,1488,22
1314,1489,2
1314,1491,1
1314,1531,1
1314,1532,2
1314,1555,2
1314,1558,6
1314,1571,7
1314,1591,1
1314,1615,2
1314,1617,5
1314,1635,4
1314,1661,2
1314,1662,2
1314,1668,1
1314,1722,2
1314,1730,3
1314,1762,17
1314,1767,2
1314,1789,2
1314,1807,1
1314,1821,1
1314,1828,2
1314,1835,1
1314,1840,1
1314,1844,3
1314,1847,8
1314,1867,1
1314,1872,1
1314,1877,1
1314,1881,4
1314,1895,1
1314,1903,1
1314,1952,1
1314,1954,1
1314,1957,1
1314,1967,1
1314,1996,1
1314,2007,3
1314,2014,1
1314,2022,7
1314,2026,1
1314,2032,2
1314,2036,2
1314,2058,1
1314,2074,2
1314,2081,1
1314,2082,2
1314,2112,1
1314,2123,3
1314,3012,1
1314,3013,1
1314,3088,1
1314,3107,1
1314,3307,1
1314,3364,1
1314,3484,6
1314,3502,1
1314,3504,1
1314,3505,2
1314,3528,1
1314,3591,2
1314,3700,1
1314,3709,1
1314,3718,9
1314,3739,1
1314,3829,1
1314,3933,2
1314,3941,2
1314,3977,3
1314,3997,1
1314,4001,16
1314,4112,1
1314,4124,1
1314,4175,1
1314,7053,5
1314,7059,3
1314,7063,1
1314,7068,1
1314,7070,1
1314,7097,4
1314,7099,1
1314,7108,1
1314,7109,1
1314,7126,2
1314,7161,1
1314,7179,1
1314,7239,3
1314,7240,2
1314,7279,1
1314,7308,2
1314,7323,1
1314,7391,2
1314,7397,1
1314,8001,2
1314,8006,1
1314,8016,2
1314,8033,1
1314,8049,2
1314,8057,1
1314,8072,2
1314,8090,1
1314,8109,1
1314,8116,9
1314,8153,3
1314,8165,4
1314,10061,1
1314,10178,1
1314,10226,1
1314,10304,1
1314,10565,6
1314,10566,7
1314,10681,1
1314,10759,1
1314,10831,1
1314,10890,1
1314,10892,4
1314,10895,1
1314,11062,1
1314,11135,3
1314,11247,1
1314,11337,1
1314,11372,2
1314,11404,1
1314,11450,1
1314,11800,3
1314,12072,1
1314,12134,1
1314,12319,4
1314,12978,1
1314,13258,1
1314,13279,2
1314,13378,1
1314,13477,2
1314,13513,1
1314,13518,1
1314,13612,1
1314,13810,6
1314,13845,1
1314,13855,1
1314,13940,1
1314,14043,1
1314,14074,2
1314,14103,2
1314,14209,1
1314,14386,1
1314,14445,1
1314,14650,1
1314,14834,1
1314,14913,1
1314,14973,5
1314,15155,1
1314,15218,1
1314,15501,1
1314,16040,2
1314,16173,2
1314,16302,1
1314,16333,1
1314,16504,1
1314,16667,2
1314,16701,1
1314,16720,1
1314,16745,1
1314,16783,2
1314,17100,1
1314,17102,1
1314,17517,2
1314,17743,1
1314,18268,2
1314,18395,1
1314,18399,1
1314,18480,1
1314,18588,1
1314,18644,1
1314,18731,1
1314,18734,1
1314,18735,1
1314,18954,1
1314,19123,1
1314,19149,3
1314,19289,1
1314,19322,1
1314,19597,2
1314,19611,1
1314,19699,2
1314,20221,2
1314,20276,1
1314,20604,1
1314,20849,1
1314,20932,1
1314,21226,2
1314,21274,1
1314,21429,1
1314,21679,1
1314,21685,1
1314,21721,1
1314,21796,1
1314,22047,1
1314,22199,1
1314,22236,1
1314,22350,1
1314,22849,4
1314,24324,1
1314,24710,1
1314,24988,1
1314,25209,1
1314,25322,1
1314,25459,1
1314,26151,2
1314,26428,1
1314,26456,1
1314,26611,1
1314,26766,1
1314,27007,1
1314,27078,1
1314,27761,3
1314,27762,1
1314,34020,1
1314,34100,1
1314,35616,1
1314,38648,1
1314,40169,1
1314,40287,1
1314,40916,1
1314,40928,1
1314,40998,1
1314,41028,1
1314,41550,1
1314,42063,1
1314,42396,1
1314,43532,2
1314,44303,1
1314,44372,1
1314,45682,1
1314,45685,1
1314,45753,2
1314,45771,1
1314,46289,1
1314,46608,1
1314,46966,1
1314,47148,1
1314,47673,1
1314,49974,1
1314,50221,1
1314,50223,1
1314,50230,1
1314,50807,1
1314,50850,1
1314,52268,1
1315,1316,5
1315,1349,1
1315,1455,1
1315,1488,1
1315,1538,1
1315,1558,3
1315,1762,3
1315,1847,1
1315,1881,1
1315,3484,1
1315,3718,1
1315,4001,2
1315,7053,1
1315,7186,1
1315,8049,1
1315,8153,1
1315,11135,1
1315,13810,1
1315,20221,1
1316,1326,1
1316,1349,1
1316,1361,2
1316,1385,1
1316,1414,1
1316,1443,1
1316,1450,1
1316,1453,1
1316,1455,2
1316,1464,1
1316,1488,6
1316,1489,2
1316,1490,2
1316,1531,1
1316,1538,1
1316,1558,4
1316,1571,2
1316,1617,2
1316,1634,1
1316,1635,2
1316,1722,2
1316,1730,3
1316,1762,8
1316,1828,1
1316,1844,1
1316,1847,4
1316,1877,2
1316,1881,2
1316,1895,1
1316,1903,1
1316,1957,1
1316,1967,1
1316,2007,1
1316,2026,1
1316,2032,1
1316,2036,1
1316,2112,2
1316,2123,2
1316,3013,1
1316,3307,1
1316,3321,1
1316,3325,1
1316,3484,3
1316,3505,1
1316,3528,1
1316,3718,1
1316,3739,1
1316,3829,1
1316,3941,2
1316,3997,1
1316,4001,5
1316,4124,1
1316,4153,1
1316,7053,2
1316,7059,1
1316,7068,1
1316,7097,1
1316,7099,1
1316,7108,1
1316,7126,1
1316,7239,2
1316,7240,1
1316,7308,1
1316,7323,1
1316,7358,1
1316,7397,1
1316,8006,1
1316,8016,2
1316,8033,1
1316,8049,4
1316,8109,1
1316,8116,2
1316,8153,2
1316,8165,1
1316,10178,1
1316,10565,1
1316,10566,2
1316,10681,1
1316,11135,2
1316,11247,1
1316,11337,1
1316,11701,1
1316,11753,1
1316,12319,2
1316,13378,1
1316,13810,1
1316,13972,1
1316,14043,1
1316,14074,1
1316,14386,1
1316,15751,1
1316,16173,2
1316,16667,1
1316,17517,1
1316,17724,1
1316,17730,1
1316,17743,1
1316,18268,2
1316,18644,1
1316,18731,1
1316,18734,1
1316,18735,1
1316,19123,1
1316,19611,1
1316,20604,1
1316,20849,1
1316,21274,1
1316,21429,1
1316,21796,1
1316,22199,1
1316,25459,1
1316,27007,1
1316,27057,1
1316,27078,1
1316,27761,2
1316,27762,1
1316,40169,1
1316,40396,1
1316,40998,1
1316,42396,1
1316,45682,1
1316,45685,1
1316,45753,1
1316,45771,1
1316,46966,1
1316,52545,1
1320,1386,1
1320,1662,1
1320,2022,1
1320,4001,1
1320,4124,1
1320,7411,1
1320,10565,1
1320,10566,1
1320,10890,1
1320,10892,1
1320,11800,2
1320,14973,1
1320,16504,1
1320,17648,1
1320,18588,1
1320,22000,1
1320,22754,1
1320,27375,1
1320,30231,1
1320,34748,1
1320,44372,1
1320,44377,1
1320,68196,1
1326,1361,1
1326,1408,1
1326,1414,1
1326,1443,1
1326,1453,1
1326,1488,3
1326,1489,1
1326,1531,1
1326,1571,2
1326,1617,1
1326,1635,1
1326,1722,1
1326,1746,1
1326,1762,1
1326,1767,2
1326,1789,1
1326,1844,1
1326,1847,1
1326,1867,1
1326,1957,1
1326,2007,1
1326,2022,1
1326,2026,1
1326,2032,3
1326,2074,1
1326,2081,1
1326,2112,1
1326,3013,1
1326,3307,1
1326,3484,1
1326,3505,1
1326,3709,1
1326,3718,1
1326,3739,1
1326,3941,1
1326,4001,2
1326,7053,1
1326,7099,1
1326,7239,1
1326,7240,1
1326,7323,1
1326,7391,1
1326,8016,1
1326,8033,1
1326,8109,1
1326,8116,2
1326,10178,1
1326,10565,2
1326,10566,1
1326,11135,1
1326,11247,1
1326,11337,1
1326,11372,1
1326,12319,1
1326,13378,1
1326,13810,2
1326,14074,1
1326,14209,1
1326,14973,1
1326,15155,1
1326,16173,1
1326,16667,1
1326,17517,1
1326,18268,1
1326,18395,1
1326,18399,1
1326,18644,1
1326,19611,1
1326,20221,1
1326,20849,1
1326,21429,1
1326,22199,1
1326,22849,1
1326,25459,1
1326,26151,1
1326,27078,1
1326,27762,1
1326,34020,1
1326,34100,1
1326,40169,1
1326,42396,1
1326,45682,1
1326,45753,1
1326,45771,1
1346,1349,1
1346,8116,1
1346,27019,1
1349,1391,1
1349,1453,1
1349,1455,1
1349,1488,1
1349,1558,2
1349,1762,2
1349,2074,1
1349,2112,1
1349,3033,1
1349,3504,1
1349,3505,1
1349,3759,1
1349,4001,2
1349,7053,1
1349,8075,1
1349,8116,2
1349,11450,1
1349,13810,1
1349,16458,1
1349,18567,1
1349,18571,1
1349,19149,1
1349,25322,1
1349,41028,1
1361,1385,1
1361,1414,1
1361,1443,1
1361,1450,1
1361,1453,1
1361,1455,1
1361,1464,1
1361,1488,2
1361,1489,2
1361,1531,1
1361,1558,1
1361,1571,2
1361,1617,2
1361,1635,2
1361,1722,2
1361,1730,1
1361,1762,1
1361,1828,1
1361,1844,1
1361,1847,2
1361,1877,1
1361,1881,1
1361,1895,1
1361,1957,1
1361,1967,1
1361,2007,1
1361,2026,1
1361,2032,1
1361,2036,1
1361,2112,1
1361,2123,1
1361,3013,1
1361,3080,1
1361,3307,1
1361,3484,3
1361,3505,1
1361,3528,1
1361,3739,1
1361,3829,1
1361,3941,3
1361,4001,2
1361,4124,1
1361,7053,1
1361,7059,1
1361,7068,1
1361,7099,1
1361,7108,1
1361,7239,2
1361,7240,1
1361,7308,1
1361,7323,1
1361,8006,1
1361,8016,1
1361,8033,1
1361,8109,1
1361,8116,2
1361,8153,1
1361,8165,1
1361,10178,1
1361,10565,1
1361,10566,2
1361,10681,1
1361,11135,1
1361,11247,1
1361,11337,1
1361,12319,2
1361,13243,1
1361,13378,1
1361,14043,1
1361,14074,1
1361,14386,1
1361,16173,2
1361,16667,1
1361,17517,1
1361,18268,2
1361,18395,1
1361,18644,1
1361,18731,1
1361,18734,1
1361,18735,1
1361,19611,1
1361,20604,1
1361,20849,1
1361,21274,1
1361,21429,1
1361,21796,1
1361,22072,1
1361,22199,1
1361,25459,1
1361,27007,1
1361,27078,1
1361,27761,1
1361,27762,1
1361,40169,1
1361,40998,1
1361,42396,1
1361,45682,1
1361,45685,1
1361,45753,1
1361,45771,1
1361,46966,1
1364,1366,1
1364,1369,1
1364,1450,1
1364,1488,1
1364,1668,1
1364,1730,1
1364,1762,1
1364,1804,1
1364,1924,1
1364,1932,1
1364,2058,1
1364,2112,1
1364,3533,1
1364,3615,1
1364,3718,1
1364,3933,1
1364,4001,1
1364,4043,1
1364,7179,1
1364,8093,1
1364,8104,1
1364,10565,1
1364,10566,2
1364,10831,1
1364,11800,1
1364,12319,1
1364,13477,1
1364,14903,1
1364,16720,1
1364,19424,1
1364,19915,1
1364,19947,1
1364,24956,1
1364,25535,1
1364,27761,1
1364,30231,1
1364,42321,1
1364,42790,1
1364,43094,1
1364,43110,1
1366,1369,1
1366,1388,1
1366,1450,1
1366,1488,5
1366,1558,1
1366,1571,2
1366,1591,1
1366,1595,1
1366,1635,1
1366,1668,1
1366,1730,3
1366,1762,6
1366,1804,1
1366,1847,1
1366,1924,1
1366,1932,1
1366,1936,1
1366,1996,1
1366,2058,1
1366,2112,2
1366,3088,1
1366,3381,1
1366,3484,1
1366,3502,1
1366,3525,1
1366,3591,3
1366,3596,1
1366,3615,1
1366,3634,1
1366,3718,2
1366,3915,1
1366,3933,1
1366,3997,1
1366,4001,3
1366,4043,1
1366,7059,3
1366,7097,2
1366,7179,1
1366,7239,1
1366,8093,1
1366,8116,2
1366,8165,1
1366,10164,1
1366,10242,1
1366,10565,1
1366,10566,3
1366,10759,1
1366,10831,3
1366,10892,2
1366,10895,2
1366,10902,1
1366,11062,1
1366,11372,1
1366,11578,1
1366,12053,2
1366,12072,1
1366,12134,1
1366,12319,2
1366,12890,1
1366,13258,1
1366,13279,1
1366,13477,2
1366,13809,1
1366,13810,1
1366,13845,1
1366,13855,1
1366,14821,1
1366,14834,1
1366,14858,1
1366,14903,1
1366,15431,1
1366,15501,1
1366,15806,1
1366,16040,1
1366,16504,2
1366,16720,2
1366,18889,1
1366,18954,1
1366,19123,2
1366,19424,1
1366,19699,1
1366,19915,1
1366,19947,1
1366,20932,1
1366,21569,1
1366,24324,1
1366,24710,2
1366,24956,1
1366,25459,1
1366,25535,1
1366,26428,1
1366,27761,2
1366,30231,1
1366,38004,1
1366,38648,2
1366,39869,1
1366,40916,1
1366,42321,1
1366,42675,1
1366,42790,1
1366,43094,1
1366,43110,1
1366,43485,2
1366,44584,1
1366,46608,1
1366,48157,2
1366,50865,1
1366,68454,1
1366,116823,1
1369,1450,1
1369,1488,1
1369,1668,1
1369,1730,2
1369,1762,1
1369,1804,1
1369,1924,1
1369,1932,1
1369,2058,1
1369,2112,1
1369,3525,1
1369,3591,1
1369,3615,1
1369,3718,1
1369,3933,1
1369,4001,2
1369,4043,1
1369,7179,1
1369,8093,1
1369,10061,1
1369,10565,2
1369,10566,1
1369,10831,1
1369,12319,1
1369,13477,1
1369,14903,1
1369,16040,1
1369,16720,1
1369,19424,1
1369,19699,1
1369,19915,1
1369,19947,1
1369,24956,1
1369,25535,1
1369,27761,1
1369,30231,1
1369,42321,1
1369,42790,1
1369,43094,1
1369,43110,1
1369,48749,1
1371,1762,1
1385,1450,1
1385,1455,1
1385,1464,1
1385,1488,1
1385,1489,1
1385,1558,1
1385,1571,1
1385,1617,1
1385,1635,1
1385,1722,1
1385,1730,1
1385,1762,1
1385,1828,1
1385,1847,1
1385,1877,1
1385,1881,1
1385,1895,1
1385,1967,1
1385,2036,1
1385,2123,1
1385,3484,1
1385,3528,1
1385,3829,1
1385,3941,1
1385,4001,1
1385,4124,1
1385,7059,1
1385,7068,1
1385,7108,1
1385,7239,1
1385,7308,1
1385,8006,1
1385,8116,1
1385,8153,1
1385,8165,1
1385,10566,1
1385,10681,1
1385,12319,1
1385,14043,1
1385,14386,1
1385,16173,1
1385,18268,1
1385,18731,1
1385,18734,1
1385,18735,1
1385,20604,1
1385,21274,1
1385,21796,1
1385,27007,1
1385,27761,1
1385,40998,1
1385,45685,1
1385,45753,1
1385,46966,1
1386,1388,1
1386,4001,1
1386,10566,1
1386,10890,1
1386,10892,1
1386,14973,1
1386,16504,1
1386,17648,1
1386,18588,1
1386,22000,1
1386,27375,1
1386,30231,1
1386,44372,1
1386,44377,1
1387,1453,1
1387,1762,1
1387,3736,1
1387,3997,1
1387,7097,1
1387,8006,1
1387,8177,1
1387,11547,1
1387,95556,1
1388,1488,6
1388,1496,1
1388,1591,1
1388,1602,1
1388,1730,2
1388,1762,4
1388,1807,1
1388,1813,1
1388,1840,1
1388,1847,1
1388,1852,1
1388,1872,2
1388,1884,1
1388,1908,2
1388,1932,1
1388,1955,1
1388,1996,1
1388,2022,6
1388,2032,1
1388,2074,1
1388,3364,1
1388,3501,1
1388,3522,1
1388,3718,1
1388,4001,3
1388,7059,1
1388,7179,1
1388,7365,1
1388,8104,1
1388,8116,1
1388,8160,1
1388,10061,3
1388,10231,1
1388,10304,1
1388,10438,1
1388,10565,5
1388,10566,2
1388,10759,1
1388,10890,1
1388,10892,1
1388,11372,2
1388,11404,1
1388,11450,1
1388,11800,1
1388,12013,1
1388,12053,1
1388,12978,1
1388,13279,1
1388,13477,2
1388,13810,1
1388,14103,2
1388,14445,2
1388,14913,1
1388,14973,1
1388,15501,1
1388,15791,1
1388,16504,3
1388,16720,1
1388,17100,1
1388,18480,1
1388,18946,2
1388,19123,2
1388,19322,1
1388,19597,1
1388,19699,3
1388,21561,1
1388,21569,1
1388,22000,1
1388,22849,1
1388,25209,1
1388,26151,1
1388,28058,1
1388,28092,1
1388,40928,1
1388,42063,1
1388,47457,1
1388,49974,1
1388,66518,1
1388,100816,1
1388,100983,1
1388,106263,1
1388,116823,1
1388,117680,1
1388,124891,1
1388,133408,1
1388,134432,1
1388,224589,1
1391,1393,1
1391,1405,1
1391,1408,2
1391,1448,1
1391,1455,1
1391,1486,1
1391,1488,8
1391,1558,2
1391,1571,2
1391,1615,1
1391,1617,1
1391,1661,2
1391,1662,1
1391,1668,1
1391,1730,3
1391,1762,5
1391,1765,1
1391,1820,1
1391,1821,1
1391,1835,1
1391,1844,1
1391,1847,1
1391,1881,1
1391,2022,1
1391,2036,1
1391,2082,2
1391,2112,1
1391,2123,1
1391,3012,1
1391,3033,1
1391,3364,1
1391,3388,1
1391,3484,1
1391,3502,1
1391,3638,1
1391,3700,1
1391,3718,2
1391,3759,1
1391,3838,1
1391,3908,1
1391,3933,1
1391,3944,1
1391,3977,1
1391,4001,1
1391,4175,1
1391,4205,1
1391,7053,2
1391,7068,1
1391,7109,1
1391,7186,1
1391,8090,1
1391,8109,1
1391,8116,1
1391,8153,1
1391,8165,2
1391,10565,1
1391,10566,1
1391,10831,1
1391,11135,1
1391,11450,1
1391,12134,1
1391,12319,2
1391,13279,1
1391,13378,2
1391,13477,1
1391,13940,1
1391,14074,1
1391,14301,1
1391,14973,1
1391,15155,1
1391,16302,1
1391,16783,1
1391,17517,1
1391,17743,1
1391,18588,1
1391,19123,1
1391,19149,1
1391,19597,1
1391,19611,1
1391,19699,1
1391,19735,1
1391,20221,2
1391,21226,1
1391,22849,1
1391,26611,1
1391,35616,1
1391,40394,1
1391,44372,1
1391,50807,1
1391,50850,1
1391,51114,1
1391,697054,1
1392,1393,1
1392,1486,1
1392,1488,1
1392,3700,1
1392,7317,1
1393,1464,1
1393,1486,1
1393,1488,2
1393,1558,2
1393,1595,1
1393,1762,1
1393,1776,1
1393,3107,1
1393,3700,1
1393,4001,1
1393,4207,1
1393,7317,1
1393,11753,1
1393,20221,1
1405,1408,1
1405,1486,1
1405,1571,1
1405,1615,1
1405,1762,1
1405,1835,1
1405,1844,1
1405,1847,1
1405,2022,1
1405,2082,1
1405,2123,1
1405,3700,1
1405,3718,1
1405,3977,1
1405,4001,1
1405,4175,1
1405,7053,1
1405,7109,1
1405,7279,1
1405,8165,1
1405,11135,1
1405,17743,1
1405,19149,1
1405,20221,1
1405,21226,1
1405,699428,1
1406,1488,1
1408,1414,1
1408,1443,1
1408,1453,1
1408,1486,1
1408,1488,2
1408,1491,1
1408,1537,1
1408,1555,1
1408,1571,2
1408,1615,2
1408,1635,1
1408,1661,1
1408,1746,1
1408,1762,5
1408,1767,1
1408,1789,2
1408,1821,1
1408,1828,1
1408,1835,1
1408,1840,1
1408,1844,1
1408,1847,1
1408,1881,1
1408,2007,1
1408,2022,2
1408,2032,2
1408,2081,1
1408,2082,1
1408,2112,1
1408,2123,1
1408,3351,1
1408,3484,2
1408,3591,2
1408,3638,1
1408,3700,1
1408,3718,2
1408,3838,1
1408,3908,1
1408,3977,1
1408,3997,1
1408,4001,3
1408,4067,1
1408,4175,1
1408,7053,1
1408,7059,2
1408,7109,1
1408,7126,1
1408,7288,1
1408,7308,1
1408,7323,1
1408,8116,4
1408,8165,1
1408,10226,1
1408,10565,1
1408,10566,1
1408,10892,1
1408,11135,1
1408,11372,1
1408,13378,1
1408,13612,1
1408,13810,1
1408,14973,1
1408,16333,1
1408,16667,1
1408,17743,1
1408,18655,1
1408,18889,1
1408,19149,1
1408,19699,1
1408,19880,1
1408,20221,1
1408,21226,1
1408,27005,1
1408,27007,1
1408,27019,1
1408,27761,1
1408,35224,1
1408,41550,1
1408,47673,1
1408,104911,1
1408,112150,1
1408,113924,1
1408,116823,1
1414,1443,1
1414,1453,2
1414,1488,2
1414,1489,1
1414,1491,1
1414,1531,1
1414,1555,1
1414,1571,1
1414,1615,1
1414,1617,1
1414,1635,2
1414,1722,1
1414,1762,1
1414,1789,1
1414,1821,1
1414,1828,1
1414,1840,1
1414,1844,1
1414,1847,1
1414,1881,1
1414,1957,1
1414,2007,2
1414,2026,1
1414,2032,1
1414,2112,1
1414,3013,1
1414,3307,1
1414,3484,2
1414,3505,1
1414,3591,1
1414,3739,1
1414,3941,1
1414,3997,1
1414,4001,2
1414,7053,1
1414,7059,1
1414,7099,1
1414,7126,1
1414,7239,1
1414,7240,1
1414,7308,1
1414,7323,1
1414,8016,1
1414,8033,1
1414,8109,1
1414,8116,2
1414,10178,1
1414,10226,1
1414,10565,1
1414,10566,1
1414,11135,1
1414,11247,1
1414,11337,1
1414,12319,1
1414,13378,1
1414,13612,1
1414,14074,1
1414,16173,1
1414,16667,2
1414,17517,1
1414,18268,1
1414,18644,1
1414,19611,1
1414,19699,2
1414,20849,1
1414,21429,1
1414,22199,1
1414,25459,1
1414,27078,1
1414,27761,1
1414,27762,1
1414,40169,1
1414,42396,1
1414,45682,1
1414,45771,1
1443,1453,1
1443,1488,1
1443,1489,1
1443,1531,1
1443,1537,1
1443,1571,1
1443,1617,1
1443,1635,1
1443,1722,1
1443,1762,1
1443,1844,1
1443,1847,1
1443,1957,1
1443,2007,1
1443,2026,1
1443,2032,1
1443,2112,1
1443,3013,1
1443,3307,1
1443,3351,1
1443,3484,2
1443,3505,1
1443,3739,1
1443,3941,1
1443,4001,1
1443,4067,1
1443,7053,1
1443,7099,1
1443,7239,1
1443,7240,1
1443,7323,2
1443,8016,1
1443,8033,1
1443,8109,1
1443,10178,1
1443,10565,1
1443,10566,1
1443,11135,1
1443,11247,1
1443,11337,1
1443,12319,1
1443,13378,1
1443,14074,1
1443,16173,1
1443,16667,1
1443,17517,1
1443,18268,1
1443,18644,1
1443,18655,1
1443,19611,1
1443,20849,1
1443,21429,1
1443,22199,1
1443,25459,1
1443,27005,1
1443,27007,1
1443,27019,1
1443,27078,1
1443,27762,1
1443,40169,1
1443,42396,1
1443,45682,1
1443,45771,1
1446,1579,1
1446,1762,2
1446,3735,1
1446,3869,1
1446,8006,1
1448,1488,1
1448,1558,1
1448,1661,1
1448,1668,1
1448,1730,1
1448,1762,1
1448,2036,1
1448,3364,1
1448,3502,1
1448,3718,1
1448,3933,1
1448,7053,1
1448,8090,1
1448,8116,1
1448,8153,1
1448,10565,1
1448,10566,2
1448,12134,1
1448,12319,1
1448,13279,1
1448,13477,1
1448,13940,1
1448,14074,1
1448,16302,1
1448,16783,1
1448,17517,1
1448,18588,1
1448,19123,1
1448,19597,1
1448,19699,1
1448,22849,1
1448,26611,1
1448,35616,1
1448,44372,1
1448,50807,1
1448,50850,1
1450,1453,1
1450,1455,1
1450,1464,1
1450,1488,3
1450,1489,1
1450,1537,1
1450,1558,1
1450,1571,1
1450,1617,1
1450,1635,1
1450,1668,1
1450,1695,1
1450,1722,1
1450,1730,4
1450,1762,8
1450,1804,1
1450,1828,1
1450,1847,1
1450,1877,1
1450,1881,1
1450,1895,1
1450,1924,1
1450,1932,1
1450,1942,1
1450,1967,1
1450,2007,1
1450,2022,1
1450,2036,1
1450,2058,1
1450,2081,1
1450,2112,1
1450,2123,1
1450,3461,1
1450,3484,3
1450,3528,1
1450,3615,1
1450,3718,1
1450,3829,1
1450,3933,1
1450,3941,1
1450,4001,2
1450,4043,1
1450,4124,1
1450,7059,2
1450,7068,1
1450,7108,1
1450,7179,1
1450,7239,1
1450,7308,1
1450,7323,1
1450,8006,1
1450,8093,1
1450,8116,2
1450,8153,1
1450,8165,1
1450,10565,1
1450,10566,2
1450,10681,1
1450,10831,1
1450,11135,1
1450,12319,2
1450,13105,1
1450,13477,1
1450,14043,1
1450,14386,1
1450,14903,1
1450,16173,1
1450,16720,1
1450,17517,1
1450,18268,1
1450,18731,1
1450,18734,1
1450,18735,1
1450,19424,1
1450,19915,1
1450,19947,1
1450,20604,1
1450,21169,1
1450,21274,1
1450,21796,1
1450,22563,1
1450,24956,1
1450,25535,1
1450,27007,1
1450,27334,1
1450,27761,2
1450,30231,1
1450,40998,1
1450,42321,1
1450,42790,1
1450,43094,1
1450,43110,1
1450,44303,1
1450,45685,1
1450,45753,1
1450,46966,1
1452,1762,1
1452,3675,1
1452,8116,1
1452,25459,1
1452,45173,1
1453,1464,1
1453,1488,5
1453,1489,1
1453,1491,1
1453,1531,2
1453,1555,2
1453,1571,2
1453,1600,1
1453,1615,1
1453,1617,2
1453,1635,2
1453,1722,1
1453,1730,1
1453,1762,8
1453,1789,1
1453,1821,1
1453,1828,1
1453,1835,1
1453,1840,1
1453,1844,2
1453,1847,2
1453,1881,1
1453,1945,1
1453,1957,2
1453,2007,2
1453,2008,1
1453,2022,1
1453,2026,2
1453,2032,1
1453,2112,1
1453,3013,1
1453,3307,1
1453,3374,1
1453,3484,3
1453,3505,1
1453,3590,1
1453,3591,1
1453,3718,1
1453,3736,2
1453,3739,1
1453,3941,1
1453,3997,2
1453,4001,4
1453,4207,1
1453,7011,2
1453,7053,2
1453,7059,3
1453,7097,2
1453,7099,1
1453,7121,1
1453,7126,1
1453,7239,2
1453,7240,1
1453,7288,1
1453,7308,3
1453,7323,2
1453,7391,1
1453,8001,1
1453,8016,1
1453,8033,1
1453,8109,1
1453,8116,2
1453,8165,2
1453,10178,1
1453,10226,1
1453,10565,1
1453,10566,2
1453,11135,1
1453,11247,1
1453,11337,1
1453,11578,1
1453,12319,1
1453,13243,1
1453,13378,1
1453,13612,1
1453,13810,1
1453,14043,1
1453,14074,1
1453,15849,1
1453,16173,1
1453,16667,3
1453,17517,2
1453,18268,1
1453,18644,1
1453,19123,1
1453,19611,1
1453,19699,2
1453,20849,1
1453,21169,1
1453,21429,1
1453,22199,1
1453,22865,1
1453,25459,1
1453,26949,1
1453,27078,2
1453,27761,2
1453,27762,1
1453,37916,1
1453,40169,1
1453,40408,1
1453,42396,1
1453,42415,1
1453,42652,1
1453,45682,1
1453,45771,1
1453,47517,1
1455,1464,1
1455,1488,2
1455,1489,1
1455,1558,2
1455,1571,1
1455,1617,2
1455,1635,1
1455,1722,1
1455,1730,2
1455,1762,1
1455,1828,1
1455,1847,1
1455,1877,1
1455,1881,1
1455,1895,1
1455,1967,1
1455,2036,1
1455,2123,1
1455,3012,1
1455,3484,1
1455,3528,1
1455,3829,1
1455,3941,1
1455,4001,2
1455,4124,1
1455,7053,1
1455,7059,1
1455,7068,1
1455,7108,1
1455,7239,1
1455,7308,1
1455,8006,1
1455,8116,1
1455,8153,1
1455,8165,1
1455,10566,1
1455,10681,1
1455,12319,1
1455,13810,1
1455,14043,1
1455,14386,1
1455,16173,1
1455,18268,1
1455,18731,1
1455,18734,1
1455,18735,1
1455,20604,1
1455,21274,1
1455,21796,1
1455,22072,1
1455,27007,1
1455,27761,1
1455,40998,1
1455,45685,1
1455,45753,1
1455,46966,1
1464,1488,2
1464,1489,1
1464,1555,1
1464,1558,2
1464,1571,2
1464,1595,1
1464,1615,1
1464,1617,3
1464,1635,2
1464,1661,1
1464,1722,3
1464,1730,5
1464,1732,1
1464,1762,5
1464,1776,1
1464,1828,2
1464,1829,1
1464,1847,1
1464,1877,2
1464,1881,2
1464,1885,1
1464,1895,1
1464,1967,1
1464,2032,1
1464,2036,1
1464,2112,1
1464,2123,1
1464,3107,1
1464,3273,1
1464,3484,1
1464,3528,1
1464,3709,1
1464,3829,1
1464,3941,2
1464,3997,1
1464,4001,2
1464,4124,2
1464,7059,1
1464,7068,2
1464,7097,1
1464,7108,1
1464,7214,1
1464,7239,1
1464,7240,1
1464,7308,1
1464,8006,1
1464,8016,1
1464,8049,1
1464,8072,1
1464,8109,1
1464,8116,2
1464,8153,1
1464,8165,2
1464,10566,2
1464,10681,1
1464,11612,1
1464,11650,1
1464,11753,1
1464,12319,3
1464,12941,1
1464,13243,1
1464,13360,1
1464,14043,2
1464,14386,1
1464,15501,1
1464,15598,1
1464,16098,1
1464,16173,1
1464,16667,1
1464,16745,2
1464,17355,1
1464,18246,1
1464,18257,1
1464,18268,1
1464,18574,1
1464,18731,1
1464,18734,1
1464,18735,1
1464,19149,1
1464,19832,1
1464,20221,3
1464,20268,1
1464,20604,1
1464,21237,1
1464,21274,2
1464,21637,1
1464,21796,1
1464,26373,1
1464,26376,1
1464,27007,1
1464,27761,2
1464,39847,1
1464,40998,1
1464,41028,1
1464,45685,2
1464,45753,1
1464,45885,1
1464,46425,1
1464,46702,1
1464,46966,1
1464,49672,1
1464,54942,1
1486,1488,5
1486,1555,1
1486,1558,1
1486,1571,1
1486,1615,1
1486,1762,3
1486,1835,1
1486,1844,1
1486,1847,1
1486,2022,1
1486,2082,1
1486,2123,1
1486,3484,1
1486,3700,2
1486,3718,1
1486,3739,1
1486,3977,1
1486,4001,2
1486,4175,1
1486,7053,1
1486,7063,1
1486,7070,1
1486,7109,1
1486,7308,1
1486,7317,1
1486,8165,1
1486,11135,1
1486,12025,1
1486,13378,1
1486,13972,1
1486,17743,1
1486,19149,1
1486,20221,1
1486,21226,1
1486,21796,1
1486,22403,1
1486,26373,1
1488,1489,2
1488,1490,1
1488,1491,2
1488,1496,1
1488,1531,1
1488,1538,2
1488,1555,5
1488,1558,12
1488,1571,7
1488,1591,1
1488,1595,2
1488,1600,2
1488,1602,1
1488,1615,2
1488,1617,7
1488,1634,2
1488,1635,4
1488,1653,1
1488,1661,5
1488,1662,2
1488,1668,2
1488,1719,1
1488,1722,3
1488,1730,16
1488,1732,1
1488,1762,55
1488,1765,1
1488,1767,3
1488,1789,2
1488,1804,2
1488,1807,2
1488,1820,1
1488,1821,1
1488,1828,3
1488,1840,2
1488,1844,4
1488,1846,1
1488,1847,10
1488,1852,1
1488,1867,1
1488,1872,3
1488,1875,1
1488,1877,3
1488,1881,5
1488,1882,1
1488,1883,1
1488,1885,1
1488,1891,1
1488,1895,1
1488,1903,1
1488,1924,1
1488,1932,2
1488,1945,1
1488,1952,1
1488,1954,1
1488,1955,3
1488,1957,2
1488,1967,2
1488,1996,3
1488,2001,1
1488,2007,3
1488,2014,3
1488,2022,14
1488,2026,2
1488,2032,5
1488,2034,1
1488,2036,2
1488,2058,3
1488,2074,1
1488,2081,2
1488,2082,1
1488,2112,4
1488,2123,3
1488,3012,2
1488,3013,1
1488,3033,1
1488,3047,2
1488,3080,1
1488,3088,1
1488,3090,1
1488,3107,1
1488,3273,1
1488,3307,3
1488,3313,1
1488,3321,1
1488,3325,1
1488,3331,1
1488,3351,1
1488,3364,2
1488,3381,1
1488,3388,1
1488,3395,2
1488,3450,1
1488,3451,1
1488,3484,7
1488,3501,3
1488,3502,2
1488,3505,1
1488,3522,1
1488,3525,1
1488,3528,2
1488,3591,3
1488,3596,2
1488,3615,1
1488,3634,1
1488,3700,2
1488,3709,1
1488,3718,18
1488,3735,1
1488,3739,1
1488,3759,1
1488,3829,1
1488,3915,1
1488,3933,3
1488,3941,3
1488,3944,1
1488,3957,1
1488,3977,2
1488,3997,3
1488,4001,33
1488,4043,1
1488,4056,1
1488,4112,1
1488,4124,1
1488,4153,1
1488,4175,1
1488,4207,2
1488,7053,4
1488,7059,8
1488,7063,2
1488,7068,2
1488,7070,2
1488,7097,9
1488,7099,2
1488,7108,1
1488,7109,1
1488,7126,3
1488,7161,4
1488,7179,2
1488,7186,1
1488,7214,1
1488,7239,5
1488,7240,2
1488,7279,2
1488,7288,2
1488,7308,4
1488,7317,1
1488,7323,1
1488,7358,1
1488,7365,1
1488,7391,4
1488,7397,2
1488,7411,1
1488,8001,2
1488,8006,1
1488,8012,1
1488,8016,4
1488,8033,1
1488,8049,4
1488,8057,2
1488,8071,1
1488,8072,3
1488,8090,1
1488,8093,1
1488,8104,1
1488,8109,3
1488,8116,15
1488,8153,6
1488,8160,1
1488,8165,3
1488,10061,3
1488,10178,1
1488,10226,1
1488,10231,1
1488,10242,1
1488,10304,2
1488,10438,1
1488,10565,8
1488,10566,13
1488,10681,1
1488,10759,1
1488,10831,2
1488,10890,1
1488,10892,4
1488,10895,2
1488,10902,1
1488,11062,1
1488,11135,4
1488,11247,2
1488,11337,1
1488,11372,3
1488,11404,1
1488,11450,3
1488,11578,1
1488,11701,1
1488,11800,4
1488,12013,1
1488,12025,1
1488,12053,1
1488,12072,2
1488,12134,2
1488,12319,12
1488,12890,2
1488,12951,1
1488,12978,1
1488,13105,1
1488,13258,1
1488,13279,3
1488,13360,1
1488,13378,8
1488,13477,5
1488,13513,1
1488,13518,1
1488,13583,1
1488,13612,3
1488,13674,1
1488,13712,1
1488,13809,1
1488,13810,6
1488,13845,1
1488,13855,1
1488,13940,1
1488,13972,1
1488,14043,2
1488,14074,2
1488,14103,4
1488,14209,2
1488,14223,1
1488,14224,1
1488,14310,2
1488,14386,1
1488,14445,1
1488,14650,1
1488,14834,1
1488,14858,1
1488,14903,1
1488,14913,1
1488,14973,5
1488,15155,2
1488,15218,1
1488,15316,1
1488,15460,1
1488,15501,4
1488,15598,2
1488,15751,1
1488,15760,1
1488,15791,1
1488,15884,2
1488,16040,1
1488,16098,1
1488,16173,3
1488,16239,1
1488,16302,1
1488,16504,3
1488,16667,3
1488,16720,3
1488,16745,5
1488,16783,3
1488,16877,3
1488,17100,1
1488,17102,1
1488,17517,2
1488,17724,1
1488,17730,1
1488,17743,1
1488,18223,1
1488,18257,1
1488,18268,2
1488,18365,1
1488,18395,1
1488,18399,1
1488,18480,1
1488,18588,2
1488,18644,1
1488,18684,1
1488,18731,1
1488,18734,1
1488,18735,1
1488,18889,1
1488,18946,1
1488,18954,1
1488,19098,1
1488,19123,7
1488,19149,4
1488,19155,1
1488,19322,1
1488,19424,1
1488,19586,1
1488,19597,2
1488,19611,2
1488,19668,1
1488,19699,6
1488,19735,1
1488,19806,1
1488,19832,1
1488,19880,2
1488,19915,1
1488,19947,1
1488,20221,5
1488,20268,1
1488,20276,1
1488,20498,1
1488,20604,1
1488,20849,1
1488,20932,1
1488,21226,3
1488,21274,2
1488,21429,1
1488,21561,1
1488,21569,1
1488,21610,1
1488,21679,1
1488,21721,1
1488,21796,2
1488,22000,1
1488,22047,1
1488,22101,1
1488,22199,1
1488,22236,1
1488,22250,2
1488,22350,3
1488,22403,1
1488,22849,7
1488,23850,1
1488,24324,1
1488,24380,1
1488,24710,2
1488,24894,1
1488,24956,1
1488,24988,1
1488,25209,1
1488,25459,3
1488,25535,2
1488,26151,2
1488,26369,1
1488,26373,2
1488,26428,1
1488,26456,1
1488,26611,2
1488,26766,1
1488,27007,1
1488,27041,1
1488,27078,2
1488,27391,2
1488,27761,7
1488,27762,1
1488,29291,1
1488,30231,1
1488,34020,1
1488,34100,1
1488,35224,2
1488,35616,1
1488,37743,1
1488,38004,1
1488,38219,1
1488,38648,1
1488,38712,1
1488,39847,2
1488,39869,1
1488,39948,1
1488,40169,1
1488,40287,1
1488,40394,1
1488,40396,1
1488,40916,2
1488,40928,1
1488,40998,1
1488,41028,2
1488,41532,1
1488,42063,1
1488,42321,1
1488,42396,1
1488,42666,1
1488,42675,1
1488,42790,2
1488,43094,1
1488,43110,1
1488,43485,1
1488,43532,3
1488,44303,1
1488,44372,1
1488,44584,3
1488,45554,1
1488,45682,1
1488,45685,2
1488,45753,2
1488,45771,1
1488,46425,1
1488,46608,1
1488,46642,1
1488,46872,1
1488,46966,1
1488,47148,1
1488,47457,1
1488,47470,1
1488,47673,1
1488,48157,1
1488,49974,1
1488,50221,1
1488,50223,1
1488,50230,1
1488,50807,1
1488,50850,1
1488,50865,1
1488,51114,1
1488,52136,1
1488,52268,1
1488,52303,1
1488,52545,1
1488,52842,1
1488,54942,1
1488,95738,1
1488,102628,1
1488,105210,1
1488,105289,1
1488,106263,2
1488,106333,1
1488,109317,1
1488,109504,1
1488,109812,1
1488,110845,1
1488,111525,1
1488,112150,1
1488,112837,1
1488,112971,1
1488,114192,1
1488,116823,1
1488,117031,1
1488,339480,1
1489,1531,1
1489,1558,1
1489,1571,2
1489,1617,2
1489,1635,2
1489,1722,2
1489,1730,1
1489,1762,1
1489,1828,1
1489,1844,1
1489,1847,2
1489,1877,1
1489,1881,1
1489,1895,1
1489,1957,1
1489,1967,1
1489,2007,1
1489,2026,1
1489,2032,1
1489,2036,1
1489,2112,1
1489,2123,1
1489,3013,1
1489,3307,1
1489,3484,2
1489,3505,1
1489,3528,1
1489,3739,1
1489,3829,1
1489,3941,2
1489,4001,2
1489,4124,1
1489,7053,1
1489,7059,1
1489,7068,1
1489,7099,1
1489,7108,1
1489,7239,2
1489,7240,1
1489,7308,1
1489,7323,1
1489,8006,1
1489,8016,1
1489,8033,1
1489,8109,1
1489,8116,1
1489,8153,1
1489,8165,1
1489,10178,1
1489,10565,1
1489,10566,2
1489,10681,1
1489,11135,1
1489,11247,1
1489,11337,1
1489,12319,3
1489,13378,1
1489,14043,1
1489,14074,1
1489,14386,1
1489,16173,2
1489,16667,1
1489,17517,1
1489,18268,2
1489,18644,1
1489,18731,1
1489,18734,1
1489,18735,1
1489,19611,1
1489,20604,1
1489,20849,1
1489,21274,1
1489,21429,1
1489,21796,1
1489,22199,1
1489,25459,1
1489,27007,1
1489,27078,1
1489,27761,1
1489,27762,1
1489,40169,1
1489,40998,1
1489,42396,1
1489,45682,1
1489,45685,1
1489,45753,1
1489,45771,1
1489,46966,1
1490,1497,1
1490,1501,1
1490,1502,1
1490,1730,2
1490,1732,1
1490,1762,1
1490,1881,1
1490,3997,1
1490,4001,1
1490,7097,1
1490,8016,1
1490,8049,4
1490,8153,2
1490,10681,1
1490,19123,1
1490,19267,1
1490,27057,1
1491,1496,2
1491,1538,1
1491,1555,1
1491,1615,1
1491,1635,1
1491,1661,1
1491,1762,2
1491,1767,1
1491,1789,1
1491,1821,1
1491,1828,1
1491,1840,1
1491,1881,1
1491,1967,1
1491,2007,1
1491,2014,1
1491,2026,1
1491,2032,1
1491,3484,1
1491,3591,1
1491,3997,1
1491,4001,2
1491,7059,1
1491,7097,1
1491,7126,1
1491,7308,1
1491,8116,1
1491,8153,1
1491,10226,1
1491,13612,2
1491,15501,1
1491,16667,1
1491,19123,1
1491,19178,7
1491,19699,1
1491,27761,1
1491,41028,1
1491,101516,1
1496,1538,1
1496,1661,1
1496,1762,2
1496,1807,1
1496,1813,1
1496,1852,1
1496,1872,1
1496,1875,1
1496,1884,1
1496,1908,1
1496,1932,1
1496,1996,1
1496,2014,1
1496,2022,1
1496,2026,1
1496,2032,1
1496,2074,1
1496,4001,1
1496,7046,1
1496,7097,1
1496,8104,1
1496,10565,1
1496,10759,1
1496,11450,1
1496,13477,1
1496,13612,1
1496,14445,1
1496,15501,1
1496,19123,1
1496,19178,1
1496,19699,1
1496,21721,1
1496,22000,1
1496,22849,2
1496,24739,1
1496,41028,1
1496,61632,1
1497,1501,1
1497,8153,1
1501,8153,1
1502,1558,1
1502,1730,1
1502,1732,1
1502,1762,1
1502,1945,1
1502,1949,1
1502,2112,1
1502,3957,1
1502,4001,1
1502,7011,1
1502,7097,1
1502,7317,1
1502,7336,1
1502,7390,1
1502,8049,1
1502,8116,1
1502,10681,2
1502,26373,1
1502,27057,1
1510,1762,2
1531,1555,1
1531,1571,2
1531,1617,2
1531,1635,1
1531,1722,1
1531,1730,1
1531,1732,1
1531,1762,4
1531,1835,1
1531,1844,1
1531,1847,1
1531,1881,1
1531,1957,1
1531,2007,1
1531,2026,1
1531,2032,1
1531,2112,1
1531,3013,1
1531,3307,1
1531,3374,1
1531,3484,1
1531,3505,2
1531,3590,1
1531,3739,1
1531,3941,1
1531,4001,1
1531,7053,1
1531,7099,1
1531,7121,1
1531,7239,1
1531,7240,1
1531,7288,1
1531,7323,2
1531,8016,1
1531,8033,1
1531,8109,1
1531,10178,1
1531,10565,1
1531,10566,2
1531,11135,2
1531,11247,1
1531,11337,1
1531,12319,1
1531,12323,1
1531,13378,1
1531,14043,1
1531,14074,1
1531,15849,1
1531,16173,1
1531,16667,2
1531,17517,1
1531,18268,1
1531,18644,1
1531,19123,1
1531,19611,1
1531,20849,1
1531,21429,1
1531,22199,1
1531,22865,1
1531,25459,1
1531,27057,1
1531,27078,2
1531,27762,1
1531,37610,1
1531,37916,1
1531,40169,1
1531,40408,1
1531,42396,1
1531,42415,1
1531,42652,1
1531,45682,1
1531,45771,1
1531,47517,1
1532,7308,1
1537,3351,1
1537,3461,1
1537,3484,1
1537,4067,1
1537,7323,1
1537,18655,1
1537,27005,1
1537,27007,1
1537,27019,1
1538,1661,1
1538,1762,2
1538,1847,1
1538,2014,1
1538,2026,1
1538,2032,1
1538,3718,1
1538,4001,2
1538,7097,1
1538,11135,1
1538,13612,1
1538,15501,1
1538,19123,1
1538,41028,1
1552,1558,1
1552,1828,1
1552,3977,1
1555,1558,1
1555,1571,2
1555,1615,1
1555,1617,2
1555,1635,2
1555,1661,1
1555,1662,1
1555,1722,1
1555,1730,3
1555,1762,4
1555,1789,1
1555,1821,1
1555,1828,1
1555,1829,1
1555,1835,1
1555,1840,1
1555,1881,1
1555,1885,1
1555,2007,1
1555,2022,1
1555,2032,2
1555,2112,1
1555,3313,1
1555,3374,1
1555,3484,3
1555,3590,1
1555,3591,1
1555,3709,1
1555,3718,1
1555,3977,1
1555,3997,2
1555,4001,3
1555,4112,1
1555,7059,1
1555,7063,1
1555,7070,2
1555,7121,1
1555,7126,1
1555,7239,2
1555,7240,1
1555,7288,1
1555,7308,2
1555,7323,1
1555,7397,2
1555,8016,1
1555,8072,1
1555,8116,2
1555,10226,1
1555,11135,1
1555,11612,1
1555,11800,1
1555,12025,1
1555,12941,1
1555,13360,1
1555,13612,1
1555,14043,1
1555,14973,1
1555,15849,1
1555,16667,3
1555,16745,3
1555,18246,1
1555,18574,1
1555,19149,1
1555,19699,1
1555,21237,1
1555,21637,1
1555,21796,1
1555,22403,1
1555,22865,1
1555,24894,1
1555,26373,1
1555,26376,1
1555,26456,1
1555,27078,1
1555,27761,2
1555,37916,1
1555,40408,1
1555,42415,1
1555,42652,1
1555,45885,1
1555,46425,1
1555,47517,1
1555,52268,1
1558,1571,2
1558,1595,2
1558,1615,1
1558,1617,1
1558,1634,2
1558,1635,1
1558,1653,1
1558,1661,2
1558,1662,1
1558,1668,1
1558,1695,1
1558,1696,1
1558,1698,1
1558,1722,1
1558,1730,4
1558,1762,16
1558,1773,1
1558,1776,1
1558,1777,1
1558,1821,1
1558,1824,1
1558,1828,2
1558,1844,1
1558,1847,5
1558,1877,2
1558,1881,4
1558,1885,1
1558,1895,1
1558,1903,1
1558,1967,1
1558,2007,1
1558,2036,2
1558,2074,1
1558,2112,1
1558,2123,2
1558,3107,2
1558,3180,1
1558,3313,1
1558,3321,1
1558,3325,1
1558,3364,1
1558,3484,2
1558,3502,2
1558,3504,1
1558,3505,2
1558,3528,1
1558,3634,1
1558,3700,1
1558,3718,2
1558,3829,1
1558,3915,1
1558,3933,1
1558,3941,1
1558,3957,2
1558,3997,1
1558,4001,9
1558,4124,1
1558,4153,1
1558,4207,1
1558,7053,2
1558,7059,2
1558,7068,2
1558,7070,1
1558,7097,5
1558,7099,1
1558,7108,1
1558,7126,1
1558,7161,1
1558,7186,2
1558,7239,2
1558,7308,2
1558,7328,1
1558,7358,1
1558,8006,1
1558,8012,2
1558,8016,1
1558,8033,1
1558,8049,3
1558,8090,1
1558,8116,10
1558,8150,1
1558,8153,4
1558,8165,1
1558,10304,1
1558,10565,1
1558,10566,3
1558,10681,2
1558,11372,1
1558,11701,1
1558,11753,1
1558,12025,1
1558,12134,2
1558,12319,6
1558,12681,1
1558,12941,1
1558,13279,2
1558,13378,2
1558,13477,3
1558,13573,1
1558,13583,1
1558,13612,1
1558,13810,1
1558,13940,1
1558,13963,1
1558,13972,1
1558,14043,1
1558,14074,2
1558,14386,1
1558,15751,1
1558,15884,1
1558,16173,1
1558,16302,1
1558,16783,2
1558,16877,1
1558,17517,1
1558,17724,1
1558,17730,2
1558,17743,1
1558,18268,1
1558,18365,1
1558,18588,2
1558,18731,1
1558,18734,1
1558,18735,1
1558,19123,1
1558,19149,2
1558,19289,1
1558,19597,1
1558,19611,1
1558,19699,1
1558,20221,4
1558,20498,1
1558,20604,1
1558,21274,1
1558,21679,1
1558,21796,2
1558,22236,2
1558,22403,1
1558,22849,1
1558,25322,1
1558,26373,2
1558,26611,1
1558,27007,1
1558,27057,1
1558,27761,3
1558,33311,1
1558,35616,1
1558,38331,1
1558,39847,1
1558,40396,1
1558,40998,1
1558,41028,1
1558,42805,1
1558,43532,1
1558,44372,1
1558,45685,1
1558,45753,1
1558,45816,1
1558,46425,1
1558,46642,1
1558,46966,1
1558,50807,1
1558,50850,1
1558,51873,1
1558,52462,1
1558,52545,1
1558,570923,1
1558,696581,1
1558,696583,1
1558,697054,1
1571,1595,1
1571,1615,1
1571,1617,3
1571,1635,4
1571,1661,1
1571,1722,3
1571,1730,5
1571,1762,6
1571,1767,1
1571,1789,1
1571,1828,1
1571,1829,1
1571,1835,2
1571,1844,2
1571,1847,5
1571,1867,1
1571,1877,1
1571,1881,1
1571,1885,1
1571,1895,1
1571,1957,1
1571,1967,1
1571,1996,1
1571,2007,1
1571,2022,1
1571,2026,1
1571,2032,2
1571,2036,1
1571,2081,1
1571,2082,1
1571,2112,3
1571,2123,2
1571,3012,1
1571,3013,1
1571,3088,1
1571,3307,1
1571,3374,1
1571,3381,1
1571,3484,2
1571,3505,1
1571,3525,1
1571,3528,1
1571,3590,1
1571,3591,2
1571,3596,1
1571,3638,1
1571,3700,1
1571,3709,2
1571,3718,2
1571,3739,1
1571,3829,1
1571,3838,1
1571,3908,1
1571,3915,1
1571,3941,2
1571,3977,2
1571,3997,2
1571,4001,4
1571,4124,1
1571,4175,1
1571,7053,2
1571,7059,2
1571,7068,1
1571,7097,1
1571,7099,1
1571,7108,1
1571,7109,1
1571,7121,1
1571,7239,2
1571,7240,1
1571,7288,1
1571,7308,1
1571,7323,2
1571,7391,1
1571,8001,1
1571,8006,1
1571,8016,1
1571,8033,1
1571,8109,1
1571,8116,2
1571,8153,1
1571,8165,3
1571,10178,1
1571,10242,1
1571,10565,1
1571,10566,2
1571,10681,1
1571,10831,1
1571,10892,2
1571,10895,2
1571,10902,1
1571,11062,1
1571,11135,2
1571,11247,1
1571,11337,1
1571,11578,1
1571,11605,1
1571,11612,1
1571,12053,1
1571,12072,1
1571,12319,3
1571,12890,1
1571,12941,2
1571,13258,1
1571,13360,1
1571,13378,2
1571,13513,1
1571,13518,1
1571,13809,2
1571,13810,1
1571,13845,1
1571,13855,1
1571,14043,2
1571,14074,1
1571,14209,1
1571,14386,1
1571,14834,1
1571,14858,1
1571,15155,1
1571,15353,1
1571,15501,1
1571,15849,1
1571,16040,1
1571,16173,2
1571,16667,3
1571,16720,1
1571,17517,1
1571,17743,1
1571,18246,1
1571,18268,2
1571,18395,1
1571,18399,1
1571,18574,1
1571,18644,1
1571,18731,1
1571,18734,1
1571,18735,1
1571,18889,1
1571,18954,1
1571,19149,1
1571,19611,1
1571,20221,1
1571,20276,1
1571,20604,1
1571,20849,1
1571,20932,1
1571,21226,1
1571,21237,1
1571,21274,1
1571,21429,1
1571,21637,1
1571,21796,1
1571,22199,1
1571,22865,1
1571,24324,1
1571,24710,2
1571,24988,1
1571,25459,2
1571,26373,1
1571,26376,1
1571,26428,1
1571,27007,1
1571,27078,2
1571,27761,1
1571,27762,1
1571,31407,1
1571,34020,1
1571,34100,1
1571,37916,1
1571,38004,1
1571,38648,1
1571,39869,1
1571,40169,1
1571,40287,1
1571,40408,1
1571,40916,1
1571,40998,1
1571,42396,1
1571,42415,1
1571,42652,1
1571,42675,1
1571,43485,1
1571,44584,1
1571,45682,1
1571,45685,1
1571,45753,2
1571,45771,1
1571,45885,1
1571,46425,1
1571,46608,1
1571,46966,1
1571,47517,1
1571,48157,1
1571,50865,1
1571,92921,1
1591,1762,1
1591,1936,1
1591,2022,1
1591,3718,1
1591,4001,1
1591,7097,1
1591,7179,1
1591,8116,1
1591,10061,1
1591,10304,1
1591,10565,1
1591,10566,1
1591,10831,1
1591,10890,1
1591,10892,1
1591,11372,1
1591,11404,1
1591,11450,1
1591,11800,2
1591,12053,1
1591,12978,1
1591,13279,1
1591,13477,1
1591,13810,1
1591,14103,1
1591,14445,1
1591,14821,1
1591,14913,1
1591,14973,1
1591,15431,1
1591,15501,1
1591,15806,1
1591,16504,2
1591,16720,1
1591,17100,1
1591,18480,1
1591,19322,1
1591,19597,1
1591,25209,1
1591,26151,1
1591,38648,1
1591,40928,1
1591,42063,1
1591,49974,1
1595,1695,1
1595,1696,1
1595,1698,1
1595,1730,2
1595,1762,6
1595,1767,1
1595,1776,1
1595,1828,1
1595,2007,1
1595,3107,1
1595,3381,1
1595,3461,1
1595,3484,2
1595,3525,1
1595,3591,1
1595,3596,1
1595,3874,1
1595,3941,1
1595,3997,1
1595,4124,1
1595,4165,1
1595,7011,1
1595,7059,1
1595,7109,1
1595,7288,1
1595,8116,1
1595,10242,1
1595,10565,2
1595,10566,1
1595,10892,1
1595,10895,1
1595,10902,1
1595,11135,1
1595,11384,1
1595,11547,1
1595,11578,1
1595,11753,1
1595,12019,1
1595,12030,1
1595,12053,1
1595,12319,2
1595,12324,1
1595,12681,1
1595,12890,1
1595,12951,1
1595,13809,1
1595,14858,1
1595,15501,1
1595,16720,1
1595,17872,1
1595,18889,1
1595,19098,1
1595,20221,2
1595,21679,1
1595,24380,1
1595,24710,1
1595,25459,1
1595,25709,1
1595,26373,1
1595,37597,1
1595,38004,1
1595,39869,1
1595,42675,1
1595,43485,1
1595,44294,1
1595,44584,1
1595,48157,1
1595,50865,1
1600,3090,1
1600,7109,1
1600,14310,1
1602,1847,1
1602,1872,1
1602,7365,1
1602,10061,1
1602,10438,1
1602,15791,1
1602,16504,1
1608,3830,1
1608,13612,1
1608,17517,1
1615,1617,1
1615,1635,1
1615,1661,1
1615,1722,1
1615,1730,1
1615,1732,1
1615,1750,1
1615,1762,4
1615,1777,1
1615,1789,1
1615,1821,1
1615,1828,1
1615,1835,1
1615,1840,1
1615,1844,1
1615,1847,1
1615,1881,1
1615,1885,1
1615,2007,1
1615,2008,1
1615,2015,1
1615,2022,1
1615,2082,1
1615,2123,1
1615,3273,1
1615,3484,1
1615,3591,1
1615,3700,1
1615,3718,1
1615,3941,1
1615,3977,1
1615,3997,3
1615,4001,3
1615,4175,1
1615,4207,1
1615,7042,1
1615,7053,2
1615,7059,1
1615,7068,1
1615,7097,2
1615,7109,1
1615,7126,1
1615,7214,1
1615,7308,1
1615,8016,1
1615,8049,1
1615,8072,2
1615,8075,1
1615,8109,1
1615,8116,3
1615,8153,1
1615,8165,1
1615,10226,1
1615,10566,1
1615,11135,1
1615,11800,1
1615,12319,1
1615,12941,1
1615,12944,1
1615,13312,1
1615,13612,1
1615,14043,1
1615,15598,1
1615,16098,1
1615,16667,1
1615,16745,1
1615,17743,1
1615,17879,1
1615,18257,1
1615,19149,2
1615,19699,1
1615,19832,1
1615,20221,2
1615,20268,1
1615,21226,1
1615,21629,1
1615,22072,1
1615,27761,1
1615,39847,1
1615,41028,1
1615,44637,1
1615,44640,1
1615,44641,1
1615,45685,1
1615,46425,1
1615,46640,1
1615,52462,1
1615,54942,1
1617,1635,2
1617,1661,2
1617,1662,2
1617,1722,3
1617,1730,6
1617,1732,1
1617,1762,6
1617,1828,2
1617,1835,1
1617,1844,1
1617,1847,4
1617,1877,2
1617,1881,3
1617,1895,1
1617,1957,1
1617,1967,3
1617,2007,2
1617,2026,1
1617,2032,2
1617,2036,1
1617,2112,1
1617,2123,2
1617,3012,1
1617,3013,1
1617,3107,1
1617,3180,1
1617,3273,1
1617,3307,1
1617,3313,1
1617,3374,1
1617,3484,3
1617,3505,1
1617,3528,2
1617,3590,1
1617,3718,1
1617,3739,1
1617,3802,1
1617,3810,1
1617,3829,1
1617,3830,1
1617,3941,3
1617,3977,1
1617,4001,5
1617,4112,1
1617,4124,2
1617,4153,1
1617,7042,1
1617,7053,1
1617,7059,2
1617,7063,1
1617,7068,2
1617,7070,1
1617,7097,1
1617,7099,1
1617,7108,1
1617,7121,1
1617,7161,1
1617,7214,1
1617,7239,3
1617,7240,3
1617,7279,1
1617,7288,1
1617,7308,1
1617,7323,2
1617,7397,1
1617,8006,1
1617,8016,3
1617,8033,1
1617,8049,1
1617,8072,3
1617,8109,2
1617,8116,2
1617,8153,1
1617,8165,2
1617,10178,1
1617,10565,1
1617,10566,3
1617,10681,1
1617,11135,2
1617,11247,1
1617,11337,1
1617,11650,1
1617,11800,1
1617,12319,5
1617,13378,2
1617,14043,3
1617,14074,1
1617,14386,1
1617,14650,1
1617,14973,1
1617,15061,1
1617,15598,1
1617,15849,1
1617,16098,1
1617,16173,2
1617,16667,2
1617,16745,3
1617,16783,1
1617,17355,1
1617,17517,1
1617,18257,1
1617,18268,2
1617,18644,1
1617,18731,1
1617,18734,1
1617,18735,1
1617,19149,1
1617,19289,1
1617,19611,1
1617,19832,1
1617,20221,2
1617,20268,1
1617,20604,1
1617,20849,1
1617,21095,1
1617,21226,1
1617,21274,2
1617,21429,1
1617,21679,1
1617,21796,1
1617,22199,1
1617,22865,1
1617,25459,1
1617,26456,1
1617,27007,1
1617,27078,2
1617,27391,1
1617,27761,2
1617,27762,1
1617,37916,1
1617,38949,1
1617,39847,1
1617,40169,1
1617,40408,1
1617,40998,1
1617,41028,1
1617,42396,1
1617,42415,1
1617,42652,1
1617,44303,1
1617,45682,1
1617,45685,3
1617,45753,1
1617,45771,1
1617,46702,1
1617,46966,1
1617,47517,1
1617,49672,1
1617,50221,1
1617,50223,1
1617,50230,1
1617,52268,1
1617,54942,1
1634,1635,2
1634,1653,1
1634,1661,1
1634,1730,2
1634,1762,4
1634,1828,1
1634,1844,1
1634,1847,1
1634,1877,1
1634,1881,1
1634,3321,1
1634,3325,1
1634,3374,2
1634,3842,2
1634,3957,1
1634,4001,1
1634,4153,1
1634,7239,1
1634,7358,1
1634,8049,1
1634,8116,3
1634,8153,1
1634,11701,1
1634,13612,1
1634,13972,1
1634,15751,1
1634,15884,1
1634,17724,1
1634,17730,1
1634,17743,1
1634,19611,1
1634,20221,1
1634,20498,1
1634,24295,1
1634,27761,1
1634,39847,1
1634,40396,1
1634,41577,1
1634,45771,1
1634,52545,1
1634,699695,1
1635,1722,3
1635,1730,3
1635,1762,4
1635,1789,1
1635,1821,1
1635,1828,2
1635,1829,1
1635,1840,1
1635,1844,1
1635,1847,3
1635,1877,1
1635,1881,2
1635,1885,1
1635,1895,1
1635,1957,1
1635,1967,1
1635,1996,1
1635,2007,2
1635,2026,1
1635,2032,2
1635,2036,1
1635,2112,2
1635,2123,1
1635,3013,1
1635,3088,1
1635,3307,1
1635,3374,1
1635,3484,3
1635,3505,1
1635,3528,1
1635,3591,2
1635,3709,1
1635,3718,1
1635,3739,1
1635,3829,1
1635,3830,1
1635,3842,1
1635,3941,2
1635,3997,2
1635,4001,3
1635,4124,1
1635,7053,1
1635,7059,2
1635,7068,1
1635,7097,1
1635,7099,1
1635,7108,1
1635,7126,1
1635,7239,3
1635,7240,1
1635,7308,2
1635,7323,1
1635,8006,1
1635,8016,1
1635,8033,1
1635,8109,1
1635,8116,2
1635,8153,1
1635,8165,2
1635,10178,1
1635,10226,1
1635,10565,1
1635,10566,2
1635,10681,1
1635,10831,1
1635,10892,1
1635,10895,1
1635,11062,1
1635,11135,1
1635,11247,1
1635,11337,1
1635,11612,1
1635,12072,1
1635,12319,2
1635,12941,1
1635,13258,1
1635,13360,1
1635,13378,1
1635,13612,1
1635,13810,1
1635,13845,1
1635,13855,1
1635,14043,1
1635,14074,1
1635,14386,1
1635,14834,1
1635,16040,1
1635,16173,2
1635,16667,3
1635,17517,1
1635,18246,1
1635,18268,2
1635,18574,1
1635,18644,1
1635,18731,1
1635,18734,1
1635,18735,1
1635,18954,1
1635,19611,1
1635,19699,1
1635,20604,1
1635,20849,1
1635,20932,1
1635,21237,1
1635,21274,1
1635,21429,1
1635,21637,1
1635,21796,1
1635,22199,1
1635,24324,1
1635,24710,1
1635,25459,1
1635,26373,1
1635,26376,1
1635,26428,1
1635,27007,1
1635,27078,1
1635,27761,3
1635,27762,1
1635,38648,1
1635,40169,1
1635,40916,1
1635,40998,1
1635,41577,1
1635,42396,1
1635,45682,1
1635,45685,1
1635,45753,1
1635,45771,1
1635,45885,1
1635,46425,1
1635,46608,1
1635,46966,1
1635,699695,1
1653,1661,5
1653,1730,1
1653,1762,1
1653,1828,1
1653,1844,1
1653,1881,1
1653,2081,1
1653,3856,1
1653,3957,2
1653,4001,1
1653,7069,1
1653,8049,1
1653,8116,1
1653,12110,1
1653,12319,1
1653,12978,1
1653,13612,1
1653,13810,1
1653,15884,1
1653,19611,1
1653,20221,1
1653,20498,1
1653,26151,1
1653,39847,1
1658,1762,2
1658,12104,1
1658,24894,1
1661,1662,1
1661,1668,1
1661,1722,1
1661,1730,4
1661,1732,1
1661,1762,5
1661,1828,1
1661,1844,1
1661,1881,1
1661,2014,1
1661,2026,1
1661,2032,2
1661,2036,1
1661,2081,1
1661,2112,1
1661,3273,1
1661,3364,1
1661,3484,1
1661,3502,1
1661,3638,1
1661,3718,1
1661,3838,1
1661,3856,1
1661,3857,1
1661,3908,1
1661,3933,1
1661,3941,1
1661,3957,2
1661,3977,1
1661,4001,3
1661,4112,1
1661,7053,1
1661,7063,1
1661,7068,1
1661,7070,1
1661,7097,2
1661,7214,1
1661,7239,1
1661,7240,1
1661,7397,1
1661,8016,2
1661,8049,2
1661,8072,2
1661,8090,1
1661,8109,1
1661,8116,3
1661,8153,1
1661,10565,1
1661,10566,2
1661,11135,1
1661,11800,1
1661,12110,2
1661,12134,1
1661,12319,2
1661,12978,1
1661,13279,1
1661,13378,1
1661,13477,1
1661,13612,2
1661,13810,1
1661,13940,1
1661,14043,1
1661,14074,1
1661,14973,1
1661,15501,1
1661,15598,1
1661,15706,2
1661,15884,1
1661,16098,1
1661,16302,1
1661,16745,2
1661,16783,1
1661,17517,1
1661,18257,1
1661,18588,1
1661,19123,2
1661,19149,1
1661,19597,1
1661,19611,1
1661,19699,1
1661,19832,1
1661,20221,2
1661,20268,1
1661,20498,1
1661,22849,1
1661,26151,1
1661,26456,1
1661,26611,1
1661,35616,1
1661,39847,2
1661,41028,2
1661,44372,1
1661,45685,1
1661,50807,1
1661,50850,1
1661,52268,1
1661,54942,1
1662,1762,1
1662,2007,1
1662,2032,1
1662,3107,1
1662,3484,1
1662,3718,1
1662,3957,1
1662,3977,1
1662,4001,2
1662,4112,1
1662,7063,1
1662,7068,1
1662,7070,1
1662,7161,1
1662,7239,1
1662,7240,1
1662,7279,1
1662,7397,1
1662,8016,1
1662,8072,2
1662,8116,1
1662,11135,1
1662,11612,1
1662,11800,1
1662,13048,1
1662,14650,1
1662,14973,1
1662,16745,1
1662,16783,1
1662,21226,1
1662,21679,1
1662,26456,1
1662,44303,1
1662,50221,1
1662,50223,1
1662,50230,1
1662,52268,1
1662,697054,1
1668,1730,2
1668,1762,3
1668,1804,1
1668,1924,1
1668,1932,1
1668,2036,1
1668,2058,2
1668,2112,1
1668,3364,1
1668,3502,1
1668,3533,1
1668,3615,1
1668,3718,2
1668,3933,2
1668,4001,1
1668,4043,1
1668,7053,1
1668,7179,1
1668,8090,1
1668,8093,1
1668,8116,1
1668,8153,1
1668,10565,3
1668,10566,2
1668,10831,1
1668,11450,1
1668,12134,2
1668,12319,3
1668,13279,2
1668,13477,2
1668,13940,1
1668,14074,1
1668,14103,1
1668,14903,1
1668,14913,1
1668,15267,1
1668,16302,2
1668,16720,1
1668,16783,1
1668,17100,1
1668,17517,1
1668,17956,1
1668,18588,1
1668,19123,2
1668,19424,1
1668,19597,2
1668,19699,1
1668,19915,1
1668,19947,1
1668,22849,1
1668,24956,1
1668,25535,1
1668,26611,1
1668,27562,1
1668,27761,1
1668,30231,1
1668,35616,1
1668,42321,1
1668,42790,1
1668,43094,2
1668,43110,1
1668,44372,1
1668,49974,1
1668,50807,1
1668,50850,1
1681,11759,1
1695,1696,1
1695,1698,1
1695,1762,2
1695,2007,2
1695,2081,1
1695,3484,1
1695,3830,1
1695,12681,1
1695,20221,1
1695,21679,1
1695,27334,1
1695,44303,1
1696,1698,1
1696,1762,1
1696,2007,1
1696,3908,2
1696,12681,1
1696,20221,1
1696,21679,1
1696,21685,1
1698,1762,1
1698,2007,1
1698,12681,1
1698,20221,1
1698,21679,1
1719,2022,1
1719,3522,1
1719,22849,1
1719,38219,1
1722,1730,3
1722,1732,1
1722,1762,2
1722,1828,1
1722,1829,1
1722,1844,1
1722,1847,2
1722,1877,1
1722,1881,1
1722,1885,1
1722,1895,1
1722,1957,1
1722,1967,1
1722,2007,1
1722,2026,1
1722,2032,2
1722,2036,1
1722,2112,2
1722,2123,1
1722,3013,1
1722,3273,1
1722,3307,1
1722,3484,2
1722,3505,1
1722,3528,1
1722,3675,1
1722,3709,1
1722,3739,1
1722,3829,1
1722,3941,3
1722,3997,1
1722,4001,2
1722,4124,1
1722,7053,1
1722,7059,1
1722,7068,2
1722,7097,1
1722,7099,1
1722,7108,1
1722,7214,1
1722,7239,2
1722,7240,1
1722,7308,1
1722,7323,1
1722,8006,1
1722,8016,2
1722,8033,1
1722,8049,1
1722,8072,1
1722,8109,2
1722,8116,2
1722,8153,1
1722,8165,1
1722,10178,1
1722,10565,1
1722,10566,3
1722,10681,1
1722,11135,1
1722,11247,1
1722,11337,1
1722,11612,1
1722,12319,3
1722,12941,1
1722,13360,1
1722,13378,1
1722,14043,2
1722,14074,1
1722,14386,1
1722,15598,1
1722,16098,1
1722,16173,2
1722,16667,2
1722,16745,1
1722,17517,1
1722,18246,1
1722,18257,1
1722,18268,2
1722,18574,1
1722,18644,1
1722,18731,1
1722,18734,1
1722,18735,1
1722,19149,1
1722,19611,1
1722,19832,1
1722,20221,1
1722,20268,1
1722,20604,1
1722,20849,1
1722,21237,1
1722,21274,1
1722,21429,1
1722,21637,1
1722,21796,1
1722,22199,1
1722,25459,1
1722,26373,1
1722,26376,1
1722,27007,1
1722,27078,1
1722,27761,1
1722,27762,1
1722,39847,1
1722,40169,1
1722,40998,1
1722,41028,1
1722,42396,1
1722,45682,1
1722,45685,2
1722,45753,1
1722,45771,1
1722,45885,1
1722,46425,1
1722,46966,1
1722,54942,1
1730,1732,2
1730,1762,14
1730,1804,1
1730,1807,1
1730,1828,4
1730,1829,1
1730,1835,1
1730,1844,1
1730,1846,1
1730,1847,5
1730,1852,1
1730,1872,1
1730,1877,3
1730,1881,3
1730,1885,1
1730,1895,1
1730,1924,1
1730,1932,2
1730,1955,1
1730,1967,1
1730,1996,2
1730,2022,4
1730,2032,1
1730,2036,2
1730,2058,2
1730,2112,2
1730,2123,1
1730,3012,1
1730,3088,1
1730,3180,1
1730,3273,1
1730,3313,1
1730,3321,1
1730,3325,1
1730,3364,1
1730,3374,1
1730,3381,1
1730,3461,1
1730,3468,1
1730,3484,2
1730,3502,1
1730,3522,1
1730,3525,2
1730,3528,2
1730,3590,1
1730,3591,2
1730,3596,1
1730,3615,1
1730,3709,2
1730,3718,4
1730,3802,1
1730,3810,1
1730,3829,1
1730,3874,2
1730,3908,1
1730,3933,2
1730,3941,3
1730,3957,3
1730,3997,2
1730,4001,5
1730,4043,1
1730,4124,3
1730,4153,2
1730,4165,1
1730,7042,1
1730,7053,1
1730,7059,2
1730,7068,2
1730,7097,3
1730,7108,1
1730,7121,1
1730,7179,1
1730,7214,1
1730,7239,1
1730,7240,1
1730,7288,1
1730,7308,1
1730,7323,1
1730,7358,1
1730,7411,1
1730,8006,1
1730,8016,2
1730,8049,4
1730,8072,1
1730,8090,1
1730,8093,1
1730,8109,2
1730,8116,10
1730,8153,5
1730,8165,3
1730,10231,1
1730,10242,1
1730,10304,1
1730,10334,1
1730,10565,4
1730,10566,5
1730,10681,2
1730,10831,2
1730,10892,3
1730,10895,2
1730,10902,1
1730,11062,1
1730,11135,1
1730,11372,1
1730,11384,1
1730,11547,1
1730,11578,1
1730,11612,1
1730,11650,1
1730,11701,1
1730,11800,1
1730,12019,1
1730,12030,1
1730,12053,1
1730,12072,1
1730,12134,1
1730,12319,10
1730,12324,1
1730,12890,1
1730,12941,1
1730,12951,1
1730,13105,1
1730,13258,1
1730,13279,1
1730,13360,1
1730,13378,1
1730,13477,3
1730,13612,1
1730,13809,1
1730,13810,1
1730,13845,1
1730,13855,1
1730,13940,1
1730,13972,1
1730,14043,3
1730,14074,1
1730,14103,1
1730,14386,1
1730,14834,1
1730,14858,1
1730,14903,1
1730,15155,1
1730,15501,2
1730,15598,1
1730,15706,1
1730,15751,1
1730,15849,1
1730,15884,1
1730,16040,1
1730,16098,1
1730,16173,1
1730,16302,1
1730,16667,2
1730,16720,2
1730,16745,3
1730,16783,1
1730,17355,1
1730,17517,1
1730,17724,1
1730,17730,1
1730,17743,1
1730,18246,1
1730,18257,1
1730,18268,1
1730,18401,1
1730,18574,1
1730,18588,1
1730,18731,1
1730,18734,1
1730,18735,1
1730,18889,1
1730,18954,1
1730,19123,2
1730,19149,2
1730,19424,1
1730,19597,1
1730,19611,1
1730,19699,4
1730,19832,1
1730,19880,1
1730,19915,1
1730,19947,1
1730,20221,3
1730,20268,1
1730,20498,1
1730,20604,1
1730,20932,1
1730,21237,1
1730,21274,2
1730,21429,1
1730,21637,1
1730,21796,1
1730,22849,2
1730,22865,1
1730,24324,1
1730,24710,2
1730,24894,1
1730,24956,1
1730,25459,1
1730,25535,1
1730,26369,1
1730,26373,1
1730,26376,1
1730,26428,1
1730,26611,1
1730,27007,1
1730,27078,1
1730,27565,1
1730,27761,4
1730,30231,2
1730,35616,1
1730,37597,1
1730,37916,1
1730,38004,1
1730,38648,1
1730,39847,2
1730,39869,1
1730,40396,1
1730,40408,1
1730,40916,1
1730,40998,1
1730,41028,1
1730,41532,1
1730,42321,1
1730,42415,1
1730,42652,1
1730,42666,1
1730,42675,1
1730,42790,1
1730,43094,1
1730,43110,1
1730,43485,1
1730,44372,1
1730,44584,1
1730,45685,2
1730,45753,1
1730,45885,1
1730,46425,1
1730,46608,1
1730,46702,2
1730,46966,1
1730,47517,1
1730,48157,1
1730,49672,1
1730,50807,1
1730,50850,1
1730,50865,1
1730,52545,1
1730,54942,1
1730,339480,1
1732,1762,2
1732,1881,1
1732,3273,1
1732,3505,1
1732,3941,1
1732,7068,1
1732,7097,1
1732,7214,1
1732,8016,1
1732,8049,2
1732,8072,1
1732,8109,1
1732,8116,1
1732,10566,2
1732,10681,1
1732,11135,1
1732,12319,1
1732,12323,1
1732,14043,1
1732,15598,1
1732,16098,1
1732,16745,1
1732,18257,1
1732,19123,1
1732,19149,1
1732,19832,1
1732,20221,1
1732,20268,1
1732,27057,1
1732,37610,1
1732,39847,1
1732,41028,1
1732,45685,1
1732,54942,1
1746,1762,2
1746,2032,1
1746,3718,1
1746,11372,1
1746,12013,1
1750,1777,1
1750,1885,1
1750,44637,1
1750,44640,1
1750,44641,1
1762,1765,1
1762,1767,2
1762,1776,1
1762,1777,1
1762,1789,3
1762,1804,2
1762,1807,1
1762,1814,1
1762,1820,1
1762,1821,1
1762,1828,3
1762,1829,1
1762,1835,2
1762,1840,2
1762,1844,4
1762,1846,1
1762,1847,8
1762,1872,1
1762,1875,1
1762,1877,1
1762,1881,6
1762,1882,1
1762,1891,1
1762,1895,4
1762,1903,1
1762,1924,1
1762,1932,1
1762,1945,1
1762,1949,1
1762,1952,1
1762,1954,1
1762,1957,2
1762,1967,3
1762,1996,1
1762,2007,3
1762,2014,2
1762,2022,12
1762,2026,1
1762,2032,6
1762,2036,3
1762,2058,3
1762,2074,1
1762,2081,1
1762,2082,2
1762,2085,1
1762,2112,6
1762,2123,3
1762,3013,1
1762,3033,2
1762,3047,1
1762,3088,1
1762,3107,2
1762,3114,1
1762,3273,1
1762,3313,2
1762,3351,1
1762,3356,1
1762,3364,4
1762,3374,1
1762,3381,2
1762,3388,1
1762,3395,1
1762,3450,2
1762,3484,8
1762,3501,1
1762,3502,2
1762,3504,2
1762,3505,3
1762,3522,2
1762,3525,1
1762,3528,4
1762,3533,1
1762,3590,1
1762,3591,5
1762,3596,1
1762,3615,1
1762,3634,1
1762,3675,1
1762,3700,1
1762,3709,1
1762,3718,11
1762,3736,1
1762,3739,2
1762,3759,1
1762,3829,2
1762,3830,3
1762,3838,1
1762,3842,1
1762,3857,1
1762,3869,2
1762,3915,2
1762,3933,3
1762,3941,3
1762,3944,1
1762,3957,1
1762,3977,3
1762,3997,5
1762,4001,21
1762,4042,1
1762,4043,1
1762,4112,1
1762,4124,1
1762,4153,2
1762,4175,1
1762,4207,1
1762,7011,1
1762,7034,1
1762,7053,2
1762,7059,13
1762,7063,1
1762,7068,2
1762,7069,1
1762,7070,1
1762,7097,7
1762,7108,1
1762,7109,1
1762,7120,1
1762,7121,1
1762,7126,3
1762,7179,2
1762,7186,1
1762,7214,1
1762,7239,5
1762,7240,3
1762,7272,2
1762,7288,2
1762,7308,3
1762,7317,1
1762,7323,1
1762,7390,2
1762,7391,2
1762,7397,3
1762,7411,1
1762,8006,3
1762,8012,2
1762,8016,4
1762,8049,7
1762,8057,1
1762,8072,2
1762,8074,1
1762,8075,1
1762,8090,3
1762,8093,1
1762,8104,1
1762,8109,2
1762,8116,24
1762,8153,4
1762,8160,1
1762,8165,6
1762,8177,1
1762,10061,1
1762,10164,1
1762,10178,2
1762,10226,1
1762,10231,1
1762,10242,1
1762,10304,1
1762,10565,8
1762,10566,11
1762,10681,1
1762,10831,3
1762,10890,1
1762,10892,4
1762,10895,2
1762,10902,1
1762,11062,1
1762,11135,6
1762,11236,1
1762,11372,4
1762,11404,1
1762,11450,4
1762,11578,2
1762,11753,2
1762,11800,2
1762,12013,2
1762,12053,2
1762,12072,1
1762,12104,1
1762,12134,3
1762,12319,12
1762,12323,1
1762,12477,1
1762,12681,1
1762,12890,1
1762,12941,1
1762,12951,1
1762,12978,1
1762,13105,1
1762,13243,1
1762,13258,1
1762,13279,5
1762,13360,1
1762,13376,2
1762,13378,8
1762,13477,4
1762,13612,3
1762,13809,1
1762,13810,5
1762,13845,1
1762,13855,1
1762,13940,2
1762,14043,3
1762,14074,1
1762,14103,4
1762,14386,1
1762,14445,1
1762,14834,1
1762,14858,1
1762,14903,1
1762,14913,2
1762,14973,3
1762,15061,1
1762,15155,1
1762,15192,1
1762,15289,1
1762,15501,4
1762,15598,1
1762,15706,1
1762,15752,1
1762,15773,1
1762,15849,1
1762,15883,1
1762,15884,2
1762,15940,1
1762,16040,1
1762,16098,1
1762,16173,3
1762,16302,3
1762,16330,1
1762,16333,1
1762,16504,2
1762,16667,2
1762,16701,1
1762,16720,3
1762,16745,3
1762,16783,2
1762,16877,1
1762,16882,1
1762,17100,3
1762,17517,3
1762,17743,1
1762,17956,1
1762,18165,1
1762,18257,1
1762,18268,1
1762,18365,1
1762,18480,1
1762,18588,2
1762,18644,3
1762,18684,1
1762,18731,1
1762,18734,1
1762,18735,1
1762,18889,2
1762,18946,2
1762,18954,2
1762,19098,1
1762,19123,9
1762,19149,3
1762,19322,1
1762,19424,1
1762,19560,1
1762,19597,3
1762,19611,1
1762,19699,6
1762,19735,1
1762,19832,1
1762,19880,4
1762,19905,1
1762,19915,1
1762,19947,1
1762,20221,7
1762,20268,2
1762,20498,1
1762,20604,1
1762,20853,2
1762,20883,1
1762,20932,1
1762,21095,1
1762,21169,1
1762,21226,1
1762,21274,3
1762,21432,2
1762,21482,1
1762,21561,1
1762,21569,1
1762,21620,1
1762,21679,1
1762,21721,1
1762,21796,1
1762,22199,2
1762,22203,1
1762,22236,1
1762,22250,3
1762,22350,1
1762,22559,1
1762,22560,1
1762,22849,2
1762,22865,1
1762,24324,1
1762,24380,1
1762,24710,2
1762,24894,2
1762,24956,1
1762,25209,1
1762,25459,2
1762,25535,1
1762,25628,1
1762,26151,1
1762,26285,1
1762,26373,1
1762,26376,1
1762,26428,1
1762,26456,1
1762,26611,2
1762,27007,1
1762,27057,1
1762,27078,1
1762,27334,1
1762,27391,1
1762,27562,1
1762,27761,9
1762,27762,2
1762,28058,1
1762,28092,1
1762,28944,1
1762,29291,2
1762,29327,1
1762,30231,1
1762,34020,1
1762,35224,1
1762,35616,1
1762,37610,1
1762,37743,1
1762,37916,1
1762,38004,1
1762,38648,1
1762,38949,1
1762,39458,1
1762,39847,2
1762,39869,1
1762,40394,1
1762,40408,1
1762,40916,1
1762,40928,1
1762,40998,1
1762,41028,2
1762,41312,1
1762,41888,1
1762,42063,2
1762,42321,1
1762,42415,1
1762,42652,1
1762,42675,1
1762,42790,1
1762,43094,3
1762,43110,1
1762,43485,1
1762,43532,2
1762,44303,1
1762,44372,1
1762,44584,2
1762,45173,1
1762,45554,1
1762,45685,3
1762,45753,1
1762,46425,1
1762,46608,1
1762,46642,1
1762,46872,1
1762,46966,1
1762,47148,1
1762,47457,2
1762,47517,1
1762,47673,1
1762,48157,1
1762,48641,1
1762,48675,1
1762,49974,2
1762,50807,1
1762,50850,1
1762,50865,1
1762,51096,1
1762,51114,1
1762,52268,1
1762,52462,1
1762,54942,1
1762,92196,1
1762,92921,1
1762,93797,1
1762,93973,1
1762,104911,1
1762,106227,1
1762,106263,1
1762,106333,1
1762,109317,1
1762,109615,1
1762,112150,1
1762,112971,1
1762,113924,1
1762,114192,1
1762,116823,3
1762,339480,1
1762,512631,1
1762,697054,1
1762,700146,1
1765,1820,1
1765,1881,1
1765,2082,1
1765,3388,1
1765,3944,1
1765,7186,1
1765,19735,1
1765,40394,1
1765,51114,1
1767,1789,1
1767,1847,1
1767,1867,1
1767,1881,1
1767,1952,1
1767,1954,1
1767,1967,1
1767,2081,1
1767,3033,1
1767,3709,1
1767,3977,1
1767,4001,1
1767,7059,1
1767,7288,1
1767,7391,2
1767,8116,4
1767,8153,1
1767,10304,1
1767,10565,2
1767,10566,1
1767,13810,1
1767,14209,1
1767,15155,1
1767,15706,1
1767,18395,1
1767,18399,1
1767,20221,1
1767,22250,1
1767,22350,1
1767,25709,1
1767,26373,1
1767,34020,1
1767,34100,1
1767,44294,1
1767,45753,1
1767,47148,1
1773,1821,1
1773,1903,1
1773,8116,1
1773,8150,3
1776,3107,1
1776,8001,1
1776,11753,1
1776,20221,1
1777,3997,1
1777,7097,1
1777,46425,1
1777,52462,1
1789,1821,1
1789,1828,1
1789,1840,1
1789,1867,1
1789,1881,1
1789,2007,1
1789,2032,1
1789,2081,1
1789,3184,1
1789,3484,1
1789,3501,1
1789,3591,1
1789,3709,1
1789,3997,1
1789,4001,1
1789,7059,1
1789,7126,2
1789,7308,1
1789,7391,1
1789,8116,2
1789,10226,1
1789,13612,1
1789,14209,1
1789,15155,1
1789,16667,1
1789,18395,1
1789,18399,1
1789,19149,1
1789,19699,1
1789,27761,1
1789,34020,1
1789,34100,1
1789,45753,1
1804,1844,2
1804,1891,1
1804,1924,1
1804,1932,1
1804,2058,1
1804,2112,1
1804,3615,1
1804,3718,1
1804,3933,1
1804,3941,1
1804,4001,1
1804,4043,1
1804,7179,1
1804,8093,1
1804,10565,1
1804,10566,1
1804,10831,1
1804,11701,1
1804,12319,1
1804,13378,2
1804,13477,1
1804,14903,1
1804,16720,1
1804,19424,1
1804,19915,1
1804,19947,1
1804,22250,2
1804,24956,1
1804,25535,1
1804,27761,1
1804,30231,1
1804,42321,1
1804,42790,1
1804,43094,1
1804,43110,1
1807,1813,1
1807,1846,1
1807,1852,2
1807,1872,3
1807,1884,1
1807,1908,1
1807,1932,2
1807,1996,2
1807,2022,1
1807,2058,2
1807,2074,1
1807,3933,1
1807,8104,1
1807,10565,2
1807,10759,1
1807,12319,1
1807,13477,2
1807,14103,1
1807,14445,1
1807,22000,1
1807,22849,3
1807,41532,1
1813,1852,1
1813,1872,1
1813,1884,1
1813,1908,1
1813,1932,1
1813,1996,1
1813,2022,1
1813,2074,1
1813,8104,1
1813,10565,1
1813,10759,1
1813,13477,1
1813,14445,1
1813,22000,1
1813,22849,1
1814,12053,1
1820,1822,1
1820,1881,1
1820,2082,1
1820,3388,1
1820,3944,1
1820,7186,1
1820,19735,1
1820,40394,1
1820,51114,1
1821,1828,1
1821,1840,1
1821,1881,1
1821,2007,1
1821,3484,1
1821,3591,1
1821,3997,1
1821,4001,1
1821,7059,1
1821,7126,1
1821,7308,1
1821,8116,2
1821,8150,1
1821,10226,1
1821,12319,1
1821,13378,1
1821,13612,1
1821,16667,1
1821,19699,1
1821,20221,1
1821,27761,1
1824,1885,1
1824,7328,1
1824,8016,1
1824,38331,1
1824,45816,1
1828,1840,1
1828,1844,1
1828,1847,1
1828,1877,4
1828,1881,4
1828,1895,1
1828,1967,1
1828,2007,1
1828,2036,1
1828,2123,1
1828,3461,1
1828,3484,3
1828,3528,1
1828,3591,1
1828,3718,1
1828,3829,1
1828,3874,1
1828,3941,2
1828,3957,1
1828,3977,2
1828,3997,1
1828,4001,3
1828,4124,3
1828,4165,1
1828,7053,1
1828,7059,2
1828,7068,1
1828,7108,1
1828,7126,1
1828,7239,1
1828,7240,1
1828,7308,2
1828,8006,1
1828,8049,1
1828,8116,4
1828,8153,1
1828,8165,1
1828,10226,1
1828,10566,2
1828,10681,1
1828,11135,1
1828,11384,1
1828,11547,1
1828,11650,1
1828,12019,1
1828,12030,1
1828,12319,3
1828,12324,1
1828,12951,1
1828,13612,2
1828,14043,1
1828,14386,1
1828,15884,1
1828,16173,1
1828,16667,1
1828,16745,1
1828,17355,1
1828,18268,1
1828,18731,1
1828,18734,1
1828,18735,1
1828,19611,1
1828,19699,1
1828,20221,2
1828,20498,1
1828,20604,1
1828,21274,2
1828,21796,1
1828,27007,1
1828,27761,2
1828,37597,1
1828,39847,1
1828,40998,1
1828,45685,1
1828,45753,1
1828,46702,1
1828,46966,1
1828,49672,1
1829,1885,1
1829,1948,1
1829,1949,1
1829,1967,1
1829,2032,1
1829,2112,1
1829,3484,1
1829,3709,1
1829,3997,1
1829,11612,1
1829,12941,1
1829,13360,1
1829,15862,1
1829,16667,1
1829,18246,1
1829,18574,1
1829,21237,1
1829,21620,1
1829,21637,1
1829,22072,1
1829,26373,1
1829,26376,1
1829,28058,1
1829,28092,1
1829,37852,1
1829,45885,1
1829,46425,1
1834,7097,1
1834,8153,1
1835,1844,1
1835,1847,1
1835,2022,1
1835,2082,1
1835,2123,1
1835,3374,1
1835,3528,1
1835,3590,1
1835,3700,1
1835,3718,1
1835,3977,1
1835,4001,1
1835,4175,1
1835,7053,1
1835,7109,1
1835,7121,1
1835,7288,1
1835,7323,1
1835,8165,1
1835,11135,1
1835,12319,1
1835,14043,1
1835,15387,1
1835,15849,1
1835,16667,1
1835,17743,1
1835,19149,1
1835,19842,1
1835,20221,1
1835,21226,1
1835,22865,1
1835,27078,1
1835,37916,1
1835,40408,1
1835,42415,1
1835,42652,1
1835,47517,1
1840,1881,2
1840,2007,1
1840,2032,1
1840,3364,1
1840,3484,1
1840,3501,1
1840,3591,1
1840,3997,1
1840,4001,1
1840,7059,1
1840,7126,1
1840,7308,1
1840,8116,1
1840,8160,1
1840,10226,1
1840,10231,1
1840,10565,1
1840,11372,1
1840,12013,1
1840,13612,1
1840,16667,1
1840,18946,1
1840,19699,1
1840,21561,1
1840,27761,1
1840,47457,1
1844,1847,2
1844,1881,1
1844,1895,1
1844,1945,1
1844,1957,1
1844,1967,1
1844,2007,1
1844,2022,2
1844,2026,1
1844,2032,1
1844,2082,1
1844,2112,1
1844,2123,1
1844,3013,1
1844,3307,1
1844,3356,1
1844,3484,2
1844,3505,1
1844,3700,1
1844,3718,2
1844,3739,1
1844,3838,1
1844,3941,2
1844,3957,1
1844,3977,1
1844,3997,1
1844,4001,4
1844,4175,1
1844,7053,2
1844,7059,1
1844,7097,1
1844,7099,1
1844,7109,1
1844,7239,2
1844,7240,1
1844,7323,1
1844,8016,1
1844,8033,1
1844,8049,1
1844,8090,1
1844,8109,1
1844,8116,1
1844,8165,1
1844,10178,1
1844,10565,1
1844,10566,2
1844,11135,2
1844,11247,1
1844,11337,1
1844,11701,1
1844,12319,1
1844,13376,1
1844,13378,2
1844,13612,1
1844,13810,1
1844,14074,1
1844,14973,1
1844,15884,1
1844,16173,1
1844,16667,1
1844,17517,1
1844,17743,1
1844,18268,1
1844,18644,1
1844,19149,2
1844,19611,2
1844,19699,1
1844,20221,2
1844,20498,1
1844,20849,1
1844,21226,1
1844,21429,1
1844,22199,1
1844,22250,5
1844,22849,1
1844,25459,1
1844,26285,1
1844,27078,1
1844,27761,1
1844,27762,1
1844,39847,1
1844,40169,1
1844,41312,1
1844,42396,1
1844,45682,1
1844,45771,1
1846,1852,1
1846,1872,1
1846,1932,1
1846,1996,1
1846,2058,1
1846,10566,1
1846,12319,1
1846,13477,1
1846,22849,1
1846,27762,1
1846,41532,1
1847,1872,1
1847,1877,2
1847,1881,2
1847,1895,1
1847,1952,1
1847,1954,1
1847,1957,1
1847,1967,2
1847,1996,1
1847,2007,1
1847,2022,2
1847,2026,1
1847,2032,2
1847,2036,1
1847,2082,1
1847,2112,1
1847,2123,3
1847,3012,1
1847,3013,1
1847,3088,1
1847,3180,1
1847,3307,1
1847,3321,1
1847,3325,1
1847,3484,2
1847,3505,1
1847,3528,2
1847,3591,2
1847,3700,1
1847,3718,4
1847,3739,1
1847,3802,1
1847,3810,1
1847,3829,1
1847,3857,1
1847,3941,2
1847,3977,3
1847,4001,7
1847,4124,1
1847,4153,2
1847,4175,1
1847,7042,1
1847,7053,2
1847,7059,3
1847,7068,1
1847,7069,1
1847,7097,1
1847,7099,1
1847,7108,2
1847,7109,1
1847,7239,2
1847,7240,1
1847,7308,1
1847,7323,1
1847,7358,1
1847,7365,1
1847,7391,1
1847,8001,1
1847,8006,1
1847,8016,2
1847,8033,1
1847,8109,1
1847,8116,6
1847,8153,2
1847,8165,4
1847,10061,1
1847,10178,1
1847,10438,1
1847,10565,2
1847,10566,3
1847,10681,1
1847,10831,1
1847,10892,1
1847,10895,1
1847,11062,1
1847,11135,3
1847,11247,1
1847,11337,1
1847,11578,1
1847,11701,1
1847,12072,1
1847,12319,4
1847,13258,1
1847,13378,2
1847,13513,1
1847,13518,1
1847,13810,1
1847,13845,1
1847,13855,1
1847,13972,1
1847,14043,1
1847,14074,1
1847,14386,1
1847,14834,1
1847,15751,1
1847,15752,1
1847,15791,1
1847,16040,1
1847,16173,2
1847,16504,1
1847,16667,1
1847,17517,2
1847,17724,1
1847,17730,1
1847,17743,2
1847,18268,2
1847,18644,1
1847,18731,2
1847,18734,1
1847,18735,3
1847,18954,1
1847,19123,1
1847,19149,1
1847,19611,1
1847,20221,2
1847,20276,1
1847,20604,1
1847,20849,1
1847,20932,1
1847,21226,1
1847,21274,1
1847,21429,1
1847,21796,1
1847,22199,1
1847,22236,1
1847,22350,1
1847,24324,1
1847,24710,1
1847,24988,1
1847,25459,1
1847,26428,1
1847,27007,1
1847,27078,1
1847,27391,1
1847,27565,1
1847,27761,2
1847,27762,1
1847,38648,1
1847,39458,1
1847,40169,1
1847,40287,1
1847,40396,1
1847,40916,1
1847,40998,1
1847,42396,1
1847,43532,2
1847,45682,1
1847,45685,1
1847,45753,1
1847,45771,1
1847,46608,1
1847,46702,1
1847,46966,1
1847,47148,1
1847,48641,1
1847,52545,1
1852,1872,2
1852,1884,1
1852,1908,1
1852,1932,2
1852,1996,2
1852,2022,1
1852,2058,1
1852,2074,1
1852,8104,1
1852,10565,1
1852,10759,1
1852,12319,1
1852,13477,2
1852,14445,1
1852,22000,1
1852,22849,2
1852,41532,1
1867,2081,1
1867,3709,1
1867,7391,1
1867,8116,1
1867,14209,1
1867,15155,1
1867,18395,1
1867,18399,1
1867,34020,1
1867,34100,1
1867,45753,1
1872,1884,1
1872,1908,1
1872,1932,2
1872,1996,2
1872,2022,1
1872,2058,3
1872,2074,1
1872,3522,1
1872,3933,1
1872,4001,1
1872,7365,1
1872,8104,1
1872,10061,1
1872,10438,1
1872,10565,2
1872,10566,2
1872,10759,1
1872,10890,1
1872,12319,1
1872,13477,2
1872,14103,1
1872,14445,1
1872,15791,1
1872,16504,1
1872,19699,1
1872,22000,1
1872,22849,3
1872,39811,1
1872,41532,1
1872,386675,1
1875,3395,1
1875,4001,1
1875,7046,1
1875,8104,1
1875,17307,1
1875,22849,1
1875,24739,1
1875,27761,1
1875,61632,1
1877,1881,2
1877,1895,1
1877,1908,1
1877,1967,1
1877,2036,1
1877,2123,1
1877,3047,1
1877,3321,1
1877,3325,1
1877,3484,1
1877,3528,1
1877,3718,2
1877,3829,1
1877,3941,1
1877,3977,4
1877,3997,1
1877,4001,2
1877,4124,2
1877,4153,1
1877,7059,1
1877,7068,1
1877,7108,1
1877,7239,1
1877,7240,1
1877,7308,1
1877,7358,1
1877,8006,2
1877,8012,1
1877,8116,2
1877,8153,2
1877,8165,1
1877,10566,1
1877,10681,1
1877,11650,1
1877,11701,1
1877,12319,2
1877,12941,1
1877,13674,1
1877,13972,1
1877,14043,1
1877,14386,1
1877,15751,1
1877,16173,1
1877,16745,1
1877,17355,1
1877,17724,1
1877,17730,1
1877,17743,1
1877,18268,1
1877,18731,1
1877,18734,1
1877,18735,1
1877,20221,2
1877,20604,1
1877,21274,2
1877,21796,1
1877,27007,1
1877,27761,2
1877,34100,1
1877,40396,1
1877,40998,1
1877,43532,1
1877,45685,1
1877,45753,1
1877,46702,1
1877,46966,1
1877,49672,1
1877,52545,1
1877,700146,1
1881,1895,1
1881,1952,1
1881,1954,1
1881,1967,1
1881,2007,1
1881,2036,1
1881,2082,1
1881,2123,1
1881,3388,1
1881,3484,2
1881,3505,1
1881,3528,1
1881,3591,1
1881,3829,1
1881,3941,1
1881,3944,1
1881,3957,1
1881,3977,1
1881,3997,2
1881,4001,4
1881,4124,2
1881,7059,2
1881,7068,1
1881,7097,2
1881,7108,1
1881,7126,1
1881,7186,1
1881,7239,1
1881,7240,1
1881,7308,2
1881,7391,1
1881,8006,1
1881,8049,2
1881,8116,4
1881,8153,2
1881,8165,1
1881,10226,1
1881,10565,1
1881,10566,3
1881,10681,1
1881,11135,1
1881,11650,1
1881,12319,2
1881,12323,1
1881,13612,3
1881,14043,1
1881,14386,1
1881,15884,1
1881,16173,1
1881,16667,1
1881,16745,1
1881,17355,1
1881,18268,1
1881,18731,1
1881,18734,1
1881,18735,1
1881,19123,1
1881,19289,1
1881,19611,1
1881,19699,1
1881,19735,1
1881,20221,3
1881,20498,1
1881,20604,1
1881,21274,2
1881,21796,1
1881,22350,1
1881,22550,1
1881,27007,1
1881,27057,2
1881,27761,3
1881,37610,1
1881,39847,1
1881,40394,1
1881,40998,1
1881,45685,1
1881,45753,1
1881,46702,1
1881,46966,1
1881,47148,1
1881,49672,1
1881,51114,1
1882,4042,1
1882,8116,1
1882,14224,1
1882,14310,1
1882,15289,1
1882,18165,1
1882,22250,1
1882,48675,1
1882,51096,1
1882,51873,1
1883,3395,1
1884,1908,1
1884,1932,1
1884,1955,1
1884,1996,1
1884,2022,2
1884,2074,1
1884,8104,1
1884,10565,2
1884,10759,1
1884,13477,1
1884,14445,1
1884,16302,1
1884,19701,1
1884,22000,1
1884,22849,1
1884,33311,1
1885,2032,1
1885,2112,1
1885,3709,1
1885,3997,1
1885,7328,1
1885,8016,1
1885,11612,1
1885,12941,1
1885,13360,1
1885,16667,1
1885,18246,1
1885,18574,1
1885,20498,1
1885,21237,1
1885,21637,1
1885,26373,1
1885,26376,1
1885,38331,1
1885,44637,1
1885,44640,1
1885,44641,1
1885,45816,1
1885,45885,1
1885,46425,1
1885,46642,1
1888,8116,1
1888,15752,1
1888,46642,1
1891,13378,1
1891,22250,1
1895,1967,2
1895,2036,1
1895,2123,1
1895,3356,1
1895,3484,1
1895,3528,1
1895,3718,1
1895,3829,1
1895,3838,1
1895,3941,1
1895,4001,1
1895,4124,1
1895,7059,1
1895,7068,1
1895,7108,1
1895,7239,1
1895,7308,1
1895,8006,1
1895,8090,1
1895,8116,1
1895,8153,1
1895,8165,1
1895,10566,1
1895,10681,1
1895,12319,1
1895,13376,1
1895,14043,1
1895,14386,1
1895,16173,1
1895,18268,1
1895,18731,1
1895,18734,1
1895,18735,1
1895,20604,1
1895,21274,1
1895,21796,1
1895,22250,1
1895,26285,1
1895,27007,1
1895,27761,2
1895,40998,1
1895,41312,1
1895,45685,1
1895,45753,1
1895,46642,1
1895,46966,1
1903,2123,1
1903,4053,1
1903,7097,1
1903,7126,1
1903,8049,1
1903,690118,1
1903,690119,1
1908,1932,1
1908,1996,1
1908,2022,1
1908,2074,1
1908,3997,1
1908,8006,1
1908,8012,1
1908,8104,1
1908,10565,1
1908,10759,1
1908,12941,1
1908,13477,1
1908,14445,1
1908,22000,1
1908,22849,1
1924,1932,1
1924,2058,1
1924,2112,1
1924,3615,1
1924,3718,1
1924,3933,2
1924,4001,2
1924,4043,1
1924,7179,1
1924,8093,1
1924,10565,1
1924,10566,1
1924,10831,1
1924,12319,1
1924,13477,1
1924,14903,1
1924,16720,1
1924,19424,1
1924,19915,1
1924,19947,1
1924,22404,1
1924,24956,1
1924,25535,1
1924,27761,1
1924,30231,1
1924,42321,1
1924,42790,1
1924,43094,1
1924,43110,1
1932,1996,2
1932,2022,1
1932,2058,2
1932,2074,1
1932,2112,1
1932,3615,1
1932,3718,1
1932,3933,1
1932,4001,1
1932,4043,1
1932,7179,1
1932,8093,1
1932,8104,1
1932,10565,2
1932,10566,1
1932,10759,1
1932,10831,1
1932,12319,2
1932,13477,3
1932,14445,1
1932,14903,1
1932,16720,1
1932,19424,1
1932,19915,1
1932,19947,1
1932,22000,1
1932,22849,2
1932,24956,1
1932,25535,1
1932,27761,1
1932,30231,1
1932,41532,1
1932,42321,1
1932,42790,1
1932,43094,1
1932,43110,1
1936,7097,1
1936,10831,1
1936,12053,1
1936,14821,1
1936,15431,1
1936,15806,1
1936,16504,1
1936,19905,1
1936,38648,1
1945,1949,2
1945,3484,1
1945,3842,1
1945,3997,1
1945,4001,1
1945,4205,1
1945,7011,1
1945,7059,1
1945,7097,2
1945,7239,1
1945,7317,1
1945,7336,1
1945,7390,2
1945,8001,1
1945,10566,1
1945,13810,1
1945,15617,1
1945,19699,1
1948,15862,1
1949,4205,1
1949,7011,1
1949,7097,1
1949,7317,1
1949,7336,1
1949,7390,2
1949,15613,1
1949,15617,1
1949,18550,1
1949,28058,1
1949,28092,1
1952,1954,1
1952,3977,1
1952,4001,1
1952,7391,1
1952,8116,1
1952,10566,1
1952,20221,1
1952,22350,1
1952,47148,1
1954,3977,1
1954,4001,1
1954,7391,1
1954,8116,1
1954,10566,1
1954,20221,1
1954,22350,1
1954,47148,1
1955,2001,1
1955,2022,4
1955,2034,1
1955,10565,1
1955,10566,1
1955,13712,1
1955,14103,1
1955,19699,2
1955,19701,1
1955,22000,1
1955,22849,1
1955,33311,1
1957,2007,1
1957,2026,1
1957,2032,1
1957,2112,1
1957,3013,1
1957,3307,1
1957,3484,1
1957,3505,1
1957,3739,1
1957,3941,1
1957,4001,2
1957,4207,1
1957,7053,2
1957,7099,1
1957,7239,1
1957,7240,1
1957,7308,1
1957,7323,1
1957,7391,1
1957,8016,1
1957,8033,1
1957,8109,1
1957,8165,1
1957,10178,1
1957,10565,1
1957,10566,1
1957,11135,1
1957,11247,1
1957,11337,1
1957,12104,1
1957,12319,1
1957,13378,1
1957,14074,1
1957,16173,1
1957,16667,1
1957,17517,1
1957,18268,1
1957,18644,1
1957,19611,1
1957,20849,1
1957,21429,1
1957,22199,1
1957,25459,1
1957,27078,1
1957,27762,1
1957,40169,1
1957,42396,1
1957,45682,1
1957,45771,1
1967,2036,1
1967,2123,2
1967,3356,1
1967,3484,2
1967,3528,1
1967,3829,1
1967,3830,1
1967,3838,1
1967,3941,1
1967,4001,2
1967,4124,1
1967,7059,2
1967,7068,1
1967,7108,1
1967,7239,1
1967,7308,1
1967,8006,1
1967,8090,1
1967,8116,2
1967,8153,2
1967,8165,1
1967,10566,1
1967,10681,1
1967,12319,2
1967,13376,1
1967,13378,1
1967,14043,1
1967,14386,1
1967,15061,1
1967,16173,1
1967,16877,1
1967,18246,1
1967,18268,1
1967,18731,1
1967,18734,1
1967,18735,1
1967,20604,1
1967,21095,1
1967,21274,1
1967,21620,1
1967,21796,1
1967,22250,1
1967,26285,1
1967,27007,1
1967,27391,1
1967,27761,2
1967,37852,1
1967,38949,1
1967,40998,1
1967,41312,1
1967,43532,1
1967,45049,1
1967,45685,2
1967,45753,1
1967,46966,1
1967,697621,1
1996,2022,1
1996,2058,1
1996,2074,1
1996,3088,1
1996,3591,1
1996,3718,1
1996,4001,1
1996,7053,1
1996,7097,1
1996,8104,1
1996,8165,1
1996,10565,1
1996,10566,1
1996,10759,1
1996,10831,1
1996,10892,1
1996,10895,1
1996,11062,1
1996,12072,1
1996,12319,1
1996,13258,1
1996,13477,2
1996,13810,1
1996,13845,1
1996,13855,1
1996,14445,1
1996,14834,1
1996,16040,1
1996,18954,1
1996,20932,1
1996,22000,1
1996,22849,2
1996,24324,1
1996,24710,1
1996,26428,1
1996,38648,1
1996,40916,1
1996,41532,1
1996,44584,1
1996,46608,1
1996,95627,1
1996,102628,1
1996,105210,1
1996,105289,1
1996,106263,1
1996,109504,1
1996,110845,1
1996,111525,1
1996,112150,1
1996,112837,1
2001,2034,1
2001,13712,1
2001,19699,1
2001,22000,1
2001,22849,1
2007,2026,1
2007,2032,1
2007,2081,1
2007,2112,1
2007,3013,1
2007,3107,1
2007,3307,1
2007,3484,3
2007,3505,1
2007,3591,1
2007,3718,1
2007,3739,1
2007,3941,1
2007,3997,1
2007,4001,3
2007,7053,1
2007,7059,1
2007,7099,1
2007,7126,1
2007,7161,1
2007,7239,1
2007,7240,1
2007,7279,1
2007,7308,1
2007,7323,1
2007,8016,1
2007,8033,1
2007,8072,1
2007,8109,1
2007,8116,1
2007,10178,1
2007,10226,1
2007,10565,1
2007,10566,1
2007,11135,1
2007,11247,1
2007,11337,1
2007,12319,1
2007,12681,1
2007,13378,1
2007,13612,1
2007,14074,1
2007,14650,1
2007,16173,1
2007,16667,2
2007,16783,1
2007,17517,1
2007,18268,1
2007,18644,1
2007,19611,1
2007,19699,1
2007,20221,1
2007,20849,1
2007,21226,1
2007,21429,1
2007,21679,2
2007,22199,1
2007,25459,1
2007,27078,1
2007,27334,1
2007,27761,1
2007,27762,1
2007,40169,1
2007,42396,1
2007,44303,2
2007,45682,1
2007,45771,1
2007,50221,1
2007,50223,1
2007,50230,1
2008,2015,1
2008,4001,1
2008,4207,1
2008,7042,1
2008,7097,2
2008,8153,1
2008,11800,1
2008,12941,1
2008,12944,1
2008,13312,1
2008,22072,1
2008,46640,1
2014,2022,1
2014,2026,1
2014,2027,1
2014,2032,1
2014,4001,1
2014,7097,1
2014,8057,1
2014,13612,1
2014,15501,1
2014,19123,1
2014,19699,1
2014,41028,1
2015,4001,1
2015,4207,1
2015,7042,1
2015,8153,1
2015,11800,1
2015,12941,1
2015,12944,1
2015,13312,1
2015,22072,1
2015,46640,1
2022,2034,1
2022,2074,2
2022,2082,2
2022,2123,1
2022,3313,1
2022,3331,2
2022,3395,1
2022,3451,1
2022,3484,4
2022,3522,2
2022,3596,1
2022,3700,1
2022,3718,6
2022,3977,1
2022,4001,11
2022,4056,1
2022,4175,1
2022,7053,1
2022,7059,1
2022,7109,1
2022,7179,1
2022,7397,1
2022,7411,1
2022,8104,1
2022,8116,5
2022,8153,2
2022,8165,1
2022,10061,1
2022,10304,2
2022,10565,8
2022,10566,5
2022,10759,1
2022,10831,1
2022,10890,1
2022,10892,4
2022,11135,2
2022,11372,2
2022,11404,1
2022,11450,3
2022,11578,1
2022,11800,3
2022,12072,1
2022,12890,2
2022,12978,2
2022,13279,1
2022,13477,2
2022,13712,2
2022,13809,1
2022,13810,2
2022,14103,4
2022,14445,2
2022,14913,1
2022,14973,8
2022,15192,1
2022,15460,1
2022,15501,2
2022,16504,1
2022,16720,1
2022,16745,2
2022,16783,2
2022,17100,1
2022,17302,1
2022,17517,2
2022,17743,1
2022,18424,1
2022,18480,1
2022,18588,3
2022,18684,1
2022,18950,1
2022,19123,2
2022,19149,3
2022,19322,1
2022,19597,1
2022,19699,10
2022,19701,1
2022,19880,1
2022,20221,1
2022,21226,1
2022,21569,2
2022,21721,2
2022,22000,1
2022,22101,1
2022,22849,4
2022,24894,1
2022,25209,1
2022,25459,1
2022,25535,1
2022,26151,3
2022,27078,1
2022,27761,1
2022,33311,1
2022,38219,1
2022,40928,1
2022,42063,1
2022,42145,1
2022,42666,1
2022,42790,1
2022,49974,1
2022,50850,1
2022,95738,1
2025,4043,1
2026,2032,2
2026,2112,1
2026,3013,1
2026,3307,1
2026,3484,1
2026,3505,1
2026,3739,1
2026,3941,1
2026,4001,2
2026,7053,1
2026,7097,1
2026,7099,1
2026,7239,1
2026,7240,1
2026,7279,1
2026,7323,1
2026,8016,1
2026,8033,1
2026,8109,1
2026,10178,1
2026,10565,1
2026,10566,1
2026,11135,1
2026,11247,1
2026,11337,1
2026,12319,1
2026,13378,1
2026,13612,1
2026,14074,1
2026,15501,1
2026,16173,1
2026,16667,1
2026,17517,1
2026,18268,1
2026,18644,1
2026,19123,1
2026,19611,1
2026,20849,1
2026,21429,1
2026,22199,1
2026,25459,1
2026,26949,1
2026,27078,1
2026,27762,1
2026,40169,1
2026,41028,1
2026,42396,1
2026,45682,1
2026,45771,1
2032,2112,2
2032,3013,1
2032,3307,1
2032,3364,1
2032,3484,2
2032,3501,1
2032,3505,1
2032,3591,1
2032,3709,1
2032,3718,1
2032,3739,1
2032,3857,1
2032,3941,1
2032,3977,1
2032,3997,1
2032,4001,3
2032,4112,1
2032,7053,1
2032,7063,1
2032,7069,1
2032,7070,1
2032,7097,1
2032,7099,1
2032,7239,2
2032,7240,2
2032,7323,1
2032,7397,1
2032,8016,3
2032,8033,1
2032,8072,1
2032,8109,1
2032,8116,2
2032,8160,1
2032,10178,1
2032,10231,1
2032,10565,1
2032,10566,1
2032,11135,2
2032,11247,1
2032,11337,1
2032,11372,2
2032,11612,1
2032,11800,1
2032,12013,1
2032,12319,1
2032,12941,1
2032,13360,1
2032,13378,1
2032,13612,1
2032,14074,1
2032,14973,1
2032,15501,1
2032,16173,1
2032,16667,2
2032,16745,1
2032,16877,1
2032,17517,1
2032,18246,1
2032,18268,1
2032,18574,1
2032,18644,1
2032,18946,1
2032,19123,1
2032,19611,1
2032,20849,1
2032,21237,1
2032,21429,1
2032,21561,1
2032,21637,1
2032,22199,1
2032,25459,1
2032,26373,1
2032,26376,1
2032,26456,1
2032,27078,1
2032,27762,1
2032,39458,1
2032,40169,1
2032,41028,1
2032,42396,1
2032,45682,1
2032,45771,1
2032,45885,1
2032,46425,1
2032,46642,1
2032,47457,1
2032,48641,1
2032,52268,1
2034,13712,1
2034,18424,1
2034,19699,2
2034,22000,1
2034,22849,1
2036,2123,1
2036,3364,1
2036,3484,1
2036,3502,1
2036,3528,1
2036,3718,1
2036,3829,1
2036,3933,1
2036,3941,1
2036,4001,1
2036,4124,1
2036,7053,1
2036,7059,1
2036,7068,1
2036,7108,1
2036,7239,1
2036,7308,1
2036,8006,1
2036,8090,1
2036,8116,2
2036,8153,2
2036,8165,1
2036,10565,1
2036,10566,2
2036,10681,1
2036,12134,1
2036,12319,2
2036,13279,1
2036,13477,1
2036,13940,1
2036,14043,1
2036,14074,1
2036,14386,1
2036,16173,1
2036,16302,1
2036,16783,1
2036,17517,1
2036,18268,1
2036,18588,1
2036,18731,1
2036,18734,1
2036,18735,1
2036,19123,1
2036,19597,1
2036,19699,1
2036,20604,1
2036,21274,1
2036,21796,1
2036,22849,1
2036,26611,1
2036,27007,1
2036,27761,1
2036,35616,1
2036,40998,1
2036,44372,1
2036,45685,1
2036,45753,1
2036,46966,1
2036,50807,1
2036,50850,1
2058,2112,1
2058,3522,1
2058,3533,2
2058,3615,1
2058,3718,1
2058,3933,2
2058,4001,2
2058,4043,1
2058,7179,1
2058,8093,1
2058,10061,1
2058,10565,3
2058,10566,5
2058,10831,1
2058,10890,1
2058,10892,2
2058,11146,1
2058,11450,1
2058,12134,1
2058,12319,3
2058,13279,1
2058,13477,3
2058,14103,2
2058,14903,1
2058,14913,1
2058,16302,1
2058,16720,1
2058,17100,1
2058,17956,1
2058,19123,1
2058,19424,1
2058,19597,1
2058,19699,1
2058,19915,1
2058,19947,1
2058,22849,2
2058,24554,1
2058,24956,1
2058,25535,1
2058,27562,1
2058,27761,1
2058,30231,1
2058,39811,1
2058,41532,1
2058,42321,1
2058,42790,1
2058,43094,2
2058,43110,1
2058,49974,1
2074,3504,1
2074,3505,1
2074,4001,3
2074,8104,1
2074,8116,1
2074,10565,2
2074,10566,1
2074,10759,1
2074,12147,1
2074,12319,1
2074,13477,1
2074,13810,1
2074,14445,1
2074,14973,1
2074,19123,1
2074,19149,1
2074,22000,1
2074,22849,2
2074,25322,1
2074,26151,1
2074,28944,1
2074,29291,1
2074,29327,1
2074,41028,1
2074,106227,1
2074,106263,1
2074,106333,1
2074,109615,1
2074,116823,1
2081,3484,1
2081,3709,1
2081,4001,1
2081,7126,1
2081,7391,1
2081,8116,1
2081,12978,1
2081,13810,1
2081,14209,1
2081,15155,1
2081,18395,1
2081,18399,1
2081,26151,1
2081,27334,1
2081,34020,1
2081,34100,1
2081,44303,1
2081,45753,1
2082,2123,1
2082,3388,1
2082,3484,1
2082,3700,1
2082,3718,1
2082,3944,1
2082,3977,1
2082,4001,1
2082,4175,1
2082,7053,1
2082,7109,1
2082,7186,1
2082,8165,1
2082,11135,1
2082,17743,1
2082,19149,1
2082,19735,1
2082,20221,1
2082,21226,1
2082,40394,1
2082,46289,1
2082,51114,1
2086,15598,1
2112,3013,1
2112,3047,1
2112,3307,1
2112,3484,2
2112,3505,1
2112,3615,1
2112,3638,1
2112,3709,1
2112,3718,1
2112,3739,1
2112,3838,1
2112,3908,1
2112,3933,1
2112,3941,1
2112,3997,1
2112,4001,2
2112,4043,1
2112,7053,1
2112,7099,1
2112,7179,1
2112,7239,1
2112,7240,1
2112,7323,1
2112,8016,1
2112,8033,1
2112,8093,1
2112,8109,1
2112,8116,1
2112,10178,1
2112,10565,2
2112,10566,3
2112,10759,1
2112,10831,1
2112,11135,1
2112,11247,1
2112,11337,1
2112,11612,1
2112,11753,1
2112,12319,2
2112,12941,1
2112,12951,1
2112,13360,2
2112,13378,2
2112,13477,1
2112,14043,1
2112,14074,1
2112,14903,1
2112,16173,1
2112,16667,2
2112,16720,1
2112,17517,1
2112,17730,1
2112,18246,1
2112,18268,1
2112,18574,1
2112,18644,1
2112,19424,1
2112,19611,1
2112,19699,1
2112,19735,1
2112,19832,1
2112,19915,1
2112,19947,1
2112,20849,1
2112,21237,1
2112,21429,1
2112,21637,1
2112,22199,1
2112,24956,1
2112,25459,1
2112,25535,1
2112,26373,1
2112,26376,1
2112,27078,1
2112,27761,1
2112,27762,1
2112,30231,1
2112,40169,1
2112,42321,1
2112,42396,1
2112,42790,1
2112,43094,1
2112,43110,1
2112,45682,1
2112,45771,1
2112,45885,1
2112,46425,1
2112,68454,1
2112,570923,1
2123,3484,1
2123,3528,1
2123,3700,1
2123,3718,1
2123,3829,1
2123,3941,1
2123,3977,1
2123,4001,2
2123,4124,1
2123,4175,1
2123,7053,1
2123,7059,2
2123,7068,1
2123,7108,1
2123,7109,1
2123,7126,1
2123,7239,1
2123,7308,1
2123,8006,1
2123,8049,1
2123,8116,1
2123,8153,1
2123,8165,2
2123,10566,1
2123,10681,1
2123,11135,1
2123,12319,2
2123,14043,1
2123,14386,1
2123,16173,1
2123,17743,1
2123,18268,1
2123,18731,1
2123,18734,1
2123,18735,1
2123,19149,1
2123,20221,1
2123,20604,1
2123,21226,1
2123,21274,1
2123,21796,1
2123,27007,1
2123,27391,1
2123,27761,1
2123,40998,1
2123,45685,1
2123,45753,1
2123,46966,1
2126,8116,1
3012,7121,1
3012,8001,1
3012,8074,1
3012,8116,1
3012,8153,1
3012,13513,2
3012,13518,2
3012,15848,1
3012,15885,1
3012,17917,1
3012,20276,1
3012,24988,1
3012,40287,1
3013,3307,1
3013,3484,1
3013,3505,1
3013,3739,1
3013,3941,1
3013,4001,1
3013,7053,1
3013,7099,1
3013,7120,1
3013,7239,1
3013,7240,1
3013,7323,1
3013,8016,1
3013,8033,1
3013,8109,1
3013,10178,1
3013,10565,1
3013,10566,1
3013,11135,1
3013,11247,1
3013,11337,1
3013,12319,1
3013,13378,1
3013,14074,1
3013,16173,1
3013,16667,1
3013,16745,1
3013,16882,1
3013,17517,1
3013,18268,1
3013,18644,1
3013,19611,1
3013,20849,1
3013,21429,1
3013,22199,1
3013,25459,1
3013,27078,1
3013,27762,1
3013,40169,1
3013,42396,1
3013,45682,1
3013,45771,1
3033,3759,2
3033,10565,1
3033,11450,1
3033,11800,1
3033,12477,1
3033,13940,1
3033,14103,1
3033,15192,1
3033,18588,1
3033,18684,1
3033,25628,1
3047,3941,1
3047,7059,1
3047,11650,1
3047,12951,1
3047,13360,1
3047,17730,1
3047,20221,2
3047,34100,4
3080,3709,1
3080,8116,2
3080,14223,1
3080,18395,1
3088,3591,1
3088,3718,1
3088,4001,1
3088,7097,1
3088,8165,1
3088,10831,1
3088,10892,1
3088,10895,1
3088,11062,1
3088,12072,1
3088,13258,1
3088,13810,1
3088,13845,1
3088,13855,1
3088,14834,1
3088,16040,1
3088,18954,1
3088,20932,1
3088,24324,1
3088,24710,1
3088,26428,1
3088,38648,1
3088,40916,1
3088,46608,1
3107,3114,2
3107,3718,1
3107,4001,1
3107,7120,1
3107,7161,1
3107,7279,1
3107,8072,1
3107,11753,1
3107,14650,1
3107,15773,1
3107,16783,1
3107,20221,1
3107,21226,1
3107,21679,1
3107,44303,1
3107,50221,1
3107,50223,1
3107,50230,1
3107,62505,1
3107,67733,1
3107,67777,1
3107,129408,1
3107,132008,1
3107,700146,1
3114,3718,1
3114,7120,1
3114,15773,1
3114,62505,1
3114,67733,1
3114,67777,1
3114,129408,1
3114,132008,1
3114,700146,1
3130,3915,4
3130,3927,1
3130,11605,7
3130,11745,1
3130,12262,1
3130,15353,6
3130,22451,7
3130,22559,1
3130,22560,1
3130,24691,2
3130,30976,3
3130,31407,16
3130,31460,1
3130,31498,1
3130,31511,1
3130,31542,1
3130,31552,2
3130,32016,2
3130,32019,1
3130,32034,2
3130,32085,2
3130,32155,1
3130,32165,1
3130,32175,4
3130,32205,2
3130,32248,4
3130,32575,2
3130,33153,2
3130,91958,1
3130,92079,1
3130,92109,1
3130,92440,1
3130,92866,1
3130,92921,1
3130,92999,4
3130,93025,1
3130,93096,4
3130,93797,1
3130,94273,2
3130,94305,1
3130,94549,3
3130,94718,1
3130,94758,2
3130,94858,1
3130,95071,2
3130,145811,1
3130,184058,1
3130,187371,1
3130,194998,1
3180,3528,1
3180,3802,1
3180,3810,1
3180,4153,1
3180,7042,1
3180,8165,1
3194,8006,1
3273,3941,1
3273,7068,1
3273,7097,1
3273,7214,1
3273,8016,1
3273,8049,1
3273,8072,1
3273,8109,1
3273,8116,1
3273,10566,1
3273,12319,1
3273,14043,1
3273,15598,1
3273,16098,1
3273,16745,1
3273,16754,1
3273,18257,1
3273,19149,1
3273,19832,1
3273,20221,1
3273,20268,1
3273,39847,1
3273,41028,1
3273,45685,1
3273,54942,1
3307,3484,1
3307,3505,1
3307,3718,1
3307,3739,1
3307,3941,1
3307,4001,1
3307,7053,1
3307,7099,1
3307,7239,1
3307,7240,1
3307,7323,1
3307,8016,1
3307,8033,1
3307,8109,1
3307,10178,1
3307,10565,1
3307,10566,1
3307,11135,1
3307,11247,1
3307,11337,1
3307,12319,1
3307,13378,1
3307,14074,1
3307,16173,1
3307,16667,1
3307,17517,1
3307,18268,1
3307,18644,1
3307,19611,1
3307,20849,1
3307,21429,1
3307,22199,1
3307,25459,1
3307,27078,1
3307,27762,1
3307,40169,1
3307,42396,1
3307,45682,1
3307,45771,1
3313,3718,1
3313,8116,1
3313,16745,1
3313,19149,1
3313,24894,1
3313,27761,1
3321,3325,1
3321,4153,1
3321,7358,1
3321,8116,1
3321,8153,1
3321,11701,1
3321,13972,1
3321,15751,1
3321,17724,1
3321,17730,2
3321,17743,1
3321,27761,1
3321,40396,1
3321,52545,2
3325,4153,1
3325,7042,1
3325,7358,1
3325,8116,1
3325,8153,2
3325,11701,1
3325,11751,1
3325,12319,1
3325,13972,1
3325,15751,1
3325,17724,1
3325,17730,1
3325,17743,2
3325,27761,1
3325,40396,1
3325,52545,1
3331,3451,1
3331,3596,1
3331,4001,1
3331,7046,1
3331,8153,1
3331,10304,1
3331,11450,1
3331,11800,1
3331,12072,1
3331,12890,1
3331,15192,1
3331,16783,2
3331,18588,2
3331,18684,1
3331,18950,1
3331,21569,1
3331,21721,1
3331,22101,1
3331,25535,1
3331,42790,1
3331,50850,1
3343,17394,1
3351,3484,1
3351,4067,1
3351,7323,1
3351,13378,1
3351,18655,1
3351,27005,1
3351,27007,1
3351,27019,1
3356,3838,1
3356,8090,1
3356,12134,1
3356,13376,1
3356,13378,1
3356,22250,1
3356,26285,1
3356,27761,1
3356,39475,1
3356,41312,1
3356,43532,1
3364,3501,1
3364,3502,1
3364,3718,1
3364,3933,1
3364,7053,1
3364,8090,1
3364,8116,1
3364,8153,1
3364,8160,1
3364,10231,1
3364,10565,1
3364,10566,3
3364,11372,1
3364,11450,1
3364,12013,1
3364,12134,1
3364,12319,1
3364,13279,1
3364,13477,1
3364,13940,1
3364,14074,1
3364,16302,1
3364,16783,1
3364,17517,1
3364,18588,1
3364,18946,1
3364,19123,2
3364,19597,1
3364,19699,2
3364,21482,1
3364,21561,1
3364,22849,1
3364,26611,1
3364,35616,1
3364,42063,1
3364,43094,1
3364,44372,1
3364,47457,1
3364,50807,1
3364,50850,1
3374,3528,1
3374,3590,1
3374,7121,1
3374,7239,2
3374,7288,1
3374,7323,1
3374,8049,1
3374,14043,1
3374,15849,1
3374,16667,1
3374,22865,1
3374,27078,1
3374,37916,1
3374,40408,1
3374,41577,1
3374,42415,1
3374,42652,1
3374,47517,1
3374,699695,1
3381,3525,1
3381,3591,1
3381,3596,1
3381,3997,1
3381,4153,1
3381,7059,1
3381,8116,1
3381,10242,1
3381,10892,1
3381,10895,1
3381,10902,1
3381,11578,1
3381,12053,1
3381,12319,1
3381,12890,1
3381,13809,1
3381,14858,1
3381,15501,1
3381,16720,1
3381,18889,1
3381,24710,1
3381,25459,1
3381,38004,1
3381,39869,1
3381,42675,1
3381,43485,1
3381,44584,1
3381,48157,1
3381,50865,1
3388,3944,1
3388,7186,1
3388,19735,1
3388,40394,1
3388,51114,1
3395,8104,1
3395,10566,1
3395,27761,1
3451,3596,1
3451,4001,1
3451,8153,1
3451,10304,1
3451,11450,1
3451,11800,1
3451,12072,1
3451,12890,1
3451,16783,1
3451,18588,1
3451,18684,1
3451,21721,1
3451,22101,1
3451,25535,1
3451,42790,1
3461,3484,1
3461,3874,1
3461,3941,1
3461,4124,1
3461,4165,1
3461,8116,1
3461,10566,1
3461,11135,1
3461,11384,1
3461,11547,1
3461,12019,1
3461,12030,1
3461,12319,1
3461,12324,1
3461,12951,1
3461,37597,1
3484,3505,1
3484,3528,1
3484,3591,1
3484,3739,1
3484,3829,1
3484,3874,1
3484,3941,4
3484,3977,1
3484,3997,2
3484,4001,7
3484,4067,1
3484,4112,1
3484,4124,2
3484,4165,1
3484,4205,1
3484,7011,1
3484,7053,1
3484,7059,5
3484,7063,1
3484,7068,1
3484,7070,2
3484,7097,1
3484,7099,1
3484,7108,1
3484,7126,1
3484,7239,4
3484,7240,2
3484,7308,3
3484,7323,2
3484,7397,1
3484,8006,1
3484,8016,2
3484,8033,1
3484,8057,1
3484,8072,1
3484,8109,1
3484,8116,3
3484,8153,1
3484,8165,1
3484,10178,1
3484,10226,1
3484,10565,4
3484,10566,6
3484,10681,1
3484,10759,1
3484,11135,3
3484,11146,1
3484,11247,1
3484,11337,1
3484,11372,1
3484,11384,1
3484,11547,1
3484,11800,1
3484,12019,1
3484,12025,1
3484,12030,1
3484,12319,3
3484,12324,1
3484,12951,1
3484,13105,1
3484,13243,1
3484,13378,1
3484,13612,1
3484,13810,1
3484,14043,1
3484,14074,1
3484,14301,1
3484,14386,1
3484,14973,1
3484,16173,2
3484,16667,2
3484,16745,2
3484,17517,1
3484,18268,2
3484,18644,1
3484,18655,1
3484,18731,1
3484,18734,1
3484,18735,1
3484,19611,1
3484,19699,4
3484,20604,1
3484,20849,1
3484,21274,1
3484,21429,1
3484,21620,1
3484,21796,2
3484,22072,1
3484,22199,1
3484,22250,1
3484,22403,1
3484,25459,1
3484,26456,1
3484,27005,1
3484,27007,2
3484,27019,1
3484,27078,1
3484,27334,1
3484,27761,2
3484,27762,1
3484,37597,1
3484,37852,1
3484,40169,1
3484,40998,1
3484,42396,1
3484,42417,1
3484,44303,1
3484,45682,1
3484,45685,1
3484,45753,1
3484,45771,1
3484,46289,1
3484,46966,1
3484,52268,1
3484,68454,1
3501,8116,1
3501,8160,1
3501,10231,1
3501,11372,1
3501,12013,1
3501,15884,1
3501,18946,1
3501,19149,4
3501,19155,1
3501,21561,1
3501,47457,1
3502,3634,1
3502,3718,1
3502,3915,1
3502,3933,1
3502,7053,1
3502,7059,1
3502,7239,1
3502,8090,1
3502,8116,2
3502,8153,1
3502,10565,1
3502,10566,2
3502,11372,1
3502,12134,2
3502,12319,1
3502,13279,2
3502,13477,2
3502,13940,1
3502,14074,1
3502,16302,1
3502,16783,1
3502,17517,1
3502,18588,1
3502,19123,1
3502,19597,1
3502,19699,1
3502,22849,1
3502,26611,1
3502,27761,1
3502,35616,1
3502,44372,1
3502,50807,1
3502,50850,1
3504,3505,3
3504,3997,1
3504,4001,1
3504,7059,1
3504,7097,2
3504,8116,1
3504,12319,1
3504,13312,1
3504,13313,1
3504,13314,1
3504,19149,1
3504,25322,1
3504,41028,1
3505,3739,1
3505,3941,1
3505,4001,2
3505,7053,1
3505,7099,1
3505,7239,1
3505,7240,1
3505,7323,1
3505,8016,1
3505,8033,1
3505,8109,1
3505,8116,1
3505,10178,1
3505,10565,1
3505,10566,2
3505,11135,2
3505,11247,1
3505,11337,1
3505,12319,1
3505,12323,1
3505,13378,1
3505,14074,1
3505,16173,1
3505,16667,1
3505,17517,1
3505,18268,1
3505,18644,1
3505,19123,1
3505,19149,1
3505,19611,1
3505,20849,1
3505,21429,1
3505,22072,1
3505,22199,1
3505,25322,1
3505,25459,1
3505,27057,1
3505,27078,1
3505,27762,1
3505,37610,1
3505,40169,1
3505,41028,1
3505,42396,1
3505,45682,1
3505,45771,1
3518,7108,1
3522,3533,1
3522,3725,1
3522,4001,2
3522,7097,1
3522,10565,1
3522,10566,2
3522,10890,1
3522,10892,1
3522,11450,1
3522,14103,1
3522,15192,1
3522,16302,1
3522,16720,1
3522,18588,1
3522,19699,2
3522,20797,1
3522,21998,1
3522,25535,1
3522,39811,1
3522,40589,1
3522,42675,1
3525,3591,3
3525,3596,2
3525,3997,1
3525,7059,1
3525,10061,1
3525,10242,2
3525,10565,1
3525,10892,1
3525,10895,1
3525,10902,2
3525,11578,1
3525,12053,1
3525,12319,1
3525,12681,1
3525,12890,2
3525,13809,1
3525,13845,1
3525,14858,1
3525,14994,1
3525,15501,1
3525,16720,1
3525,18136,1
3525,18889,1
3525,19699,1
3525,19995,1
3525,21569,1
3525,24554,1
3525,24710,2
3525,24793,1
3525,25459,1
3525,38004,2
3525,39869,1
3525,41297,1
3525,42675,1
3525,43485,1
3525,44584,1
3525,48157,1
3525,50865,1
3525,51980,1
3528,3802,1
3528,3810,1
3528,3829,1
3528,3941,1
3528,4001,1
3528,4124,1
3528,4153,1
3528,7042,1
3528,7059,1
3528,7068,1
3528,7108,1
3528,7239,1
3528,7308,1
3528,8006,1
3528,8116,1
3528,8153,2
3528,8165,2
3528,10566,1
3528,10681,1
3528,12319,2
3528,14043,1
3528,14386,1
3528,15387,1
3528,15773,1
3528,16173,1
3528,18268,1
3528,18731,1
3528,18734,1
3528,18735,1
3528,19842,1
3528,20604,1
3528,21274,1
3528,21796,1
3528,27007,1
3528,27761,1
3528,40998,1
3528,44584,1
3528,45685,1
3528,45753,1
3528,46966,1
3533,7097,1
3533,10565,1
3533,10566,5
3533,10892,1
3533,11450,1
3533,12072,1
3533,12134,1
3533,12319,1
3533,13279,1
3533,13477,1
3533,14103,2
3533,14913,1
3533,15192,1
3533,16302,2
3533,16720,1
3533,17100,1
3533,17956,1
3533,18588,1
3533,19123,1
3533,19597,1
3533,20166,1
3533,20797,1
3533,21569,1
3533,21998,1
3533,24554,1
3533,25535,1
3533,27562,1
3533,40589,1
3533,42675,1
3533,43094,1
3533,49974,1
3590,7121,1
3590,7288,1
3590,7323,1
3590,14043,1
3590,15849,1
3590,16667,1
3590,22865,1
3590,27078,1
3590,37916,1
3590,40408,1
3590,42415,1
3590,42652,1
3590,47517,1
3591,3596,2
3591,3718,1
3591,3857,1
3591,3997,2
3591,4001,3
3591,7059,2
3591,7069,1
3591,7097,1
3591,7126,1
3591,7308,1
3591,8016,1
3591,8116,3
3591,8165,1
3591,10061,2
3591,10226,1
3591,10242,2
3591,10565,1
3591,10566,1
3591,10831,1
3591,10892,2
3591,10895,2
3591,10902,2
3591,11062,1
3591,11578,1
3591,12053,1
3591,12072,1
3591,12319,2
3591,12681,1
3591,12890,2
3591,13258,1
3591,13612,1
3591,13809,1
3591,13810,1
3591,13845,2
3591,13855,1
3591,14834,1
3591,14858,1
3591,14994,1
3591,15501,1
3591,16040,2
3591,16667,1
3591,16720,1
3591,18136,1
3591,18889,2
3591,18954,1
3591,19123,1
3591,19699,1
3591,19880,2
3591,19995,1
3591,20932,1
3591,21569,1
3591,24324,1
3591,24554,1
3591,24710,3
3591,24735,1
3591,24793,1
3591,25459,1
3591,26428,1
3591,27761,1
3591,35224,1
3591,38004,2
3591,38648,1
3591,39458,1
3591,39869,1
3591,39948,1
3591,40916,2
3591,41297,1
3591,41385,1
3591,42675,1
3591,42680,1
3591,43485,2
3591,44584,1
3591,46608,1
3591,48157,2
3591,48641,1
3591,48749,1
3591,50865,1
3591,51980,1
3591,104911,1
3591,112150,1
3591,113924,1
3591,116823,1
3596,3997,1
3596,4001,1
3596,7059,1
3596,8153,1
3596,10061,1
3596,10242,2
3596,10304,1
3596,10892,2
3596,10895,1
3596,10902,2
3596,11450,1
3596,11578,1
3596,11800,1
3596,12053,1
3596,12072,1
3596,12319,1
3596,12681,1
3596,12890,2
3596,13809,1
3596,13845,1
3596,14858,1
3596,14994,1
3596,15501,1
3596,16720,1
3596,16783,1
3596,18136,1
3596,18588,1
3596,18684,1
3596,18889,1
3596,21569,1
3596,21721,1
3596,22101,1
3596,24554,1
3596,24710,2
3596,24793,1
3596,25459,1
3596,25535,1
3596,38004,2
3596,39869,1
3596,41297,1
3596,42675,1
3596,42790,1
3596,43485,1
3596,44584,1
3596,48157,1
3596,50865,1
3596,51980,1
3599,19123,1
3599,112150,1
3604,26369,1
3615,3718,1
3615,3933,1
3615,4001,1
3615,4043,1
3615,7179,1
3615,8093,1
3615,10565,1
3615,10566,1
3615,10831,1
3615,12319,1
3615,13477,1
3615,14903,1
3615,16720,1
3615,19424,1
3615,19915,1
3615,19947,1
3615,24956,1
3615,25535,1
3615,27761,1
3615,30231,1
3615,42321,1
3615,42790,1
3615,43094,1
3615,43110,1
3634,3915,1
3634,4007,1
3634,4042,1
3634,7059,1
3634,7239,1
3634,8116,2
3634,10566,1
3634,11372,1
3634,12134,1
3634,13279,1
3634,13477,1
3634,27761,1
3638,3838,1
3638,3908,1
3638,7053,1
3638,8006,1
3638,8116,1
3638,13378,1
3675,7059,1
3675,8116,1
3675,25459,1
3675,45173,1
3700,3718,1
3700,3977,1
3700,4001,1
3700,4175,1
3700,7053,1
3700,7109,1
3700,7161,1
3700,7317,1
3700,8165,1
3700,11135,1
3700,13378,1
3700,17743,1
3700,19149,1
3700,20221,1
3700,21226,1
3709,3957,1
3709,3997,2
3709,7059,1
3709,7097,1
3709,7391,1
3709,8116,3
3709,11612,1
3709,12941,1
3709,13360,1
3709,14207,1
3709,14209,1
3709,15155,1
3709,16667,1
3709,18246,1
3709,18395,3
3709,18399,2
3709,18401,1
3709,18574,1
3709,21237,1
3709,21637,1
3709,26373,1
3709,26376,1
3709,34020,1
3709,34100,1
3709,45753,1
3709,45885,1
3709,46425,1
3716,15806,1
3718,3933,2
3718,3977,4
3718,4001,9
3718,4043,1
3718,4056,1
3718,4153,1
3718,4175,1
3718,7053,4
3718,7097,2
3718,7109,1
3718,7161,1
3718,7179,2
3718,7279,1
3718,7391,1
3718,8001,1
3718,8072,1
3718,8090,1
3718,8093,1
3718,8116,3
3718,8153,1
3718,8165,2
3718,10061,2
3718,10304,1
3718,10565,4
3718,10566,4
3718,10831,2
3718,10890,1
3718,10892,2
3718,10895,1
3718,11062,1
3718,11135,2
3718,11372,2
3718,11404,1
3718,11450,1
3718,11800,2
3718,12072,1
3718,12134,1
3718,12319,2
3718,12978,1
3718,13258,1
3718,13279,2
3718,13477,3
3718,13674,1
3718,13810,2
3718,13845,1
3718,13855,1
3718,13940,1
3718,14074,1
3718,14103,2
3718,14310,1
3718,14445,1
3718,14650,1
3718,14834,1
3718,14903,1
3718,14913,1
3718,14973,2
3718,15501,2
3718,16040,1
3718,16302,1
3718,16504,1
3718,16720,2
3718,16745,1
3718,16783,2
3718,16877,1
3718,17100,1
3718,17517,1
3718,17743,1
3718,18480,1
3718,18588,1
3718,18954,1
3718,19123,1
3718,19149,3
3718,19322,1
3718,19424,1
3718,19597,2
3718,19699,2
3718,19915,1
3718,19947,1
3718,20221,1
3718,20932,1
3718,21226,2
3718,21679,1
3718,22236,1
3718,22849,2
3718,24324,1
3718,24710,1
3718,24894,1
3718,24956,1
3718,25209,1
3718,25535,1
3718,26151,1
3718,26428,1
3718,26611,1
3718,27761,2
3718,30231,1
3718,35616,1
3718,38648,1
3718,40916,1
3718,40928,1
3718,41888,1
3718,42063,1
3718,42321,1
3718,42790,1
3718,43094,1
3718,43110,1
3718,43532,1
3718,44303,1
3718,44372,1
3718,45554,1
3718,46608,1
3718,49974,1
3718,50221,1
3718,50223,1
3718,50230,1
3718,50807,1
3718,50850,1
3718,95738,1
3718,100750,1
3718,700146,1
3725,4001,2
3725,7097,1
3725,8165,1
3725,10242,2
3725,10565,1
3725,10566,1
3725,10892,2
3725,11450,1
3725,11800,1
3725,12053,1
3725,12890,1
3725,12941,1
3725,14973,1
3725,19880,1
3725,24324,1
3725,24710,1
3725,25209,1
3725,45554,1
3736,7323,1
3739,3941,1
3739,4001,1
3739,7053,1
3739,7099,1
3739,7239,1
3739,7240,1
3739,7323,1
3739,8016,1
3739,8033,1
3739,8109,3
3739,10178,2
3739,10565,1
3739,10566,1
3739,11135,1
3739,11247,1
3739,11337,1
3739,12319,1
3739,13378,1
3739,14074,1
3739,16173,1
3739,16667,1
3739,17517,1
3739,18268,1
3739,18644,1
3739,19611,1
3739,20849,1
3739,21429,1
3739,22199,1
3739,25459,1
3739,26373,1
3739,27078,1
3739,27762,1
3739,40169,1
3739,42396,1
3739,45682,1
3739,45771,1
3739,512631,1
3759,10565,1
3759,11450,1
3802,3810,1
3802,4153,1
3802,7042,1
3802,8165,1
3810,4153,1
3810,7042,1
3810,8165,1
3829,3830,1
3829,3941,1
3829,4001,1
3829,4124,1
3829,7059,1
3829,7068,1
3829,7108,1
3829,7239,1
3829,7308,1
3829,8006,1
3829,8116,2
3829,8153,1
3829,8165,1
3829,10566,1
3829,10681,1
3829,12319,1
3829,14043,1
3829,14386,1
3829,16173,1
3829,18268,1
3829,18731,1
3829,18734,1
3829,18735,1
3829,20604,1
3829,21274,1
3829,21796,1
3829,27007,1
3829,27761,1
3829,40998,1
3829,45685,1
3829,45753,1
3829,46966,1
3830,8116,1
3830,13612,1
3830,15061,1
3830,17517,1
3830,21095,1
3830,27761,1
3830,38949,1
3830,45685,1
3838,3908,1
3838,8090,1
3838,13376,1
3838,13378,1
3838,22250,1
3838,26285,1
3838,27761,1
3838,41312,1
3842,4205,1
3856,12110,1
3857,7069,1
3857,7391,1
3857,8016,1
3857,8116,1
3857,17917,1
3857,39458,1
3857,48641,1
3869,3874,1
3869,7059,1
3869,8116,2
3869,10565,1
3869,13963,1
3874,3941,1
3874,4124,1
3874,4165,1
3874,8116,2
3874,10565,1
3874,10566,1
3874,11135,1
3874,11384,1
3874,11547,1
3874,12019,1
3874,12030,1
3874,12319,1
3874,12324,1
3874,12951,1
3874,13963,1
3874,37597,1
3908,7097,1
3908,10759,1
3908,13243,1
3908,13378,1
3908,16667,1
3908,19123,1
3908,21685,1
3908,24554,1
3908,30315,1
3908,30680,1
3908,34655,1
3908,59926,1
3908,68016,1
3908,68083,1
3908,68201,1
3908,68258,1
3908,68264,1
3908,68267,1
3908,68296,1
3908,68483,1
3908,68502,1
3908,100017,1
3908,124891,1
3908,127171,1
3908,128406,1
3908,128797,1
3908,128987,1
3908,131629,1
3908,224589,1
3915,3927,2
3915,3997,1
3915,7059,1
3915,7097,1
3915,7239,1
3915,8075,1
3915,8116,1
3915,10566,1
3915,11372,1
3915,11605,7
3915,12134,1
3915,12262,2
3915,13279,1
3915,13477,1
3915,15159,1
3915,15353,3
3915,22451,3
3915,22559,2
3915,22560,2
3915,22561,1
3915,24691,3
3915,27761,1
3915,30976,1
3915,31153,1
3915,31407,15
3915,31460,1
3915,31501,2
3915,31511,1
3915,31542,2
3915,31552,1
3915,32016,1
3915,32034,1
3915,32085,2
3915,32155,1
3915,32165,2
3915,32175,3
3915,32205,1
3915,32248,5
3915,32304,1
3915,32351,1
3915,32575,2
3915,32578,1
3915,32879,1
3915,32970,2
3915,33153,2
3915,33589,1
3915,41028,1
3915,92079,1
3915,92196,2
3915,92440,2
3915,92866,4
3915,92921,1
3915,92999,7
3915,93025,3
3915,93096,3
3915,93797,1
3915,93853,1
3915,93973,1
3915,94116,3
3915,94273,3
3915,94305,3
3915,94549,2
3915,94603,1
3915,94758,1
3915,95071,4
3915,145987,1
3915,146000,1
3915,156713,1
3915,189511,1
3915,194998,1
3915,450722,1
3927,15353,1
3927,22559,1
3927,22560,2
3927,22561,1
3927,30976,2
3927,32248,2
3927,33153,1
3927,33625,1
3927,92079,2
3927,92109,2
3927,92196,1
3927,92440,1
3927,92999,1
3927,93025,1
3927,94273,1
3927,95071,2
3927,450722,1
3933,4001,2
3933,4043,1
3933,7053,1
3933,7179,1
3933,8090,1
3933,8093,1
3933,8116,1
3933,8153,1
3933,10565,3
3933,10566,2
3933,10831,1
3933,12134,1
3933,12319,2
3933,13279,1
3933,13477,2
3933,13940,1
3933,14074,1
3933,14103,2
3933,14903,1
3933,16302,1
3933,16720,1
3933,16783,1
3933,17517,1
3933,18588,1
3933,18684,1
3933,19123,1
3933,19424,1
3933,19597,1
3933,19699,1
3933,19915,1
3933,19947,1
3933,22404,1
3933,22849,2
3933,24956,1
3933,25535,1
3933,26611,1
3933,27761,1
3933,30231,1
3933,35616,1
3933,42321,1
3933,42790,1
3933,43094,1
3933,43110,1
3933,44372,1
3933,50807,1
3933,50850,1
3941,3957,1
3941,4001,2
3941,4124,2
3941,4165,1
3941,7053,1
3941,7059,1
3941,7068,2
3941,7097,1
3941,7099,1
3941,7108,1
3941,7214,1
3941,7239,2
3941,7240,1
3941,7308,1
3941,7323,1
3941,8006,1
3941,8016,2
3941,8033,1
3941,8049,1
3941,8072,1
3941,8109,2
3941,8116,3
3941,8153,1
3941,8165,1
3941,10178,1
3941,10565,1
3941,10566,4
3941,10681,1
3941,11135,2
3941,11247,1
3941,11337,1
3941,11384,1
3941,11547,1
3941,11701,1
3941,12019,1
3941,12030,1
3941,12319,4
3941,12324,1
3941,12951,1
3941,13243,1
3941,13378,2
3941,14043,2
3941,14074,1
3941,14386,1
3941,15598,1
3941,15751,1
3941,15752,1
3941,16098,1
3941,16173,2
3941,16667,1
3941,16745,1
3941,17517,1
3941,18257,1
3941,18268,2
3941,18644,1
3941,18731,1
3941,18734,1
3941,18735,1
3941,19149,1
3941,19611,1
3941,19832,1
3941,20221,1
3941,20268,1
3941,20604,1
3941,20849,1
3941,21274,1
3941,21429,1
3941,21796,1
3941,22072,1
3941,22199,1
3941,25459,1
3941,27007,1
3941,27078,1
3941,27761,1
3941,27762,1
3941,34100,1
3941,37597,1
3941,39847,1
3941,40169,1
3941,40998,1
3941,41028,1
3941,42396,1
3941,45682,1
3941,45685,2
3941,45753,1
3941,45771,1
3941,46966,1
3941,54942,1
3944,7186,1
3944,19735,1
3944,40394,1
3944,51114,1
3957,4001,1
3957,8049,1
3957,8116,2
3957,10681,1
3957,13612,1
3957,15752,1
3957,15884,1
3957,18401,1
3957,19611,1
3957,20221,1
3957,20498,1
3957,26373,1
3957,27057,1
3957,39847,1
3977,4001,3
3977,4112,1
3977,4175,1
3977,7053,1
3977,7063,1
3977,7070,1
3977,7109,1
3977,7239,1
3977,7240,1
3977,7391,1
3977,7397,1
3977,8016,1
3977,8072,1
3977,8116,1
3977,8165,1
3977,10566,1
3977,11135,2
3977,11800,1
3977,14973,1
3977,16745,1
3977,17743,1
3977,19149,1
3977,20221,2
3977,21226,1
3977,22350,1
3977,26456,1
3977,47148,1
3977,52268,1
3977,700146,1
3997,4001,2
3997,4112,1
3997,4165,1
3997,7042,1
3997,7059,3
3997,7097,6
3997,7126,1
3997,7239,1
3997,7308,1
3997,8001,1
3997,8006,2
3997,8012,1
3997,8013,2
3997,8048,1
3997,8049,1
3997,8075,4
3997,8087,1
3997,8116,2
3997,8177,1
3997,10226,1
3997,10242,1
3997,10566,1
3997,10681,1
3997,10892,1
3997,10895,1
3997,10902,1
3997,11547,1
3997,11578,1
3997,11612,1
3997,12053,1
3997,12319,1
3997,12890,1
3997,12941,3
3997,13360,1
3997,13518,1
3997,13612,1
3997,13809,1
3997,13810,1
3997,14858,1
3997,15501,1
3997,16667,2
3997,16720,1
3997,17879,1
3997,17917,1
3997,17923,1
3997,17930,1
3997,18246,1
3997,18395,1
3997,18399,1
3997,18574,1
3997,18889,1
3997,19699,2
3997,21237,1
3997,21629,2
3997,21637,1
3997,22250,1
3997,22548,1
3997,24380,1
3997,24710,1
3997,25459,1
3997,26373,1
3997,26376,1
3997,27057,1
3997,27094,1
3997,27761,1
3997,38004,1
3997,39869,1
3997,42675,1
3997,43485,1
3997,44584,1
3997,45885,1
3997,46425,2
3997,48157,1
3997,50865,1
3997,52462,1
3997,95556,1
4001,4043,1
4001,4056,1
4001,4112,1
4001,4124,2
4001,4175,1
4001,4207,3
4001,7042,1
4001,7053,3
4001,7059,3
4001,7063,1
4001,7068,1
4001,7070,2
4001,7097,5
4001,7099,1
4001,7108,1
4001,7109,1
4001,7126,1
4001,7161,1
4001,7179,2
4001,7239,4
4001,7240,3
4001,7279,2
4001,7308,4
4001,7323,1
4001,7391,2
4001,7397,1
4001,8006,1
4001,8016,3
4001,8033,1
4001,8049,1
4001,8072,2
4001,8075,1
4001,8093,1
4001,8104,1
4001,8109,1
4001,8116,10
4001,8153,4
4001,8165,4
4001,10061,2
4001,10164,1
4001,10178,1
4001,10226,1
4001,10242,1
4001,10304,5
4001,10377,1
4001,10565,16
4001,10566,23
4001,10681,2
4001,10759,1
4001,10831,8
4001,10890,5
4001,10892,13
4001,10895,1
4001,10902,1
4001,11062,2
4001,11135,4
4001,11247,1
4001,11337,1
4001,11372,2
4001,11404,1
4001,11450,4
4001,11650,1
4001,11800,21
4001,12025,1
4001,12053,1
4001,12072,1
4001,12319,7
4001,12681,1
4001,12890,5
4001,12941,2
4001,12944,1
4001,12978,3
4001,13279,1
4001,13312,1
4001,13378,2
4001,13477,3
4001,13583,1
4001,13612,2
4001,13712,1
4001,13809,8
4001,13810,13
4001,13845,8
4001,13855,1
4001,14043,1
4001,14074,1
4001,14103,4
4001,14386,1
4001,14445,1
4001,14650,1
4001,14834,2
4001,14858,1
4001,14903,2
4001,14913,1
4001,14973,13
4001,14994,1
4001,15192,1
4001,15218,3
4001,15501,6
4001,15598,1
4001,16040,4
4001,16173,2
4001,16302,1
4001,16333,1
4001,16504,2
4001,16667,3
4001,16720,3
4001,16745,3
4001,16783,3
4001,16877,1
4001,17100,1
4001,17302,1
4001,17307,1
4001,17355,1
4001,17517,1
4001,17648,1
4001,17743,1
4001,18205,1
4001,18268,2
4001,18324,1
4001,18480,1
4001,18588,6
4001,18644,1
4001,18684,1
4001,18731,1
4001,18734,1
4001,18735,1
4001,19123,8
4001,19149,3
4001,19322,2
4001,19424,1
4001,19597,2
4001,19611,1
4001,19699,7
4001,19701,1
4001,19880,1
4001,19915,1
4001,19947,1
4001,20001,2
4001,20221,3
4001,20604,1
4001,20849,1
4001,21226,2
4001,21274,2
4001,21429,1
4001,21455,1
4001,21679,1
4001,21721,2
4001,21796,2
4001,21998,1
4001,22000,1
4001,22072,1
4001,22101,1
4001,22199,1
4001,22236,1
4001,22350,1
4001,22403,1
4001,22404,2
4001,22849,4
4001,23850,1
4001,24324,3
4001,24710,4
4001,24793,1
4001,24956,1
4001,24961,1
4001,25209,2
4001,25322,1
4001,25459,1
4001,25508,1
4001,25535,2
4001,26151,3
4001,26373,2
4001,26428,5
4001,26456,1
4001,26766,1
4001,27007,1
4001,27057,1
4001,27078,2
4001,27375,1
4001,27391,1
4001,27562,1
4001,27565,1
4001,27761,3
4001,27762,1
4001,28944,1
4001,29291,2
4001,29327,1
4001,30231,2
4001,38712,1
4001,39811,2
4001,40169,1
4001,40916,3
4001,40928,2
4001,40998,1
4001,41028,2
4001,41550,1
4001,41961,1
4001,42063,1
4001,42321,2
4001,42396,1
4001,42675,1
4001,42790,2
4001,43094,2
4001,43110,1
4001,43532,2
4001,44303,1
4001,44372,1
4001,44377,1
4001,44584,2
4001,45049,1
4001,45177,1
4001,45554,2
4001,45682,1
4001,45685,1
4001,45753,1
4001,45771,1
4001,46640,1
4001,46702,2
4001,46872,1
4001,46966,1
4001,47148,1
4001,47470,1
4001,47673,2
4001,48749,1
4001,49672,1
4001,49974,1
4001,50221,1
4001,50223,1
4001,50230,1
4001,52136,1
4001,52268,1
4001,52303,1
4001,52842,1
4001,68454,1
4001,95738,1
4001,102628,1
4001,105210,1
4001,105289,1
4001,106227,1
4001,106263,2
4001,106333,1
4001,109317,1
4001,109504,1
4001,109615,1
4001,110845,1
4001,111525,1
4001,112150,1
4001,112837,1
4001,112971,1
4001,114192,1
4001,116823,1
4001,551402,1
4007,4042,1
4007,18165,1
4042,8116,1
4042,15289,1
4042,18165,2
4042,48675,1
4042,51096,1
4043,7179,1
4043,8093,1
4043,10565,1
4043,10566,1
4043,10831,1
4043,12319,1
4043,13477,1
4043,14903,1
4043,16720,1
4043,19424,1
4043,19915,1
4043,19947,1
4043,24956,1
4043,25535,1
4043,27761,1
4043,30231,1
4043,42321,1
4043,42790,1
4043,43094,1
4043,43110,1
4053,7097,1
4056,10565,1
4056,10566,1
4056,11800,1
4056,14103,1
4056,15501,1
4056,95738,1
4067,7323,1
4067,18655,1
4067,27005,1
4067,27007,1
4067,27019,1
4112,4165,1
4112,7063,1
4112,7070,1
4112,7239,1
4112,7240,1
4112,7397,1
4112,8016,1
4112,8072,1
4112,11135,1
4112,11800,1
4112,14973,1
4112,16745,1
4112,26456,1
4112,52268,1
4118,12351,2
4124,4165,1
4124,7059,1
4124,7068,1
4124,7108,1
4124,7239,1
4124,7240,1
4124,7308,1
4124,8006,1
4124,8116,2
4124,8153,1
4124,8165,1
4124,10566,2
4124,10681,1
4124,11135,1
4124,11384,1
4124,11547,1
4124,11650,1
4124,11800,1
4124,12019,1
4124,12030,1
4124,12319,3
4124,12324,1
4124,12951,1
4124,14043,1
4124,14386,1
4124,16173,1
4124,16745,1
4124,17355,1
4124,18268,1
4124,18731,1
4124,18734,1
4124,18735,1
4124,20221,1
4124,20604,1
4124,21274,2
4124,21796,1
4124,22754,3
4124,27007,1
4124,27761,1
4124,34748,1
4124,37597,1
4124,40998,1
4124,45685,1
4124,45753,1
4124,46702,1
4124,46966,1
4124,49672,1
4124,68196,1
4153,7042,1
4153,7358,2
4153,8116,3
4153,8153,1
4153,8165,1
4153,11701,1
4153,13972,1
4153,15751,1
4153,16877,1
4153,17724,1
4153,17730,2
4153,17743,1
4153,19611,1
4153,27761,1
4153,40396,1
4153,52545,1
4153,570923,1
4165,8116,1
4165,10566,1
4165,11135,1
4165,11384,1
4165,11547,1
4165,12019,1
4165,12030,1
4165,12319,1
4165,12324,1
4165,12951,1
4165,37597,1
4175,7053,1
4175,7109,1
4175,8165,1
4175,11135,1
4175,17743,1
4175,19149,1
4175,20221,1
4175,21226,1
4205,7390,1
4205,8001,1
4205,14301,1
4205,16101,1
4207,7042,1
4207,7308,1
4207,7391,1
4207,8153,1
4207,8165,1
4207,11800,1
4207,12941,1
4207,12944,1
4207,13312,1
4207,22072,1
4207,46640,1
7011,7097,1
7011,7317,1
7011,7336,1
7011,7390,1
7011,8116,1
7011,13243,1
7011,15706,1
7011,22548,1
7011,696195,1
7024,8075,1
7024,8087,1
7024,17667,1
7024,18336,1
7024,46425,1
7034,7059,1
7034,8116,1
7034,13105,1
7034,13406,1
7034,502739,1
7042,7097,1
7042,8074,1
7042,8153,3
7042,8165,1
7042,11800,1
7042,12319,1
7042,12941,1
7042,12944,1
7042,13312,1
7042,22072,3
7042,46640,1
7046,8049,1
7046,10759,1
7046,22849,1
7046,24739,1
7046,27761,1
7046,61632,1
7053,7097,1
7053,7099,1
7053,7109,1
7053,7239,1
7053,7240,1
7053,7323,1
7053,8001,1
7053,8016,1
7053,8033,1
7053,8090,1
7053,8109,1
7053,8116,1
7053,8153,1
7053,8165,1
7053,10178,1
7053,10565,2
7053,10566,2
7053,11135,2
7053,11247,1
7053,11337,1
7053,12134,1
7053,12319,2
7053,13279,1
7053,13378,1
7053,13477,1
7053,13810,1
7053,13940,1
7053,14074,2
7053,15883,1
7053,15885,1
7053,16173,1
7053,16302,1
7053,16667,1
7053,16783,1
7053,17517,2
7053,17743,1
7053,18268,1
7053,18588,1
7053,18644,1
7053,19123,1
7053,19149,1
7053,19289,1
7053,19597,1
7053,19611,1
7053,19699,1
7053,20221,1
7053,20849,1
7053,21226,1
7053,21429,1
7053,22199,1
7053,22849,1
7053,25459,1
7053,26611,1
7053,27078,1
7053,27762,1
7053,35616,1
7053,40169,1
7053,42396,1
7053,44372,1
7053,45682,1
7053,45771,1
7053,50807,1
7053,50850,1
7059,7068,1
7059,7097,2
7059,7108,1
7059,7126,1
7059,7239,4
7059,7240,1
7059,7272,1
7059,7308,2
7059,8006,1
7059,8057,1
7059,8116,5
7059,8153,1
7059,8165,1
7059,10226,1
7059,10242,1
7059,10565,1
7059,10566,3
7059,10681,1
7059,10892,1
7059,10895,1
7059,10902,1
7059,11372,1
7059,11578,1
7059,11800,1
7059,12053,2
7059,12134,1
7059,12319,3
7059,12890,1
7059,13105,1
7059,13279,1
7059,13378,1
7059,13406,1
7059,13477,1
7059,13612,1
7059,13809,1
7059,13810,1
7059,14043,1
7059,14386,1
7059,14858,1
7059,15501,1
7059,15706,1
7059,15752,1
7059,16173,1
7059,16504,1
7059,16667,1
7059,16720,1
7059,17730,1
7059,18268,1
7059,18616,1
7059,18731,1
7059,18734,2
7059,18735,1
7059,18889,1
7059,19123,1
7059,19699,2
7059,20604,1
7059,21169,1
7059,21274,1
7059,21569,1
7059,21796,1
7059,22250,1
7059,24324,1
7059,24710,1
7059,25459,1
7059,27007,1
7059,27391,1
7059,27761,3
7059,27762,1
7059,28092,1
7059,38004,1
7059,39869,1
7059,40998,1
7059,42417,1
7059,42675,1
7059,43485,1
7059,43532,1
7059,44584,1
7059,45685,1
7059,45753,1
7059,46966,1
7059,48157,1
7059,50865,1
7059,66673,1
7059,116823,1
7059,502739,1
7063,7070,1
7063,7239,1
7063,7240,1
7063,7397,1
7063,8016,1
7063,8072,1
7063,11135,1
7063,11800,1
7063,13378,1
7063,14973,1
7063,16745,1
7063,26456,1
7063,52268,1
7068,7097,1
7068,7108,1
7068,7214,1
7068,7239,1
7068,7308,1
7068,8006,1
7068,8016,1
7068,8049,1
7068,8072,1
7068,8109,1
7068,8116,2
7068,8153,1
7068,8165,1
7068,10566,2
7068,10681,1
7068,12319,2
7068,14043,2
7068,14386,1
7068,15598,1
7068,16098,1
7068,16173,1
7068,16745,1
7068,18257,1
7068,18268,1
7068,18731,1
7068,18734,1
7068,18735,1
7068,19149,1
7068,19832,1
7068,20221,1
7068,20268,1
7068,20604,1
7068,21274,1
7068,21796,1
7068,27007,1
7068,27761,1
7068,39847,1
7068,40998,1
7068,41028,1
7068,45685,2
7068,45753,1
7068,46966,1
7068,54942,1
7068,562900,1
7068,697054,1
7069,8016,1
7069,8116,1
7069,12319,1
7069,39458,1
7069,48641,1
7070,7239,1
7070,7240,1
7070,7308,1
7070,7397,1
7070,8016,1
7070,8072,1
7070,11135,1
7070,11800,1
7070,12025,1
7070,14973,1
7070,16745,1
7070,17730,1
7070,21796,1
7070,22403,1
7070,26456,1
7070,52268,1
7097,7214,1
7097,7239,1
7097,7317,1
7097,7336,1
7097,7390,1
7097,8001,1
7097,8006,1
7097,8013,1
7097,8016,1
7097,8049,2
7097,8072,1
7097,8074,1
7097,8075,3
7097,8109,1
7097,8116,3
7097,8153,1
7097,8165,3
7097,8177,2
7097,10242,1
7097,10304,1
7097,10566,2
7097,10759,1
7097,10831,2
7097,10892,4
7097,10895,1
7097,11062,1
7097,11800,2
7097,12053,2
7097,12072,2
7097,12319,1
7097,12890,1
7097,12941,1
7097,12944,1
7097,13243,1
7097,13258,1
7097,13312,1
7097,13313,1
7097,13314,2
7097,13612,1
7097,13674,1
7097,13675,1
7097,13810,3
7097,13845,1
7097,13855,1
7097,14043,1
7097,14074,1
7097,14821,1
7097,14834,1
7097,14973,1
7097,15218,1
7097,15431,1
7097,15501,1
7097,15598,1
7097,15806,1
7097,16040,2
7097,16098,1
7097,16239,1
7097,16504,1
7097,16745,1
7097,16877,1
7097,17102,1
7097,18257,1
7097,18365,1
7097,18395,1
7097,18399,1
7097,18954,1
7097,19123,1
7097,19149,1
7097,19699,1
7097,19832,2
7097,20166,1
7097,20221,1
7097,20268,1
7097,20932,1
7097,21569,1
7097,21610,1
7097,21721,1
7097,22047,1
7097,22548,1
7097,22559,1
7097,22560,1
7097,24324,3
7097,24710,2
7097,25209,1
7097,26428,1
7097,26518,1
7097,26766,2
7097,27057,1
7097,38648,2
7097,39847,1
7097,40916,1
7097,41028,2
7097,45554,1
7097,45685,1
7097,46425,2
7097,46608,1
7097,52462,1
7097,54942,1
7097,92196,1
7097,93797,1
7097,93973,1
7097,700146,1
7099,7239,1
7099,7240,1
7099,7323,1
7099,8012,1
7099,8016,1
7099,8033,1
7099,8109,1
7099,8116,1
7099,10178,1
7099,10565,1
7099,10566,1
7099,11135,1
7099,11247,1
7099,11337,1
7099,12319,1
7099,13378,1
7099,14074,1
7099,14310,1
7099,16173,1
7099,16667,1
7099,17517,1
7099,18268,1
7099,18644,1
7099,19611,1
7099,20849,1
7099,21429,1
7099,22199,1
7099,22483,1
7099,25459,1
7099,26373,1
7099,27078,1
7099,27762,1
7099,40169,1
7099,42396,1
7099,45682,1
7099,45771,1
7108,7239,1
7108,7308,1
7108,8006,1
7108,8116,1
7108,8153,1
7108,8165,1
7108,10566,1
7108,10681,1
7108,12319,1
7108,14043,1
7108,14386,1
7108,16173,1
7108,18268,1
7108,18731,2
7108,18734,1
7108,18735,1
7108,20604,1
7108,21274,1
7108,21796,1
7108,27007,1
7108,27761,1
7108,40998,1
7108,45685,1
7108,45753,1
7108,46966,1
7109,8165,1
7109,11135,1
7109,14310,1
7109,17743,1
7109,17872,1
7109,19149,1
7109,20221,1
7109,21226,1
7120,700146,1
7121,7288,1
7121,7323,1
7121,14043,1
7121,15849,1
7121,16667,1
7121,22865,1
7121,27078,1
7121,37916,1
7121,40408,1
7121,42415,1
7121,42652,1
7121,47517,1
7126,7308,1
7126,8049,1
7126,8116,1
7126,10226,1
7126,13612,1
7126,16667,1
7126,19699,1
7126,27761,1
7144,14103,1
7144,17648,1
7161,7279,1
7161,8072,1
7161,13378,1
7161,14650,1
7161,16783,1
7161,21226,1
7161,21679,1
7161,44303,1
7161,50221,1
7161,50223,1
7161,50230,1
7179,8093,1
7179,8116,1
7179,10061,1
7179,10304,1
7179,10565,2
7179,10566,2
7179,10831,1
7179,10890,1
7179,10892,1
7179,11372,1
7179,11404,1
7179,11450,1
7179,11800,1
7179,12319,1
7179,12978,1
7179,13279,1
7179,13477,2
7179,13810,1
7179,14103,2
7179,14445,1
7179,14903,1
7179,14913,1
7179,14973,1
7179,15501,1
7179,16504,1
7179,16720,2
7179,17100,1
7179,18480,1
7179,19322,1
7179,19424,1
7179,19597,1
7179,19915,1
7179,19947,1
7179,24956,1
7179,25209,1
7179,25535,1
7179,26151,1
7179,27761,1
7179,30231,1
7179,40928,1
7179,42063,1
7179,42321,1
7179,42790,1
7179,43094,1
7179,43110,1
7179,49974,1
7186,19735,1
7186,20221,1
7186,40394,1
7186,51114,1
7214,8016,1
7214,8049,1
7214,8072,1
7214,8109,1
7214,8116,1
7214,10566,1
7214,12319,1
7214,14043,1
7214,15598,1
7214,16098,1
7214,16745,1
7214,18257,1
7214,19149,1
7214,19832,1
7214,20221,1
7214,20268,1
7214,39847,1
7214,41028,1
7214,45685,1
7214,54942,1
7239,7240,3
7239,7272,1
7239,7308,1
7239,7323,1
7239,7397,1
7239,8006,1
7239,8016,2
7239,8033,1
7239,8072,1
7239,8109,1
7239,8116,2
7239,8153,1
7239,8165,1
7239,10178,1
7239,10565,1
7239,10566,4
7239,10681,1
7239,11135,2
7239,11247,1
7239,11337,1
7239,11372,1
7239,11800,1
7239,12134,1
7239,12319,2
7239,13279,1
7239,13378,1
7239,13477,1
7239,13810,1
7239,14043,1
7239,14074,1
7239,14386,1
7239,14973,1
7239,16173,2
7239,16667,1
7239,16745,1
7239,17517,1
7239,18268,2
7239,18644,1
7239,18731,1
7239,18734,1
7239,18735,1
7239,19611,1
7239,19699,1
7239,20604,1
7239,20849,1
7239,21274,1
7239,21429,1
7239,21796,1
7239,22199,1
7239,25459,1
7239,26456,1
7239,27007,1
7239,27078,1
7239,27761,2
7239,27762,1
7239,40169,1
7239,40998,1
7239,41577,1
7239,42396,1
7239,45682,1
7239,45685,1
7239,45753,1
7239,45771,1
7239,46966,1
7239,52268,1
7239,699695,1
7240,7272,1
7240,7323,1
7240,7397,1
7240,8016,2
7240,8033,1
7240,8072,1
7240,8109,1
7240,10178,1
7240,10565,1
7240,10566,1
7240,11135,2
7240,11247,1
7240,11337,1
7240,11650,1
7240,11800,1
7240,12319,2
7240,13378,1
7240,14074,1
7240,14973,1
7240,16173,1
7240,16667,1
7240,16745,2
7240,17100,1
7240,17355,1
7240,17517,1
7240,18268,1
7240,18644,1
7240,19611,1
7240,20221,1
7240,20849,1
7240,21274,1
7240,21429,1
7240,22199,1
7240,25459,1
7240,26456,1
7240,27078,1
7240,27762,1
7240,40169,1
7240,42396,1
7240,45682,1
7240,45771,1
7240,46702,1
7240,49672,1
7240,52268,1
7279,8072,1
7279,13674,1
7279,14650,1
7279,15598,1
7279,16667,1
7279,16783,1
7279,18165,1
7279,21226,1
7279,21679,1
7279,23850,1
7279,26373,1
7279,27391,1
7279,38712,1
7279,44303,1
7279,50221,1
7279,50223,1
7279,50230,1
7279,52136,1
7279,52303,1
7279,52842,1
7279,699428,1
7279,699468,1
7288,7323,1
7288,8116,1
7288,10565,1
7288,14043,1
7288,15849,1
7288,16667,1
7288,19098,1
7288,22865,1
7288,24380,1
7288,27078,1
7288,37916,1
7288,40408,1
7288,42415,1
7288,42652,1
7288,47517,1
7308,7391,1
7308,8006,1
7308,8116,3
7308,8153,1
7308,8165,2
7308,10226,1
7308,10566,1
7308,10681,1
7308,12025,1
7308,12319,1
7308,13612,1
7308,14043,1
7308,14215,1
7308,14386,1
7308,16173,1
7308,16667,1
7308,18268,1
7308,18731,1
7308,18734,1
7308,18735,1
7308,19699,1
7308,20604,1
7308,21274,1
7308,21796,2
7308,22403,1
7308,27007,1
7308,27761,2
7308,40998,1
7308,45685,1
7308,45753,1
7308,46966,1
7317,7336,1
7317,7390,1
7323,8016,1
7323,8033,1
7323,8109,1
7323,10178,1
7323,10565,1
7323,10566,1
7323,11135,1
7323,11247,1
7323,11337,1
7323,12319,1
7323,13378,1
7323,14043,1
7323,14074,1
7323,15849,1
7323,16173,1
7323,16667,2
7323,17517,1
7323,18268,1
7323,18644,1
7323,18655,1
7323,19611,1
7323,20849,1
7323,21429,1
7323,22199,1
7323,22865,1
7323,25459,1
7323,27005,1
7323,27007,1
7323,27019,1
7323,27078,2
7323,27762,1
7323,37916,1
7323,40169,1
7323,40408,1
7323,42396,1
7323,42415,1
7323,42652,1
7323,45682,1
7323,45771,1
7323,47517,1
7328,8016,1
7328,20885,1
7328,20889,1
7328,38331,1
7328,45816,1
7336,7390,1
7358,8116,1
7358,8153,1
7358,11701,1
7358,13972,1
7358,15751,1
7358,17724,1
7358,17730,1
7358,17743,1
7358,27761,1
7358,40396,1
7358,52545,1
7365,10061,1
7365,10438,1
7365,15791,1
7365,16504,1
7390,8116,1
7391,8116,2
7391,8165,1
7391,10178,1
7391,10566,1
7391,14209,1
7391,15155,1
7391,17917,1
7391,18395,1
7391,18399,1
7391,20221,1
7391,22350,1
7391,34020,1
7391,34100,1
7391,45753,1
7391,47148,1
7397,8016,1
7397,8072,1
7397,11135,1
7397,11800,1
7397,14973,1
7397,16701,1
7397,16745,2
7397,26456,1
7397,52268,1
7411,13378,1
7411,339480,1
8001,13513,1
8001,13518,2
8001,20276,1
8001,24988,1
8001,40287,1
8006,8012,1
8006,8116,2
8006,8153,1
8006,8165,1
8006,8177,1
8006,10566,1
8006,10681,1
8006,11547,1
8006,12319,1
8006,12941,1
8006,14043,1
8006,14386,1
8006,14704,1
8006,16173,1
8006,18268,1
8006,18731,1
8006,18734,1
8006,18735,1
8006,20604,1
8006,21274,1
8006,21796,1
8006,27007,1
8006,27761,1
8006,40998,1
8006,45685,1
8006,45753,1
8006,46966,1
8006,95556,1
8006,98013,1
8012,8074,1
8012,8075,2
8012,8177,1
8012,12941,2
8012,13573,1
8012,21432,1
8012,26373,1
8013,17923,1
8013,17930,1
8013,22548,1
8016,8033,1
8016,8049,2
8016,8072,2
8016,8109,2
8016,8116,2
8016,10178,1
8016,10565,1
8016,10566,2
8016,11135,2
8016,11247,1
8016,11337,1
8016,11800,1
8016,12319,2
8016,13378,1
8016,14043,1
8016,14074,1
8016,14973,1
8016,15598,1
8016,16098,1
8016,16173,1
8016,16667,1
8016,16745,2
8016,17517,1
8016,18257,1
8016,18268,1
8016,18644,1
8016,19123,1
8016,19149,1
8016,19611,1
8016,19832,1
8016,20221,1
8016,20268,1
8016,20849,1
8016,21429,1
8016,22199,1
8016,25459,1
8016,26456,1
8016,27078,1
8016,27762,1
8016,38331,1
8016,39458,1
8016,39847,1
8016,40169,1
8016,41028,1
8016,42396,1
8016,45682,1
8016,45685,1
8016,45771,1
8016,45816,1
8016,48641,1
8016,52268,1
8016,54942,1
8033,8109,1
8033,8153,1
8033,10178,1
8033,10565,1
8033,10566,1
8033,11135,1
8033,11247,1
8033,11337,1
8033,12319,1
8033,13378,1
8033,14074,1
8033,16173,1
8033,16667,1
8033,17517,1
8033,18268,1
8033,18644,1
8033,19611,1
8033,20849,1
8033,21429,1
8033,22199,1
8033,25459,1
8033,27078,1
8033,27762,1
8033,40169,1
8033,42396,1
8033,45682,1
8033,45771,1
8049,8072,1
8049,8109,1
8049,8116,2
8049,8153,1
8049,8165,1
8049,10566,2
8049,10681,1
8049,12319,2
8049,13612,1
8049,14043,1
8049,15598,2
8049,15884,1
8049,16098,1
8049,16745,1
8049,18257,1
8049,19123,1
8049,19149,1
8049,19611,1
8049,19832,1
8049,20221,2
8049,20268,1
8049,20498,1
8049,27057,1
8049,39847,2
8049,41028,1
8049,45685,1
8049,54942,1
8057,13105,1
8071,11247,1
8071,13583,1
8071,15316,1
8071,19806,1
8071,26611,1
8071,27041,1
8072,8109,1
8072,8116,1
8072,10566,1
8072,11135,1
8072,11800,1
8072,12319,1
8072,13279,1
8072,14043,1
8072,14650,1
8072,14973,1
8072,15598,1
8072,16098,1
8072,16745,2
8072,16783,1
8072,18257,1
8072,19149,1
8072,19832,1
8072,20221,1
8072,20268,1
8072,21226,1
8072,21679,1
8072,26456,1
8072,39847,1
8072,41028,1
8072,44303,1
8072,45685,1
8072,50221,1
8072,50223,1
8072,50230,1
8072,52268,1
8072,54942,1
8074,8075,1
8074,8116,1
8074,8153,2
8074,8177,1
8074,12941,1
8074,15848,1
8074,17917,1
8074,21432,1
8075,8087,1
8075,8116,2
8075,8177,1
8075,11753,1
8075,12941,1
8075,16458,1
8075,17271,1
8075,18336,2
8075,20001,1
8075,21432,1
8075,21629,2
8075,26373,1
8075,46425,1
8087,17879,1
8087,18336,1
8087,20431,1
8087,20432,1
8087,21629,1
8087,22548,1
8087,46425,1
8090,8116,1
8090,8153,1
8090,10565,1
8090,10566,1
8090,12134,1
8090,12319,1
8090,13279,1
8090,13376,1
8090,13378,1
8090,13477,1
8090,13940,1
8090,14074,1
8090,16302,1
8090,16783,1
8090,17517,1
8090,18588,1
8090,19123,1
8090,19597,1
8090,19699,1
8090,22250,1
8090,22849,1
8090,26285,1
8090,26611,1
8090,27761,1
8090,35616,1
8090,37916,1
8090,41312,1
8090,44372,1
8090,50807,1
8090,50850,1
8093,10565,1
8093,10566,1
8093,10831,1
8093,12319,1
8093,13477,1
8093,14903,1
8093,16720,1
8093,19424,1
8093,19915,1
8093,19947,1
8093,24956,1
8093,25535,1
8093,27761,1
8093,30231,1
8093,42321,1
8093,42790,1
8093,43094,1
8093,43110,1
8104,10565,1
8104,10759,1
8104,11800,2
8104,13477,1
8104,14445,1
8104,22000,1
8104,22250,1
8104,22849,1
8104,27761,1
8109,8116,2
8109,10178,1
8109,10565,1
8109,10566,2
8109,11135,1
8109,11247,1
8109,11337,1
8109,12319,2
8109,13378,1
8109,14043,1
8109,14074,1
8109,15598,1
8109,16098,1
8109,16173,1
8109,16667,1
8109,16745,1
8109,17517,1
8109,18257,1
8109,18268,1
8109,18644,1
8109,19149,1
8109,19611,1
8109,19832,1
8109,20221,1
8109,20268,1
8109,20849,1
8109,21429,1
8109,22199,1
8109,25459,1
8109,26369,1
8109,27078,1
8109,27762,1
8109,39847,1
8109,40169,1
8109,41028,1
8109,42396,1
8109,45682,1
8109,45685,1
8109,45771,1
8109,54942,1
8109,512631,2
8116,8150,1
8116,8153,4
8116,8165,1
8116,10061,1
8116,10226,1
8116,10304,1
8116,10565,4
8116,10566,8
8116,10681,2
8116,10890,1
8116,10892,1
8116,11135,1
8116,11372,2
8116,11384,1
8116,11404,1
8116,11450,1
8116,11516,1
8116,11547,1
8116,11612,3
8116,11701,1
8116,11800,1
8116,12019,1
8116,12030,1
8116,12134,2
8116,12319,6
8116,12324,1
8116,12951,1
8116,12978,1
8116,13048,1
8116,13105,2
8116,13279,3
8116,13378,1
8116,13477,3
8116,13612,2
8116,13810,3
8116,13940,1
8116,13963,1
8116,13972,1
8116,14043,2
8116,14074,1
8116,14103,1
8116,14209,1
8116,14386,1
8116,14445,1
8116,14913,1
8116,14973,2
8116,15155,1
8116,15289,1
8116,15460,1
8116,15501,1
8116,15598,1
8116,15751,1
8116,15752,2
8116,15848,1
8116,15884,1
8116,16098,1
8116,16173,1
8116,16302,1
8116,16504,1
8116,16667,1
8116,16720,1
8116,16745,2
8116,16783,1
8116,16877,2
8116,17100,1
8116,17517,1
8116,17724,1
8116,17730,1
8116,17743,1
8116,17879,1
8116,17917,1
8116,18165,1
8116,18257,2
8116,18268,1
8116,18395,2
8116,18399,1
8116,18480,1
8116,18567,1
8116,18571,2
8116,18588,1
8116,18731,1
8116,18734,1
8116,18735,1
8116,19123,2
8116,19149,4
8116,19322,1
8116,19597,2
8116,19611,2
8116,19699,3
8116,19832,1
8116,20221,3
8116,20268,1
8116,20498,1
8116,20604,1
8116,21237,1
8116,21274,1
8116,21796,1
8116,22350,1
8116,22420,1
8116,22849,1
8116,24894,1
8116,25209,1
8116,25322,1
8116,25459,1
8116,26151,1
8116,26369,1
8116,26373,1
8116,26611,1
8116,27007,1
8116,27019,1
8116,27057,1
8116,27565,1
8116,27761,6
8116,34020,1
8116,34100,1
8116,35616,1
8116,37597,1
8116,39458,1
8116,39847,2
8116,40396,1
8116,40928,1
8116,40998,1
8116,41028,2
8116,42063,1
8116,43485,1
8116,43532,1
8116,44372,1
8116,45049,1
8116,45173,1
8116,45685,2
8116,45753,2
8116,45886,1
8116,46642,1
8116,46702,1
8116,46966,1
8116,47148,1
8116,48157,1
8116,48641,1
8116,48675,1
8116,49974,1
8116,50807,1
8116,50850,1
8116,51096,1
8116,52545,1
8116,54942,1
8116,696581,1
8116,696583,1
8150,690127,1
8153,8165,1
8153,10304,1
8153,10565,2
8153,10566,5
8153,10681,1
8153,11450,1
8153,11701,1
8153,11800,2
8153,12072,1
8153,12134,1
8153,12319,4
8153,12890,1
8153,12941,1
8153,12944,1
8153,13279,1
8153,13312,1
8153,13477,1
8153,13940,1
8153,13972,1
8153,14043,1
8153,14074,1
8153,14386,1
8153,15751,1
8153,15848,1
8153,16173,1
8153,16302,1
8153,16783,2
8153,17517,1
8153,17724,1
8153,17730,1
8153,17743,1
8153,17917,1
8153,18268,1
8153,18588,2
8153,18684,1
8153,18731,1
8153,18734,1
8153,18735,1
8153,19123,2
8153,19597,1
8153,19699,1
8153,20604,1
8153,21274,1
8153,21721,1
8153,21796,1
8153,22072,1
8153,22101,1
8153,22849,1
8153,25535,1
8153,26611,1
8153,27007,1
8153,27761,2
8153,29291,1
8153,35616,1
8153,40396,1
8153,40998,1
8153,42666,1
8153,42790,1
8153,44372,1
8153,45554,1
8153,45685,1
8153,45753,1
8153,46640,1
8153,46966,1
8153,50807,1
8153,50850,1
8153,52545,1
8153,109317,1
8153,112971,1
8153,114192,1
8160,10231,1
8160,11372,1
8160,12013,1
8160,18946,1
8160,21561,1
8160,47457,1
8165,10242,1
8165,10566,1
8165,10681,1
8165,10831,1
8165,10892,2
8165,10895,1
8165,11062,1
8165,11135,1
8165,11800,1
8165,12053,1
8165,12072,1
8165,12319,1
8165,12890,1
8165,12941,1
8165,13243,1
8165,13258,1
8165,13810,1
8165,13845,1
8165,13855,1
8165,14043,1
8165,14386,1
8165,14834,1
8165,14973,1
8165,16040,1
8165,16173,1
8165,17743,1
8165,18268,1
8165,18731,1
8165,18734,1
8165,18735,1
8165,18954,1
8165,19149,1
8165,20221,1
8165,20604,1
8165,20932,1
8165,21226,1
8165,21274,1
8165,21796,1
8165,24324,2
8165,24710,2
8165,25209,1
8165,26428,1
8165,27007,1
8165,27761,2
8165,38648,1
8165,40916,1
8165,40998,1
8165,45554,1
8165,45685,1
8165,45753,1
8165,46608,1
8165,46966,1
8177,11547,1
8177,12941,1
8177,15706,1
8177,20180,1
8177,21432,1
8177,22403,1
8177,95556,1
8177,699695,1
10061,10242,1
10061,10304,1
10061,10438,1
10061,10565,1
10061,10566,1
10061,10890,1
10061,10892,1
10061,10902,1
10061,11372,1
10061,11404,1
10061,11450,1
10061,11800,1
10061,12681,1
10061,12978,1
10061,13279,1
10061,13477,1
10061,13810,1
10061,13845,1
10061,14103,1
10061,14445,1
10061,14913,1
10061,14973,1
10061,14994,1
10061,15501,1
10061,15791,1
10061,16040,1
10061,16504,2
10061,16720,1
10061,17100,1
10061,18136,1
10061,18480,1
10061,19322,1
10061,19597,1
10061,21569,1
10061,24554,1
10061,24710,1
10061,24793,1
10061,25209,1
10061,26151,1
10061,38004,1
10061,40928,1
10061,41297,1
10061,42063,1
10061,45554,1
10061,48749,1
10061,49974,1
10061,51980,1
10061,106263,1
10164,15773,1
10178,10565,1
10178,10566,1
10178,11135,1
10178,11247,1
10178,11337,1
10178,12319,1
10178,13378,1
10178,14074,1
10178,16173,1
10178,16667,1
10178,17517,1
10178,18268,1
10178,18644,1
10178,19611,1
10178,20849,1
10178,21429,1
10178,22199,1
10178,25459,1
10178,27078,1
10178,27762,1
10178,40169,1
10178,42396,1
10178,45682,1
10178,45771,1
10226,13612,1
10226,16667,1
10226,19699,1
10226,27761,1
10231,10304,1
10231,10334,1
10231,10892,1
10231,11372,2
10231,11800,1
10231,12013,1
10231,18946,1
10231,19880,1
10231,21561,1
10231,30231,1
10231,47457,1
10242,10892,2
10242,10895,1
10242,10902,2
10242,11578,1
10242,11800,1
10242,12053,2
10242,12319,1
10242,12681,1
10242,12890,2
10242,12941,1
10242,13809,1
10242,13845,1
10242,14858,1
10242,14973,1
10242,14994,1
10242,15501,1
10242,16720,1
10242,18136,1
10242,18889,1
10242,21569,1
10242,24324,1
10242,24554,1
10242,24710,3
10242,24793,1
10242,25209,1
10242,25459,1
10242,38004,2
10242,39869,1
10242,41297,1
10242,42675,1
10242,43485,1
10242,44584,1
10242,45554,1
10242,48157,1
10242,50865,1
10242,51980,1
10304,10334,1
10304,10438,1
10304,10565,2
10304,10566,1
10304,10890,1
10304,10892,3
10304,11372,2
10304,11404,1
10304,11450,2
10304,11800,3
10304,12072,1
10304,12890,1
10304,12978,1
10304,13279,1
10304,13477,2
10304,13583,1
10304,13810,1
10304,14103,2
10304,14445,1
10304,14903,1
10304,14913,1
10304,14973,1
10304,15192,1
10304,15501,1
10304,16504,1
10304,16720,1
10304,16783,2
10304,17100,1
10304,18480,1
10304,18588,3
10304,18684,1
10304,19322,1
10304,19597,2
10304,19880,1
10304,21721,1
10304,22101,1
10304,24324,1
10304,25209,1
10304,25535,1
10304,26151,1
10304,26766,1
10304,30231,1
10304,40928,1
10304,42063,1
10304,42790,1
10304,49974,1
10334,10892,1
10334,11372,1
10334,11800,1
10334,19880,1
10334,30231,1
10377,18684,1
10377,52213,1
10438,15791,1
10438,16504,1
10473,10474,1
10473,15223,1
10473,15224,1
10474,15223,1
10474,15224,1
10565,10566,27
10565,10759,1
10565,10831,1
10565,10890,2
10565,10892,4
10565,11135,1
10565,11247,1
10565,11337,1
10565,11372,2
10565,11404,1
10565,11450,2
10565,11800,3
10565,12134,2
10565,12319,5
10565,12944,1
10565,12978,1
10565,13279,5
10565,13378,2
10565,13477,4
10565,13583,1
10565,13712,1
10565,13810,3
10565,13940,1
10565,13963,1
10565,14074,2
10565,14103,5
10565,14445,2
10565,14903,1
10565,14913,2
10565,14973,4
10565,15501,2
10565,15752,1
10565,16173,1
10565,16302,2
10565,16333,1
10565,16504,1
10565,16667,1
10565,16720,2
10565,16745,1
10565,16783,1
10565,17100,2
10565,17302,1
10565,17517,2
10565,17956,1
10565,18268,1
10565,18480,1
10565,18588,1
10565,18644,1
10565,19098,1
10565,19123,2
10565,19322,1
10565,19424,1
10565,19597,3
10565,19611,1
10565,19699,5
10565,19701,1
10565,19880,2
10565,19915,1
10565,19947,1
10565,20849,1
10565,21429,1
10565,22000,1
10565,22199,1
10565,22849,5
10565,24380,1
10565,24735,1
10565,24956,1
10565,25209,1
10565,25459,1
10565,25535,1
10565,25709,1
10565,26151,2
10565,26373,1
10565,26611,1
10565,27078,1
10565,27562,1
10565,27761,1
10565,27762,1
10565,30231,1
10565,33311,1
10565,35616,1
10565,39948,1
10565,40169,1
10565,40916,1
10565,40928,1
10565,41385,1
10565,41550,1
10565,42063,2
10565,42321,1
10565,42396,1
10565,42680,1
10565,42790,1
10565,43094,3
10565,43110,1
10565,43532,1
10565,44294,1
10565,44372,2
10565,45682,1
10565,45771,1
10565,47673,1
10565,49974,2
10565,50807,1
10565,50850,1
10565,51653,1
10565,95738,1
10566,10681,1
10566,10759,1
10566,10831,1
10566,10890,4
10566,10892,7
10566,11135,3
10566,11146,1
10566,11247,1
10566,11337,1
10566,11372,2
10566,11384,1
10566,11404,1
10566,11450,2
10566,11547,1
10566,11800,6
10566,12019,1
10566,12030,1
10566,12134,2
10566,12147,2
10566,12319,10
10566,12323,1
10566,12324,1
10566,12944,1
10566,12951,1
10566,12978,1
10566,13258,1
10566,13279,12
10566,13378,1
10566,13477,6
10566,13583,1
10566,13810,3
10566,13940,3
10566,14043,2
10566,14074,2
10566,14103,3
10566,14386,1
10566,14445,1
10566,14821,2
10566,14858,1
10566,14903,1
10566,14913,1
10566,14973,4
10566,15192,1
10566,15501,3
10566,15598,1
10566,16098,1
10566,16173,2
10566,16302,3
10566,16333,1
10566,16504,2
10566,16667,1
10566,16720,3
10566,16745,1
10566,16783,2
10566,17100,1
10566,17102,1
10566,17108,1
10566,17109,1
10566,17517,2
10566,17648,1
10566,18257,1
10566,18268,2
10566,18480,1
10566,18588,3
10566,18644,1
10566,18731,1
10566,18734,1
10566,18735,1
10566,19123,6
10566,19149,1
10566,19322,1
10566,19424,1
10566,19597,2
10566,19611,1
10566,19699,6
10566,19832,1
10566,19880,2
10566,19915,1
10566,19947,1
10566,20221,2
10566,20268,1
10566,20338,1
10566,20604,1
10566,20797,1
10566,20849,1
10566,21274,1
10566,21429,1
10566,21482,1
10566,21796,1
10566,21998,1
10566,22000,1
10566,22199,1
10566,22350,1
10566,22849,3
10566,24554,1
10566,24735,1
10566,24793,1
10566,24956,2
10566,25209,1
10566,25459,1
10566,25535,2
10566,26151,1
10566,26611,1
10566,27007,1
10566,27057,1
10566,27078,1
10566,27375,1
10566,27761,3
10566,27762,1
10566,29291,1
10566,30231,2
10566,35616,1
10566,37597,1
10566,37610,1
10566,39811,1
10566,39847,1
10566,39948,1
10566,40169,1
10566,40589,1
10566,40916,2
10566,40928,1
10566,40998,1
10566,41028,1
10566,41385,1
10566,41550,1
10566,42063,2
10566,42321,2
10566,42396,1
10566,42675,1
10566,42680,1
10566,42790,2
10566,43094,3
10566,43110,1
10566,44372,2
10566,44377,1
10566,45554,1
10566,45682,1
10566,45685,2
10566,45753,1
10566,45771,1
10566,46966,1
10566,47148,1
10566,47470,1
10566,47673,1
10566,49974,2
10566,50807,1
10566,50850,1
10566,51653,1
10566,54942,1
10566,68454,1
10566,95738,1
10566,109317,1
10566,112971,1
10566,114192,1
10566,386675,1
10681,12319,1
10681,14043,1
10681,14386,1
10681,16173,1
10681,18268,1
10681,18731,1
10681,18734,1
10681,18735,1
10681,20604,1
10681,21274,1
10681,21796,1
10681,22250,1
10681,24380,1
10681,26373,1
10681,27007,1
10681,27057,1
10681,27761,1
10681,40998,1
10681,45685,1
10681,45753,1
10681,46966,1
10730,15791,1
10730,47602,1
10759,10831,1
10759,12072,1
10759,13477,2
10759,14445,1
10759,15218,1
10759,16701,1
10759,17102,1
10759,19699,1
10759,22000,1
10759,22047,1
10759,22849,1
10759,24710,1
10759,25535,1
10759,26766,1
10759,65602,1
10759,68454,1
10831,10892,3
10831,10895,1
10831,11062,2
10831,11450,1
10831,11800,1
10831,12053,1
10831,12072,1
10831,12319,1
10831,12890,1
10831,12978,1
10831,13258,1
10831,13477,1
10831,13809,3
10831,13810,1
10831,13845,2
10831,13855,1
10831,14821,1
10831,14834,1
10831,14903,1
10831,14973,3
10831,15218,1
10831,15431,1
10831,15806,1
10831,16040,2
10831,16504,1
10831,16720,1
10831,18588,1
10831,18954,1
10831,19424,1
10831,19915,1
10831,19947,1
10831,20932,1
10831,21569,1
10831,22404,1
10831,24324,1
10831,24710,3
10831,24956,1
10831,24961,1
10831,25535,1
10831,26151,1
10831,26428,2
10831,27391,1
10831,27761,1
10831,30231,1
10831,38648,2
10831,39811,1
10831,40916,1
10831,42145,1
10831,42321,1
10831,42790,1
10831,43094,2
10831,43110,1
10831,46608,1
10890,10892,4
10890,11372,1
10890,11404,1
10890,11450,1
10890,11800,1
10890,12890,1
10890,12978,2
10890,13279,1
10890,13477,1
10890,13810,1
10890,14103,1
10890,14445,1
10890,14913,1
10890,14973,2
10890,14994,1
10890,15501,1
10890,16504,2
10890,16720,1
10890,17100,1
10890,17648,1
10890,18480,1
10890,18588,1
10890,19322,2
10890,19597,1
10890,19699,1
10890,19701,1
10890,21493,1
10890,21998,1
10890,22000,1
10890,25209,1
10890,25508,1
10890,26151,1
10890,27375,1
10890,30231,1
10890,39811,1
10890,40928,1
10890,42063,1
10890,44372,1
10890,44377,1
10890,49974,1
10892,10895,2
10892,10902,1
10892,11062,1
10892,11372,2
10892,11404,1
10892,11450,3
10892,11578,1
10892,11800,5
10892,12053,2
10892,12072,1
10892,12319,1
10892,12890,4
10892,12941,1
10892,12978,2
10892,13258,1
10892,13279,1
10892,13477,2
10892,13809,2
10892,13810,4
10892,13845,1
10892,13855,1
10892,14103,1
10892,14445,1
10892,14834,1
10892,14858,1
10892,14913,1
10892,14973,12
10892,15501,3
10892,16040,2
10892,16333,1
10892,16504,2
10892,16720,3
10892,17100,1
10892,17648,1
10892,18480,1
10892,18588,3
10892,18889,1
10892,18954,1
10892,19123,1
10892,19322,1
10892,19597,1
10892,19699,1
10892,19880,2
10892,20932,1
10892,21569,1
10892,21721,1
10892,22000,1
10892,24324,3
10892,24554,1
10892,24710,3
10892,25209,3
10892,25459,1
10892,25535,1
10892,26151,2
10892,26428,1
10892,26766,1
10892,27375,1
10892,30231,3
10892,38004,1
10892,38219,1
10892,38648,1
10892,39869,1
10892,40916,1
10892,40928,1
10892,41550,1
10892,42063,1
10892,42145,1
10892,42675,1
10892,43094,1
10892,43485,1
10892,44372,2
10892,44377,1
10892,44584,1
10892,45554,1
10892,46608,1
10892,47673,1
10892,48157,1
10892,49974,1
10892,50865,1
10895,10902,2
10895,11062,1
10895,11578,1
10895,12053,1
10895,12072,1
10895,12319,1
10895,12890,1
10895,13258,1
10895,13809,1
10895,13810,1
10895,13845,1
10895,13855,1
10895,14834,1
10895,14858,1
10895,15501,1
10895,16040,1
10895,16720,1
10895,18889,1
10895,18954,1
10895,20932,1
10895,24324,1
10895,24710,2
10895,25459,1
10895,26428,1
10895,38004,1
10895,38648,1
10895,39869,1
10895,40916,1
10895,42675,1
10895,43485,1
10895,44584,1
10895,46608,1
10895,48157,1
10895,50865,1
10902,11578,1
10902,12053,1
10902,12319,1
10902,12681,1
10902,12890,1
10902,13809,1
10902,13845,1
10902,14858,1
10902,14994,2
10902,15501,1
10902,16720,1
10902,18136,1
10902,18889,1
10902,21569,1
10902,24554,1
10902,24710,3
10902,24793,1
10902,25459,1
10902,38004,3
10902,39869,1
10902,41297,1
10902,42675,1
10902,43485,1
10902,44584,1
10902,48157,1
10902,50865,1
10902,51980,1
11062,12072,1
11062,13258,1
11062,13809,1
11062,13810,1
11062,13845,1
11062,13855,1
11062,14834,1
11062,15218,1
11062,16040,1
11062,18954,1
11062,20932,1
11062,22404,1
11062,24324,1
11062,24710,2
11062,26428,2
11062,38648,1
11062,40916,1
11062,46608,1
11135,11247,1
11135,11337,1
11135,11384,1
11135,11547,1
11135,11800,1
11135,12019,1
11135,12030,1
11135,12319,2
11135,12323,1
11135,12324,1
11135,12951,1
11135,13378,1
11135,14074,1
11135,14973,1
11135,16173,2
11135,16667,1
11135,16745,1
11135,17517,2
11135,17743,1
11135,18268,1
11135,18644,1
11135,19123,1
11135,19149,1
11135,19611,1
11135,20221,1
11135,20849,1
11135,21226,1
11135,21429,1
11135,22199,1
11135,25459,1
11135,26456,1
11135,27057,1
11135,27078,1
11135,27762,1
11135,37597,1
11135,37610,1
11135,40169,1
11135,42396,1
11135,45682,1
11135,45771,1
11135,52268,1
11236,24380,1
11247,11337,1
11247,12319,1
11247,13378,1
11247,13583,1
11247,14074,1
11247,15316,1
11247,16173,1
11247,16667,1
11247,17517,1
11247,18268,1
11247,18644,1
11247,19611,1
11247,19806,1
11247,20849,1
11247,21429,1
11247,22199,1
11247,25459,1
11247,26611,1
11247,27041,1
11247,27078,1
11247,27762,1
11247,40169,1
11247,42396,1
11247,45682,1
11247,45771,1
11337,12319,1
11337,13378,1
11337,14074,1
11337,16173,1
11337,16667,1
11337,17517,1
11337,18268,1
11337,18644,1
11337,19611,1
11337,20849,1
11337,21429,1
11337,22199,1
11337,25459,1
11337,27078,1
11337,27762,1
11337,40169,1
11337,42396,1
11337,45682,1
11337,45771,1
11372,11404,1
11372,11450,1
11372,11800,2
11372,12013,1
11372,12134,1
11372,12978,1
11372,13279,2
11372,13477,2
11372,13810,1
11372,14103,1
11372,14445,1
11372,14913,1
11372,14973,1
11372,15501,1
11372,16504,1
11372,16720,1
11372,16745,1
11372,17100,1
11372,18480,1
11372,18946,1
11372,19322,1
11372,19597,1
11372,19699,1
11372,19880,1
11372,21561,1
11372,21685,1
11372,25209,1
11372,26151,1
11372,27761,1
11372,30231,1
11372,40928,1
11372,42063,1
11372,47457,1
11372,49974,1
11384,11547,1
11384,12019,1
11384,12030,1
11384,12319,1
11384,12324,1
11384,12951,1
11384,37597,1
11404,11450,1
11404,11800,1
11404,12978,1
11404,13279,1
11404,13477,1
11404,13810,1
11404,14103,1
11404,14445,1
11404,14913,1
11404,14973,1
11404,15501,1
11404,16504,1
11404,16720,1
11404,17100,2
11404,18480,1
11404,19322,1
11404,19597,1
11404,25209,1
11404,26151,1
11404,40928,1
11404,42063,1
11404,49974,1
11450,11800,2
11450,12072,1
11450,12134,1
11450,12319,1
11450,12890,2
11450,12978,2
11450,13279,2
11450,13477,1
11450,13809,1
11450,13810,1
11450,14103,2
11450,14445,1
11450,14913,2
11450,14973,2
11450,15501,1
11450,16302,1
11450,16504,1
11450,16720,1
11450,16783,1
11450,17100,2
11450,17956,1
11450,18480,1
11450,18588,2
11450,18684,1
11450,19123,2
11450,19322,1
11450,19597,2
11450,19699,1
11450,21482,1
11450,21569,1
11450,21721,2
11450,22101,1
11450,25209,1
11450,25535,1
11450,26151,2
11450,27562,1
11450,40928,1
11450,42063,2
11450,42145,1
11450,42790,1
11450,43094,2
11450,49974,2
11538,11547,1
11547,12019,1
11547,12030,1
11547,12319,1
11547,12324,1
11547,12951,1
11547,37597,1
11547,95556,1
11578,12053,1
11578,12319,1
11578,12890,1
11578,13809,1
11578,14858,1
11578,15501,1
11578,16720,1
11578,17517,1
11578,18889,1
11578,19123,1
11578,24710,1
11578,25459,1
11578,38004,1
11578,39869,1
11578,42675,1
11578,43485,1
11578,44584,1
11578,48157,1
11578,50865,1
11605,15353,3
11605,22451,3
11605,31407,14
11605,31460,1
11605,31511,1
11605,31542,6
11605,31552,5
11605,32016,2
11605,32034,2
11605,32085,3
11605,32175,1
11605,32205,2
11605,32970,1
11605,92608,1
11605,92921,1
11605,92999,6
11605,93096,2
11605,94549,3
11605,94758,2
11605,173426,1
11612,12941,1
11612,13048,1
11612,13360,1
11612,16667,1
11612,18246,1
11612,18574,1
11612,21237,2
11612,21637,1
11612,26373,1
11612,26376,1
11612,45885,1
11612,46425,1
11650,12319,1
11650,16745,1
11650,17355,1
11650,20221,1
11650,21274,1
11650,34100,1
11650,46702,1
11650,49672,1
11701,13378,1
11701,13972,1
11701,15751,1
11701,17724,1
11701,17730,1
11701,17743,1
11701,27761,1
11701,40396,1
11701,52545,1
11745,11759,1
11745,24691,2
11745,30976,1
11745,32019,1
11745,32248,1
11745,33153,1
11745,92311,1
11745,92999,2
11745,94305,1
11745,94858,1
11745,145811,1
11753,20221,1
11783,11785,1
11800,12053,4
11800,12072,1
11800,12890,2
11800,12941,2
11800,12944,2
11800,12978,1
11800,13279,1
11800,13312,1
11800,13477,1
11800,13583,1
11800,13810,2
11800,14103,2
11800,14445,1
11800,14821,3
11800,14913,1
11800,14973,5
11800,15218,1
11800,15431,1
11800,15501,2
11800,16040,1
11800,16504,2
11800,16720,1
11800,16745,1
11800,16783,1
11800,17100,1
11800,18136,1
11800,18480,1
11800,18588,1
11800,18684,1
11800,19123,1
11800,19322,1
11800,19424,1
11800,19597,1
11800,19880,1
11800,21721,2
11800,22072,1
11800,22101,1
11800,22754,1
11800,24324,3
11800,24710,1
11800,24793,1
11800,24956,1
11800,25209,2
11800,25535,1
11800,26151,1
11800,26456,1
11800,30231,1
11800,34748,1
11800,40928,1
11800,42063,1
11800,42321,1
11800,42790,1
11800,43094,1
11800,45554,1
11800,46640,1
11800,49974,1
11800,51653,1
11800,52268,1
11800,68196,1
11800,68454,1
11800,95738,1
11910,12978,1
12013,18946,1
12013,21561,1
12013,47457,1
12019,12030,1
12019,12319,1
12019,12324,1
12019,12951,1
12019,37597,1
12025,21796,1
12025,22403,1
12030,12319,1
12030,12324,1
12030,12951,1
12030,37597,1
12053,12319,1
12053,12890,2
12053,12941,1
12053,12951,1
12053,13809,1
12053,14821,1
12053,14858,1
12053,14973,1
12053,15431,1
12053,15501,1
12053,15806,1
12053,16504,1
12053,16720,1
12053,18889,1
12053,19123,2
12053,19915,1
12053,20358,1
12053,24324,2
12053,24710,2
12053,25209,1
12053,25459,1
12053,38004,1
12053,38648,1
12053,39869,1
12053,42675,1
12053,43485,1
12053,44584,1
12053,45554,1
12053,48157,1
12053,50865,1
12053,51963,1
12072,12890,1
12072,13258,1
12072,13810,1
12072,13845,1
12072,13855,1
12072,14834,1
12072,16040,1
12072,16783,1
12072,18588,1
12072,18684,1
12072,18954,1
12072,20166,1
12072,20932,1
12072,21569,1
12072,21721,1
12072,22101,1
12072,24324,1
12072,24710,1
12072,25535,1
12072,26428,1
12072,38648,1
12072,40916,1
12072,42790,1
12072,46608,1
12104,24894,1
12134,12319,2
12134,13279,3
12134,13477,2
12134,13940,1
12134,14074,1
12134,14103,1
12134,14913,1
12134,16302,2
12134,16783,1
12134,17100,1
12134,17517,1
12134,17956,1
12134,18588,1
12134,19123,2
12134,19597,2
12134,19699,1
12134,22849,1
12134,26611,1
12134,27562,1
12134,27761,1
12134,35616,1
12134,39475,1
12134,43094,1
12134,44372,1
12134,49974,1
12134,50807,1
12134,50850,1
12147,12319,1
12147,19123,1
12262,22451,1
12262,31407,1
12262,94305,1
12319,12324,1
12319,12890,1
12319,12951,1
12319,13279,2
12319,13378,3
12319,13477,3
12319,13809,1
12319,13940,1
12319,13972,1
12319,14043,2
12319,14074,2
12319,14103,1
12319,14386,1
12319,14858,1
12319,14903,1
12319,14913,1
12319,15387,1
12319,15501,1
12319,15598,1
12319,16098,1
12319,16173,2
12319,16302,2
12319,16667,1
12319,16720,2
12319,16745,2
12319,16783,1
12319,17100,1
12319,17355,1
12319,17517,2
12319,17956,1
12319,18257,1
12319,18268,2
12319,18588,1
12319,18644,1
12319,18731,1
12319,18734,1
12319,18735,1
12319,18889,1
12319,19123,3
12319,19149,1
12319,19424,1
12319,19597,2
12319,19611,1
12319,19699,1
12319,19832,1
12319,19842,1
12319,19880,1
12319,19915,1
12319,19947,1
12319,20221,4
12319,20268,1
12319,20604,1
12319,20849,1
12319,21274,2
12319,21429,1
12319,21796,1
12319,22199,1
12319,22849,2
12319,24710,1
12319,24735,1
12319,24956,1
12319,25459,2
12319,25535,1
12319,26611,1
12319,27007,1
12319,27078,1
12319,27391,1
12319,27562,1
12319,27565,1
12319,27761,2
12319,27762,1
12319,30231,1
12319,35616,1
12319,37597,1
12319,38004,1
12319,39847,1
12319,39869,1
12319,39948,1
12319,40169,1
12319,40916,1
12319,40998,1
12319,41028,1
12319,41385,1
12319,41532,1
12319,42321,1
12319,42396,1
12319,42675,1
12319,42680,1
12319,42790,1
12319,43094,2
12319,43110,1
12319,43485,1
12319,44372,1
12319,44584,1
12319,45682,1
12319,45685,2
12319,45753,1
12319,45771,1
12319,46702,2
12319,46872,1
12319,46966,1
12319,47470,1
12319,47673,1
12319,48157,1
12319,49672,1
12319,49974,1
12319,50807,1
12319,50850,1
12319,50865,1
12319,54942,1
12319,67029,1
12319,67456,1
12319,127868,1
12323,12324,1
12323,19123,1
12323,27057,1
12323,37610,1
12324,12951,1
12324,14215,1
12324,37597,1
12477,13940,1
12477,14103,1
12477,15192,1
12477,18588,1
12477,18684,1
12477,25628,1
12681,13845,1
12681,14994,1
12681,18136,1
12681,18324,1
12681,20221,1
12681,21569,1
12681,21679,1
12681,24554,1
12681,24710,1
12681,24793,1
12681,38004,1
12681,41297,1
12681,51980,1
12890,12941,1
12890,12978,2
12890,13809,2
12890,14858,1
12890,14973,3
12890,14994,1
12890,15501,1
12890,16720,1
12890,16783,1
12890,17956,1
12890,18588,2
12890,18684,1
12890,18889,1
12890,19322,1
12890,19701,1
12890,19995,1
12890,21569,1
12890,21721,1
12890,21998,1
12890,22101,1
12890,24324,1
12890,24710,2
12890,25209,1
12890,25459,1
12890,25535,1
12890,26151,1
12890,38004,1
12890,39869,1
12890,42145,1
12890,42675,1
12890,42790,1
12890,43485,1
12890,44584,1
12890,45554,1
12890,48157,1
12890,50865,1
12941,12944,1
12941,13312,1
12941,13360,1
12941,14973,1
12941,16239,1
12941,16667,1
12941,18246,1
12941,18574,1
12941,21237,1
12941,21432,1
12941,21637,1
12941,22072,1
12941,24324,1
12941,24710,1
12941,25209,1
12941,26369,1
12941,26373,1
12941,26376,1
12941,45554,1
12941,45885,1
12941,46425,1
12941,46640,1
12944,13312,1
12944,13583,1
12944,22072,1
12944,46640,1
12944,51653,1
12951,13360,1
12951,37597,1
12957,13919,1
12978,13279,1
12978,13477,1
12978,13809,1
12978,13810,2
12978,14103,1
12978,14445,1
12978,14913,1
12978,14973,2
12978,14994,1
12978,15501,1
12978,16504,1
12978,16720,1
12978,17100,1
12978,18480,1
12978,18588,1
12978,19322,2
12978,19597,1
12978,19701,1
12978,21569,1
12978,21998,1
12978,25209,1
12978,26151,3
12978,40928,1
12978,42063,1
12978,42145,1
12978,49974,1
13243,15706,1
13243,22072,1
13243,27761,1
13258,13810,1
13258,13845,1
13258,13855,1
13258,14834,1
13258,16040,1
13258,18954,1
13258,20932,1
13258,24324,1
13258,24710,1
13258,26428,1
13258,38648,1
13258,40916,1
13258,46608,1
13279,13477,3
13279,13810,1
13279,13940,1
13279,14074,1
13279,14103,2
13279,14445,1
13279,14913,2
13279,14973,1
13279,15501,1
13279,16302,2
13279,16504,1
13279,16720,1
13279,16783,1
13279,17100,2
13279,17517,1
13279,17956,1
13279,18480,2
13279,18588,1
13279,19123,2
13279,19322,1
13279,19597,3
13279,19699,1
13279,22849,1
13279,25209,1
13279,26151,1
13279,26611,1
13279,27562,1
13279,27761,1
13279,35616,1
13279,40928,1
13279,42063,1
13279,43094,1
13279,44372,1
13279,49974,2
13279,50807,1
13279,50850,1
13312,13313,2
13312,13314,2
13312,22072,1
13312,46640,1
13313,13314,1
13360,13363,1
13360,16667,1
13360,18246,1
13360,18574,1
13360,21237,1
13360,21637,1
13360,26373,1
13360,26376,1
13360,45885,1
13360,46425,1
13376,13378,2
13376,22250,1
13376,26285,1
13376,27761,1
13376,41312,1
13378,14074,1
13378,15752,1
13378,16173,1
13378,16667,1
13378,17517,1
13378,17952,1
13378,18268,1
13378,18644,1
13378,19611,1
13378,20221,1
13378,20849,1
13378,21429,1
13378,21796,1
13378,22199,1
13378,22250,1
13378,25459,1
13378,27078,1
13378,27762,1
13378,37916,1
13378,40169,1
13378,42396,1
13378,43532,1
13378,45682,1
13378,45771,1
13378,46872,1
13378,47673,1
13378,339480,1
13406,502739,1
13406,551393,1
13477,13583,1
13477,13810,1
13477,13940,1
13477,14074,1
13477,14103,1
13477,14445,2
13477,14903,1
13477,14913,1
13477,14973,1
13477,15501,1
13477,16302,1
13477,16504,1
13477,16701,1
13477,16720,2
13477,16783,2
13477,17100,1
13477,17517,1
13477,18480,1
13477,18588,2
13477,19123,1
13477,19322,1
13477,19424,1
13477,19597,2
13477,19699,1
13477,19915,1
13477,19947,1
13477,22000,1
13477,22849,3
13477,24554,1
13477,24956,1
13477,25209,1
13477,25535,2
13477,26151,1
13477,26611,1
13477,27761,2
13477,30231,1
13477,35616,1
13477,40928,1
13477,41532,1
13477,42063,1
13477,42321,1
13477,42790,1
13477,43094,1
13477,43110,1
13477,44372,1
13477,49974,1
13477,50807,1
13477,50850,1
13477,65602,1
13513,13518,1
13513,20276,1
13513,24988,1
13513,40287,1
13518,20276,1
13518,24988,1
13518,40287,1
13583,15316,1
13583,16783,1
13583,18588,1
13583,19806,1
13583,26611,1
13583,27041,1
13583,51653,1
13612,15501,1
13612,15884,1
13612,16667,1
13612,17517,1
13612,19123,1
13612,19611,1
13612,19699,1
13612,20221,1
13612,20498,1
13612,27761,1
13612,39847,1
13612,41028,1
13674,13675,1
13674,26518,1
13674,43532,1
13674,700146,1
13675,26518,1
13675,700146,1
13712,14103,1
13712,14973,1
13712,17302,1
13712,19699,1
13712,22000,1
13712,22849,1
13809,13845,1
13809,14858,1
13809,14973,1
13809,15218,1
13809,15501,1
13809,16040,1
13809,16720,1
13809,18588,1
13809,18889,1
13809,21569,1
13809,22404,1
13809,24710,2
13809,24961,1
13809,25459,1
13809,26151,4
13809,26428,1
13809,38004,1
13809,39811,1
13809,39869,1
13809,42145,1
13809,42675,1
13809,43485,1
13809,44584,1
13809,48157,1
13809,50865,1
13810,13845,1
13810,13855,1
13810,14103,1
13810,14445,1
13810,14834,1
13810,14913,1
13810,14973,3
13810,15218,1
13810,15501,1
13810,16040,2
13810,16333,1
13810,16504,1
13810,16720,1
13810,17100,1
13810,18480,1
13810,18954,1
13810,19322,1
13810,19597,1
13810,19699,1
13810,20932,1
13810,21455,1
13810,21721,1
13810,22849,1
13810,24324,2
13810,24710,1
13810,25209,1
13810,26151,4
13810,26428,1
13810,38648,1
13810,40916,1
13810,40928,1
13810,41550,1
13810,42063,1
13810,46608,1
13810,47673,1
13810,49974,1
13845,13855,1
13845,14834,1
13845,14994,1
13845,16040,2
13845,18136,1
13845,18954,1
13845,20932,1
13845,21569,1
13845,24324,1
13845,24554,1
13845,24710,2
13845,24793,1
13845,24961,1
13845,26428,2
13845,38004,1
13845,38648,1
13845,39811,1
13845,40916,1
13845,41297,1
13845,46608,1
13845,51980,1
13855,14834,1
13855,15218,1
13855,16040,1
13855,18954,1
13855,20932,1
13855,24324,1
13855,24710,1
13855,26428,1
13855,38648,1
13855,40916,1
13855,46608,1
13940,14074,1
13940,14103,1
13940,14903,1
13940,15192,1
13940,16302,1
13940,16783,1
13940,17517,1
13940,18588,2
13940,18684,1
13940,19123,1
13940,19597,1
13940,19699,1
13940,22849,1
13940,25628,1
13940,26611,1
13940,35616,1
13940,44372,1
13940,50807,1
13940,50850,1
13963,22250,1
13972,15751,1
13972,17724,1
13972,17730,1
13972,17743,1
13972,27761,1
13972,40396,1
13972,52545,1
14043,14386,1
14043,15598,1
14043,15849,1
14043,16098,1
14043,16173,1
14043,16667,1
14043,16745,1
14043,18257,1
14043,18268,1
14043,18731,1
14043,18734,1
14043,18735,1
14043,19149,1
14043,19832,1
14043,20221,1
14043,20268,1
14043,20604,1
14043,21274,1
14043,21796,1
14043,22865,1
14043,27007,1
14043,27078,1
14043,27761,1
14043,37916,1
14043,39847,1
14043,40408,1
14043,40998,1
14043,41028,1
14043,42415,1
14043,42652,1
14043,45685,2
14043,45753,1
14043,46966,1
14043,47517,1
14043,54942,1
14045,699635,1
14074,16173,1
14074,16302,1
14074,16667,1
14074,16783,1
14074,17517,2
14074,18268,1
14074,18588,1
14074,18644,1
14074,19123,1
14074,19597,1
14074,19611,1
14074,19699,1
14074,20849,1
14074,21429,1
14074,22199,1
14074,22849,1
14074,25459,1
14074,26611,1
14074,27078,1
14074,27762,1
14074,35616,1
14074,40169,1
14074,42396,1
14074,44372,1
14074,45682,1
14074,45771,1
14074,50807,1
14074,50850,1
14103,14445,1
14103,14903,1
14103,14913,2
14103,14973,2
14103,15192,3
14103,15501,2
14103,16302,2
14103,16504,1
14103,16720,2
14103,17100,2
14103,17302,1
14103,17648,1
14103,17956,1
14103,18480,1
14103,18588,3
14103,18684,2
14103,19123,1
14103,19322,1
14103,19597,3
14103,19699,1
14103,20797,1
14103,21998,1
14103,22849,1
14103,25209,1
14103,25535,1
14103,25628,1
14103,26151,1
14103,27562,1
14103,40589,1
14103,40928,1
14103,42063,1
14103,42675,1
14103,43094,1
14103,49974,2
14103,95738,1
14209,15155,1
14209,18395,1
14209,18399,1
14209,20221,1
14209,34020,1
14209,34100,1
14209,45753,1
14215,15289,1
14224,14310,1
14224,22250,1
14310,22250,1
14310,22483,1
14386,16173,1
14386,18268,1
14386,18731,1
14386,18734,1
14386,18735,1
14386,20604,1
14386,21274,1
14386,21796,1
14386,27007,1
14386,27761,1
14386,40998,1
14386,45685,1
14386,45753,1
14386,46966,1
14445,14913,1
14445,14973,1
14445,15501,1
14445,16504,1
14445,16720,1
14445,17100,1
14445,18480,1
14445,19322,1
14445,19597,1
14445,22000,1
14445,22849,1
14445,25209,1
14445,26151,1
14445,40928,1
14445,42063,1
14445,49974,1
14650,16783,1
14650,21226,1
14650,21679,1
14650,44303,1
14650,50221,1
14650,50223,1
14650,50230,2
14821,15431,1
14821,15806,1
14821,16504,1
14821,19699,1
14821,38648,1
14834,16040,1
14834,16720,1
14834,18954,1
14834,20932,1
14834,24324,1
14834,24710,1
14834,26428,1
14834,38648,1
14834,40916,1
14834,46608,1
14858,15501,3
14858,16720,1
14858,18889,1
14858,22849,1
14858,24324,1
14858,24710,1
14858,25459,1
14858,38004,1
14858,39869,1
14858,42675,1
14858,43485,1
14858,44584,1
14858,48157,1
14858,50865,1
14903,15192,1
14903,16720,1
14903,18588,1
14903,19424,1
14903,19597,1
14903,19915,1
14903,19947,1
14903,24956,1
14903,25535,1
14903,27761,1
14903,30231,1
14903,42321,1
14903,42790,1
14903,43094,1
14903,43110,1
14903,50807,1
14903,50850,1
14913,14973,1
14913,15501,1
14913,16302,1
14913,16504,1
14913,16720,1
14913,17100,2
14913,17956,1
14913,18480,1
14913,19123,1
14913,19322,1
14913,19597,2
14913,25209,1
14913,26151,1
14913,27562,1
14913,40928,1
14913,42063,1
14913,43094,1
14913,49974,2
14973,15501,1
14973,16333,1
14973,16504,2
14973,16720,1
14973,16745,1
14973,17100,2
14973,17302,1
14973,17648,1
14973,18480,1
14973,18588,2
14973,19149,1
14973,19322,1
14973,19597,1
14973,21493,2
14973,21569,1
14973,21721,1
14973,22000,1
14973,22849,2
14973,24324,1
14973,24710,1
14973,25209,2
14973,25535,1
14973,26151,3
14973,26456,1
14973,27375,1
14973,30231,1
14973,40928,1
14973,41550,1
14973,42063,1
14973,42145,1
14973,43094,1
14973,44372,1
14973,44377,1
14973,45554,1
14973,47673,1
14973,49974,1
14973,52268,1
14994,18136,1
14994,19322,1
14994,19701,1
14994,21569,1
14994,21998,1
14994,24554,1
14994,24710,2
14994,24793,1
14994,38004,2
14994,41297,1
14994,51980,1
15061,21095,1
15061,38949,1
15061,45685,1
15155,18395,1
15155,18399,1
15155,34020,1
15155,34100,1
15155,45753,1
15159,32019,1
15159,32248,1
15159,92109,1
15159,92866,1
15159,93096,1
15159,93853,1
15159,145621,1
15192,16302,1
15192,16720,1
15192,16783,1
15192,18588,4
15192,18684,1
15192,18950,1
15192,19597,1
15192,20797,1
15192,21569,1
15192,21998,1
15192,25535,1
15192,25628,1
15192,27562,1
15192,40589,1
15192,42675,1
15192,50850,1
15218,15501,1
15218,16040,1
15218,17102,1
15218,18205,1
15218,19123,1
15218,21455,1
15218,22047,1
15218,22404,1
15218,24324,1
15218,24710,1
15218,26428,1
15218,26766,1
15218,42675,1
15223,15224,1
15289,18165,1
15289,48675,1
15289,51096,1
15316,19806,1
15316,26611,1
15316,27019,1
15316,27041,1
15353,22451,2
15353,22559,1
15353,22560,1
15353,22561,1
15353,30976,1
15353,31407,3
15353,31460,1
15353,31498,1
15353,31511,1
15353,31552,1
15353,32016,2
15353,32034,2
15353,32085,2
15353,32175,1
15353,32205,2
15353,32248,2
15353,33153,1
15353,92079,2
15353,92109,1
15353,92196,1
15353,92440,1
15353,92866,1
15353,92921,1
15353,92999,2
15353,93025,1
15353,93096,1
15353,94273,1
15353,94549,2
15353,94758,2
15353,95071,2
15353,187371,1
15353,194998,1
15387,19842,1
15431,15806,1
15431,16504,1
15431,38648,1
15501,16504,1
15501,16720,2
15501,17100,1
15501,18480,1
15501,18588,1
15501,18889,1
15501,19123,4
15501,19322,1
15501,19597,1
15501,19880,1
15501,20358,1
15501,22849,1
15501,24324,1
15501,24710,1
15501,25209,1
15501,25459,1
15501,26151,1
15501,30231,1
15501,38004,1
15501,39869,1
15501,40928,1
15501,41028,1
15501,42063,1
15501,42675,1
15501,43485,1
15501,44584,1
15501,48157,1
15501,49974,1
15501,50865,1
15501,95738,1
15501,551402,1
15598,16098,1
15598,16667,1
15598,16745,1
15598,18257,1
15598,19149,1
15598,19832,1
15598,20221,1
15598,20268,1
15598,23850,1
15598,26373,1
15598,27391,1
15598,38712,1
15598,39847,1
15598,41028,1
15598,45685,1
15598,52136,1
15598,52303,1
15598,52842,1
15598,54942,1
15706,22250,1
15751,17724,1
15751,17730,1
15751,17743,1
15751,27761,1
15751,40396,1
15751,52545,1
15752,43532,1
15752,46642,1
15773,44584,1
15773,62505,1
15773,67733,1
15773,67777,1
15773,129408,1
15773,132008,1
15791,16504,1
15791,47602,1
15806,16504,1
15806,38648,1
15848,15849,1
15848,17917,1
15849,16667,1
15849,22865,1
15849,27078,1
15849,37916,1
15849,40408,1
15849,42415,1
15849,42652,1
15849,47517,1
15883,15885,1
15884,19149,1
15884,19611,1
15884,20221,1
15884,20498,1
15884,39847,1
15940,20268,1
15940,37743,1
16040,18205,1
16040,18954,1
16040,19123,1
16040,20932,1
16040,21721,1
16040,24324,2
16040,24710,1
16040,24961,1
16040,26428,1
16040,38648,1
16040,39811,1
16040,40916,1
16040,42675,1
16040,46608,1
16040,48749,1
16098,16745,1
16098,18257,1
16098,19149,1
16098,19832,1
16098,20221,1
16098,20268,1
16098,39847,1
16098,41028,1
16098,45685,1
16098,54942,1
16132,16134,2
16147,24710,1
16153,19880,1
16153,113924,1
16173,16667,1
16173,17517,1
16173,18268,2
16173,18644,1
16173,18731,1
16173,18734,1
16173,18735,1
16173,19611,1
16173,20604,1
16173,20849,1
16173,21274,1
16173,21429,1
16173,21796,1
16173,22199,1
16173,25459,1
16173,27007,1
16173,27078,1
16173,27761,1
16173,27762,1
16173,40169,1
16173,40998,1
16173,42396,1
16173,45682,1
16173,45685,1
16173,45753,1
16173,45771,1
16173,46966,1
16239,26369,1
16302,16720,1
16302,16783,2
16302,17100,1
16302,17517,1
16302,17956,1
16302,18588,2
16302,18954,1
16302,19123,2
16302,19597,2
16302,19699,1
16302,20797,1
16302,21998,1
16302,22849,1
16302,25535,1
16302,26611,1
16302,27562,1
16302,35616,1
16302,40589,1
16302,42675,1
16302,43094,1
16302,44372,1
16302,49974,1
16302,50807,1
16302,50850,1
16330,16333,1
16333,41550,1
16333,47673,1
16504,16720,1
16504,17100,1
16504,17648,1
16504,18480,1
16504,18588,1
16504,19123,1
16504,19322,1
16504,19597,1
16504,21569,1
16504,22000,1
16504,25209,1
16504,26151,1
16504,27375,1
16504,30231,1
16504,38648,1
16504,40928,1
16504,42063,1
16504,44372,1
16504,44377,1
16504,49974,1
16504,116823,1
16504,386582,1
16667,17517,1
16667,18246,1
16667,18268,1
16667,18574,1
16667,18644,1
16667,19611,1
16667,19699,1
16667,20849,1
16667,21237,1
16667,21429,1
16667,21637,1
16667,22199,1
16667,22865,1
16667,23850,1
16667,25459,1
16667,26373,2
16667,26376,1
16667,27078,2
16667,27391,1
16667,27761,1
16667,27762,1
16667,37916,1
16667,38712,1
16667,40169,1
16667,40408,1
16667,42396,1
16667,42415,1
16667,42652,1
16667,45682,1
16667,45771,1
16667,45885,1
16667,46425,1
16667,47517,1
16667,52136,1
16667,52303,1
16667,52842,1
16701,25535,1
16701,65602,1
16720,17100,1
16720,18480,1
16720,18588,1
16720,18889,1
16720,19322,1
16720,19424,1
16720,19597,1
16720,19915,1
16720,19947,1
16720,20797,1
16720,21998,1
16720,24710,1
16720,24956,1
16720,25209,1
16720,25459,1
16720,25535,2
16720,26151,1
16720,27761,1
16720,30231,1
16720,38004,1
16720,39869,1
16720,40589,1
16720,40928,1
16720,42063,1
16720,42321,1
16720,42675,2
16720,42790,1
16720,43094,1
16720,43110,1
16720,43485,1
16720,44584,1
16720,48157,1
16720,49974,1
16720,50865,1
16745,17355,1
16745,18257,1
16745,19149,2
16745,19699,1
16745,19832,1
16745,20221,2
16745,20268,1
16745,21274,1
16745,24894,1
16745,26456,1
16745,27761,1
16745,39847,1
16745,41028,1
16745,45685,1
16745,46702,1
16745,49672,1
16745,52268,1
16745,54942,1
16783,17517,1
16783,18588,4
16783,18684,1
16783,18950,1
16783,18954,1
16783,19123,1
16783,19597,1
16783,19699,1
16783,21226,1
16783,21569,1
16783,21679,1
16783,21721,1
16783,22101,1
16783,22849,1
16783,25535,1
16783,26611,1
16783,35616,1
16783,42790,1
16783,44303,1
16783,44372,1
16783,49974,1
16783,50221,1
16783,50223,1
16783,50230,1
16783,50807,1
16783,50850,2
16877,18365,1
16877,19611,1
16877,45049,1
16877,46642,1
17100,17956,1
17100,18480,1
17100,19123,1
17100,19322,1
17100,19597,2
17100,25209,1
17100,26151,1
17100,27562,1
17100,40928,1
17100,42063,1
17100,43094,1
17100,49974,2
17102,17108,1
17102,17109,1
17102,22047,1
17102,26766,1
17108,17109,1
17355,20221,1
17355,21274,1
17355,46702,1
17355,49672,1
17517,18268,1
17517,18588,1
17517,18644,1
17517,19123,2
17517,19597,1
17517,19611,1
17517,19699,1
17517,20849,1
17517,21429,1
17517,22199,1
17517,22849,1
17517,25459,1
17517,26611,1
17517,27078,1
17517,27762,1
17517,35616,1
17517,40169,1
17517,42396,1
17517,44372,1
17517,45682,1
17517,45771,1
17517,50807,1
17517,50850,1
17648,18588,1
17648,22000,1
17648,27375,1
17648,30231,1
17648,44372,1
17648,44377,1
17724,17730,1
17724,17743,1
17724,27761,1
17724,40396,1
17724,52545,1
17730,17743,1
17730,27761,1
17730,40396,1
17730,52545,1
17730,570923,2
17743,19149,1
17743,20221,1
17743,21226,1
17743,27761,1
17743,40396,1
17743,52545,1
17879,21629,1
17879,22548,1
17923,17930,1
17956,19123,1
17956,19597,1
17956,27562,1
17956,43094,1
17956,49974,1
18136,21569,1
18136,24554,1
18136,24710,1
18136,24793,1
18136,38004,1
18136,41297,1
18136,51980,1
18165,48675,1
18165,51096,1
18205,19123,1
18205,19879,1
18205,24324,1
18205,42675,1
18223,35224,1
18223,39948,1
18223,40916,1
18223,44584,1
18223,106333,1
18223,109812,1
18223,117031,1
18246,18574,1
18246,21237,1
18246,21637,1
18246,26373,1
18246,26376,1
18246,43532,1
18246,45885,1
18246,46425,1
18246,697621,1
18257,19149,1
18257,19832,1
18257,20221,1
18257,20268,1
18257,39847,1
18257,41028,1
18257,45685,1
18257,54942,1
18268,18644,1
18268,18731,1
18268,18734,1
18268,18735,1
18268,19611,1
18268,20604,1
18268,20849,1
18268,21274,1
18268,21429,1
18268,21796,1
18268,22199,1
18268,25459,1
18268,27007,1
18268,27078,1
18268,27761,1
18268,27762,1
18268,40169,1
18268,40998,1
18268,42396,1
18268,45682,1
18268,45685,1
18268,45753,1
18268,45771,1
18268,46966,1
18272,571577,1
18320,18323,1
18336,21629,1
18336,26373,1
18336,46425,1
18395,18399,2
18395,34020,1
18395,34100,1
18395,45753,1
18399,34020,1
18399,34100,1
18399,45753,1
18424,19699,1
18480,19322,1
18480,19597,1
18480,25209,1
18480,26151,1
18480,40928,1
18480,42063,1
18480,49974,1
18567,18571,1
18571,18574,1
18574,21237,1
18574,21637,1
18574,26373,1
18574,26376,1
18574,45885,1
18574,46425,1
18588,18684,2
18588,18950,1
18588,19123,1
18588,19597,2
18588,19699,1
18588,19880,2
18588,20797,1
18588,21569,2
18588,21721,1
18588,21998,1
18588,22000,1
18588,22101,1
18588,22849,1
18588,25535,2
18588,25628,1
18588,26151,1
18588,26611,1
18588,27375,1
18588,30231,2
18588,35616,1
18588,40589,1
18588,42145,1
18588,42675,1
18588,42790,1
18588,44372,2
18588,44377,1
18588,50807,1
18588,50850,2
18644,19611,1
18644,20849,1
18644,21429,1
18644,22199,1
18644,25459,1
18644,27078,1
18644,27762,1
18644,40169,1
18644,42396,1
18644,45682,1
18644,45771,1
18655,27005,1
18655,27007,1
18655,27019,1
18684,21721,1
18684,22101,1
18684,25535,1
18684,25628,1
18684,42790,1
18684,52213,1
18731,18734,1
18731,18735,1
18731,20604,1
18731,21274,1
18731,21796,1
18731,27007,1
18731,27761,1
18731,40998,1
18731,45685,1
18731,45753,1
18731,46966,1
18734,18735,2
18734,20604,1
18734,21274,1
18734,21796,1
18734,27007,1
18734,27761,1
18734,40998,1
18734,45685,1
18734,45753,1
18734,46966,1
18735,20604,1
18735,21274,1
18735,21796,1
18735,27007,1
18735,27761,1
18735,40998,1
18735,45685,1
18735,45753,1
18735,46642,1
18735,46966,1
18889,19123,1
18889,19880,1
18889,24710,1
18889,25459,1
18889,35224,1
18889,38004,1
18889,39869,1
18889,42675,1
18889,43485,1
18889,44584,1
18889,48157,1
18889,50865,1
18889,104911,1
18889,112150,1
18889,113924,1
18889,116823,1
18946,18950,1
18946,21561,1
18946,47457,1
18950,21569,1
18950,50850,1
18954,20932,1
18954,24324,1
18954,24710,1
18954,26428,1
18954,38648,1
18954,40916,1
18954,46608,1
19098,24380,1
19123,19597,2
19123,19699,2
19123,19879,1
19123,19880,2
19123,19915,1
19123,20358,2
19123,21482,1
19123,21569,1
19123,22849,1
19123,24554,1
19123,24735,1
19123,26611,1
19123,27057,1
19123,27562,1
19123,29291,1
19123,30315,1
19123,30680,1
19123,33408,1
19123,34655,1
19123,35224,2
19123,35616,1
19123,37610,1
19123,40916,3
19123,41028,1
19123,42063,1
19123,43094,2
19123,43485,1
19123,44372,1
19123,45554,1
19123,48157,1
19123,49974,1
19123,50807,1
19123,50850,1
19123,51963,1
19123,59730,1
19123,59926,1
19123,68016,1
19123,68083,1
19123,68201,1
19123,68258,1
19123,68264,1
19123,68267,1
19123,68296,1
19123,68483,1
19123,68502,1
19123,99043,1
19123,100017,1
19123,101171,1
19123,102733,1
19123,103241,1
19123,103247,1
19123,103376,1
19123,104911,1
19123,105922,1
19123,109317,1
19123,112150,2
19123,112971,1
19123,114192,1
19123,114900,1
19123,116823,1
19123,124891,1
19123,127171,1
19123,128406,1
19123,128797,1
19123,128987,1
19123,131629,1
19123,224589,1
19123,386675,1
19149,19155,1
19149,19832,1
19149,20221,2
19149,20268,1
19149,21226,1
19149,22849,1
19149,24894,1
19149,25322,1
19149,27761,1
19149,39847,1
19149,41028,2
19149,45685,1
19149,46642,1
19149,54942,1
19178,101516,1
19289,27761,1
19322,19597,1
19322,19701,1
19322,21998,1
19322,25209,1
19322,26151,1
19322,40928,1
19322,42063,1
19322,49974,1
19424,19915,1
19424,19947,1
19424,24956,1
19424,25535,1
19424,27761,1
19424,30231,1
19424,42321,1
19424,42790,1
19424,43094,1
19424,43110,1
19560,19563,2
19597,19699,1
19597,22849,1
19597,25209,1
19597,26151,1
19597,26611,1
19597,27562,1
19597,35616,1
19597,40928,1
19597,42063,1
19597,43094,1
19597,44372,1
19597,49974,2
19597,50807,1
19597,50850,1
19611,20221,1
19611,20498,1
19611,20849,1
19611,21429,1
19611,22199,1
19611,25459,1
19611,27078,1
19611,27762,1
19611,39847,1
19611,40169,1
19611,42396,1
19611,45682,1
19611,45771,1
19668,26369,1
19699,21482,1
19699,22000,1
19699,22849,2
19699,26611,1
19699,27761,1
19699,35616,1
19699,39811,1
19699,42063,1
19699,43094,1
19699,44372,1
19699,50807,1
19699,50850,1
19699,68454,1
19701,21998,1
19701,33311,1
19733,19735,1
19733,22550,1
19735,22550,1
19735,40394,1
19735,51114,1
19806,26611,1
19806,27041,1
19832,20221,1
19832,20268,1
19832,39847,1
19832,41028,1
19832,45685,1
19832,54942,1
19842,25322,1
19879,19880,1
19879,26428,1
19880,21493,1
19880,24735,1
19880,30231,2
19880,35224,2
19880,39948,1
19880,40916,1
19880,41385,1
19880,42680,1
19880,44718,1
19880,99043,1
19880,104911,1
19880,112150,1
19880,113924,2
19880,116823,1
19915,19947,1
19915,20358,1
19915,24956,1
19915,25535,1
19915,27761,1
19915,30231,1
19915,42321,1
19915,42790,1
19915,43094,1
19915,43110,1
19915,51963,1
19947,24956,1
19947,25535,1
19947,27761,1
19947,30231,1
19947,42321,1
19947,42790,1
19947,43094,1
19947,43110,1
19995,20932,1
19995,22383,1
19995,39948,1
19995,41297,1
20166,21569,1
20180,699695,1
20221,20268,1
20221,20498,1
20221,21226,1
20221,21274,1
20221,21679,1
20221,22072,1
20221,22350,1
20221,34100,1
20221,39847,2
20221,41028,1
20221,45685,1
20221,46702,1
20221,47148,1
20221,49672,1
20221,54942,1
20221,469750,1
20221,563214,1
20221,700129,1
20265,20268,1
20268,37743,1
20268,39847,1
20268,41028,1
20268,45685,1
20268,54942,1
20276,24988,1
20276,40287,1
20358,51963,1
20431,20432,1
20498,39847,1
20531,20534,1
20604,21274,1
20604,21796,1
20604,27007,1
20604,27761,1
20604,40998,1
20604,45685,1
20604,45753,1
20604,46966,1
20797,21998,1
20797,25535,1
20797,40589,1
20797,42675,1
20849,21429,1
20849,22199,1
20849,25459,1
20849,27078,1
20849,27762,1
20849,40169,1
20849,42396,1
20849,45682,1
20849,45771,1
20885,20889,1
20932,22383,1
20932,24324,1
20932,24710,1
20932,26428,1
20932,38648,1
20932,39948,1
20932,40916,1
20932,41297,1
20932,46608,1
21095,38949,1
21095,45685,1
21226,21679,1
21226,44303,1
21226,50221,1
21226,50223,1
21226,50230,1
21237,21637,1
21237,26373,1
21237,26376,1
21237,45885,1
21237,46425,1
21274,21796,1
21274,27007,1
21274,27761,1
21274,40998,1
21274,45685,1
21274,45753,1
21274,46702,1
21274,46966,1
21274,49672,1
21274,700146,1
21429,22199,1
21429,25459,1
21429,27078,1
21429,27762,1
21429,40169,1
21429,42396,1
21429,45682,1
21429,45771,1
21432,37714,1
21482,42063,1
21482,43094,1
21493,25508,1
21561,47457,1
21569,24554,1
21569,24710,1
21569,24793,1
21569,26151,1
21569,38004,1
21569,41297,1
21569,42145,1
21569,50850,1
21569,51980,1
21569,116823,1
21585,51671,1
21610,46425,1
21620,37852,1
21629,22548,1
21629,26373,1
21637,26373,1
21637,26376,1
21637,45885,1
21637,46425,1
21679,44303,1
21679,50221,1
21679,50223,1
21679,50230,1
21721,22101,1
21721,25535,1
21721,42790,1
21721,99043,1
21796,22403,1
21796,27007,1
21796,27761,1
21796,40998,1
21796,45685,1
21796,45753,1
21796,46966,1
21998,25535,1
21998,40589,1
21998,42675,1
22000,22849,2
22000,27375,1
22000,30231,1
22000,44372,1
22000,44377,1
22047,26766,1
22072,46640,1
22072,469750,1
22072,563214,1
22084,30492,1
22101,25535,1
22101,42790,1
22199,25459,1
22199,26376,1
22199,27078,1
22199,27762,1
22199,40169,1
22199,42396,1
22199,45682,1
22199,45771,1
22236,43532,1
22250,24380,1
22250,26285,1
22250,27761,1
22250,41312,1
22250,700146,1
22350,47148,1
22383,39948,1
22383,41297,1
22404,24710,1
22404,26428,1
22451,31407,3
22451,31460,1
22451,31511,1
22451,32016,2
22451,32019,1
22451,32034,2
22451,32085,2
22451,32165,1
22451,32175,1
22451,32205,2
22451,38004,1
22451,92999,1
22451,93096,1
22451,94549,2
22451,94718,1
22451,94758,2
22497,93797,1
22497,93973,1
22497,180734,1
22548,22549,1
22548,22550,3
22548,696195,1
22549,22550,2
22550,684322,1
22559,22560,6
22559,22561,2
22559,24655,1
22559,30976,2
22559,31407,1
22559,31501,1
22559,32248,3
22559,32575,1
22559,33153,2
22559,33589,2
22559,41028,1
22559,92079,1
22559,92109,1
22559,92196,1
22559,92440,2
22559,92999,4
22559,93025,3
22559,93797,1
22559,93853,1
22559,93973,1
22559,94116,2
22559,94273,3
22559,94603,1
22559,95071,3
22559,145621,1
22559,146000,1
22559,156713,1
22559,156830,1
22559,189511,2
22560,22561,3
22560,30976,1
22560,31501,1
22560,32248,2
22560,32575,1
22560,33153,1
22560,33589,1
22560,33625,1
22560,41028,1
22560,92079,1
22560,92109,2
22560,92196,1
22560,92440,2
22560,92999,2
22560,93025,3
22560,93797,1
22560,93973,1
22560,94116,1
22560,94273,2
22560,94603,1
22560,95071,2
22560,146000,1
22560,156713,1
22560,189511,1
22561,31407,1
22561,31501,1
22561,32248,2
22561,32575,1
22561,33589,1
22561,33625,1
22561,41028,1
22561,92109,1
22561,92440,1
22561,92999,1
22561,93025,1
22561,93159,2
22561,93164,1
22561,93973,1
22561,94116,1
22561,94273,1
22561,94603,1
22561,95071,1
22561,146000,1
22561,156713,1
22561,189511,1
22754,34748,1
22754,68196,1
22849,24739,1
22849,26151,1
22849,26611,1
22849,35616,1
22849,38219,1
22849,41532,1
22849,44372,1
22849,50807,1
22849,50850,1
22849,61632,1
22865,27078,1
22865,37916,1
22865,40408,1
22865,42415,1
22865,42652,1
22865,47517,1
23850,26373,1
23850,27391,1
23850,38712,1
23850,52136,1
23850,52303,1
23850,52842,1
24324,24710,2
24324,25209,1
24324,26151,1
24324,26428,1
24324,26766,1
24324,38648,1
24324,40916,1
24324,42675,1
24324,45554,1
24324,46312,2
24324,46608,1
24324,48157,1
24554,24710,1
24554,24793,1
24554,26218,1
24554,30315,7
24554,30680,3
24554,33864,2
24554,34446,1
24554,34534,1
24554,34592,2
24554,34637,2
24554,34646,3
24554,34647,3
24554,34650,2
24554,34655,7
24554,38004,1
24554,41297,1
24554,51980,1
24554,59926,1
24554,62505,9
24554,66671,1
24554,66768,1
24554,66777,1
24554,66896,3
24554,66906,2
24554,67029,1
24554,67042,1
24554,67132,1
24554,67157,1
24554,67331,3
24554,67395,2
24554,67396,1
24554,67443,1
24554,67467,3
24554,67612,4
24554,67762,3
24554,67777,11
24554,67855,1
24554,67906,1
24554,67922,1
24554,67936,1
24554,67939,2
24554,67943,1
24554,67944,1
24554,67953,1
24554,67993,1
24554,68004,1
24554,68016,2
24554,68050,1
24554,68054,1
24554,68083,2
24554,68165,1
24554,68196,8
24554,68200,1
24554,68201,5
24554,68203,1
24554,68216,2
24554,68240,1
24554,68258,11
24554,68264,2
24554,68267,5
24554,68276,2
24554,68281,2
24554,68296,1
24554,68303,1
24554,68313,1
24554,68317,1
24554,68319,2
24554,68321,1
24554,68349,2
24554,68395,1
24554,68422,1
24554,68454,1
24554,68483,1
24554,68502,1
24554,100017,1
24554,124891,2
24554,126438,1
24554,126657,1
24554,127066,1
24554,127171,2
24554,127611,2
24554,127823,1
24554,127906,4
24554,127947,1
24554,128187,1
24554,128191,4
24554,128304,1
24554,128406,1
24554,128432,1
24554,128508,1
24554,128594,2
24554,128797,1
24554,128956,3
24554,128987,1
24554,129305,1
24554,129518,1
24554,130079,1
24554,130203,1
24554,130526,1
24554,130557,1
24554,130897,1
24554,130917,2
24554,130981,2
24554,131062,1
24554,131350,1
24554,131629,3
24554,131640,1
24554,131720,3
24554,132008,2
24554,132345,1
24554,132583,1
24554,132775,1
24554,132794,1
24554,132917,1
24554,132984,1
24554,133146,1
24554,133351,1
24554,133356,1
24554,133415,1
24554,200321,1
24554,221049,1
24554,221093,1
24554,224589,3
24554,242056,1
24554,347693,1
24554,525432,1
24655,30976,1
24655,33153,1
24655,92999,1
24655,93853,1
24655,145621,1
24691,30976,1
24691,32019,1
24691,32175,1
24691,32248,1
24691,32575,1
24691,32970,1
24691,33153,2
24691,92311,1
24691,92999,4
24691,93025,1
24691,93096,3
24691,93853,1
24691,94273,2
24691,94305,4
24691,94858,2
24691,95071,1
24691,145811,1
24691,184204,1
24691,194998,1
24710,24793,1
24710,25209,1
24710,25459,1
24710,26428,2
24710,38004,3
24710,38648,1
24710,39869,1
24710,40916,1
24710,41297,1
24710,42675,1
24710,43485,1
24710,44584,1
24710,45554,1
24710,46608,1
24710,48157,1
24710,50865,1
24710,51980,1
24735,39948,1
24735,40916,1
24735,41385,1
24735,42680,1
24739,61632,1
24793,38004,1
24793,41297,1
24793,42321,1
24793,51980,1
24894,27761,1
24956,24961,1
24956,25535,1
24956,27761,1
24956,30231,1
24956,42321,1
24956,42790,1
24956,43094,1
24956,43110,1
24961,39811,1
24988,40287,1
25209,26151,1
25209,40928,1
25209,42063,1
25209,45554,1
25209,49974,1
25322,41028,1
25459,27078,1
25459,27762,1
25459,38004,1
25459,39869,1
25459,40169,1
25459,42396,1
25459,42675,1
25459,43485,1
25459,44584,1
25459,45173,1
25459,45682,1
25459,45771,1
25459,48157,1
25459,50865,1
25535,27761,1
25535,30231,1
25535,40589,1
25535,42321,1
25535,42675,1
25535,42790,2
25535,43094,1
25535,43110,1
25535,65602,1
25709,26373,1
25709,44294,1
26151,40928,1
26151,42063,1
26151,42145,1
26151,49974,1
26218,30680,2
26218,33864,1
26218,34446,1
26218,34637,1
26218,66588,1
26218,68197,2
26218,68242,1
26218,68258,1
26218,68422,1
26218,128432,2
26218,128665,1
26218,128956,1
26218,130557,1
26218,132583,1
26218,132768,1
26285,27761,1
26285,41312,1
26373,26376,1
26373,27057,1
26373,27391,1
26373,38712,1
26373,44294,1
26373,45885,1
26373,46425,1
26373,52136,1
26373,52303,1
26373,52842,1
26376,45885,1
26376,46425,1
26428,38648,1
26428,40916,1
26428,46608,1
26456,52268,1
26518,700146,1
26611,27041,1
26611,35616,1
26611,44372,1
26611,50807,1
26611,50850,1
27005,27007,1
27005,27019,1
27007,27019,1
27007,27761,1
27007,40998,1
27007,45685,1
27007,45753,1
27007,46966,1
27057,37610,1
27078,27762,1
27078,37916,1
27078,40169,1
27078,40408,1
27078,42396,1
27078,42415,1
27078,42652,1
27078,45682,1
27078,45771,1
27078,47517,1
27334,44303,1
27375,30231,1
27375,44372,1
27375,44377,1
27391,38712,1
27391,52136,1
27391,52303,1
27391,52842,1
27562,43094,1
27562,49974,1
27565,46702,1
27761,30231,1
27761,40396,1
27761,40998,1
27761,41312,1
27761,42321,1
27761,42790,1
27761,43094,1
27761,43110,1
27761,45685,1
27761,45753,1
27761,46966,1
27761,52545,1
27762,40169,1
27762,42396,1
27762,45682,1
27762,45771,1
28058,28092,4
28058,66518,1
28058,100816,1
28058,100983,1
28058,117680,1
28058,124891,1
28058,133408,3
28058,134432,1
28092,28347,1
28092,66518,1
28092,66668,1
28092,66669,1
28092,66673,2
28092,66700,1
28092,66754,1
28092,66757,1
28092,66878,1
28092,66883,1
28092,100816,1
28092,100983,1
28092,117680,1
28092,124891,1
28092,132539,1
28092,133408,1
28092,134432,1
28347,33408,1
28347,35433,1
28347,62505,1
28347,66441,3
28347,66566,1
28347,66668,1
28347,66669,2
28347,66673,1
28347,66700,1
28347,66754,1
28347,66757,1
28347,66777,2
28347,66878,1
28347,66883,2
28347,66908,1
28347,67136,1
28347,67138,1
28347,67157,1
28347,67260,1
28347,67308,2
28347,67477,1
28347,67546,1
28347,67612,1
28347,68203,1
28347,68290,1
28347,109309,1
28347,125136,1
28347,126438,1
28347,126609,1
28347,128233,1
28347,129169,1
28347,131720,1
28347,132539,2
28347,132768,1
28347,133164,1
28347,133718,1
28866,28944,1
28866,29291,1
28866,101278,1
28866,105210,1
28866,110845,1
28866,114192,1
28944,29291,2
28944,29327,1
28944,101278,1
28944,105210,1
28944,106227,1
28944,106263,2
28944,106333,1
28944,109615,1
28944,110845,2
28944,114192,2
28944,116823,1
29291,29327,1
29291,45554,1
29291,101278,1
29291,105210,2
29291,106227,1
29291,106263,1
29291,106333,1
29291,109317,1
29291,109615,1
29291,110139,1
29291,110845,2
29291,112971,1
29291,114192,2
29291,116823,1
29327,104161,1
29327,106227,1
29327,106263,2
29327,106333,1
29327,106942,1
29327,109615,1
29327,113924,1
29327,116823,3
29580,33828,1
29580,34220,1
29580,35266,3
29580,67157,1
29580,67159,1
29580,67281,3
29580,68253,1
29580,68349,1
29580,68454,1
29580,68851,1
29580,71875,1
29580,124068,2
29580,124796,2
29580,124804,1
29580,124886,1
29580,124932,1
29580,124967,1
29580,125309,1
29580,125336,1
29580,125694,2
29580,126299,1
29580,126387,1
29580,127625,1
29580,127627,1
29580,128170,1
29580,128441,2
29580,128945,1
29580,129045,2
29580,129857,1
29580,130934,1
29580,131066,1
29580,131183,1
29580,131285,1
29580,131392,1
29580,131944,1
29580,132051,1
29580,132642,2
29580,132680,1
29580,204208,1
29580,206740,1
29580,207062,1
29580,207222,1
29580,207783,1
29715,33180,1
29715,34190,2
29715,90290,1
30231,42321,1
30231,42790,1
30231,43094,1
30231,43110,1
30231,44372,1
30231,44377,1
30315,30680,1
30315,33828,1
30315,33864,3
30315,34446,1
30315,34646,2
30315,34647,2
30315,34650,2
30315,34655,2
30315,59926,1
30315,62505,3
30315,66896,1
30315,66906,1
30315,67136,1
30315,67331,1
30315,67467,2
30315,67612,1
30315,67762,1
30315,67777,6
30315,67855,1
30315,67890,1
30315,67936,1
30315,67939,1
30315,67953,1
30315,67993,1
30315,68004,1
30315,68016,1
30315,68083,3
30315,68195,1
30315,68196,1
30315,68197,3
30315,68200,1
30315,68201,2
30315,68216,1
30315,68240,1
30315,68242,1
30315,68258,2
30315,68264,2
30315,68267,2
30315,68276,1
30315,68290,1
30315,68293,1
30315,68296,1
30315,68303,1
30315,68313,1
30315,68320,1
30315,68337,1
30315,68349,1
30315,68422,1
30315,68483,1
30315,68502,1
30315,100017,1
30315,124891,1
30315,125136,1
30315,126387,1
30315,126392,1
30315,126411,1
30315,126438,1
30315,126657,1
30315,126692,1
30315,127066,1
30315,127171,1
30315,127611,1
30315,127866,1
30315,127906,1
30315,128191,1
30315,128301,1
30315,128334,1
30315,128406,1
30315,128508,1
30315,128594,1
30315,128649,1
30315,128797,1
30315,128987,1
30315,129043,1
30315,129305,1
30315,129514,1
30315,129518,1
30315,130150,1
30315,130526,1
30315,130564,1
30315,130897,1
30315,130917,2
30315,130921,1
30315,130981,1
30315,131062,1
30315,131078,1
30315,131350,1
30315,131629,1
30315,131642,1
30315,131720,1
30315,131890,1
30315,132008,1
30315,132583,2
30315,132775,2
30315,133351,1
30315,133356,1
30315,224589,1
30384,33828,1
30384,62505,1
30384,67158,1
30384,67777,1
30384,68165,1
30384,68255,1
30384,68290,1
30384,68303,1
30384,68313,1
30384,68454,1
30384,68502,1
30384,69113,1
30384,124733,1
30384,124850,1
30384,124886,1
30384,125077,1
30384,125185,1
30384,125584,1
30384,126411,1
30384,128301,1
30384,128441,1
30384,130719,1
30384,130921,1
30384,131106,1
30384,132051,1
30601,30689,1
30601,34748,3
30601,35266,1
30601,54996,1
30601,55706,1
30601,59730,1
30601,59926,1
30601,62965,1
30601,67281,1
30601,124068,1
30601,124308,1
30601,124331,1
30601,124967,1
30601,126299,2
30601,127625,1
30601,128669,1
30601,128987,1
30601,131066,1
30601,131392,1
30601,202665,1
30601,207765,1
30601,207775,1
30680,34637,1
30680,34647,1
30680,34655,2
30680,59926,1
30680,68004,1
30680,68016,1
30680,68083,1
30680,68201,1
30680,68255,1
30680,68257,1
30680,68258,3
30680,68264,2
30680,68267,3
30680,68282,1
30680,68296,1
30680,68297,1
30680,68317,1
30680,68422,1
30680,68456,2
30680,68483,1
30680,68502,1
30680,100017,1
30680,124891,1
30680,125235,1
30680,125584,1
30680,127171,1
30680,128406,1
30680,128432,2
30680,128797,1
30680,128956,1
30680,128987,1
30680,130526,1
30680,130557,1
30680,131629,1
30680,132583,1
30680,132768,1
30680,133599,1
30680,224589,1
30689,34220,1
30689,34748,1
30689,34752,1
30689,54996,1
30689,68502,1
30689,124068,1
30689,124331,1
30689,128441,1
30689,128987,1
30689,129902,1
30689,129935,1
30689,131961,1
30689,132051,1
30976,32019,2
30976,32248,3
30976,33153,4
30976,92079,1
30976,92109,1
30976,92440,1
30976,92608,1
30976,92921,1
30976,92999,3
30976,93025,2
30976,93096,1
30976,93853,1
30976,94273,1
30976,95071,1
30976,145621,1
30976,145811,1
31175,94626,1
31175,138722,1
31407,31435,1
31407,31460,1
31407,31511,1
31407,31542,2
31407,31552,2
31407,32016,1
31407,32019,1
31407,32034,1
31407,32085,1
31407,32155,2
31407,32205,1
31407,32248,3
31407,92921,2
31407,92999,4
31407,94549,4
31407,94718,1
31407,94758,1
31407,156830,1
31407,173426,1
31407,177514,1
31407,184058,1
31407,189511,1
31460,31511,1
31460,32016,1
31460,32034,1
31460,32085,1
31460,32205,1
31460,94549,1
31460,94758,1
31498,31501,1
31498,31552,1
31498,32175,1
31498,32248,1
31498,92866,1
31498,95071,1
31498,194998,1
31501,32248,1
31501,32575,1
31501,33589,1
31501,41028,1
31501,92440,1
31501,92999,1
31501,93025,1
31501,94116,1
31501,94273,1
31501,94603,1
31501,95071,1
31501,146000,1
31501,156713,1
31501,189511,1
31511,32016,1
31511,32034,1
31511,32085,1
31511,32205,1
31511,94549,1
31511,94758,1
31542,31552,4
31542,32085,1
31542,92999,3
31542,94549,1
31542,146626,1
31542,173426,1
31552,32085,1
31552,32175,1
31552,32248,1
31552,92866,1
31552,92999,5
31552,95071,1
31552,173426,1
31552,194998,1
31779,172204,1
32016,32019,1
32016,32034,2
32016,32085,2
32016,32205,2
32016,92999,1
32016,93096,1
32016,94549,2
32016,94758,2
32019,32248,4
32019,33153,2
32019,92109,1
32019,92608,1
32019,92999,1
32019,93025,1
32019,93853,1
32019,94273,1
32019,94630,1
32019,145811,1
32033,32034,1
32034,32085,2
32034,32205,2
32034,92999,1
32034,93096,1
32034,94549,2
32034,94758,2
32085,32205,2
32085,92999,2
32085,93096,1
32085,94549,2
32085,94758,2
32155,92999,1
32165,32175,2
32165,32575,1
32165,94305,1
32175,32248,1
32175,32575,2
32175,32970,1
32175,92608,1
32175,92866,1
32175,93096,7
32175,94273,1
32175,94305,2
32175,94858,2
32175,95071,2
32175,194998,1
32205,92999,1
32205,93096,1
32205,94549,2
32205,94758,2
32248,32575,1
32248,32879,1
32248,33153,4
32248,33589,1
32248,33625,1
32248,40346,1
32248,41028,1
32248,92079,4
32248,92109,6
32248,92196,1
32248,92440,4
32248,92608,1
32248,92866,1
32248,92999,5
32248,93025,6
32248,93797,1
32248,93853,3
32248,94116,3
32248,94273,4
32248,94603,1
32248,94630,1
32248,95071,3
32248,145811,1
32248,146000,1
32248,156713,1
32248,156830,1
32248,173450,1
32248,189511,3
32248,194998,1
32304,95071,1
32575,33589,1
32575,41028,1
32575,92022,1
32575,92079,1
32575,92440,1
32575,92999,2
32575,93025,1
32575,93096,2
32575,94116,1
32575,94273,2
32575,94305,2
32575,94603,1
32575,94858,2
32575,95071,2
32575,145621,1
32575,146000,1
32575,156713,1
32575,189511,1
32578,94630,1
32578,173450,1
32879,33153,1
32879,92079,1
32879,92440,1
32879,93025,1
32879,94116,1
32879,94273,1
32970,92608,1
32970,93096,1
32970,184204,1
32970,194998,1
33153,33161,1
33153,92079,3
33153,92109,1
33153,92440,2
33153,92608,1
33153,92999,4
33153,93025,4
33153,93853,1
33153,94116,1
33153,94273,4
33153,95071,2
33153,145621,1
33153,145811,1
33180,34190,1
33180,56850,1
33180,90290,1
33408,59730,1
33589,41028,1
33589,92440,1
33589,92999,1
33589,93025,1
33589,94116,2
33589,94273,2
33589,94603,1
33589,95071,2
33589,146000,1
33589,156713,1
33589,189511,1
33625,92109,1
33828,34220,6
33828,35266,2
33828,62505,2
33828,62965,1
33828,66014,1
33828,67157,1
33828,67158,3
33828,67777,2
33828,68069,1
33828,68165,1
33828,68195,1
33828,68216,3
33828,68253,1
33828,68255,1
33828,68290,2
33828,68295,1
33828,68296,1
33828,68303,6
33828,68313,2
33828,68323,1
33828,68325,1
33828,68354,1
33828,68454,2
33828,68502,7
33828,68548,2
33828,68823,4
33828,68851,1
33828,69113,3
33828,69145,1
33828,69196,1
33828,122198,1
33828,122637,3
33828,124068,2
33828,124308,1
33828,124364,5
33828,124733,6
33828,124734,4
33828,124742,4
33828,124796,5
33828,124804,4
33828,124850,3
33828,124886,4
33828,124891,8
33828,124932,2
33828,124967,1
33828,125077,2
33828,125136,5
33828,125163,5
33828,125185,6
33828,125187,1
33828,125188,1
33828,125309,3
33828,125336,2
33828,125337,2
33828,125582,3
33828,125584,3
33828,125601,1
33828,125694,4
33828,126299,2
33828,126387,3
33828,126392,1
33828,126411,2
33828,127166,1
33828,127192,2
33828,127385,2
33828,127476,1
33828,127627,3
33828,127866,1
33828,128170,2
33828,128229,1
33828,128301,6
33828,128304,1
33828,128406,1
33828,128441,3
33828,128797,1
33828,129045,3
33828,129359,3
33828,129417,1
33828,129768,3
33828,130150,5
33828,130253,3
33828,130294,1
33828,130719,3
33828,130912,1
33828,130921,3
33828,131106,7
33828,131229,1
33828,131238,1
33828,131285,2
33828,131392,4
33828,131629,2
33828,131642,1
33828,131720,3
33828,131724,3
33828,131975,5
33828,132051,3
33828,132261,1
33828,132352,1
33828,132583,4
33828,132642,3
33828,132680,2
33828,132983,1
33828,133090,1
33828,133629,1
33828,133642,1
33828,204208,1
33828,207100,1
33828,207183,2
33828,207279,2
33828,207783,1
33828,224589,1
33828,302480,1
33828,351444,2
33864,34446,1
33864,34637,1
33864,34646,2
33864,34647,1
33864,34650,1
33864,62505,2
33864,66588,1
33864,66685,1
33864,66768,1
33864,67136,1
33864,67777,2
33864,68165,1
33864,68197,3
33864,68242,1
33864,68264,1
33864,68293,1
33864,68313,1
33864,68317,1
33864,68320,1
33864,68337,1
33864,68349,2
33864,68422,1
33864,68454,1
33864,126692,1
33864,128191,1
33864,128301,1
33864,128334,1
33864,129043,1
33864,129193,1
33864,129305,1
33864,129518,1
33864,130557,1
33864,130564,1
33864,130981,1
33864,131078,1
33864,131106,1
33864,131890,1
33864,132583,1
33864,132775,1
33864,338944,1
33923,34748,1
33923,54993,1
33923,56858,1
33923,56881,1
33923,56992,1
33923,57124,1
33923,58962,1
33923,59002,1
33923,59106,1
33923,81491,1
34020,34100,1
34020,45753,1
34100,45753,1
34189,34190,1
34189,56858,1
34189,75284,1
34190,35193,1
34190,56850,1
34190,56858,1
34190,90290,1
34190,127882,1
34220,34446,1
34220,34752,1
34220,35266,2
34220,54996,1
34220,67157,1
34220,67158,1
34220,67281,1
34220,67777,1
34220,68091,1
34220,68196,1
34220,68216,5
34220,68242,1
34220,68255,1
34220,68282,1
34220,68296,1
34220,68303,3
34220,68313,1
34220,68319,1
34220,68323,3
34220,68325,2
34220,68454,1
34220,68483,1
34220,68502,4
34220,68548,1
34220,68823,2
34220,68847,1
34220,68851,1
34220,69113,1
34220,69142,3
34220,69148,1
34220,69196,2
34220,71875,1
34220,124068,4
34220,124308,1
34220,124331,1
34220,124364,1
34220,124733,3
34220,124734,1
34220,124742,3
34220,124796,2
34220,124804,1
34220,124850,1
34220,124891,3
34220,124967,1
34220,125136,2
34220,125163,3
34220,125185,2
34220,125309,1
34220,125584,1
34220,125694,4
34220,126299,2
34220,126387,1
34220,127192,2
34220,127627,1
34220,127866,1
34220,128170,1
34220,128229,1
34220,128301,2
34220,128304,2
34220,128406,2
34220,128441,2
34220,128669,1
34220,128797,1
34220,129045,1
34220,129359,1
34220,129768,2
34220,129885,1
34220,129902,1
34220,129935,1
34220,130144,1
34220,130150,3
34220,130203,1
34220,130253,3
34220,130301,1
34220,130719,1
34220,130912,1
34220,130921,1
34220,131106,3
34220,131229,1
34220,131243,1
34220,131392,4
34220,131629,3
34220,131720,1
34220,131961,2
34220,132051,2
34220,132583,4
34220,132642,1
34220,132680,2
34220,132768,1
34220,132983,1
34220,133281,1
34220,207183,1
34220,207817,1
34220,207824,1
34220,351444,1
34220,371805,1
34446,34650,1
34446,34655,1
34446,66588,1
34446,67777,1
34446,68091,1
34446,68197,1
34446,68216,1
34446,68240,1
34446,68242,1
34446,68282,1
34446,68319,1
34446,68325,1
34446,68483,1
34446,69113,1
34446,69142,1
34446,122637,1
34446,124742,1
34446,124891,1
34446,124967,1
34446,125163,1
34446,125187,1
34446,125582,1
34446,126438,1
34446,128406,1
34446,129518,1
34446,130203,1
34446,130301,1
34446,131243,1
34446,131629,1
34446,132051,1
34446,132583,1
34446,133408,1
34534,34647,1
34534,66896,1
34534,67612,1
34534,67777,1
34534,68016,1
34534,68240,1
34534,68244,1
34534,68258,2
34534,68282,1
34534,68287,1
34534,68349,1
34534,68422,1
34534,68456,1
34534,125187,1
34534,127476,1
34534,127906,2
34534,127947,1
34534,128301,1
34534,128594,1
34534,129043,1
34534,129518,1
34534,131629,2
34534,132345,1
34534,132583,1
34534,133063,1
34534,133464,1
34534,221049,1
34534,221093,1
34534,224589,1
34592,34655,2
34592,66671,1
34592,67029,1
34592,67448,1
34592,67467,1
34592,67477,1
34592,67612,1
34592,67777,2
34592,67971,1
34592,68050,1
34592,68201,1
34592,68242,1
34592,68258,2
34592,68267,1
34592,124891,2
34592,125309,1
34592,127467,1
34592,130478,1
34592,130917,1
34592,131629,1
34592,338944,1
34592,554900,1
34637,34646,3
34637,34647,1
34637,34650,1
34637,34653,1
34637,62505,1
34637,66522,1
34637,66673,1
34637,66777,1
34637,66818,1
34637,67434,1
34637,67448,1
34637,67777,1
34637,67943,1
34637,68196,1
34637,68197,1
34637,68201,1
34637,68216,1
34637,68240,1
34637,68242,1
34637,68251,1
34637,68255,2
34637,68258,4
34637,68267,1
34637,68276,1
34637,68281,1
34637,68287,1
34637,68295,2
34637,68313,2
34637,68317,1
34637,68319,1
34637,68422,2
34637,91233,1
34637,124891,1
34637,125185,2
34637,125309,1
34637,127906,1
34637,128139,1
34637,128191,1
34637,128304,2
34637,128432,2
34637,128508,1
34637,128594,1
34637,128956,2
34637,128987,1
34637,129169,1
34637,129342,1
34637,129518,1
34637,129554,1
34637,130203,1
34637,130210,1
34637,130374,1
34637,130526,1
34637,130557,2
34637,130981,1
34637,131106,1
34637,131290,1
34637,131629,1
34637,132261,1
34637,132281,1
34637,132583,5
34637,133425,1
34637,294567,1
34637,305789,1
34637,338944,1
34646,34647,2
34646,34650,2
34646,34653,2
34646,62505,2
34646,66818,1
34646,66896,1
34646,67136,1
34646,67777,2
34646,67943,1
34646,68196,1
34646,68197,2
34646,68200,1
34646,68201,2
34646,68216,1
34646,68240,1
34646,68251,2
34646,68255,3
34646,68258,3
34646,68264,2
34646,68267,2
34646,68276,1
34646,68281,1
34646,68287,1
34646,68293,1
34646,68295,1
34646,68313,2
34646,68317,2
34646,68319,1
34646,68337,1
34646,68349,1
34646,100017,1
34646,124891,1
34646,125309,1
34646,126692,1
34646,127467,1
34646,127920,1
34646,128191,1
34646,128304,2
34646,128334,1
34646,128432,1
34646,128508,3
34646,128594,1
34646,128956,2
34646,129342,1
34646,130203,1
34646,130374,1
34646,130526,1
34646,130981,3
34646,131078,1
34646,131106,1
34646,131629,1
34646,131720,2
34646,131890,1
34646,132583,3
34646,242056,1
34646,269784,1
34647,34650,2
34647,62505,2
34647,66896,1
34647,66906,1
34647,67136,1
34647,67331,1
34647,67612,1
34647,67777,3
34647,67855,1
34647,67936,1
34647,67939,1
34647,67953,1
34647,67993,1
34647,68004,1
34647,68083,1
34647,68197,1
34647,68201,1
34647,68216,1
34647,68258,2
34647,68264,1
34647,68281,1
34647,68282,1
34647,68293,1
34647,68303,1
34647,68313,1
34647,68317,2
34647,68337,1
34647,126692,1
34647,127066,1
34647,128304,1
34647,128334,1
34647,128594,1
34647,128956,1
34647,130203,1
34647,130526,1
34647,130897,1
34647,130917,1
34647,130981,1
34647,131062,1
34647,131078,1
34647,131629,3
34647,131890,1
34647,132008,1
34647,132583,1
34647,132775,1
34647,133351,1
34647,133356,1
34647,133599,1
34650,34655,1
34650,62505,1
34650,67136,1
34650,67777,3
34650,67906,1
34650,68197,1
34650,68201,1
34650,68216,1
34650,68240,1
34650,68258,1
34650,68264,2
34650,68281,1
34650,68293,1
34650,68313,1
34650,68317,1
34650,68337,1
34650,126438,1
34650,126692,1
34650,127906,1
34650,128304,1
34650,128334,1
34650,128594,1
34650,128956,1
34650,129518,1
34650,130203,1
34650,130526,1
34650,130981,1
34650,131078,1
34650,131629,1
34650,131890,1
34650,132583,1
34653,62505,2
34653,66818,1
34653,68196,1
34653,68197,1
34653,68240,1
34653,68255,3
34653,68258,1
34653,68267,3
34653,68276,1
34653,68287,1
34653,68295,1
34653,68319,1
34653,124891,1
34653,125309,1
34653,127467,1
34653,127920,2
34653,128304,1
34653,128432,1
34653,128956,1
34653,129342,1
34653,130374,1
34653,130981,1
34653,269784,1
34655,59926,1
34655,67042,1
34655,67072,1
34655,67132,1
34655,67157,1
34655,67331,1
34655,67396,1
34655,67467,1
34655,67612,2
34655,67762,1
34655,67777,1
34655,67794,1
34655,68016,2
34655,68050,1
34655,68083,1
34655,68196,2
34655,68201,2
34655,68240,1
34655,68242,1
34655,68258,2
34655,68264,1
34655,68267,3
34655,68296,1
34655,68349,1
34655,68395,1
34655,68483,1
34655,68502,1
34655,100017,1
34655,124891,2
34655,125136,1
34655,125309,1
34655,126438,1
34655,127171,2
34655,128406,1
34655,128797,1
34655,128956,1
34655,128987,1
34655,129518,1
34655,131629,1
34655,131640,1
34655,133146,1
34655,224589,1
34655,347693,1
34748,34752,2
34748,34754,2
34748,35266,2
34748,54942,1
34748,55706,1
34748,55824,1
34748,59730,1
34748,59926,1
34748,60880,1
34748,61573,1
34748,62529,1
34748,62965,1
34748,64213,2
34748,65958,1
34748,66588,1
34748,67281,2
34748,67456,1
34748,67944,1
34748,68004,1
34748,68016,1
34748,68091,1
34748,68196,1
34748,68200,1
34748,68258,1
34748,68296,1
34748,68454,1
34748,71875,1
34748,74543,1
34748,91350,1
34748,124068,3
34748,124308,4
34748,124331,1
34748,124967,3
34748,126299,2
34748,127192,2
34748,127541,1
34748,127625,1
34748,128441,2
34748,128669,2
34748,128797,2
34748,128945,2
34748,128987,3
34748,129906,1
34748,130150,1
34748,131392,2
34748,131720,1
34748,131944,2
34748,131961,2
34748,132051,1
34748,132583,1
34748,132642,1
34748,132680,1
34748,202665,1
34748,206740,1
34748,207411,1
34748,207765,1
34748,207783,1
34748,355067,1
34748,363519,1
34748,366078,1
34748,371805,1
34752,34754,1
34752,35266,2
34752,54996,1
34752,62367,1
34752,62529,1
34752,64213,3
34752,66014,1
34752,68454,1
34752,68502,1
34752,74543,1
34752,124068,2
34752,124308,3
34752,124331,2
34752,124967,1
34752,127192,1
34752,128441,1
34752,128945,1
34752,129902,1
34752,129935,1
34752,131392,1
34752,131961,2
34752,132051,1
34752,132642,1
34752,363519,1
34752,366078,1
34752,371805,1
34754,54942,1
34754,60880,1
34754,61573,1
34754,66014,1
34754,66588,1
34754,67456,1
34754,68091,1
34754,124308,2
34754,127192,1
34754,127541,1
34754,128441,1
34754,128945,1
34754,129906,1
34754,131720,1
34754,131944,1
34754,131961,1
34754,132051,1
34754,207783,1
35193,54246,1
35193,57497,1
35224,35225,1
35224,39948,1
35224,40916,1
35224,44584,1
35224,104911,1
35224,105935,1
35224,106263,1
35224,106333,1
35224,109812,1
35224,112150,1
35224,113924,1
35224,116823,1
35224,117031,1
35266,55706,1
35266,57498,1
35266,59223,1
35266,59926,1
35266,61573,1
35266,62529,1
35266,62965,2
35266,64213,2
35266,65602,1
35266,67157,1
35266,67159,1
35266,67281,5
35266,68253,1
35266,68349,1
35266,68454,2
35266,68851,1
35266,71875,2
35266,74543,1
35266,124068,9
35266,124308,4
35266,124331,1
35266,124796,2
35266,124804,3
35266,124886,1
35266,124932,1
35266,124967,5
35266,125185,1
35266,125309,2
35266,125336,2
35266,125694,3
35266,126299,7
35266,126387,2
35266,127192,3
35266,127625,2
35266,127627,3
35266,128170,1
35266,128441,2
35266,128669,1
35266,128945,2
35266,129045,3
35266,129857,1
35266,129979,2
35266,130733,1
35266,130934,1
35266,131066,3
35266,131106,1
35266,131183,1
35266,131285,2
35266,131392,10
35266,131724,1
35266,131961,2
35266,131975,1
35266,132051,1
35266,132642,4
35266,132680,2
35266,132983,2
35266,133281,1
35266,133692,1
35266,202665,1
35266,204208,1
35266,206740,1
35266,207057,1
35266,207062,1
35266,207080,1
35266,207100,1
35266,207183,1
35266,207222,2
35266,207279,1
35266,207715,1
35266,207765,1
35266,207783,1
35266,232978,1
35266,351444,1
35266,366078,1
35266,371805,2
35433,100686,1
35433,102377,1
35433,105955,1
35433,107845,1
35433,112592,1
35433,116823,1
35616,44372,1
35616,50807,1
35616,50850,1
37916,40408,1
37916,42415,1
37916,42652,1
37916,47517,1
38004,39869,1
38004,41297,1
38004,42675,1
38004,43485,1
38004,44584,1
38004,48157,1
38004,50865,1
38004,51980,1
38331,45816,1
38648,40916,1
38648,46608,1
38712,52136,1
38712,52303,1
38712,52842,1
38949,45685,1
39458,48641,1
39847,41028,1
39847,45685,1
39847,54942,1
39869,42675,1
39869,43485,1
39869,44584,1
39869,48157,1
39869,50865,1
39948,40916,2
39948,41297,1
39948,41385,1
39948,42680,1
39948,44584,1
39948,106333,1
39948,109812,1
39948,117031,1
40169,42396,1
40169,45682,1
40169,45771,1
40346,92079,1
40346,92109,1
40346,93025,1
40394,51114,1
40396,52545,1
40408,42415,1
40408,42652,1
40408,47517,1
40589,42675,1
40916,41385,1
40916,42680,1
40916,44584,1
40916,46608,1
40916,106333,1
40916,109812,1
40916,117031,1
40928,42063,1
40928,49974,1
40998,45685,1
40998,45753,1
40998,46966,1
41028,45685,1
41028,54942,1
41028,92440,1
41028,92999,1
41028,93025,1
41028,94116,1
41028,94273,1
41028,94603,1
41028,95071,1
41028,146000,1
41028,156713,1
41028,189511,1
41297,51980,1
41385,42680,1
41550,47673,1
41577,699695,1
42063,43094,1
42063,49974,1
42321,42790,1
42321,43094,1
42321,43110,1
42396,45682,1
42396,45771,1
42415,42652,1
42415,47517,1
42652,47517,1
42675,43485,1
42675,44584,1
42675,48157,1
42675,50865,1
42680,43574,1
42790,43094,1
42790,43110,1
43094,43110,1
43094,49974,1
43485,44584,1
43485,48157,2
43485,50865,1
43532,697621,1
44303,50221,1
44303,50223,1
44303,50230,1
44372,44377,1
44372,50807,1
44372,50850,1
44584,48157,1
44584,50865,1
44584,102628,1
44584,105210,1
44584,105289,1
44584,106263,1
44584,106333,1
44584,109504,1
44584,109812,1
44584,110845,1
44584,111525,1
44584,112150,1
44584,112837,1
44584,117031,1
44584,386323,1
44637,44640,1
44637,44641,1
44640,44641,1
45554,109317,1
45554,112971,1
45554,114192,1
45682,45771,1
45685,45753,1
45685,46966,1
45685,54942,1
45753,46966,1
45885,46425,1
46425,52462,1
46425,571259,1
46702,49672,1
46872,47673,1
48157,50865,1
48675,51096,1
50221,50223,1
50221,50230,1
50223,50230,1
50807,50850,2
52136,52303,1
52136,52842,1
52303,52842,1
54021,56923,1
54104,55631,1
54104,58972,2
54104,60478,1
54104,64317,1
54246,56832,1
54673,54993,1
54673,58882,1
54673,59002,1
54673,81491,1
54942,55824,1
54942,60880,1
54942,61573,1
54942,66588,1
54942,67456,1
54942,68091,1
54942,74543,1
54942,124068,1
54942,124308,1
54942,124734,1
54942,124891,1
54942,125185,1
54942,125694,1
54942,127192,2
54942,127541,1
54942,127625,1
54942,128441,1
54942,128945,1
54942,129045,1
54942,129359,1
54942,129906,1
54942,131392,2
54942,131720,1
54942,131944,1
54942,131961,1
54942,132051,2
54942,206740,1
54942,207222,1
54942,207468,1
54942,207783,1
54942,339168,1
54942,366078,1
54993,56858,2
54993,56881,1
54993,57124,1
54993,58882,1
54993,58962,1
54993,59002,2
54993,59106,1
54993,81491,2
54996,59730,1
54996,68502,1
54996,124068,1
54996,124331,1
54996,128441,1
54996,129902,1
54996,129935,1
54996,131961,1
54996,132051,1
54996,439033,1
55216,55631,1
55631,58483,1
55631,61375,1
55631,61921,1
55706,59926,1
55706,62965,1
55706,67281,1
55706,124308,1
55706,124331,1
55706,124967,1
55706,126299,1
55706,127625,1
55706,128669,1
55706,202665,1
55706,207765,1
55824,74543,1
56858,56881,1
56858,57124,1
56858,58962,1
56858,59002,1
56858,59106,1
56858,81491,1
56881,57124,1
56881,58962,1
56881,59002,1
56881,59106,1
56881,81491,1
57124,58962,1
57124,59002,1
57124,59106,1
57124,81491,1
57204,64906,2
57498,59223,1
57498,129979,1
57498,131106,1
57498,131392,1
57514,352672,1
58393,60711,1
58393,352672,1
58393,360983,1
58411,59054,1
58411,59326,1
58483,61921,1
58806,58907,1
58806,59064,1
58882,59002,1
58882,81491,1
58895,350434,1
58907,59064,1
58962,59002,1
58962,59106,1
58962,81491,1
58972,60478,1
58972,64317,1
59002,59106,1
59002,81491,2
59054,59326,1
59106,81491,1
59223,129979,1
59223,131106,1
59223,131392,1
59658,60880,1
59658,64213,1
59658,65765,1
59658,67159,1
59658,124308,1
59658,125336,1
59658,125694,2
59658,126299,1
59658,128797,1
59658,133090,1
59658,207062,1
59730,124068,1
59730,128987,1
59926,62965,1
59926,67281,1
59926,68016,1
59926,68083,1
59926,68201,1
59926,68258,1
59926,68264,1
59926,68267,1
59926,68296,1
59926,68483,1
59926,68502,1
59926,100017,1
59926,124308,1
59926,124331,1
59926,124891,1
59926,124967,1
59926,126299,1
59926,127171,1
59926,127625,1
59926,128406,1
59926,128669,1
59926,128797,1
59926,128987,1
59926,131629,1
59926,202665,1
59926,207765,1
59926,224589,1
60478,64317,1
60711,352672,1
60711,360983,1
60738,61889,1
60738,339907,1
60738,352672,1
60880,61573,1
60880,64213,1
60880,66588,1
60880,67456,1
60880,68091,1
60880,124308,1
60880,127192,1
60880,127541,1
60880,128441,1
60880,128945,1
60880,129906,1
60880,131720,1
60880,131944,1
60880,131961,1
60880,132051,1
60880,207783,1
61288,360983,1
61573,65602,1
61573,66014,1
61573,66588,1
61573,67281,1
61573,67456,1
61573,68091,1
61573,71875,1
61573,124308,2
61573,124331,1
61573,124804,1
61573,125584,1
61573,126299,1
61573,127192,2
61573,127541,1
61573,128441,1
61573,128797,1
61573,128945,1
61573,129885,1
61573,129906,1
61573,130733,1
61573,131285,1
61573,131720,1
61573,131724,2
61573,131944,1
61573,131961,1
61573,132051,1
61573,132642,1
61573,132680,1
61573,133281,1
61573,207057,1
61573,207080,1
61573,207183,1
61573,207222,1
61573,207647,1
61573,207715,1
61573,207783,1
61889,339907,1
61889,352672,1
62139,124068,1
62367,124308,1
62505,66668,1
62505,66721,1
62505,66777,1
62505,66818,1
62505,66896,3
62505,66906,2
62505,67136,1
62505,67158,1
62505,67331,1
62505,67443,1
62505,67456,1
62505,67467,1
62505,67612,1
62505,67733,1
62505,67762,1
62505,67777,7
62505,67855,1
62505,67936,1
62505,67939,1
62505,67953,1
62505,67993,1
62505,68083,1
62505,68165,2
62505,68195,1
62505,68196,2
62505,68197,2
62505,68201,1
62505,68240,1
62505,68255,3
62505,68258,2
62505,68264,1
62505,68267,2
62505,68276,3
62505,68287,1
62505,68290,1
62505,68293,1
62505,68295,1
62505,68303,1
62505,68313,1
62505,68319,1
62505,68337,1
62505,68454,2
62505,68502,2
62505,69113,1
62505,109812,1
62505,124364,1
62505,124733,2
62505,124734,1
62505,124850,2
62505,124886,2
62505,124891,1
62505,125077,1
62505,125163,1
62505,125185,2
62505,125584,1
62505,126411,1
62505,126657,1
62505,126692,1
62505,127066,1
62505,127611,1
62505,127906,2
62505,127920,1
62505,128191,1
62505,128301,1
62505,128304,1
62505,128334,1
62505,128432,1
62505,128441,1
62505,128917,1
62505,128956,1
62505,129342,1
62505,129408,1
62505,129417,1
62505,129514,1
62505,130253,1
62505,130374,1
62505,130719,1
62505,130897,1
62505,130917,2
62505,130921,1
62505,131062,1
62505,131078,1
62505,131106,1
62505,131183,1
62505,131350,1
62505,131890,1
62505,132008,2
62505,132051,1
62505,132775,1
62505,133146,1
62505,133351,1
62505,133356,2
62505,133408,1
62529,64213,1
62529,68454,1
62529,74543,1
62529,124068,1
62529,124308,1
62529,127192,1
62529,128945,1
62529,131392,1
62529,131961,1
62529,132642,1
62529,366078,1
62529,371805,1
62965,67281,1
62965,124308,1
62965,124331,1
62965,124796,1
62965,124804,1
62965,124891,1
62965,124967,1
62965,125309,1
62965,125336,1
62965,125694,1
62965,126299,2
62965,127625,1
62965,128170,1
62965,128375,1
62965,128441,1
62965,128669,1
62965,129045,1
62965,131392,1
62965,131975,1
62965,132380,1
62965,132642,1
62965,132680,1
62965,132983,1
62965,202665,1
62965,207100,1
62965,207279,1
62965,207765,1
62965,351444,1
63413,699791,2
63413,699794,3
64213,68454,1
64213,74543,1
64213,124068,4
64213,124308,3
64213,124331,2
64213,127192,1
64213,128745,1
64213,128945,1
64213,129906,1
64213,131392,1
64213,131720,1
64213,131944,1
64213,131961,1
64213,132352,1
64213,132642,2
64213,206740,1
64213,207062,1
64213,207411,1
64213,355067,1
64213,366078,1
64213,371805,1
64517,65160,1
65602,67281,1
65602,71875,1
65602,124308,1
65602,124804,1
65602,125337,1
65602,126299,1
65602,127192,1
65602,130733,1
65602,131285,1
65602,131724,1
65602,132642,1
65602,132680,1
65602,133281,1
65602,207057,1
65602,207080,1
65602,207183,1
65602,207222,1
65602,207715,1
65765,125694,1
65958,124068,1
66014,68253,1
66014,122198,1
66014,122637,1
66014,124308,1
66014,124331,1
66014,124364,1
66014,124742,1
66014,124891,2
66014,124967,2
66014,125185,1
66014,125337,1
66014,125694,1
66014,126387,2
66014,127541,1
66014,128301,1
66014,128441,2
66014,129045,1
66014,129885,1
66014,129906,1
66014,130150,1
66014,130364,1
66014,131392,1
66014,131720,2
66014,131961,1
66014,132051,2
66014,132352,1
66014,133642,1
66014,207647,1
66441,66566,1
66441,66668,1
66441,66883,2
66441,132539,1
66518,100816,1
66518,100983,1
66518,117680,1
66518,124891,1
66518,133408,1
66518,134432,1
66522,66673,1
66522,67434,1
66522,67448,1
66522,68242,1
66522,68258,1
66522,124804,1
66522,125185,1
66522,127906,1
66522,128441,1
66522,132051,1
66522,133425,1
66522,294567,1
66566,66883,1
66588,67456,1
66588,68091,1
66588,68197,1
66588,68242,1
66588,124308,1
66588,127192,1
66588,127541,1
66588,128170,1
66588,128441,1
66588,128945,1
66588,129906,1
66588,131720,1
66588,131944,1
66588,131961,1
66588,132051,1
66588,207783,1
66668,66669,1
66668,66673,1
66668,66700,1
66668,66754,1
66668,66757,1
66668,66878,1
66668,66883,2
66668,109812,1
66668,127906,1
66668,132539,2
66668,133408,1
66669,66673,1
66669,66700,1
66669,66754,1
66669,66757,1
66669,66777,1
66669,66878,1
66669,66883,1
66669,66908,1
66669,67136,1
66669,67260,1
66669,67308,1
66669,67612,1
66669,132539,1
66671,67029,1
66671,67777,1
66671,124891,1
66673,66700,1
66673,66754,1
66673,66757,1
66673,66878,1
66673,66883,1
66673,67434,1
66673,67448,1
66673,68242,1
66673,68258,1
66673,125185,1
66673,127906,1
66673,132539,1
66673,133425,1
66673,294567,1
66685,66768,1
66685,129193,1
66700,66754,1
66700,66757,1
66700,66878,1
66700,66883,1
66700,132539,1
66721,66896,1
66721,67456,1
66721,128917,1
66721,133356,1
66754,66757,1
66754,66878,1
66754,66883,1
66754,132539,1
66757,66878,1
66757,66883,1
66757,132539,1
66768,67777,1
66768,67939,1
66768,68201,1
66768,129193,1
66768,129305,1
66777,66906,1
66777,66908,1
66777,66978,1
66777,67136,1
66777,67260,1
66777,67308,1
66777,67443,1
66777,67477,1
66777,67612,1
66777,128987,1
66777,129169,1
66777,130210,1
66818,68196,1
66818,68197,1
66818,68240,1
66818,68255,1
66818,68267,1
66818,68276,1
66818,68287,1
66818,68295,1
66818,68319,1
66818,124891,1
66818,128301,1
66818,128304,1
66818,128432,1
66818,128956,1
66818,129342,1
66818,130374,1
66878,66883,1
66878,132539,1
66883,132539,2
66896,66906,1
66896,67331,1
66896,67456,1
66896,67612,1
66896,67777,3
66896,67855,1
66896,67936,1
66896,67939,1
66896,67953,1
66896,67993,1
66896,68016,1
66896,68083,1
66896,68196,1
66896,68200,1
66896,68201,1
66896,68240,1
66896,68244,1
66896,68258,3
66896,68282,1
66896,68287,1
66896,68422,1
66896,68456,1
66896,100017,1
66896,127066,1
66896,127476,1
66896,127906,2
66896,128917,1
66896,129518,1
66896,130897,1
66896,130917,1
66896,131062,1
66896,131720,1
66896,132008,1
66896,132583,1
66896,132775,1
66896,133063,1
66896,133351,1
66896,133356,2
66896,133464,1
66900,132539,1
66906,67331,2
66906,67443,1
66906,67612,1
66906,67777,2
66906,67855,1
66906,67936,1
66906,67939,1
66906,67953,1
66906,67993,1
66906,68083,1
66906,68258,1
66906,127066,1
66906,127823,1
66906,127845,1
66906,127906,1
66906,130897,1
66906,130917,1
66906,131062,2
66906,132008,1
66906,132775,2
66906,133351,2
66906,133356,1
66906,503974,1
66908,67136,1
66908,67260,1
66908,67308,1
66908,67612,1
67029,67331,1
67029,67456,1
67029,67546,1
67029,67612,1
67029,67777,1
67029,124891,1
67029,127868,1
67029,131640,1
67042,67132,1
67042,67331,1
67042,67612,1
67042,68016,1
67042,131640,1
67042,133146,1
67132,67331,1
67132,67612,1
67132,68016,1
67132,126438,1
67132,131640,1
67132,131720,1
67132,133146,1
67136,67260,1
67136,67308,1
67136,67612,1
67136,67777,1
67136,68197,1
67136,68264,1
67136,68293,1
67136,68337,1
67136,126692,1
67136,128334,1
67136,131078,1
67136,131890,1
67157,67158,2
67157,67159,1
67157,67281,1
67157,67777,2
67157,68196,1
67157,68203,1
67157,68216,2
67157,68253,1
67157,68290,1
67157,68296,1
67157,68303,1
67157,68323,1
67157,68349,1
67157,68502,1
67157,68823,1
67157,69113,1
67157,69196,1
67157,124364,1
67157,124733,1
67157,124734,1
67157,124742,3
67157,124804,1
67157,124850,1
67157,124886,1
67157,124891,2
67157,124932,1
67157,124967,1
67157,125136,3
67157,125185,1
67157,125309,1
67157,125336,1
67157,125337,1
67157,125584,1
67157,125694,2
67157,126299,1
67157,126387,1
67157,126609,1
67157,127625,1
67157,127866,1
67157,128233,1
67157,128301,1
67157,128441,2
67157,128797,1
67157,128945,1
67157,129169,1
67157,129768,1
67157,129857,1
67157,130294,1
67157,130719,1
67157,130912,1
67157,130921,1
67157,130934,1
67157,131066,1
67157,131106,1
67157,131183,1
67157,131229,1
67157,131392,1
67157,131629,1
67157,131975,1
67157,132680,1
67157,132741,1
67157,132768,1
67157,133164,1
67157,133718,1
67157,204208,1
67157,206740,1
67157,207183,1
67157,207222,1
67158,67777,3
67158,68165,1
67158,68216,3
67158,68255,1
67158,68290,1
67158,68303,3
67158,68313,1
67158,68318,1
67158,68319,1
67158,68323,1
67158,68454,2
67158,68483,1
67158,68502,2
67158,68548,1
67158,68823,2
67158,68847,1
67158,69113,1
67158,124364,1
67158,124733,2
67158,124734,1
67158,124742,2
67158,124850,2
67158,124886,1
67158,124891,3
67158,125077,1
67158,125136,2
67158,125163,1
67158,125185,2
67158,125309,1
67158,125584,3
67158,125694,1
67158,126411,1
67158,127866,1
67158,128301,2
67158,128441,1
67158,129768,1
67158,130719,2
67158,130912,1
67158,130921,2
67158,131106,4
67158,131229,1
67158,131629,1
67158,132051,1
67158,207183,1
67159,67281,1
67159,68253,1
67159,68349,1
67159,124308,1
67159,124804,1
67159,124886,1
67159,124932,1
67159,124967,1
67159,125136,1
67159,125336,2
67159,125694,2
67159,126299,1
67159,126387,1
67159,127625,1
67159,128441,1
67159,128797,1
67159,128945,1
67159,129857,1
67159,130934,1
67159,131066,1
67159,131183,1
67159,131392,1
67159,132680,1
67159,204208,1
67159,206740,1
67159,207062,1
67159,207222,1
67260,67308,1
67260,67612,1
67281,68253,1
67281,68349,1
67281,68454,1
67281,68851,1
67281,71875,2
67281,124068,1
67281,124308,4
67281,124331,1
67281,124796,1
67281,124804,2
67281,124886,1
67281,124932,1
67281,124967,3
67281,125336,1
67281,125694,2
67281,126299,4
67281,126387,1
67281,127192,1
67281,127625,2
67281,127627,1
67281,128441,1
67281,128669,1
67281,128797,1
67281,128945,1
67281,129045,2
67281,129857,1
67281,129979,1
67281,130150,1
67281,130733,1
67281,130934,1
67281,131066,2
67281,131183,1
67281,131238,1
67281,131285,1
67281,131392,2
67281,131724,1
67281,131944,1
67281,132010,1
67281,132051,1
67281,132642,3
67281,132680,3
67281,133281,2
67281,202665,1
67281,204208,1
67281,206740,1
67281,207057,1
67281,207062,3
67281,207080,1
67281,207183,1
67281,207222,2
67281,207715,1
67281,207765,1
67308,67612,1
67308,126438,1
67331,67546,1
67331,67612,3
67331,67777,3
67331,67855,1
67331,67936,1
67331,67939,1
67331,67953,1
67331,67993,1
67331,68016,1
67331,68083,1
67331,68258,1
67331,127066,1
67331,127823,1
67331,127906,1
67331,128304,1
67331,130865,1
67331,130897,1
67331,130917,1
67331,131062,2
67331,131161,1
67331,131640,3
67331,132008,1
67331,132775,2
67331,133146,1
67331,133351,1
67331,133356,1
67331,503974,1
67395,67396,1
67395,67467,1
67395,67906,1
67395,67922,1
67395,67944,1
67395,68200,1
67395,68203,1
67395,68319,1
67395,127611,1
67395,128187,1
67395,128191,1
67395,132008,1
67395,132345,1
67395,132794,1
67395,132984,1
67396,67467,1
67396,67794,1
67396,67922,1
67396,67944,1
67396,68200,1
67396,68203,1
67396,68319,1
67396,68395,1
67396,128187,1
67396,128191,1
67396,132345,1
67396,132794,1
67423,131339,1
67434,67448,1
67434,67455,1
67434,67546,2
67434,67612,1
67434,68242,1
67434,68258,1
67434,125185,1
67434,127906,1
67434,133425,1
67434,294567,1
67443,67777,1
67443,67855,1
67443,67906,1
67443,130917,1
67443,131243,1
67443,131720,1
67443,133146,1
67448,67477,1
67448,68242,1
67448,68258,1
67448,124891,1
67448,125185,1
67448,127906,1
67448,133425,1
67448,294567,1
67448,554900,1
67455,67546,1
67455,67612,1
67456,68091,1
67456,124308,1
67456,127192,1
67456,127541,1
67456,127868,1
67456,128441,1
67456,128917,1
67456,128945,1
67456,129906,1
67456,131720,1
67456,131944,1
67456,131961,1
67456,132051,1
67456,133356,1
67456,207783,1
67467,67612,1
67467,67762,1
67467,67777,2
67467,67890,1
67467,67922,1
67467,67943,1
67467,67944,1
67467,68050,1
67467,68083,2
67467,68196,1
67467,68197,1
67467,68200,2
67467,68201,3
67467,68203,1
67467,68267,2
67467,68276,1
67467,68319,1
67467,68418,1
67467,68422,1
67467,126657,1
67467,127611,1
67467,128187,1
67467,128191,1
67467,128594,1
67467,128649,1
67467,128956,1
67467,129514,1
67467,130917,1
67467,130981,1
67467,131350,1
67467,132345,1
67467,132794,1
67477,124891,1
67477,554900,1
67546,67612,2
67546,131640,1
67612,67777,1
67612,67855,1
67612,67936,1
67612,67939,1
67612,67953,1
67612,67993,1
67612,68016,1
67612,68050,1
67612,68083,1
67612,68201,1
67612,68258,1
67612,68267,1
67612,127066,1
67612,127906,1
67612,127947,1
67612,130897,1
67612,130917,1
67612,131062,1
67612,131629,1
67612,131640,2
67612,131720,1
67612,132008,1
67612,132775,1
67612,133146,1
67612,133351,1
67612,133356,1
67612,221049,1
67612,221093,1
67612,224589,1
67733,67777,1
67733,129408,1
67733,132008,1
67762,67777,1
67762,67943,1
67762,68196,1
67762,68201,1
67762,68216,1
67762,68276,1
67762,127611,1
67762,130917,1
67762,131350,1
67777,67855,2
67777,67890,1
67777,67906,1
67777,67936,1
67777,67939,2
67777,67953,1
67777,67971,1
67777,67993,1
67777,68016,1
67777,68083,2
67777,68165,2
67777,68196,2
67777,68197,3
67777,68200,1
67777,68201,3
67777,68216,3
67777,68240,2
67777,68242,1
67777,68244,1
67777,68255,1
67777,68258,5
67777,68264,1
67777,68267,3
67777,68276,1
67777,68281,1
67777,68282,1
67777,68287,1
67777,68290,1
67777,68293,1
67777,68303,2
67777,68313,2
67777,68317,1
67777,68323,1
67777,68337,1
67777,68422,2
67777,68454,2
67777,68456,1
67777,68502,2
67777,68823,1
67777,69113,1
67777,124364,1
67777,124733,2
67777,124734,1
67777,124742,1
67777,124850,2
67777,124886,1
67777,124891,2
67777,125077,1
67777,125136,1
67777,125185,2
67777,125584,2
67777,125694,2
67777,126411,1
67777,126438,1
67777,126657,2
67777,126692,1
67777,127066,1
67777,127467,1
67777,127476,1
67777,127611,1
67777,127823,1
67777,127866,2
67777,127906,4
67777,128191,1
67777,128301,2
67777,128304,1
67777,128334,1
67777,128441,1
67777,128508,1
67777,128594,2
67777,128649,1
67777,128956,1
67777,129305,1
67777,129408,1
67777,129514,1
67777,129518,2
67777,129768,1
67777,130203,1
67777,130526,2
67777,130719,2
67777,130897,1
67777,130912,1
67777,130917,3
67777,130921,2
67777,130981,2
67777,131062,2
67777,131078,1
67777,131106,2
67777,131229,1
67777,131243,1
67777,131350,1
67777,131629,2
67777,131720,1
67777,131890,1
67777,132008,2
67777,132051,1
67777,132583,3
67777,132775,2
67777,133063,1
67777,133351,1
67777,133356,1
67777,133464,1
67777,207183,1
67777,338944,1
67777,503974,1
67794,68083,1
67794,68257,1
67794,68261,1
67794,68273,1
67794,68313,1
67794,68395,1
67794,68422,1
67794,69196,1
67794,124733,1
67794,125136,1
67794,126609,1
67794,129216,1
67794,132395,1
67855,67906,1
67855,67936,1
67855,67939,1
67855,67953,1
67855,67993,1
67855,68083,1
67855,68258,1
67855,127066,1
67855,130897,1
67855,130917,1
67855,131062,1
67855,131243,1
67855,131720,1
67855,132008,1
67855,132775,1
67855,133351,1
67855,133356,1
67890,68083,1
67890,68196,1
67890,68197,1
67890,68200,1
67890,68267,1
67890,68422,1
67890,126657,1
67890,128594,1
67890,128649,1
67890,129514,1
67890,130981,1
67906,67922,1
67906,68264,1
67906,127611,2
67906,127906,1
67906,131243,1
67906,131720,1
67906,132008,1
67906,132984,1
67922,67944,1
67922,68200,1
67922,68203,1
67922,68319,1
67922,127611,1
67922,128187,1
67922,128191,1
67922,132345,1
67922,132794,1
67936,67939,1
67936,67953,1
67936,67993,1
67936,68083,1
67936,68258,1
67936,127066,1
67936,130897,1
67936,130917,1
67936,131062,1
67936,132008,1
67936,132775,1
67936,133351,1
67936,133356,1
67939,67953,1
67939,67993,1
67939,68083,1
67939,68201,1
67939,68258,1
67939,127066,1
67939,129305,1
67939,130897,1
67939,130917,1
67939,131062,1
67939,132008,1
67939,132775,1
67939,133351,1
67939,133356,1
67943,67944,1
67943,68083,1
67943,68196,2
67943,68201,1
67943,68216,1
67943,68251,1
67943,68255,1
67943,68258,1
67943,68313,1
67943,68418,1
67943,128508,1
67943,128956,1
67943,132583,1
67944,68004,1
67944,68016,1
67944,68200,2
67944,68203,1
67944,68319,1
67944,128187,1
67944,128191,1
67944,132345,1
67944,132794,1
67953,67993,1
67953,68083,1
67953,68258,1
67953,127066,1
67953,130897,1
67953,130917,1
67953,131062,1
67953,132008,1
67953,132775,1
67953,133351,1
67953,133356,1
67971,68050,1
67971,68258,1
67971,127467,1
67971,130917,1
67971,338944,1
67993,68083,1
67993,68258,1
67993,127066,1
67993,130897,1
67993,130917,1
67993,131062,1
67993,132008,1
67993,132775,1
67993,133351,1
67993,133356,1
68004,68016,1
68004,68200,1
68004,68297,1
68004,68456,1
68004,127906,1
68004,128191,1
68016,68083,1
68016,68200,1
68016,68201,1
68016,68240,1
68016,68244,1
68016,68258,2
68016,68264,1
68016,68267,1
68016,68282,1
68016,68287,1
68016,68296,1
68016,68422,1
68016,68456,1
68016,68483,1
68016,68502,1
68016,100017,1
68016,124891,1
68016,127171,1
68016,127476,1
68016,127906,1
68016,128406,1
68016,128797,1
68016,128987,1
68016,129518,1
68016,131629,1
68016,131640,1
68016,132583,1
68016,133063,1
68016,133146,1
68016,133464,1
68016,224589,1
68050,68201,1
68050,68267,1
68054,68196,1
68054,68303,1
68054,68321,1
68069,68851,1
68069,122637,1
68069,124796,1
68069,124804,1
68069,124886,1
68069,124891,1
68069,124932,1
68069,125136,1
68069,125185,1
68069,125188,1
68069,125337,1
68069,125582,1
68069,127166,1
68069,127476,1
68069,127627,1
68069,128170,1
68069,129359,1
68069,131724,1
68069,131975,1
68069,207183,1
68083,68196,1
68083,68197,2
68083,68200,1
68083,68201,2
68083,68216,1
68083,68239,1
68083,68244,1
68083,68257,1
68083,68258,2
68083,68261,1
68083,68264,1
68083,68267,2
68083,68287,1
68083,68296,1
68083,68317,1
68083,68319,1
68083,68349,1
68083,68418,1
68083,68422,3
68083,68483,1
68083,68502,2
68083,68823,1
68083,100017,1
68083,124733,2
68083,124734,1
68083,124891,1
68083,125136,1
68083,126387,1
68083,126609,1
68083,126657,1
68083,127066,1
68083,127171,1
68083,128406,1
68083,128508,1
68083,128594,1
68083,128649,1
68083,128797,1
68083,128956,1
68083,128987,1
68083,129216,1
68083,129514,1
68083,129973,1
68083,130897,1
68083,130917,1
68083,130981,1
68083,131062,1
68083,131629,1
68083,132008,1
68083,132345,1
68083,132395,1
68083,132775,1
68083,133351,1
68083,133356,1
68083,200321,5
68083,224589,1
68083,578729,1
68091,68216,1
68091,68282,2
68091,68303,1
68091,68319,1
68091,68325,1
68091,68454,1
68091,68483,1
68091,68502,1
68091,68548,1
68091,68823,1
68091,69113,1
68091,69142,1
68091,124308,1
68091,124891,1
68091,125163,2
68091,126411,1
68091,127192,1
68091,127541,1
68091,128406,1
68091,128441,1
68091,128945,1
68091,129359,1
68091,129759,1
68091,129906,1
68091,130203,1
68091,130301,1
68091,131243,1
68091,131629,1
68091,131720,1
68091,131944,1
68091,131961,1
68091,132051,1
68091,132583,1
68091,202627,1
68091,207783,1
68165,68195,1
68165,68255,1
68165,68290,1
68165,68303,1
68165,68313,1
68165,68454,2
68165,68502,1
68165,69113,1
68165,124733,1
68165,124850,1
68165,124886,1
68165,125077,1
68165,125185,1
68165,125584,1
68165,126411,1
68165,128301,1
68165,128441,1
68165,130719,1
68165,130921,1
68165,131106,1
68165,132051,1
68195,68197,1
68195,68216,2
68195,68255,2
68195,68257,2
68195,68276,1
68195,68282,1
68195,68290,1
68195,68295,1
68195,68303,1
68195,68347,1
68195,68349,3
68195,68548,1
68195,69113,1
68195,124734,1
68195,124891,1
68195,124932,1
68195,125136,3
68195,125163,1
68195,125187,2
68195,125309,1
68195,126387,1
68195,126392,1
68195,126411,2
68195,127476,1
68195,128301,1
68195,128304,2
68195,129043,1
68195,130150,1
68195,130301,1
68195,130921,1
68195,131629,1
68195,131642,1
68195,132345,1
68195,132583,1
68195,132917,1
68195,133063,1
68195,202783,1
68196,68197,2
68196,68200,1
68196,68216,4
68196,68240,1
68196,68242,2
68196,68244,1
68196,68255,1
68196,68267,3
68196,68276,1
68196,68281,1
68196,68282,1
68196,68287,1
68196,68295,1
68196,68303,1
68196,68313,1
68196,68319,1
68196,68321,1
68196,68323,1
68196,68395,1
68196,68422,1
68196,68847,1
68196,69142,1
68196,69148,1
68196,69196,1
68196,124742,1
68196,124891,1
68196,125136,1
68196,126657,1
68196,127171,1
68196,127867,1
68196,127951,1
68196,128304,1
68196,128432,1
68196,128508,1
68196,128594,1
68196,128649,1
68196,128956,1
68196,129342,1
68196,129514,1
68196,130195,1
68196,130374,1
68196,130981,1
68196,132583,1
68196,133415,1
68196,347693,1
68197,68200,1
68197,68216,2
68197,68239,1
68197,68240,1
68197,68242,2
68197,68244,1
68197,68255,2
68197,68257,2
68197,68258,1
68197,68264,1
68197,68267,2
68197,68276,1
68197,68282,3
68197,68287,2
68197,68290,1
68197,68293,1
68197,68295,1
68197,68296,1
68197,68303,1
68197,68313,1
68197,68317,1
68197,68319,2
68197,68337,1
68197,68349,3
68197,68422,4
68197,68483,1
68197,68502,1
68197,68548,2
68197,68823,1
68197,69113,1
68197,124733,1
68197,124734,2
68197,124891,2
68197,124932,1
68197,125136,2
68197,125163,1
68197,125187,1
68197,125582,1
68197,126387,1
68197,126411,1
68197,126657,1
68197,126692,1
68197,127866,1
68197,128270,1
68197,128301,1
68197,128304,2
68197,128334,1
68197,128432,3
68197,128508,1
68197,128594,1
68197,128649,1
68197,128956,1
68197,129043,1
68197,129342,1
68197,129514,1
68197,129973,1
68197,130374,1
68197,130526,1
68197,130981,2
68197,131078,1
68197,131229,1
68197,131629,1
68197,131720,1
68197,131890,2
68197,132345,1
68197,132452,1
68197,132583,1
68197,133063,1
68197,133464,1
68197,202753,1
68197,578729,1
68200,68201,1
68200,68203,1
68200,68267,1
68200,68319,1
68200,68422,1
68200,100017,1
68200,126657,1
68200,128187,1
68200,128191,1
68200,128594,1
68200,128649,1
68200,129514,1
68200,130981,1
68200,131720,1
68200,132345,1
68200,132794,1
68201,68216,1
68201,68255,1
68201,68258,2
68201,68264,1
68201,68267,2
68201,68276,1
68201,68281,1
68201,68296,1
68201,68313,1
68201,68317,1
68201,68349,1
68201,68418,1
68201,68483,1
68201,68502,1
68201,100017,2
68201,124891,1
68201,127171,1
68201,127611,1
68201,128304,1
68201,128406,1
68201,128594,1
68201,128797,1
68201,128956,2
68201,128987,1
68201,129305,1
68201,130203,1
68201,130526,1
68201,130917,1
68201,130981,1
68201,131350,1
68201,131629,2
68201,131720,1
68201,132583,1
68201,202129,1
68201,224589,1
68203,68290,1
68203,68319,1
68203,125136,1
68203,126609,1
68203,127501,1
68203,128187,1
68203,128191,1
68203,128233,2
68203,129169,1
68203,132345,1
68203,132768,1
68203,132794,1
68203,133164,1
68203,133718,1
68216,68239,1
68216,68242,2
68216,68244,1
68216,68255,1
68216,68257,2
68216,68258,3
68216,68273,1
68216,68281,1
68216,68282,3
68216,68287,1
68216,68290,1
68216,68295,2
68216,68296,3
68216,68303,5
68216,68307,1
68216,68313,3
68216,68317,2
68216,68318,1
68216,68319,3
68216,68323,3
68216,68325,1
68216,68349,3
68216,68422,1
68216,68483,2
68216,68502,4
68216,68548,1
68216,68823,4
68216,68847,2
68216,69113,5
68216,69142,5
68216,69145,2
68216,69148,3
68216,69196,3
68216,124364,2
68216,124733,3
68216,124734,4
68216,124742,3
68216,124796,3
68216,124804,1
68216,124850,2
68216,124886,2
68216,124891,8
68216,124932,1
68216,125077,1
68216,125136,8
68216,125163,7
68216,125185,4
68216,125187,6
68216,125309,5
68216,125582,2
68216,125584,1
68216,125694,1
68216,126387,1
68216,126411,1
68216,127166,1
68216,127385,1
68216,127476,1
68216,127866,1
68216,127867,1
68216,127951,1
68216,128170,1
68216,128229,2
68216,128301,3
68216,128304,5
68216,128406,1
68216,128508,1
68216,128594,1
68216,128797,1
68216,128956,1
68216,129381,1
68216,129768,1
68216,129973,1
68216,130144,2
68216,130150,1
68216,130195,1
68216,130203,3
68216,130204,1
68216,130253,1
68216,130301,2
68216,130526,1
68216,130719,2
68216,130912,2
68216,130921,1
68216,130981,1
68216,131106,10
68216,131229,2
68216,131243,1
68216,131290,1
68216,131392,1
68216,131629,7
68216,131720,4
68216,131967,1
68216,132261,1
68216,132345,2
68216,132583,10
68216,132680,1
68216,132917,1
68216,133063,2
68216,133464,1
68216,202638,1
68216,202727,1
68216,202761,1
68216,202783,1
68216,207183,1
68216,578729,1
68239,68244,1
68239,68287,1
68239,68303,1
68239,68317,1
68239,68319,1
68239,68349,1
68239,68422,1
68239,68502,1
68239,68823,1
68239,124733,1
68239,124734,1
68239,126387,1
68239,128508,1
68239,129216,1
68239,129973,1
68239,130203,1
68239,131629,1
68239,131720,1
68239,132345,1
68239,133164,1
68239,578729,1
68240,68244,1
68240,68255,1
68240,68258,1
68240,68267,1
68240,68276,1
68240,68282,1
68240,68287,2
68240,68295,1
68240,68319,1
68240,68422,1
68240,68456,1
68240,124891,1
68240,126438,1
68240,127476,1
68240,127906,1
68240,128304,1
68240,128432,1
68240,128956,1
68240,129342,1
68240,129518,2
68240,130374,1
68240,132583,1
68240,133063,1
68240,133464,1
68242,68258,2
68242,68264,1
68242,68323,1
68242,68847,1
68242,69142,1
68242,69145,1
68242,69148,1
68242,69196,2
68242,124742,1
68242,125136,1
68242,125185,1
68242,127866,1
68242,127906,1
68242,129768,1
68242,130144,1
68242,130195,2
68242,130526,1
68242,132583,1
68242,133425,1
68242,294567,1
68244,68258,1
68244,68264,1
68244,68273,1
68244,68282,1
68244,68287,2
68244,68317,1
68244,68319,1
68244,68349,1
68244,68422,2
68244,68456,1
68244,68502,1
68244,68823,1
68244,124733,1
68244,124734,1
68244,126387,1
68244,127476,1
68244,127906,1
68244,128508,1
68244,129518,1
68244,129973,1
68244,132345,1
68244,132583,1
68244,133063,1
68244,133464,1
68244,578729,1
68251,68255,1
68251,68258,1
68251,68313,1
68251,125309,1
68251,128508,1
68251,131720,1
68253,68349,1
68253,122198,1
68253,122637,1
68253,124364,1
68253,124742,1
68253,124804,1
68253,124886,1
68253,124891,1
68253,124932,1
68253,124967,2
68253,125185,1
68253,125336,1
68253,125337,1
68253,125694,2
68253,126387,2
68253,127625,1
68253,128301,1
68253,128441,2
68253,128945,1
68253,129045,1
68253,129857,1
68253,130150,1
68253,130934,1
68253,131066,1
68253,131183,1
68253,131392,1
68253,131720,1
68253,132051,1
68253,132352,1
68253,132680,1
68253,133642,1
68253,204208,1
68253,206740,1
68253,207222,1
68255,68257,2
68255,68258,2
68255,68267,3
68255,68273,1
68255,68276,1
68255,68287,1
68255,68290,3
68255,68295,2
68255,68303,1
68255,68313,2
68255,68319,1
68255,68347,1
68255,68349,2
68255,68422,1
68255,68454,1
68255,68502,1
68255,69113,1
68255,69196,1
68255,124733,1
68255,124850,1
68255,124886,1
68255,124891,1
68255,125077,1
68255,125136,1
68255,125185,2
68255,125187,1
68255,125309,1
68255,125584,1
68255,126387,1
68255,126411,1
68255,127467,1
68255,127476,1
68255,127920,2
68255,128301,2
68255,128304,2
68255,128432,2
68255,128441,1
68255,128508,1
68255,128956,1
68255,129342,1
68255,130150,1
68255,130301,1
68255,130374,1
68255,130526,1
68255,130719,1
68255,130921,1
68255,131106,1
68255,131629,1
68255,132051,1
68255,132345,1
68255,132583,1
68255,132768,1
68255,132917,1
68255,133063,1
68255,202129,1
68255,202783,1
68255,269784,1
68257,68258,1
68257,68261,1
68257,68282,3
68257,68295,1
68257,68296,1
68257,68303,1
68257,68313,2
68257,68349,1
68257,68422,2
68257,68483,1
68257,68548,1
68257,69113,1
68257,69142,1
68257,69148,1
68257,124733,1
68257,124734,1
68257,124891,1
68257,124932,1
68257,125136,3
68257,125163,1
68257,125187,2
68257,125309,1
68257,125582,1
68257,126411,1
68257,126609,1
68257,127476,1
68257,128304,2
68257,129216,1
68257,130301,1
68257,130526,1
68257,131229,1
68257,131629,2
68257,131720,1
68257,131890,1
68257,132345,1
68257,132395,1
68257,132452,1
68257,133063,2
68257,133464,1
68257,202753,1
68257,202783,1
68258,68264,1
68258,68267,2
68258,68273,2
68258,68281,1
68258,68282,2
68258,68287,1
68258,68290,1
68258,68296,3
68258,68303,2
68258,68313,3
68258,68317,1
68258,68319,1
68258,68349,1
68258,68422,2
68258,68456,1
68258,68483,2
68258,68502,2
68258,69148,1
68258,100017,1
68258,124796,1
68258,124804,1
68258,124891,3
68258,125136,1
68258,125185,1
68258,125309,1
68258,125582,2
68258,127066,1
68258,127166,1
68258,127171,1
68258,127467,1
68258,127476,1
68258,127906,4
68258,128229,1
68258,128301,1
68258,128304,2
68258,128406,1
68258,128432,1
68258,128508,2
68258,128594,1
68258,128797,2
68258,128956,2
68258,128987,1
68258,129518,1
68258,130203,2
68258,130301,1
68258,130526,1
68258,130557,1
68258,130897,1
68258,130917,2
68258,130981,2
68258,131062,1
68258,131106,1
68258,131229,1
68258,131629,6
68258,131720,1
68258,131890,2
68258,132008,1
68258,132452,1
68258,132583,5
68258,132775,1
68258,133063,2
68258,133351,1
68258,133356,1
68258,133425,1
68258,133464,2
68258,199466,1
68258,202753,1
68258,224589,1
68258,260984,1
68258,294567,1
68258,338944,1
68258,345783,1
68258,347187,1
68261,68422,1
68261,124733,1
68261,125136,1
68261,126609,1
68261,129216,1
68261,132395,1
68264,68267,2
68264,68273,1
68264,68293,1
68264,68296,1
68264,68337,1
68264,68483,1
68264,68502,1
68264,100017,1
68264,124891,1
68264,126692,1
68264,127171,1
68264,127906,1
68264,128334,1
68264,128406,1
68264,128797,1
68264,128987,1
68264,131078,1
68264,131629,1
68264,131890,1
68264,224589,1
68264,242056,1
68267,68276,1
68267,68287,1
68267,68295,1
68267,68296,1
68267,68319,1
68267,68354,1
68267,68422,1
68267,68483,1
68267,68502,1
68267,100017,1
68267,124891,2
68267,126657,1
68267,127171,1
68267,127467,1
68267,127920,2
68267,128304,1
68267,128406,1
68267,128432,1
68267,128508,1
68267,128594,1
68267,128649,1
68267,128797,1
68267,128956,2
68267,128987,1
68267,129342,1
68267,129514,1
68267,130374,1
68267,130981,1
68267,131629,1
68267,224589,1
68267,269784,1
68273,68290,1
68273,68313,1
68273,68320,1
68273,68349,1
68273,69196,1
68273,128229,1
68276,68287,1
68276,68295,1
68276,68319,1
68276,124891,1
68276,127611,1
68276,128304,1
68276,128432,1
68276,128956,1
68276,129342,1
68276,130374,1
68276,130917,1
68276,131350,1
68281,68313,1
68281,68317,1
68281,128304,1
68281,128594,1
68281,128956,1
68281,130203,1
68281,130526,1
68281,130981,1
68281,131629,1
68281,132583,1
68281,133415,1
68282,68287,1
68282,68296,1
68282,68303,2
68282,68313,3
68282,68317,1
68282,68319,1
68282,68325,1
68282,68349,2
68282,68422,2
68282,68454,1
68282,68456,1
68282,68483,2
68282,68548,4
68282,68823,1
68282,69113,2
68282,69142,3
68282,69148,1
68282,124734,1
68282,124891,2
68282,124932,1
68282,125136,2
68282,125163,3
68282,125187,1
68282,125582,1
68282,126411,2
68282,127476,1
68282,127867,1
68282,127906,1
68282,127951,1
68282,128304,1
68282,128406,1
68282,128412,2
68282,128432,1
68282,129043,1
68282,129359,1
68282,129518,1
68282,129759,1
68282,130203,1
68282,130301,1
68282,131229,1
68282,131243,1
68282,131629,2
68282,131720,1
68282,131890,2
68282,132452,1
68282,132583,2
68282,133063,3
68282,133464,2
68282,133599,1
68282,202627,1
68282,202753,1
68287,68295,1
68287,68317,1
68287,68319,2
68287,68349,1
68287,68422,2
68287,68456,1
68287,68502,1
68287,68823,1
68287,124733,1
68287,124734,1
68287,124891,1
68287,126387,1
68287,127476,1
68287,127906,1
68287,128304,1
68287,128432,1
68287,128508,1
68287,128956,1
68287,129342,1
68287,129518,1
68287,129973,1
68287,130374,1
68287,132345,1
68287,132583,1
68287,133063,1
68287,133464,1
68287,578729,1
68290,68303,3
68290,68313,1
68290,68422,1
68290,68454,1
68290,68502,1
68290,69113,1
68290,124733,1
68290,124850,1
68290,124886,1
68290,125077,1
68290,125136,2
68290,125185,1
68290,125584,1
68290,126387,2
68290,126392,1
68290,126411,2
68290,126609,1
68290,127713,1
68290,128233,1
68290,128301,3
68290,128432,1
68290,128441,1
68290,129169,1
68290,130150,2
68290,130719,1
68290,130921,2
68290,131106,1
68290,131642,1
68290,132051,1
68290,132583,1
68290,132768,1
68290,133164,1
68290,133718,1
68293,68337,1
68293,126692,1
68293,128334,1
68293,131078,1
68293,131890,1
68295,68296,1
68295,68319,1
68295,68823,1
68295,124850,1
68295,124891,1
68295,125187,1
68295,125309,1
68295,127476,1
68295,128301,1
68295,128304,2
68295,128432,1
68295,128956,1
68295,129342,1
68295,129554,1
68295,130301,1
68295,130374,1
68295,131106,3
68295,131290,1
68295,131629,1
68295,132345,1
68295,133063,1
68295,133464,2
68295,202783,1
68296,68303,1
68296,68307,1
68296,68313,2
68296,68483,2
68296,68502,1
68296,69113,1
68296,69142,1
68296,69148,1
68296,69196,1
68296,100017,1
68296,124891,1
68296,125136,2
68296,125163,2
68296,125582,1
68296,126299,1
68296,127166,1
68296,127171,1
68296,128170,1
68296,128229,1
68296,128304,1
68296,128406,1
68296,128441,1
68296,128797,2
68296,128987,1
68296,129381,1
68296,130144,1
68296,130253,1
68296,131106,2
68296,131229,2
68296,131238,1
68296,131392,1
68296,131629,3
68296,131720,2
68296,131890,1
68296,132452,1
68296,132583,3
68296,132917,1
68296,133063,2
68296,133464,1
68296,202727,1
68296,202753,1
68296,224589,1
68297,68456,1
68303,68313,2
68303,68321,1
68303,68323,2
68303,68354,1
68303,68395,1
68303,68454,3
68303,68483,1
68303,68502,5
68303,68548,3
68303,68823,4
68303,69113,2
68303,69142,2
68303,69148,2
68303,69196,1
68303,124364,1
68303,124733,3
68303,124734,1
68303,124742,1
68303,124796,3
68303,124804,1
68303,124850,2
68303,124886,2
68303,124891,3
68303,125077,1
68303,125136,3
68303,125163,2
68303,125185,3
68303,125309,2
68303,125582,2
68303,125584,3
68303,125694,1
68303,126387,2
68303,126392,1
68303,126411,3
68303,127166,1
68303,127385,1
68303,127866,1
68303,128170,1
68303,128301,4
68303,128304,2
68303,128441,1
68303,128797,1
68303,129216,1
68303,129359,1
68303,129759,1
68303,129768,1
68303,130144,1
68303,130150,1
68303,130203,1
68303,130301,1
68303,130719,3
68303,130912,1
68303,130921,3
68303,131106,6
68303,131229,2
68303,131339,1
68303,131392,1
68303,131629,4
68303,131642,1
68303,131720,2
68303,131890,1
68303,132051,2
68303,132452,1
68303,132583,5
68303,132768,1
68303,133063,1
68303,133164,1
68303,133464,1
68303,202627,1
68303,202753,1
68303,207183,1
68303,294830,1
68307,69113,1
68307,69142,1
68307,69148,1
68307,125136,1
68307,127166,1
68307,130144,1
68307,131106,1
68307,131229,1
68307,132917,1
68307,133063,1
68307,202727,1
68313,68317,1
68313,68320,1
68313,68349,1
68313,68422,1
68313,68454,1
68313,68483,1
68313,68502,1
68313,69113,1
68313,69142,1
68313,69148,1
68313,69196,1
68313,124733,1
68313,124850,1
68313,124886,1
68313,125077,1
68313,125136,1
68313,125163,1
68313,125185,1
68313,125582,1
68313,125584,1
68313,126411,1
68313,127867,1
68313,127951,1
68313,128229,1
68313,128301,1
68313,128304,2
68313,128441,1
68313,128508,1
68313,128594,1
68313,128956,1
68313,129043,1
68313,129305,1
68313,130203,1
68313,130253,1
68313,130526,1
68313,130564,1
68313,130719,1
68313,130921,1
68313,130981,1
68313,131106,2
68313,131229,1
68313,131629,3
68313,131720,2
68313,131890,1
68313,132051,1
68313,132452,1
68313,132583,2
68313,132775,1
68313,133063,1
68313,133464,1
68313,202753,1
68317,68319,1
68317,68323,1
68317,68349,1
68317,68422,1
68317,68502,1
68317,68823,1
68317,124733,1
68317,124734,1
68317,126387,1
68317,128304,1
68317,128508,1
68317,128594,1
68317,128956,1
68317,129973,1
68317,130203,1
68317,130526,1
68317,130981,2
68317,131629,1
68317,132345,1
68317,132583,2
68317,133599,1
68317,133718,1
68317,578729,1
68318,68319,1
68318,68483,1
68318,68847,1
68318,124742,1
68318,124891,1
68318,125136,1
68318,125163,1
68318,125309,1
68318,131106,1
68319,68325,1
68319,68349,1
68319,68422,1
68319,68483,2
68319,68502,1
68319,68823,1
68319,68847,1
68319,69113,1
68319,69142,1
68319,124733,1
68319,124734,1
68319,124742,1
68319,124891,3
68319,125136,1
68319,125163,2
68319,125309,1
68319,126387,1
68319,128187,1
68319,128191,1
68319,128304,1
68319,128406,1
68319,128432,1
68319,128508,1
68319,128956,1
68319,129342,1
68319,129973,1
68319,130203,1
68319,130301,1
68319,130374,1
68319,131106,1
68319,131243,1
68319,131629,1
68319,132345,2
68319,132583,1
68319,132794,1
68319,578729,1
68320,68349,1
68320,69148,1
68320,129043,1
68320,129305,1
68320,130564,1
68320,132775,1
68323,68502,3
68323,68823,2
68323,68847,1
68323,69113,1
68323,69142,2
68323,69148,1
68323,69196,1
68323,124364,1
68323,124733,2
68323,124734,1
68323,124742,2
68323,124796,2
68323,124804,1
68323,124850,1
68323,124891,1
68323,125077,1
68323,125136,1
68323,125185,3
68323,125187,1
68323,125309,1
68323,125336,1
68323,125582,1
68323,125584,2
68323,125694,1
68323,126392,1
68323,127866,1
68323,128170,1
68323,128301,2
68323,128304,1
68323,128797,1
68323,129178,1
68323,129768,1
68323,130144,1
68323,130719,1
68323,130912,1
68323,130921,1
68323,131106,3
68323,131229,1
68323,131629,1
68323,131890,1
68323,131975,1
68323,132051,1
68323,132583,1
68323,205521,1
68323,207183,1
68325,68483,1
68325,69113,1
68325,69142,1
68325,124068,1
68325,124308,1
68325,124804,1
68325,124891,2
68325,125163,1
68325,125694,1
68325,127192,1
68325,127627,1
68325,128406,2
68325,128441,1
68325,128797,1
68325,130150,1
68325,130203,1
68325,130301,1
68325,131243,1
68325,131392,1
68325,131629,1
68325,132583,1
68325,132642,1
68325,132680,1
68325,351444,1
68337,126692,1
68337,128334,1
68337,131078,1
68337,131890,1
68347,68349,1
68347,68851,1
68347,124891,1
68347,125136,2
68347,125187,1
68347,125309,2
68347,130144,1
68347,131720,1
68347,132583,1
68347,132917,1
68349,68422,1
68349,68502,1
68349,68548,2
68349,68823,1
68349,69113,1
68349,124733,1
68349,124734,2
68349,124804,1
68349,124886,1
68349,124891,1
68349,124932,2
68349,124967,1
68349,125136,2
68349,125163,1
68349,125187,2
68349,125336,1
68349,125694,1
68349,126387,2
68349,126411,1
68349,127625,1
68349,127947,1
68349,128191,1
68349,128229,1
68349,128301,1
68349,128304,1
68349,128432,1
68349,128441,1
68349,128508,1
68349,128945,1
68349,129043,3
68349,129305,1
68349,129857,1
68349,129973,1
68349,130564,1
68349,130934,1
68349,130981,1
68349,131066,1
68349,131106,1
68349,131183,1
68349,131392,1
68349,132345,2
68349,132583,2
68349,132680,1
68349,132775,1
68349,132917,1
68349,202129,1
68349,204208,1
68349,206740,1
68349,207222,1
68349,578729,1
68354,69113,1
68354,69196,1
68354,127385,1
68354,128301,1
68354,131392,1
68354,132051,1
68395,131106,1
68395,132395,1
68395,298672,1
68418,128956,1
68422,68456,1
68422,68502,1
68422,68823,1
68422,69142,1
68422,69148,1
68422,124733,2
68422,124734,1
68422,125136,1
68422,126387,1
68422,126609,1
68422,126657,1
68422,127476,1
68422,127906,1
68422,128191,1
68422,128270,1
68422,128301,1
68422,128432,2
68422,128508,1
68422,128594,1
68422,128649,1
68422,129216,1
68422,129514,1
68422,129518,2
68422,129973,1
68422,130557,2
68422,130981,2
68422,132345,1
68422,132395,1
68422,132583,1
68422,133063,1
68422,133464,1
68422,338944,1
68422,578729,1
68454,68502,1
68454,68548,2
68454,68823,2
68454,68851,1
68454,69113,1
68454,71875,1
68454,74543,1
68454,124068,2
68454,124308,1
68454,124733,1
68454,124796,1
68454,124850,1
68454,124886,1
68454,124891,1
68454,125077,1
68454,125163,1
68454,125185,1
68454,125584,2
68454,125694,1
68454,126299,1
68454,126411,2
68454,127192,1
68454,128301,1
68454,128441,1
68454,128945,1
68454,129045,1
68454,129359,1
68454,129759,1
68454,130719,1
68454,130921,1
68454,131106,3
68454,131392,1
68454,131961,1
68454,132051,2
68454,132583,1
68454,132642,1
68454,202627,1
68454,366078,1
68454,371805,1
68456,125235,1
68456,127476,1
68456,127906,1
68456,129518,1
68456,132583,1
68456,133063,1
68456,133464,1
68483,68502,1
68483,68847,1
68483,69113,1
68483,69142,1
68483,100017,1
68483,124742,1
68483,124891,3
68483,125136,2
68483,125163,2
68483,125309,1
68483,125582,1
68483,127171,1
68483,128406,2
68483,128797,1
68483,128987,1
68483,130203,1
68483,130301,1
68483,131106,1
68483,131229,1
68483,131243,1
68483,131629,3
68483,131720,1
68483,131890,1
68483,132452,1
68483,132583,1
68483,133063,1
68483,133464,1
68483,202753,1
68483,224589,1
68502,68548,1
68502,68823,4
68502,69113,2
68502,69142,1
68502,69145,1
68502,69148,1
68502,69196,1
68502,100017,1
68502,122637,1
68502,124068,1
68502,124331,1
68502,124364,3
68502,124733,6
68502,124734,4
68502,124742,2
68502,124796,5
68502,124804,1
68502,124850,3
68502,124886,3
68502,124891,4
68502,125077,2
68502,125136,3
68502,125163,4
68502,125185,4
68502,125187,1
68502,125188,1
68502,125309,2
68502,125336,1
68502,125582,2
68502,125584,3
68502,125694,2
68502,126387,2
68502,126411,1
68502,127166,1
68502,127171,1
68502,127192,1
68502,127866,1
68502,128170,1
68502,128301,2
68502,128304,2
68502,128406,1
68502,128441,2
68502,128508,1
68502,128797,3
68502,128987,1
68502,129178,1
68502,129359,1
68502,129417,1
68502,129768,1
68502,129902,1
68502,129935,1
68502,129973,1
68502,130144,1
68502,130253,1
68502,130294,1
68502,130719,3
68502,130912,1
68502,130921,2
68502,131106,4
68502,131229,1
68502,131238,1
68502,131392,1
68502,131629,3
68502,131720,1
68502,131724,1
68502,131961,1
68502,131975,2
68502,132051,2
68502,132261,1
68502,132345,1
68502,132583,3
68502,133629,1
68502,207183,1
68502,207279,1
68502,224589,1
68502,561490,1
68502,578729,1
68548,68823,2
68548,69113,1
68548,124733,1
68548,124734,1
68548,124891,2
68548,124932,1
68548,125136,2
68548,125163,3
68548,125187,1
68548,125584,1
68548,126411,2
68548,128304,1
68548,128412,1
68548,128432,1
68548,129043,1
68548,129359,1
68548,129759,1
68548,131106,1
68548,131890,1
68548,132583,1
68548,202627,1
68823,69113,1
68823,69142,1
68823,69145,1
68823,124364,2
68823,124733,3
68823,124734,3
68823,124742,1
68823,124796,2
68823,124850,1
68823,124886,1
68823,124891,3
68823,125077,1
68823,125136,1
68823,125163,2
68823,125185,2
68823,125187,1
68823,125309,2
68823,125582,1
68823,125584,2
68823,125694,1
68823,126387,1
68823,126411,2
68823,127866,1
68823,128170,1
68823,128301,1
68823,128304,1
68823,128508,1
68823,129216,1
68823,129359,1
68823,129759,1
68823,129768,1
68823,129973,1
68823,130144,1
68823,130290,1
68823,130719,1
68823,130912,1
68823,130921,1
68823,131106,5
68823,131229,1
68823,131629,1
68823,131720,1
68823,132261,1
68823,132345,1
68823,132583,2
68823,202627,1
68823,207183,1
68823,578729,1
68847,69142,1
68847,69148,1
68847,69196,1
68847,124742,2
68847,124891,1
68847,125136,2
68847,125163,1
68847,125309,1
68847,131106,1
68851,71875,1
68851,122637,1
68851,124068,1
68851,124796,2
68851,124804,1
68851,124886,1
68851,124891,2
68851,124932,1
68851,125136,2
68851,125185,1
68851,125188,1
68851,125337,1
68851,125582,1
68851,125694,1
68851,126299,1
68851,127166,1
68851,127476,1
68851,127627,1
68851,128170,1
68851,129045,1
68851,129359,1
68851,131720,1
68851,131724,1
68851,131975,1
68851,132051,1
68851,207183,1
69113,69142,2
69113,69145,2
69113,69148,1
69113,69196,1
69113,124364,1
69113,124733,3
69113,124734,2
69113,124796,1
69113,124804,1
69113,124850,1
69113,124886,2
69113,124891,3
69113,124932,1
69113,125077,3
69113,125136,4
69113,125163,4
69113,125185,4
69113,125187,3
69113,125309,1
69113,125336,1
69113,125582,1
69113,125584,2
69113,126411,2
69113,127166,1
69113,127385,1
69113,127627,1
69113,128301,2
69113,128304,1
69113,128406,1
69113,128441,1
69113,130144,1
69113,130203,1
69113,130301,1
69113,130719,1
69113,130921,1
69113,131106,4
69113,131229,1
69113,131243,1
69113,131392,2
69113,131629,1
69113,131720,1
69113,131890,1
69113,131975,1
69113,132051,3
69113,132261,1
69113,132583,2
69113,132741,1
69113,132917,1
69113,133063,1
69113,202727,1
69113,205521,1
69142,69148,4
69142,69196,2
69142,124742,1
69142,124796,1
69142,124850,1
69142,124891,2
69142,125136,2
69142,125163,1
69142,125185,1
69142,125309,1
69142,125694,1
69142,127166,1
69142,127385,1
69142,128170,1
69142,128304,1
69142,128406,1
69142,129167,1
69142,130144,2
69142,130203,1
69142,130301,1
69142,131106,3
69142,131229,1
69142,131243,1
69142,131339,1
69142,131392,1
69142,131629,1
69142,132583,4
69142,132917,1
69142,133063,1
69142,202727,1
69145,69196,1
69145,124364,1
69145,124733,1
69145,124734,1
69145,124796,1
69145,124886,1
69145,124891,1
69145,125077,1
69145,125136,2
69145,125163,2
69145,125185,1
69145,125187,2
69145,125309,1
69145,125582,1
69145,129768,1
69145,130144,1
69145,130195,1
69145,131392,1
69145,131720,1
69145,132261,1
69145,132583,1
69145,133233,1
69148,69196,1
69148,124742,1
69148,124796,2
69148,124804,1
69148,124886,1
69148,124891,1
69148,125136,2
69148,125163,1
69148,125185,1
69148,125582,1
69148,127166,2
69148,128301,1
69148,128304,1
69148,128797,1
69148,129167,1
69148,130144,1
69148,130719,1
69148,131106,3
69148,131229,1
69148,131629,1
69148,132583,1
69148,132680,1
69148,132917,1
69148,133063,1
69148,202727,1
69196,124742,1
69196,124891,1
69196,125136,1
69196,125185,1
69196,125188,1
69196,125336,1
69196,126299,1
69196,126387,1
69196,127385,2
69196,128301,1
69196,128441,1
69196,128797,1
69196,129768,1
69196,130144,1
69196,130150,1
69196,130195,1
69196,130210,1
69196,130526,1
69196,131106,2
69196,131392,2
69196,131967,1
69196,132051,1
69196,132583,1
69196,132680,1
69196,132768,1
69196,205059,1
69196,206740,1
69196,207227,1
69196,296107,1
69196,561490,1
69261,131392,1
69261,132680,1
71875,124068,1
71875,124308,1
71875,124796,1
71875,124804,1
71875,125694,1
71875,126299,2
71875,127192,1
71875,128987,1
71875,129045,1
71875,130733,1
71875,131285,1
71875,131724,1
71875,132051,1
71875,132642,1
71875,132680,1
71875,133281,1
71875,207057,1
71875,207080,1
71875,207183,1
71875,207222,1
71875,207715,1
74543,124068,1
74543,124308,1
74543,127192,1
74543,128945,1
74543,131392,1
74543,131961,1
74543,132642,1
74543,366078,1
74543,371805,1
83555,86775,1
91233,128139,1
91233,132261,1
91233,132281,1
91958,93797,1
92022,92608,2
92079,92109,2
92079,92196,1
92079,92440,3
92079,92999,1
92079,93025,4
92079,93853,1
92079,94116,1
92079,94273,3
92079,95071,1
92079,145621,1
92109,92440,1
92109,92999,1
92109,93025,2
92109,93797,1
92109,94273,2
92109,95071,1
92196,93096,1
92196,93797,1
92196,93973,1
92196,95071,1
92311,92999,1
92311,94305,1
92311,94858,1
92440,92999,3
92440,93025,3
92440,93853,1
92440,94116,2
92440,94273,3
92440,94603,1
92440,95071,2
92440,146000,1
92440,156713,1
92440,189466,2
92440,189511,1
92608,92999,1
92608,93025,1
92608,93096,2
92866,95071,1
92866,194998,1
92921,93096,1
92999,93025,3
92999,93096,2
92999,93853,1
92999,94116,1
92999,94273,3
92999,94305,2
92999,94549,1
92999,94603,1
92999,94758,1
92999,94858,1
92999,95071,3
92999,145621,1
92999,145811,1
92999,146000,1
92999,156713,1
92999,156830,1
92999,173426,1
92999,189511,2
93025,94116,2
93025,94273,5
93025,94603,1
93025,94630,1
93025,95071,3
93025,146000,1
93025,156713,1
93025,189511,1
93096,94273,1
93096,94305,4
93096,94549,1
93096,94758,1
93096,94858,3
93096,95071,1
93096,145987,1
93164,95071,1
93797,93973,1
93853,94116,1
93853,145621,2
94116,94273,3
94116,94603,1
94116,95071,2
94116,146000,1
94116,156713,1
94116,189511,1
94273,94305,1
94273,94603,1
94273,94630,1
94273,94858,1
94273,95071,4
94273,146000,1
94273,156713,1
94273,189511,1
94305,94858,2
94549,94758,2
94549,145621,2
94549,156830,1
94549,177514,1
94603,95071,1
94603,146000,1
94603,156713,1
94603,189511,1
94626,138722,1
94858,95071,1
95071,146000,1
95071,156713,1
95071,189511,1
95071,194998,1
99043,696908,1
100017,124891,1
100017,127171,1
100017,128406,1
100017,128797,1
100017,128987,1
100017,131629,1
100017,131720,1
100017,224589,2
100686,102377,1
100686,105955,1
100686,107845,1
100686,112592,1
100686,116823,1
100816,100983,1
100816,117680,1
100816,124891,1
100816,133408,1
100816,134432,1
100983,117680,1
100983,124891,1
100983,133408,1
100983,134432,1
101128,101864,1
101128,103241,1
101128,111765,1
101128,112150,1
101128,112971,1
101128,116823,1
101171,102733,1
101171,103241,1
101171,103247,1
101171,103376,1
101171,104911,1
101171,105922,1
101171,114900,1
101278,105210,1
101278,110845,1
101278,114192,1
101864,103241,1
101864,111765,1
101864,112150,1
101864,112971,1
101864,116823,1
102377,105955,1
102377,107845,1
102377,112592,1
102377,116823,1
102628,105210,1
102628,105289,1
102628,106263,1
102628,109504,1
102628,110845,1
102628,111525,1
102628,112150,1
102628,112837,1
102733,103241,1
102733,103247,1
102733,103376,1
102733,104911,1
102733,105922,1
102733,109309,1
102733,109996,1
102733,114900,2
102733,116823,1
102822,106263,1
103241,103247,1
103241,103376,1
103241,104911,1
103241,105922,1
103241,111765,1
103241,112150,1
103241,112971,1
103241,114900,1
103241,116823,1
103247,103376,1
103247,104911,1
103247,105922,1
103247,114900,1
103376,104911,1
103376,105922,1
103376,114900,1
104049,106263,1
104161,106263,1
104161,106942,1
104161,113924,1
104161,116823,1
104911,105922,1
104911,112150,1
104911,113924,1
104911,114900,1
104911,116823,1
105151,105267,1
105210,105289,1
105210,106263,1
105210,109504,1
105210,110845,2
105210,111287,1
105210,111525,1
105210,112150,1
105210,112837,1
105210,114192,1
105289,106263,1
105289,109504,1
105289,110845,1
105289,111525,1
105289,112150,1
105289,112837,1
105922,114900,1
105955,107845,1
105955,112592,1
105955,116823,1
106227,106263,1
106227,106333,1
106227,109615,1
106227,116823,1
106263,106333,1
106263,106942,1
106263,109504,1
106263,109615,1
106263,110129,1
106263,110845,2
106263,111525,1
106263,112150,1
106263,112837,1
106263,113924,1
106263,114192,2
106263,114900,1
106263,116823,4
106333,109615,1
106333,109812,1
106333,116823,2
106333,117031,1
106942,113924,1
106942,116823,1
107677,107679,2
107677,554900,1
107679,554900,1
107822,117390,1
107845,112592,1
107845,116823,1
109309,110167,1
109309,114900,1
109309,116823,2
109317,112971,1
109317,114192,1
109504,110845,1
109504,111525,1
109504,112150,1
109504,112837,1
109615,116823,1
109812,117031,1
109812,127906,1
109812,133408,1
110129,114192,1
110167,114900,1
110167,116823,1
110845,111525,1
110845,112150,2
110845,112837,1
110845,114192,2
111525,112150,1
111525,112837,1
111765,112150,1
111765,112971,1
111765,116823,1
112150,112837,1
112150,112971,1
112150,113924,1
112150,114192,1
112150,116823,2
112592,116823,1
112971,114192,1
112971,116823,1
113924,116823,2
114900,116823,2
116823,117390,1
117680,124891,1
117680,133408,1
117680,134432,1
122198,122637,1
122198,124364,1
122198,124742,1
122198,124891,1
122198,124967,2
122198,125185,1
122198,125337,1
122198,125694,1
122198,126387,2
122198,127541,1
122198,128301,1
122198,128441,1
122198,129045,1
122198,130150,1
122198,131720,1
122198,132051,1
122198,132352,1
122198,133642,1
122198,207685,1
122637,124364,1
122637,124742,3
122637,124796,3
122637,124804,1
122637,124886,1
122637,124891,2
122637,124932,1
122637,124967,2
122637,125136,2
122637,125185,2
122637,125187,1
122637,125188,1
122637,125336,1
122637,125337,2
122637,125582,2
122637,125694,1
122637,126387,3
122637,127166,1
122637,127192,1
122637,127476,1
122637,127627,1
122637,128170,2
122637,128301,2
122637,128441,1
122637,129045,1
122637,129359,2
122637,130150,1
122637,130491,1
122637,131720,1
122637,131724,2
122637,131975,2
122637,132051,2
122637,132352,1
122637,133629,1
122637,133642,1
122637,207183,1
124068,124308,3
124068,124331,1
124068,124364,1
124068,124734,1
124068,124796,2
124068,124804,2
124068,124891,1
124068,124967,6
124068,125136,1
124068,125185,1
124068,125309,1
124068,125584,1
124068,125601,1
124068,125694,2
124068,126299,3
124068,127192,3
124068,127627,5
124068,128170,1
124068,128406,1
124068,128441,6
124068,128797,4
124068,128945,1
124068,129045,3
124068,129902,2
124068,129935,1
124068,129979,1
124068,130150,2
124068,130733,2
124068,130912,1
124068,131066,1
124068,131238,1
124068,131285,1
124068,131392,8
124068,131944,1
124068,131961,3
124068,132051,2
124068,132642,3
124068,132680,1
124068,132724,1
124068,132983,1
124068,206740,1
124068,207062,1
124068,207085,1
124068,207227,1
124068,207468,1
124068,207775,1
124068,207783,1
124068,222143,1
124068,351444,1
124068,366078,2
124068,371805,2
124308,124331,2
124308,124804,2
124308,124891,1
124308,124967,3
124308,125336,1
124308,125694,2
124308,126299,3
124308,127192,4
124308,127541,1
124308,127625,1
124308,127627,1
124308,128139,1
124308,128406,1
124308,128441,3
124308,128669,1
124308,128797,4
124308,128945,2
124308,129045,1
124308,129906,1
124308,130150,2
124308,130733,2
124308,131238,1
124308,131285,1
124308,131392,3
124308,131720,1
124308,131724,1
124308,131944,1
124308,131961,2
124308,132010,1
124308,132051,1
124308,132352,1
124308,132642,5
124308,132680,3
124308,133281,2
124308,202665,1
124308,207017,1
124308,207057,1
124308,207062,3
124308,207080,1
124308,207183,1
124308,207222,1
124308,207227,1
124308,207715,1
124308,207765,1
124308,207783,2
124308,351444,1
124308,366078,1
124308,371805,1
124331,124967,1
124331,126299,1
124331,127625,1
124331,128441,1
124331,128669,1
124331,129885,1
124331,129902,1
124331,129935,1
124331,131961,1
124331,132051,1
124331,132352,1
124331,132642,1
124331,202665,1
124331,207062,1
124331,207647,1
124331,207765,1
124364,124733,3
124364,124734,3
124364,124742,2
124364,124796,1
124364,124804,1
124364,124850,2
124364,124886,2
124364,124891,4
124364,124967,1
124364,125077,1
124364,125136,2
124364,125163,2
124364,125185,4
124364,125187,1
124364,125309,1
124364,125337,1
124364,125582,1
124364,125584,2
124364,125694,2
124364,126387,1
124364,127627,1
124364,127866,1
124364,128301,2
124364,128441,1
124364,129045,2
124364,129417,1
124364,129768,1
124364,130150,2
124364,130253,1
124364,130719,1
124364,130912,1
124364,130921,1
124364,131106,1
124364,131229,1
124364,131238,1
124364,131629,1
124364,131720,2
124364,132051,1
124364,132261,1
124364,132352,1
124364,132583,1
124364,133642,1
124364,207062,1
124364,207085,1
124364,207183,1
124715,124891,1
124715,124932,1
124715,125185,1
124715,125337,1
124715,125584,1
124715,125694,1
124715,127627,1
124715,129465,1
124715,131975,1
124715,133281,1
124733,124734,4
124733,124742,1
124733,124796,1
124733,124804,1
124733,124850,3
124733,124886,4
124733,124891,3
124733,125077,3
124733,125136,3
124733,125163,4
124733,125185,5
124733,125187,2
124733,125309,1
124733,125336,1
124733,125582,1
124733,125584,3
124733,125694,1
124733,126387,1
124733,126411,1
124733,126609,1
124733,127866,1
124733,128301,2
124733,128441,1
124733,128508,1
124733,128797,1
124733,129216,1
124733,129417,1
124733,129768,2
124733,129973,1
124733,130150,1
124733,130253,3
124733,130719,3
124733,130912,1
124733,130921,2
124733,131106,3
124733,131229,1
124733,131629,1
124733,131720,1
124733,131890,1
124733,132051,2
124733,132261,1
124733,132345,1
124733,132395,1
124733,132583,1
124733,205521,1
124733,207183,1
124733,578729,1
124734,124742,2
124734,124796,1
124734,124804,1
124734,124850,2
124734,124886,2
124734,124891,3
124734,124932,2
124734,125077,1
124734,125136,2
124734,125163,3
124734,125185,3
124734,125187,2
124734,125309,1
124734,125582,1
124734,125584,1
124734,125694,1
124734,126387,1
124734,126411,1
124734,127866,1
124734,128301,1
124734,128304,1
124734,128508,1
124734,129359,1
124734,129417,1
124734,129768,1
124734,129973,1
124734,130253,1
124734,130719,1
124734,130912,1
124734,130921,1
124734,131106,1
124734,131229,1
124734,131285,1
124734,131392,1
124734,131629,1
124734,131720,1
124734,131724,1
124734,131975,1
124734,132261,1
124734,132345,1
124734,132680,1
124734,206740,1
124734,207183,1
124734,207279,1
124734,207468,1
124734,306782,1
124734,366078,1
124734,578729,1
124742,124796,1
124742,124850,1
124742,124891,3
124742,124932,1
124742,124967,2
124742,125136,3
124742,125163,1
124742,125185,2
124742,125187,1
124742,125309,1
124742,125336,1
124742,125337,2
124742,125582,1
124742,125584,2
124742,125694,3
124742,126387,2
124742,127192,1
124742,127866,1
124742,128301,2
124742,128441,1
124742,129045,1
124742,129359,2
124742,129768,1
124742,130150,1
124742,130294,1
124742,130719,1
124742,130912,1
124742,130921,1
124742,131106,2
124742,131229,1
124742,131285,1
124742,131629,1
124742,131720,1
124742,131724,2
124742,131975,4
124742,132051,2
124742,132352,1
124742,133629,1
124742,133642,1
124742,207183,1
124742,207279,1
124796,124804,2
124796,124850,1
124796,124886,3
124796,124891,4
124796,124932,1
124796,125077,1
124796,125136,4
124796,125163,2
124796,125185,7
124796,125187,2
124796,125188,1
124796,125309,4
124796,125336,1
124796,125337,1
124796,125582,5
124796,125694,2
124796,126299,1
124796,126387,1
124796,126392,1
124796,127166,2
124796,127192,1
124796,127385,2
124796,127476,1
124796,127627,2
124796,128170,5
124796,128301,1
124796,128304,2
124796,128375,1
124796,128441,1
124796,128797,1
124796,129045,2
124796,129359,2
124796,130144,1
124796,130294,1
124796,130491,1
124796,130719,2
124796,130921,1
124796,131106,3
124796,131238,1
124796,131285,1
124796,131392,1
124796,131629,1
124796,131720,1
124796,131724,3
124796,131975,4
124796,132051,1
124796,132261,1
124796,132380,1
124796,132583,2
124796,132642,1
124796,132680,1
124796,133629,1
124796,207183,1
124796,207783,1
124804,124850,1
124804,124886,2
124804,124891,5
124804,124932,3
124804,124967,3
124804,125077,1
124804,125136,2
124804,125163,1
124804,125185,3
124804,125187,2
124804,125188,1
124804,125336,5
124804,125337,1
124804,125582,2
124804,125584,2
124804,125694,5
124804,126299,2
124804,126309,1
124804,126387,1
124804,127166,2
124804,127192,2
124804,127476,1
124804,127625,2
124804,127627,3
124804,127951,1
124804,128170,2
124804,128301,1
124804,128304,1
124804,128406,1
124804,128441,5
124804,128797,2
124804,128945,2
124804,129045,2
124804,129359,2
124804,129857,1
124804,130150,2
124804,130733,1
124804,130912,1
124804,130934,1
124804,131066,1
124804,131106,4
124804,131183,1
124804,131238,1
124804,131285,1
124804,131392,7
124804,131629,2
124804,131724,2
124804,131890,1
124804,131975,2
124804,132010,1
124804,132051,2
124804,132583,1
124804,132642,3
124804,132680,3
124804,132983,1
124804,133281,2
124804,204208,1
124804,205521,1
124804,206740,2
124804,207057,1
124804,207062,1
124804,207080,1
124804,207085,1
124804,207100,1
124804,207183,2
124804,207222,2
124804,207279,2
124804,207715,1
124804,351444,2
124850,124886,2
124850,124891,2
124850,124967,1
124850,125077,1
124850,125136,1
124850,125163,2
124850,125185,4
124850,125187,1
124850,125584,2
124850,125694,1
124850,126411,1
124850,127385,1
124850,127866,1
124850,128301,2
124850,128375,1
124850,128441,1
124850,129417,1
124850,129768,1
124850,130253,2
124850,130719,2
124850,130912,2
124850,130921,2
124850,131106,2
124850,131229,1
124850,131392,1
124850,131629,2
124850,131724,1
124850,132051,1
124850,133464,1
124850,207183,1
124886,124891,3
124886,124932,2
124886,124967,1
124886,125077,2
124886,125136,2
124886,125163,2
124886,125185,7
124886,125187,2
124886,125188,1
124886,125309,1
124886,125336,1
124886,125337,2
124886,125582,3
124886,125584,1
124886,125694,2
124886,126309,1
124886,126387,2
124886,126411,1
124886,127166,1
124886,127192,1
124886,127476,1
124886,127625,1
124886,127627,1
124886,128170,1
124886,128301,1
124886,128441,2
124886,128945,1
124886,129359,1
124886,129417,1
124886,129857,1
124886,130253,1
124886,130719,3
124886,130921,1
124886,130934,1
124886,131066,1
124886,131106,3
124886,131183,1
124886,131229,1
124886,131392,1
124886,131629,1
124886,131720,1
124886,131724,1
124886,131890,1
124886,131975,1
124886,132051,2
124886,132261,1
124886,132680,1
124886,204208,1
124886,206740,1
124886,207183,1
124886,207222,1
124891,124932,3
124891,124967,2
124891,125077,1
124891,125136,8
124891,125163,4
124891,125185,7
124891,125187,3
124891,125188,1
124891,125309,5
124891,125337,3
124891,125582,3
124891,125584,3
124891,125694,5
124891,126387,2
124891,126411,1
124891,127166,3
124891,127171,1
124891,127192,1
124891,127476,1
124891,127541,1
124891,127625,1
124891,127627,3
124891,127866,1
124891,128170,3
124891,128301,2
124891,128304,3
124891,128375,2
124891,128406,3
124891,128432,1
124891,128441,5
124891,128797,8
124891,128956,1
124891,128987,1
124891,129045,2
124891,129178,1
124891,129342,1
124891,129359,1
124891,129465,1
124891,129768,1
124891,129906,1
124891,130150,5
124891,130203,1
124891,130253,1
124891,130301,2
124891,130374,1
124891,130719,2
124891,130912,1
124891,130921,1
124891,131106,7
124891,131229,2
124891,131243,1
124891,131392,5
124891,131629,4
124891,131720,6
124891,131724,1
124891,131961,1
124891,131975,3
124891,132051,1
124891,132261,1
124891,132352,1
124891,132380,1
124891,132583,5
124891,132642,1
124891,132680,2
124891,133281,1
124891,133408,1
124891,133642,1
124891,134432,1
124891,199466,1
124891,204208,1
124891,206740,2
124891,207183,2
124891,207222,1
124891,224589,2
124891,339168,1
124891,351444,1
124891,554900,1
124932,124967,2
124932,125136,2
124932,125163,1
124932,125185,3
124932,125187,1
124932,125188,1
124932,125336,2
124932,125337,2
124932,125582,2
124932,125584,1
124932,125694,3
124932,126309,1
124932,126387,1
124932,126411,1
124932,127166,1
124932,127476,1
124932,127625,2
124932,127627,2
124932,127951,1
124932,128170,1
124932,128301,1
124932,128304,1
124932,128441,1
124932,128945,2
124932,129359,2
124932,129465,1
124932,129857,1
124932,130934,1
124932,131066,1
124932,131183,1
124932,131285,1
124932,131392,1
124932,131724,2
124932,131975,3
124932,132680,1
124932,133281,1
124932,204208,1
124932,206740,2
124932,207183,1
124932,207222,1
124932,207279,1
124967,125185,2
124967,125187,1
124967,125336,3
124967,125337,1
124967,125582,2
124967,125694,3
124967,126299,2
124967,126309,1
124967,126387,4
124967,127192,1
124967,127541,4
124967,127625,3
124967,127951,1
124967,128301,2
124967,128441,5
124967,128669,1
124967,128797,4
124967,128945,2
124967,129045,1
124967,129359,1
124967,129857,1
124967,129906,1
124967,129979,1
124967,130150,2
124967,130733,1
124967,130921,1
124967,130934,1
124967,131066,1
124967,131106,1
124967,131183,1
124967,131392,15
124967,131720,2
124967,131961,2
124967,132051,4
124967,132352,1
124967,132680,2
124967,132983,2
124967,133370,1
124967,133642,1
124967,202665,1
124967,204208,1
124967,206740,2
124967,207150,1
124967,207222,1
124967,207227,1
124967,207765,1
124967,222076,1
124967,371805,1
125077,125136,1
125077,125163,1
125077,125185,3
125077,125187,1
125077,125309,1
125077,125336,1
125077,125582,1
125077,125584,2
125077,126411,1
125077,128301,1
125077,128441,1
125077,130719,1
125077,130921,1
125077,131106,2
125077,131720,1
125077,131890,1
125077,132051,2
125077,132261,1
125077,205521,1
125136,125163,5
125136,125185,5
125136,125187,3
125136,125188,1
125136,125309,3
125136,125336,1
125136,125337,1
125136,125582,3
125136,125584,1
125136,126387,2
125136,126392,1
125136,126411,2
125136,126609,3
125136,127166,2
125136,127192,1
125136,127385,1
125136,127476,1
125136,127627,2
125136,128170,1
125136,128233,1
125136,128301,2
125136,128304,2
125136,128441,1
125136,129045,1
125136,129169,1
125136,129216,2
125136,129359,1
125136,130144,1
125136,130150,3
125136,130210,1
125136,130253,1
125136,130921,1
125136,131106,2
125136,131229,2
125136,131238,1
125136,131392,1
125136,131629,1
125136,131642,1
125136,131720,4
125136,131724,3
125136,131890,1
125136,131975,2
125136,132261,1
125136,132395,1
125136,132452,1
125136,132583,5
125136,132768,1
125136,132917,2
125136,133063,3
125136,133164,2
125136,133464,1
125136,133629,1
125136,133718,1
125136,202727,1
125136,202753,1
125136,207062,1
125136,207085,1
125136,207183,1
125163,125185,2
125163,125187,4
125163,125309,2
125163,125582,2
125163,126411,2
125163,128229,1
125163,128301,1
125163,128304,2
125163,128406,1
125163,129359,2
125163,129417,1
125163,129759,1
125163,130203,1
125163,130253,3
125163,130294,1
125163,130301,1
125163,130719,1
125163,130912,1
125163,131106,2
125163,131238,1
125163,131243,1
125163,131392,1
125163,131629,3
125163,131720,2
125163,131975,1
125163,132261,1
125163,132583,5
125163,132680,1
125163,202627,1
125185,125187,3
125185,125188,1
125185,125309,4
125185,125336,1
125185,125337,4
125185,125582,4
125185,125584,4
125185,125694,7
125185,126299,1
125185,126387,3
125185,126392,1
125185,126411,1
125185,127166,1
125185,127192,1
125185,127385,2
125185,127476,1
125185,127625,1
125185,127627,4
125185,127906,1
125185,128170,3
125185,128301,2
125185,128304,1
125185,128375,1
125185,128441,2
125185,128797,1
125185,129045,3
125185,129359,2
125185,129417,1
125185,129465,1
125185,130144,1
125185,130150,3
125185,130253,2
125185,130719,3
125185,130921,2
125185,131106,6
125185,131238,1
125185,131285,1
125185,131290,1
125185,131392,5
125185,131720,2
125185,131724,3
125185,131890,2
125185,131975,5
125185,132051,4
125185,132261,1
125185,132352,1
125185,132583,3
125185,132642,1
125185,132768,1
125185,133281,1
125185,133425,1
125185,133642,1
125185,133692,1
125185,205521,1
125185,206740,1
125185,207062,1
125185,207085,1
125185,207150,1
125185,207183,1
125185,207222,1
125185,207279,1
125185,294567,1
125185,339168,1
125187,125188,1
125187,125309,3
125187,125582,3
125187,126392,1
125187,126411,1
125187,127476,1
125187,128304,2
125187,128441,1
125187,129043,1
125187,130144,1
125187,130150,1
125187,130301,1
125187,130719,1
125187,130912,1
125187,131290,1
125187,131392,2
125187,131629,2
125187,131720,1
125187,131975,1
125187,132051,1
125187,132261,1
125187,132345,2
125187,132583,1
125187,133063,1
125187,202783,1
125188,125337,1
125188,125582,1
125188,127166,1
125188,127476,1
125188,127627,1
125188,128170,1
125188,129359,1
125188,130150,1
125188,131290,1
125188,131724,1
125188,131975,1
125188,207183,1
125188,561490,1
125309,125582,1
125309,125601,1
125309,126299,2
125309,126387,1
125309,127385,1
125309,127476,1
125309,127627,1
125309,128170,3
125309,128304,2
125309,128375,1
125309,128441,1
125309,129045,1
125309,130144,2
125309,130150,1
125309,130204,1
125309,130301,1
125309,130981,1
125309,131106,3
125309,131285,1
125309,131290,1
125309,131392,1
125309,131629,1
125309,131720,2
125309,132261,1
125309,132345,1
125309,132380,1
125309,132583,3
125309,132642,1
125309,132680,1
125309,133063,1
125309,133090,1
125309,133692,1
125309,202783,1
125309,207783,1
125336,125582,1
125336,125584,1
125336,125694,4
125336,126299,2
125336,126309,1
125336,126387,2
125336,127192,1
125336,127625,2
125336,127951,1
125336,128301,1
125336,128441,1
125336,128797,1
125336,128945,2
125336,129045,1
125336,129857,1
125336,130934,1
125336,131066,1
125336,131106,1
125336,131183,1
125336,131392,3
125336,131724,1
125336,131890,1
125336,131975,2
125336,132051,1
125336,132642,1
125336,132680,1
125336,132983,1
125336,133629,1
125336,202650,1
125336,204208,1
125336,205521,1
125336,206740,3
125336,207062,1
125336,207100,1
125336,207222,1
125336,207227,1
125336,207279,1
125336,351444,1
125337,125582,1
125337,125584,1
125337,125694,3
125337,126387,2
125337,127166,1
125337,127192,1
125337,127476,1
125337,127627,2
125337,128170,1
125337,128301,1
125337,128441,1
125337,129045,1
125337,129359,1
125337,129465,1
125337,130150,1
125337,131106,1
125337,131720,1
125337,131724,1
125337,131890,1
125337,131975,2
125337,132051,2
125337,132352,1
125337,133281,1
125337,133642,1
125337,207183,1
125582,125694,1
125582,126309,1
125582,126392,1
125582,127166,1
125582,127476,1
125582,127625,1
125582,127627,1
125582,127951,1
125582,128170,1
125582,128301,1
125582,128945,1
125582,129359,3
125582,130294,1
125582,130301,1
125582,130719,2
125582,131106,1
125582,131229,1
125582,131238,1
125582,131392,1
125582,131629,1
125582,131720,2
125582,131724,1
125582,131890,1
125582,131975,3
125582,132051,1
125582,132261,1
125582,132452,1
125582,132680,1
125582,133063,1
125582,133464,1
125582,199466,1
125582,202753,1
125582,206740,1
125582,207183,1
125584,125694,4
125584,126411,1
125584,127627,3
125584,127866,1
125584,128301,2
125584,128441,1
125584,128797,1
125584,129045,2
125584,129465,1
125584,129768,1
125584,130150,2
125584,130719,2
125584,130912,1
125584,130921,2
125584,131106,4
125584,131229,1
125584,131238,1
125584,131392,1
125584,131629,1
125584,131724,1
125584,131890,1
125584,131975,2
125584,132051,2
125584,132680,1
125584,133281,1
125584,205521,1
125584,207062,1
125584,207085,1
125584,207183,1
125584,207279,1
125601,126299,1
125601,127192,1
125601,127385,1
125601,127627,1
125601,128797,1
125601,130150,1
125601,130912,1
125601,133090,1
125694,126299,3
125694,126309,1
125694,126376,1
125694,126387,3
125694,127192,2
125694,127385,1
125694,127541,1
125694,127625,3
125694,127627,3
125694,127866,1
125694,127951,1
125694,128170,1
125694,128301,3
125694,128406,1
125694,128441,3
125694,128797,2
125694,128945,2
125694,129045,5
125694,129359,3
125694,129465,1
125694,129768,1
125694,129857,1
125694,130150,3
125694,130719,1
125694,130912,1
125694,130921,2
125694,130934,1
125694,131066,1
125694,131106,2
125694,131183,1
125694,131229,1
125694,131392,7
125694,131629,1
125694,131720,1
125694,131890,1
125694,131975,2
125694,132010,1
125694,132051,3
125694,132352,1
125694,132642,2
125694,132680,2
125694,132983,1
125694,133281,2
125694,133642,1
125694,204208,1
125694,206740,2
125694,207062,1
125694,207100,1
125694,207183,1
125694,207222,2
125694,207279,3
125694,339168,1
125694,351444,2
126299,127192,3
126299,127385,1
126299,127625,2
126299,127627,1
126299,128441,1
126299,128669,1
126299,128797,2
126299,128945,1
126299,129045,2
126299,129979,1
126299,130150,1
126299,130733,1
126299,131066,2
126299,131285,1
126299,131392,4
126299,131724,1
126299,131961,1
126299,131975,1
126299,132051,1
126299,132642,2
126299,132680,1
126299,132983,2
126299,133090,1
126299,133281,1
126299,133692,1
126299,202665,1
126299,207057,1
126299,207062,2
126299,207080,1
126299,207100,1
126299,207182,1
126299,207183,1
126299,207222,1
126299,207279,1
126299,207715,1
126299,207765,1
126299,207775,1
126299,351444,1
126299,371805,1
126309,127625,1
126309,127951,1
126309,128301,1
126309,128945,1
126309,131629,1
126309,206740,1
126387,126392,1
126387,126411,1
126387,127192,2
126387,127541,2
126387,127625,1
126387,127713,1
126387,128301,2
126387,128441,2
126387,128508,1
126387,128945,1
126387,129045,1
126387,129359,1
126387,129857,1
126387,129906,1
126387,129973,1
126387,130150,4
126387,130921,1
126387,130934,1
126387,131066,2
126387,131106,1
126387,131183,1
126387,131392,3
126387,131642,1
126387,131720,2
126387,131724,1
126387,131890,1
126387,131961,1
126387,131975,1
126387,132051,2
126387,132345,1
126387,132352,1
126387,132583,1
126387,132680,1
126387,132768,1
126387,133629,1
126387,133642,1
126387,204208,1
126387,206740,1
126387,207222,1
126387,578729,2
126392,126411,1
126392,128301,1
126392,130150,1
126392,130921,1
126392,131642,1
126392,131975,1
126411,128301,2
126411,128304,1
126411,128441,1
126411,129216,1
126411,129359,1
126411,129759,1
126411,130150,1
126411,130290,1
126411,130719,1
126411,130921,2
126411,131106,2
126411,131642,1
126411,132051,1
126411,132583,1
126411,202627,1
126438,129518,1
126438,131720,1
126609,128233,1
126609,129169,1
126609,129216,1
126609,132395,1
126609,132768,1
126609,133164,1
126609,133718,1
126657,127906,1
126657,128191,1
126657,128594,1
126657,128649,1
126657,129514,1
126657,130981,1
126657,347187,1
126692,128334,1
126692,131078,1
126692,131890,1
127066,130897,1
127066,130917,1
127066,131062,1
127066,132008,1
127066,132775,1
127066,133351,1
127066,133356,1
127166,127476,1
127166,127627,1
127166,128170,1
127166,128301,1
127166,128304,1
127166,128797,1
127166,129359,1
127166,130144,1
127166,130719,1
127166,130921,1
127166,131106,3
127166,131229,1
127166,131629,1
127166,131724,1
127166,131975,1
127166,132583,2
127166,132917,1
127166,133063,1
127166,133692,1
127166,202727,1
127166,206740,1
127166,207183,1
127166,316401,1
127171,128406,1
127171,128797,1
127171,128987,1
127171,131629,1
127171,224589,1
127171,347693,1
127192,127541,1
127192,127625,1
127192,127627,1
127192,128406,1
127192,128441,2
127192,128797,1
127192,128945,3
127192,129906,1
127192,130150,1
127192,130733,1
127192,131106,1
127192,131285,1
127192,131392,3
127192,131720,1
127192,131724,2
127192,131890,1
127192,131944,1
127192,131961,4
127192,131975,1
127192,132051,3
127192,132642,3
127192,132680,2
127192,132983,1
127192,133281,1
127192,133629,1
127192,207057,1
127192,207080,1
127192,207182,1
127192,207183,1
127192,207222,1
127192,207715,1
127192,207783,1
127192,351444,1
127192,366078,1
127192,371805,2
127385,128301,1
127385,130150,1
127385,130921,1
127385,131106,1
127385,131392,2
127385,131724,1
127385,132051,1
127385,132583,1
127385,133090,1
127467,127920,1
127467,130917,1
127467,200449,13
127467,258078,1
127467,269784,1
127467,338944,1
127476,127627,1
127476,127906,1
127476,128170,1
127476,128304,1
127476,129359,1
127476,129518,1
127476,130301,1
127476,131629,1
127476,131724,1
127476,131975,1
127476,132345,1
127476,132583,1
127476,133063,2
127476,133464,1
127476,202783,1
127476,207183,1
127501,128233,1
127541,128441,1
127541,128945,1
127541,129359,1
127541,129906,2
127541,131392,3
127541,131720,2
127541,131944,1
127541,131961,2
127541,132051,1
127541,206740,1
127541,207783,1
127611,130917,1
127611,131350,1
127611,132008,1
127611,132984,1
127625,127951,1
127625,128301,1
127625,128441,1
127625,128669,1
127625,128945,3
127625,129045,1
127625,129857,1
127625,130934,1
127625,131066,1
127625,131183,1
127625,131392,2
127625,132680,1
127625,202665,1
127625,204208,1
127625,206740,2
127625,207182,1
127625,207222,2
127625,207765,1
127625,339168,1
127627,128170,2
127627,128406,1
127627,128441,1
127627,128797,2
127627,129045,3
127627,129359,1
127627,129465,1
127627,129979,1
127627,130150,2
127627,130912,1
127627,131066,1
127627,131238,1
127627,131285,1
127627,131392,1
127627,131724,1
127627,131975,3
127627,132642,2
127627,132680,1
127627,133281,1
127627,207062,2
127627,207085,1
127627,207183,1
127627,207783,1
127627,351444,1
127713,130150,1
127823,127906,1
127823,131062,1
127823,132775,1
127823,132917,1
127823,503974,1
127823,525432,1
127845,133351,1
127866,128301,1
127866,129768,1
127866,130526,1
127866,130719,1
127866,130912,1
127866,130921,2
127866,131106,1
127866,131229,1
127866,131629,1
127866,132583,1
127866,207183,1
127867,127951,1
127906,127947,1
127906,128191,2
127906,129518,1
127906,130150,1
127906,131062,1
127906,131629,1
127906,132583,1
127906,132775,1
127906,133063,1
127906,133408,1
127906,133425,1
127906,133464,1
127906,221049,1
127906,221093,1
127906,224589,1
127906,294567,1
127906,503974,1
127920,269784,1
127947,131629,1
127947,221049,1
127947,221093,1
127947,224589,1
127951,128301,1
127951,128945,1
127951,206740,1
128139,132261,1
128139,132281,1
128139,207017,1
128139,207783,1
128170,128301,1
128170,128304,1
128170,128375,1
128170,128441,1
128170,129045,1
128170,129359,2
128170,130144,1
128170,130491,1
128170,131106,1
128170,131238,1
128170,131285,1
128170,131392,1
128170,131724,1
128170,131975,1
128170,132010,1
128170,132380,1
128170,132583,1
128170,132642,1
128170,132680,1
128170,133281,1
128170,207183,1
128170,207279,1
128170,207783,1
128187,128191,1
128187,132345,1
128187,132794,1
128191,129518,1
128191,130557,1
128191,130981,1
128191,132345,1
128191,132794,1
128191,338944,1
128229,128304,1
128229,130253,1
128229,131106,1
128229,131629,1
128229,131720,1
128229,132583,1
128233,129169,1
128233,132768,1
128233,133164,1
128233,133718,1
128242,130655,1
128270,130981,1
128301,128432,1
128301,128441,2
128301,128945,1
128301,129045,1
128301,129768,2
128301,130150,2
128301,130210,1
128301,130253,1
128301,130491,1
128301,130719,2
128301,130912,1
128301,130921,3
128301,131106,4
128301,131229,1
128301,131290,1
128301,131392,1
128301,131629,2
128301,131642,1
128301,131720,1
128301,132051,3
128301,132352,1
128301,132583,1
128301,132680,1
128301,133063,1
128301,133464,1
128301,133642,1
128301,206740,1
128301,207183,1
128301,316401,2
128301,323235,1
128304,128432,1
128304,128594,1
128304,128797,1
128304,128956,2
128304,129342,1
128304,130144,1
128304,130203,1
128304,130253,1
128304,130301,1
128304,130374,1
128304,130526,1
128304,130865,1
128304,130981,1
128304,131106,3
128304,131161,1
128304,131629,4
128304,131640,1
128304,131720,1
128304,132345,1
128304,132583,5
128304,133063,1
128304,133164,1
128304,202783,1
128334,131078,1
128334,131890,1
128375,128441,1
128375,128797,1
128375,130253,1
128375,132380,1
128375,132680,1
128406,128441,1
128406,128797,2
128406,128987,1
128406,130150,1
128406,130203,1
128406,130301,1
128406,131243,1
128406,131392,1
128406,131629,2
128406,132583,1
128406,132642,1
128406,132680,1
128406,224589,1
128406,351444,1
128412,131890,1
128412,133063,1
128432,128956,1
128432,129043,1
128432,129342,1
128432,130374,1
128432,130557,1
128432,132583,1
128432,132768,1
128441,128797,4
128441,128945,2
128441,129045,1
128441,129216,1
128441,129857,1
128441,129902,1
128441,129906,1
128441,129935,1
128441,130150,4
128441,130364,1
128441,130719,1
128441,130733,1
128441,130921,1
128441,130934,1
128441,131066,1
128441,131106,1
128441,131183,1
128441,131392,11
128441,131720,2
128441,131944,1
128441,131961,2
128441,132051,7
128441,132352,1
128441,132380,1
128441,132583,1
128441,132642,1
128441,132680,3
128441,133642,1
128441,204208,1
128441,206740,1
128441,207222,1
128441,207227,1
128441,207783,1
128441,351444,1
128508,129973,1
128508,132345,1
128508,132583,1
128508,578729,1
128594,128649,1
128594,128956,1
128594,129514,1
128594,130203,1
128594,130526,1
128594,130981,2
128594,131629,2
128594,132583,1
128649,129514,1
128649,130981,1
128665,128956,1
128669,129885,1
128669,131392,1
128669,133281,1
128669,202665,1
128669,207765,1
128669,207817,1
128669,207824,1
128797,128987,1
128797,129178,1
128797,130150,3
128797,130733,1
128797,130912,1
128797,131106,1
128797,131392,4
128797,131629,2
128797,131724,1
128797,131975,1
128797,132583,2
128797,132642,1
128797,132680,2
128797,206740,1
128797,207062,1
128797,207150,1
128797,207227,1
128797,224589,1
128797,351444,1
128917,133356,1
128918,132680,1
128918,132775,1
128945,129857,1
128945,129906,1
128945,130934,1
128945,131066,1
128945,131183,1
128945,131392,2
128945,131720,1
128945,131944,1
128945,131961,2
128945,132051,1
128945,132642,1
128945,132680,1
128945,204208,1
128945,206740,2
128945,207182,1
128945,207222,1
128945,207783,1
128945,366078,1
128945,371805,1
128956,129342,1
128956,130203,1
128956,130374,1
128956,130526,1
128956,130981,1
128956,131629,1
128956,132583,1
128987,129169,1
128987,130210,1
128987,131629,1
128987,224589,1
129043,129305,1
129043,130564,1
129043,132345,1
129043,132775,1
129045,130150,2
129045,131238,2
129045,131285,1
129045,131392,3
129045,131720,1
129045,131975,1
129045,132010,1
129045,132051,2
129045,132352,1
129045,132642,3
129045,132983,1
129045,133281,1
129045,133642,1
129045,207062,2
129045,207085,1
129045,207100,1
129045,207222,1
129045,207279,1
129045,207783,1
129045,339168,1
129045,351444,1
129169,130210,1
129169,132768,1
129169,133164,1
129169,133718,1
129216,130203,1
129216,130290,1
129216,131106,1
129216,131629,1
129216,131720,1
129216,132395,1
129216,132583,2
129216,133164,1
129305,130564,1
129305,132775,1
129342,130374,1
129359,129759,1
129359,130294,1
129359,130719,1
129359,131106,1
129359,131238,1
129359,131285,1
129359,131392,1
129359,131724,2
129359,131975,3
129359,132010,1
129359,132051,1
129359,132680,1
129359,132983,1
129359,133281,1
129359,202627,1
129359,207183,1
129359,207279,2
129408,132008,1
129408,264201,2
129408,274121,2
129417,130253,1
129465,131975,1
129465,133281,1
129514,130981,1
129518,130557,1
129518,132583,1
129518,133063,1
129518,133464,1
129518,338944,1
129554,131106,1
129759,202627,1
129768,130144,1
129768,130150,1
129768,130195,1
129768,130253,1
129768,130719,1
129768,130912,1
129768,130921,1
129768,131106,1
129768,131229,1
129768,131629,1
129768,207183,1
129857,130934,1
129857,131066,1
129857,131183,1
129857,131392,1
129857,132680,1
129857,204208,1
129857,206740,1
129857,207222,1
129885,131392,1
129885,133281,1
129885,207647,1
129885,207817,1
129885,207824,1
129902,129935,1
129902,131961,1
129902,132051,1
129906,131392,1
129906,131720,2
129906,131944,1
129906,131961,2
129906,132051,1
129906,207783,1
129935,131106,1
129935,131961,1
129935,132051,1
129973,132345,1
129973,578729,1
129979,131066,1
129979,131106,1
129979,131392,1
129979,207062,1
130144,130195,1
130144,131106,2
130144,131229,1
130144,132583,1
130144,132917,1
130144,133063,1
130144,202727,1
130144,205509,1
130150,130253,1
130150,130921,1
130150,131238,1
130150,131290,1
130150,131392,2
130150,131642,1
130150,131720,2
130150,132051,1
130150,132352,1
130150,132583,1
130150,132642,1
130150,132680,3
130150,132768,1
130150,133090,1
130150,133370,1
130150,133642,1
130150,207062,1
130150,207085,1
130150,351444,1
130195,130204,7
130203,130301,1
130203,130526,1
130203,130981,1
130203,131243,1
130203,131629,4
130203,131720,1
130203,132583,3
130203,133164,1
130210,131106,1
130210,133063,1
130210,296107,1
130253,131106,1
130253,131629,1
130253,131720,1
130253,132583,1
130290,131106,1
130290,132583,1
130294,130719,1
130294,131238,1
130294,131975,2
130301,131243,1
130301,131629,2
130301,132345,1
130301,132583,1
130301,132768,1
130301,133063,1
130301,199466,1
130301,202783,1
130301,294830,1
130364,132051,1
130526,130981,1
130526,131629,1
130526,132583,2
130557,338944,1
130564,132775,1
130719,130912,1
130719,130921,2
130719,131106,3
130719,131229,1
130719,131238,1
130719,131629,1
130719,131975,1
130719,132051,1
130719,206740,1
130719,207183,1
130733,131285,1
130733,131724,1
130733,132642,1
130733,132680,1
130733,133281,1
130733,207057,1
130733,207080,1
130733,207183,1
130733,207222,1
130733,207227,1
130733,207715,1
130865,131161,1
130865,131640,1
130897,130917,1
130897,131062,1
130897,132008,1
130897,132775,1
130897,133351,1
130897,133356,1
130912,130921,1
130912,131106,1
130912,131229,1
130912,131629,2
130912,207183,1
130917,131062,1
130917,131350,1
130917,132008,1
130917,132775,1
130917,133146,1
130917,133351,1
130917,133356,1
130917,338944,1
130921,131106,3
130921,131229,1
130921,131392,1
130921,131629,1
130921,131642,1
130921,132051,1
130921,133692,1
130921,207183,1
130934,131066,1
130934,131183,1
130934,131392,1
130934,131967,1
130934,132680,1
130934,204208,1
130934,206740,1
130934,207222,1
130981,131629,1
130981,132583,2
131062,132008,1
131062,132775,2
131062,133351,1
131062,133356,1
131062,503974,1
131066,131183,1
131066,131392,3
131066,132680,1
131066,204208,1
131066,206740,1
131066,207062,1
131066,207222,1
131066,207775,1
131078,131890,1
131106,131229,2
131106,131290,1
131106,131392,1
131106,131629,4
131106,131720,1
131106,131890,2
131106,132051,4
131106,132583,11
131106,132917,1
131106,132983,1
131106,133063,2
131106,133464,1
131106,133692,1
131106,202569,1
131106,202727,1
131106,204208,1
131106,205521,1
131106,207183,1
131106,224589,1
131106,306782,1
131161,131640,1
131183,131392,1
131183,132680,1
131183,204208,1
131183,206740,1
131183,207222,1
131229,131629,2
131229,131720,1
131229,131890,1
131229,132452,1
131229,132917,1
131229,133063,2
131229,133464,1
131229,202727,1
131229,202753,1
131229,207183,1
131238,131392,2
131238,131975,1
131238,132010,1
131238,132642,1
131238,133281,1
131238,207062,2
131238,207085,1
131243,131629,1
131243,131720,1
131243,132583,1
131285,131724,2
131285,131975,1
131285,132642,2
131285,132680,1
131285,133281,1
131285,207057,1
131285,207080,1
131285,207183,1
131285,207222,1
131285,207279,1
131285,207715,1
131285,207783,1
131290,132583,1
131290,133464,1
131352,320629,1
131392,131720,1
131392,131961,3
131392,131975,1
131392,132010,1
131392,132051,4
131392,132583,1
131392,132642,4
131392,132680,4
131392,132983,3
131392,133281,2
131392,133692,1
131392,204208,1
131392,206740,1
131392,207062,1
131392,207100,1
131392,207150,1
131392,207222,2
131392,207279,2
131392,207775,1
131392,207817,1
131392,207824,1
131392,339168,1
131392,351444,2
131392,366078,1
131392,370734,1
131392,371805,2
131629,131720,3
131629,131890,1
131629,132345,1
131629,132452,1
131629,132583,5
131629,133063,3
131629,133164,1
131629,133464,1
131629,202753,1
131629,202783,1
131629,207183,1
131629,221049,1
131629,221093,1
131629,224589,2
131640,133146,1
131720,131890,1
131720,131944,1
131720,131961,2
131720,131975,1
131720,132051,2
131720,132261,1
131720,132352,1
131720,132452,1
131720,132583,1
131720,133063,1
131720,133164,1
131720,133464,1
131720,133642,1
131720,202753,1
131720,207783,1
131724,131975,3
131724,132642,1
131724,132680,1
131724,133281,1
131724,133629,1
131724,207057,1
131724,207080,1
131724,207183,2
131724,207222,1
131724,207279,1
131724,207715,1
131890,132051,2
131890,132452,1
131890,133063,1
131890,133464,1
131890,202753,1
131890,205521,1
131944,131961,1
131944,132051,1
131944,132642,1
131944,206740,1
131944,207062,1
131944,207411,1
131944,207783,1
131944,355067,1
131961,132051,2
131961,132642,1
131961,132983,1
131961,207783,1
131961,366078,1
131961,371805,2
131967,132680,1
131975,132642,1
131975,132983,1
131975,133281,1
131975,133629,1
131975,207100,1
131975,207183,1
131975,207279,2
131975,351444,1
132008,132775,1
132008,132984,1
132008,133351,1
132008,133356,1
132010,132642,1
132010,133281,2
132010,207062,1
132010,207279,1
132051,132352,1
132051,132983,1
132051,133642,1
132051,205521,1
132051,207783,1
132051,337874,1
132261,132281,1
132345,132794,1
132345,133063,1
132345,202783,1
132345,578729,1
132352,132642,1
132352,133642,1
132352,207062,1
132380,132680,1
132452,133063,1
132452,133464,1
132452,202753,1
132570,240649,1
132583,132768,1
132583,132917,1
132583,133063,1
132583,133164,1
132583,133464,1
132583,202638,1
132583,305789,1
132583,316401,1
132642,132680,2
132642,132983,1
132642,133281,2
132642,206740,1
132642,207057,1
132642,207062,4
132642,207080,1
132642,207100,1
132642,207183,1
132642,207222,1
132642,207279,1
132642,207715,1
132642,207783,1
132642,351444,2
132642,366078,1
132642,371805,1
132680,132775,1
132680,133281,1
132680,204208,1
132680,206740,1
132680,207057,1
132680,207080,1
132680,207183,1
132680,207222,2
132680,207715,1
132680,306782,1
132680,351444,1
132724,222143,1
132768,133164,1
132768,133718,1
132768,294830,1
132775,133351,1
132775,133356,1
132775,503974,1
132917,133063,1
132917,202727,1
132917,387291,1
132917,525432,1
132983,207100,1
132983,207279,1
132983,351444,1
132983,371805,1
133063,133464,2
133063,202727,1
133063,202753,1
133063,202783,1
133164,133718,1
133281,207057,1
133281,207062,1
133281,207080,1
133281,207183,1
133281,207222,1
133281,207279,1
133281,207715,1
133281,207817,1
133281,207824,1
133351,133356,1
133408,134432,2
133408,694852,1
133425,294567,1
133464,202753,1
133599,204487,1
133599,345783,1
133599,387245,1
133599,387246,1
133691,133692,10
146000,156713,1
146000,189511,1
146148,194490,1
147490,180193,1
156713,189511,1
156830,189511,1
163926,163927,1
182284,182286,1
200449,258078,1
200601,260290,1
201228,269125,1
202665,207765,1
202762,204208,1
202762,375283,1
202804,225844,1
203852,692004,1
204208,206740,1
204208,207222,1
204208,224589,2
204208,375283,1
204235,207150,3
204235,316401,2
204487,345783,1
204487,387245,2
204487,387246,1
206740,207222,1
206740,207227,1
206740,207411,1
206740,207468,1
206740,355067,1
206740,366078,1
207017,207783,1
207057,207080,1
207057,207183,1
207057,207222,1
207057,207715,1
207062,207085,1
207080,207183,1
207080,207222,1
207080,207715,1
207100,207279,1
207100,351444,1
207150,316401,2
207183,207222,1
207183,207715,1
207222,207715,1
207222,339168,1
207279,351444,1
207411,355067,1
207468,366078,1
207817,207824,1
215365,215368,1
221049,221093,1
221049,224589,1
221093,224589,1
224851,224855,1
224851,224856,1
224855,224856,1
236313,236325,1
244515,303081,1
245493,245497,2
247474,247478,1
248749,248752,1
249950,249956,1
250074,250083,1
264201,274121,2
283643,283976,1
292584,292592,1
293621,293627,2
305371,305376,1
322068,322072,1
330535,363519,1
339907,352672,1
345783,387245,1
345783,387246,1
352672,360983,1
366078,371805,1
386530,386531,1
387245,387246,1
469750,563214,1
472983,692004,1
690118,690119,1
696581,696583,2
696581,696584,1
696583,696584,1
699631,699640,1
699791,699794,2
700465,700520,1
